cleaned_message,result
go jurong point crazy available bugis n great world la e buffet cine get amore wat,ham
ok lar joke wif u oni,ham
free entry 2 wkly comp win fa cup final tkts 21st may 2005 text fa 87121 receive entry questionstd txt ratetcs apply 08452810075over18s,spam
u dun say early hor u c already say,ham
nah dont think go usf live around though,ham
freemsg hey darling 3 weeks word back id like fun still tb ok xxx std chgs send å£150 rcv,spam
even brother like speak treat like aid patent,ham
per request melle melle oru minnaminunginte nurungu vettam set callertune callers press 9 copy friends callertune,ham
winner value network customer select receivea å£900 prize reward claim call 09061701461 claim code kl341 valid 12 hours,spam
mobile 11 months u r entitle update latest colour mobiles camera free call mobile update co free 08002986030,spam
im gon na home soon dont want talk stuff anymore tonight k ive cry enough today,ham
six chance win cash 100 20000 pound txt csh11 send 87575 cost 150pday 6days 16 tsandcs apply reply hl 4 info,spam
urgent 1 week free membership å£100000 prize jackpot txt word claim 81010 tc lccltd pobox 4403ldnw1a7rw18,spam
ive search right word thank breather promise wont take help grant fulfil promise wonderful bless time,ham
date sunday,ham
xxxmobilemovieclub use credit click wap link next txt message click xxxmobilemovieclubcomnqjkgighjjgcbl,spam
oh kim watch,ham
eh u remember 2 spell name yes v naughty make v wet,ham
fine thatåõs way u feel thatåõs way gota b,ham
england v macedonia dont miss goalsteam news txt ur national team 87077 eg england 87077 trywales scotland 4txtì¼120 poboxox36504w45wq 16,spam
seriously spell name,ham
iû÷m go try 2 months ha ha joke,ham
ì pay first lar da stock comin,ham
aft finish lunch go str lor ard 3 smth lor u finish ur lunch already,ham
ffffffffff alright way meet sooner,ham
force eat slice im really hungry tho suck mark get worry know im sick turn pizza lol,ham
lol always convince,ham
catch bus fry egg make tea eat moms leave dinner feel love,ham
im back amp pack car ill let know theres room,ham
ahhh work vaguely remember feel like lol,ham
wait thats still clear sure sarcastic thats x doesnt want live us,ham
yeah get 2 v apologetic n fall actin like spoil child get catch till 2 wont go badly cheer,ham
k tell anything,ham
fear faint housework quick cuppa,ham
thank subscription ringtone uk mobile charge å£5month please confirm reply yes reply charge,spam
yup ok go home look timings msg ì xuhui go learn 2nd may lesson 8am,ham
oops ill let know roommates do,ham
see letter b car,ham
anything lor u decide,ham
hello hows saturday go texting see youd decide anything tomo im try invite anything,ham
pls go ahead watts want sure great weekend abiola,ham
forget tell want need crave love sweet arabian steed mmmmmm yummy,ham
07732584351 rodger burn msg try call reply sms free nokia mobile free camcorder please call 08000930705 delivery tomorrow,spam
see,ham
great hope like man well endow ltgt inch,ham
callsmessagesmissed call,ham
didnt get hep b immunisation nigeria,ham
fair enough anything go,ham
yeah hopefully tyler cant could maybe ask around bite,ham
u dont know stubborn didnt even want go hospital keep tell mark im weak sucker hospitals weak suckers,ham
think first time saw class,ham
gram usually run like ltgt half eighth smarter though get almost whole second gram ltgt,ham
k fyi x ride early tomorrow morning hes crash place tonight,ham
wow never realize embarassed accomodations think like since best could always seem happy cave im sorry didnt dont give im sorry offer im sorry room embarassing,ham
sms ac sptv new jersey devil detroit red wing play ice hockey correct incorrect end reply end sptv,spam
know mallika sherawat yesterday find lturlgt,ham
congrats 1 year special cinema pass 2 call 09061209465 c suprman v matrix3 starwars3 etc 4 free bx420ip45we 150pm dont miss,spam
sorry ill call later meet,ham
tell reach,ham
yesgauti sehwag odi series,ham
gon na pick 1 burger way home cant even move pain kill,ham
ha ha ha good joke girls situation seekers,ham
part check iq,ham
sorry roommates take forever ok come,ham
ok lar double check wif da hair dresser already say wun cut v short say cut look nice,ham
value customer please advise follow recent review mob award å£1500 bonus prize call 09066364589,spam
today song dedicate day song u dedicate send ur valuable frnds first rply,ham
urgent ur award complimentary trip eurodisinc trav acoentry41 å£1000 claim txt dis 87121 186å£150morefrmmob shracomorsglsuplt10 ls1 3aj,spam
hear new divorce barbie come kens stuff,spam
plane give month end,ham
wah lucky man save money hee,ham
finish class,ham
hi babe im home wan na something xx,ham
kkwhere youhow perform,ham
u call,ham
wait machan call free,ham
thats cool gentleman treat dignity respect,ham
like people much shy pa,ham
operate ltgt,ham
still look job much tas earn,ham
sorry ill call later,ham
k call ah,ham
ok way home hi hi,ham
place man,ham
yup next stop,ham
call later dont network urgnt sms,ham
real u get yo need 2 ticket one jacket im do already use multis,ham
yes start send request make pain come back im back bed double coin factory get ta cash nitros,ham
im really still tonight babe,ham
ela kanoil download come wen ur free,ham
yeah donû÷t stand close tho youû÷ll catch something,ham
sorry pain ok meet another night spend late afternoon casualty mean havent do stuff42moro include time sheet sorry,ham
smile pleasure smile pain smile trouble pour like rain smile sum1 hurt u smile becoz someone still love see u smile,ham
please call customer service representative 0800 169 6031 10am9pm guarantee å£1000 cash å£5000 prize,spam
havent plan buy later check already lido get 530 show e afternoon u finish work already,ham
free ringtone wait collect simply text password mix 85069 verify get usher britney fml,spam
watch telugu moviewat abt u,ham
see finish load loan pay,ham
hi wk ok hols yes bite run forget hairdressers appointment four need get home n shower beforehand cause prob u ham,ham
please dont text anymore nothing else say,ham
okay name ur price long legal wen pick u ave x ams xx,ham
im still look car buy go 4the drive test yet,ham
per request melle melle oru minnaminunginte nurungu vettam set callertune callers press 9 copy friends callertune,ham
wow youre right didnt mean guess give boston men change search location nyc something change cuz signin page still say boston,ham
umma life vava umma love lot dear,ham
thank lot wish birthday thank make birthday truly memorable,ham
aight ill hit get cash,ham
would ip address test consider computer isnt minecraft server,ham
know grumpy old people mom like better lie always one play joke,ham
dont worry guess hes busy,ham
plural noun research,ham
go dinnermsg,ham
im ok wif cos like 2 try new things scar u dun like mah cos u say loud,ham
gent try contact last weekend draw show å£1000 prize guarantee call 09064012160 claim code k52 valid 12hrs 150ppm,spam
wa ur openin sentence formal anyway im fine juz tt im eatin much n puttin weighthaha anythin special happen,ham
enter cabin pa say happy bday boss felt special askd 4 lunch lunch invite apartment go,ham
winner u specially select 2 receive å£1000 4 holiday flight inc speak live operator 2 claim 0871277810910pmin 18,spam
goodo yes must speak friday eggpotato ratio tortilla need,ham
hmmmy uncle inform hes pay school directly pls buy food,ham
private 2004 account statement 07742676969 show 786 unredeemed bonus point claim call 08719180248 identifier code 45239 expire,spam
urgent mobile award å£2000 bonus caller prize 5903 final try contact u call landline 09064019788 box42wr29c 150ppm,spam
new address applespairsall malarky,ham
todays voda number end 7548 select receive 350 award match please call 08712300220 quote claim code 4041 standard rat app,spam
go sao mu today do 12,ham
ìï predict wat time ìll finish buy,ham
good stuff,ham
knowyetunde hasnt send money yet send text bother send dont involve anything shouldnt impose anything first place apologise,ham
room,ham
hey girl r u hope u r well del r bak long time c give call sum time lucyxx,ham
kkhow much cost,ham
im home,ham
dear call tmorrowpls accomodate,ham
first answer question,ham
sunshine quiz wkly q win top sony dvd player u know country algarve txt ansr 82277 å£150 sptyrone,spam
want 2 get lay tonight want real dog locations send direct 2 ur mob join uks largest dog network bt txting gravel 69888 nt ec2a 31pmsg150p,spam
haf msn yijuehotmailcom,ham
call meet,ham
check room befor activities,ham
youll rcv msgs chat svc free hardcore service text go 69988 u get nothing u must age verify yr network try,spam
get c lazy type forget ì lect saw pouch like v nice,ham
k text youre way,ham
sir wait mail,ham
swt think nver get tire little things 4 lovable persons cozsomtimes little things occupy biggest part hearts gud ni8,ham
know pls open back,ham
yes see ya dot,ham
whats staff name take class us,ham
freemsg havent reply text im randy sexy female live local luv hear u netcollex ltd 08700621170150p per msg reply stop end,spam
ummmawill call check inour life begin qatar pls pray hard,ham
ki delete contact,ham
sindu get job birla soft,ham
wine flow im nevering,ham
yup thk cine better cos need 2 go 2 plaza mah,ham
ok ur typical reply,ham
per request melle melle oru minnaminunginte nurungu vettam set callertune callers press 9 copy friends callertune,ham
everywhere dirt floor windows even shirt sometimes open mouth come flow dream world without half chores time joy lot tv show ill see guess like things must exist like rain hail mist time do become one,ham
aaooooright work,ham
im leave house,ham
hello love get interview today happy good boy think meare miss,ham
customer service annoncement new years delivery wait please call 07046744435 arrange delivery,spam
winner u specially select 2 receive å£1000 cash 4 holiday flight inc speak live operator 2 claim 0871277810810,spam
keep safe need miss already envy everyone see real life,ham
new car house parentsi new job hand,ham
im love im excite day spend make happy,ham
pls stop bootydelious 32f invite friend reply yes434 no434 see stop send stop frnd 62468,spam
bangbabes ur order way u receive service msg 2 download ur content u goto wap bangb tv ur mobile internetservice menu,spam
place ur point e culture module already,ham
urgent try contact last weekend draw show å£900 prize guarantee call 09061701939 claim code s89 valid 12hrs,spam
hi frnd best way avoid missunderstding wit beloved ones,ham
great escape fancy bridge need lager see tomo,ham
yes completely formclark also utter waste,ham
sir need axis bank account bank address,ham
hmmm thk sure get time hop ard ya go 4 free abt muz call u discuss liao,ham
time come later,ham
bloody hell cant believe forget surname mr ill give u clue spanish begin,ham
well im gon na finish bath goodfine night,ham
let know youve get money carlos make call,ham
u still go mall,ham
turn friends stay whole show wont back til ltgt feel free go ahead smoke ltgt worth,ham
text doesnt reply let know log,ham
hi speak maneesha v wed like know satisfy experience reply toll free yes,ham
lift hop offer money need especially end month approach hurt study anyways gr8 weekend,ham
lol u trust,ham
ok gentleman treat dignity respect,ham
guy close,ham
go nothing greatbye,ham
hello handsome find job lazy work towards get back net mummy wheres boytoy miss,ham
haha awesome minute,ham
please call customer service representative freephone 0808 145 4742 9am11pm guarantee å£1000 cash å£5000 prize,spam
get xmas radio time get,ham
jus reach home go bathe first sis use net tell u finish k,ham
unique enough find 30th august,spam
im sorry ive join league people dont keep touch mean great deal friend time even great personal cost great week,ham
hi finally complete course,ham
stop however suggest stay someone able give ors every stool,ham
hope youve settle new school year wishin gr8 day,ham
gud mrng dear hav nice day,ham
u get persons story,ham
hamster dead hey tmr meet 1pm orchard mrt,ham
hi kate even hope see tomorrow bite bloody babyjontet txt back u xxx,ham
find enc ltgt,ham
send ltgt buck,ham
hello darlin ive finish college txt u finish u love kate xxx,ham
account refill successfully inr ltdecimalgt keralacircle prepay account balance rs ltdecimalgt transaction id kr ltgt,ham
goodmorning sleep ga,ham
u call alter 11 ok,ham
ìï say like dat dun buy ericsson oso can not oredi lar,ham
enter cabin pa say happy bday boss felt special askd 4 lunch lunch invite apartment go,ham
aight yo dats straight dogg,ham
please give us connection today ltdecimalgt refund bill,ham
shoot big load get ready,ham
whats bruv hope great break reward semester,ham
home always chat,ham
kkgoodstudy well,ham
yup ì noe leh,ham
sound great home,ham
finally match head towards draw prediction,ham
tire havent sleep well past nights,ham
easy ahsen get select mean good,ham
take exam march 3,ham
yeah think use gt atm register sure theres anyway help let know sure ready,ham
ok prob take ur time,ham
os call ubandu run without instal hard diskyou use os copy important file system give repair shop,ham
sorry ill call later,ham
u say leh course nothing happen lar say v romantic jus bite lor thk e nite scenery nice leh,ham
500 new mobiles 2004 must go txt nokia 89545 collect todayfrom å£1 2optout 08718726270150gbpmtmsg18,spam
would really appreciate call need someone talk,ham
u meet ur dream partner soon ur career 2 flyng start 2 find free txt horo follow ur star sign e g horo aries,spam
hey company elama po mudyadhu,ham
life strict teacher bcoz teacher teach lesson amp conduct exam life first conduct exam amp teach lessons happy morning,ham
dear good morning,ham
get gandhipuram walk cross cut road right side ltgt street road turn first right,ham
dear go rubber place,ham
sorry battery die yeah im,ham
yeshere tv always available work place,ham
text meet someone sexy today u find date even flirt u join 4 10p reply name age eg sam 25 18 msg recdthirtyeight pence,spam
print oh ltgt come upstairs,ham
ill little closer like bus stop street,ham
youwhen wil reach,ham
new theory argument win situation lose person dont argue ur friends kick amp say im always correct,ham
u 447801259231 secret admirer look 2 make contact ufind rreveal think ur specialcall 09058094597,spam
tomarrow final hear laptop case cant,ham
pleassssssseeeeee tel v avent do sportsx,ham
okay shin mean sign sound better,ham
although tell u dat im baig face watch really like e watch u give cos fr u thanx 4 everything dat uve do today im touch,ham
u dont remember old commercial,ham
late say website didnt dont slippers,ham
ask call ok,ham
kallis wont bat 2nd innings,ham
didnt work oh ok goodnight ill fix ready time wake dearly miss good night sleep,ham
congratulations ur award 500 cd vouchers 125gift guarantee free entry 2 100 wkly draw txt music 87066 tncs,spam
ranjith cal drpd deeraj deepak 5min hold,ham
wen ur lovable bcums angry wid u dnt take seriously coz angry childish n true way show deep affection care n luv kettoda manda nice day da,ham
doinghow,ham
up 3days also ship company take 2wks way usps take week get lag may bribe nipost get stuff,ham
im back lem me know youre ready,ham
dont necessarily expect do get back though im headin,ham
mmm yummy babe nice jolt suzy,ham
lover need,ham
try contact reply offer video handset 750 anytime network mins unlimited text camcorder reply call 08000930705,spam
iû÷m park next mini come today think,ham
yup,ham
anyway im go shop cos sis do yet dun disturb u liao,ham
luton 0125698789 ring ur around h,ham
hey really horny want chat see naked text hot 69698 text charge 150pm unsubscribe text stop 69698,spam
dint come us,ham
wana plan trip sometme,ham
sure yet still try get hold,ham
ur ringtone service change 25 free credit go club4mobilescom choose content stop txt club stop 87070 150pwk club4 po box1146 mk45 2wt,spam
evo download flash jealous,ham
ringtone club get uk single chart mobile week choose top quality ringtone message free charge,spam
come mu sort narcotics situation,ham
night end another day morning come special way may smile like sunny ray leave worry blue blue bay,ham
hmv bonus special 500 pound genuine hmv vouchers answer 4 easy question play send hmv 86688 info,spam
usf guess might well take 1 car,ham
objection bf come,ham
thanx,ham
tell rob mack gf theater,ham
awesome ill see bite,ham
send type food like,ham
do hand celebrations full swing yet,ham
get call tool,ham
wen u miss someone,ham
ok ask money far,ham
okie,ham
yeah think usual guy still pass last night get ahold anybody let know ill throw,ham
k might come tonight class let early,ham
ok,ham
hi baby im cruisin girl friend r u 2 give call hour home thats alright fone fone love jenny xxx,ham
life mean lot love life love people life world call friends call world ge,ham
dearshall mail tonitebusy streetshall update tonitethings look okvarunnathu edukkukayee raksha ollubut good one real sense,ham
hey tell name gautham ah,ham
haf u find feel stupid da v cam work,ham
oops 4 get bite,ham
much buzy,ham
accidentally delete message resend please,ham
tmobile customer may claim free camera phone upgrade pay go sim card loyalty call 0845 021 3680offer end 28thfebtcs apply,spam
unless situation go gurl would appropriate,ham
hurt tease make cry end life die plz keep one rise grave say stupid miss u nice day bslvyl,ham
cant pick phone right pls send message,ham
need coffee run tomocant believe time week already,ham
awesome remember last time get somebody high first time diesel v,ham
shit really shock scary cant imagine second def night u think somewhere could crash night save taxi,ham
oh way food fridge want go meal tonight,ham
womdarfull actor,ham
sms ac blind date 4u rodds1 21m aberdeen unite kingdom check sms acwicmb3cktz8r74 blind date send hide,spam
yup remb think book,ham
jos ask u wana meet,ham
lol yes friendship hang thread cause u wont buy stuff,ham
themob check newest selection content game tone gossip babes sport keep mobile fit funky text wap 82468,spam
garage key arent bookshelf,ham
today accept dayu accept brother sister lover dear1 best1 clos1 lvblefrnd jstfrnd cutefrnd lifpartnr belovd swtheart bstfrnd rply mean enemy,ham
think ur smart win å£200 week weekly quiz text play 85222 nowtcs winnersclub po box 84 m26 3uz 16 gbp150week,spam
say hell give call friends get money hes definitely buy end week,ham
hi way u 2day normal waythis real ur uniquei hope know u 4 rest mylife hope u find wot lose,ham
make day great day,ham
kkadvance happy pongal,ham
hmmm guess go 4 kb n power yoga haha dunno tahan power yoga anot thk get lo oso forget liao,ham
really dude friends im afraid,ham
december mobile 11mths entitle update latest colour camera mobile free call mobile update co free 08002986906,spam
coffee cake guess,ham
merry christmas babe love ya kiss,ham
hey dont go watch x men lunch haha,ham
cud u tell ppl im gona b bite l8 cos 2 bus hav gon past cos full im still waitin 4 1 pete x,ham
would great well guild could meet bristol road somewhere get touch weekend plan take flight good week,ham
problem,ham
callsmessagesmissed call,ham
hi dahow todays class,ham
id say thats good sign well know track record read women,ham
cool text youre park,ham
im read text send mean joke read light,ham
kkapo kgood movie,ham
maybe could get book tomo return immediately something,ham
call germany 1 pence per minute call fix line via access number 0844 861 85 85 prepayment direct access,spam
chance might evaporate soon violate privacy steal phone number employers paperwork cool please contact report supervisor,ham
valentines day special win å£1000 quiz take partner trip lifetime send go 83600 150pmsg rcvd custcare08718720201,spam
tadaaaaa home babe still,ham
cool come havent win din,ham
sleepingand surf,ham
sorry ill call later,ham
u call right call hand phone,ham
ok thats great thanx lot,ham
take post come must 1000s texts happy read one wiv hello caroline end favourite bless,ham
u hide stranger,ham
interest like,ham
sister clear two round birla soft yesterday,ham
gudnitetcpractice go,ham
dis yijue jus saw ur mail case huiming havent send u num dis num,ham
one small prestige problem,ham
fancy shag dointerested sextextukcom txt xxuk suzy 69876 txts cost 150 per msg tncs website x,spam
check really miss see jeremiah great month,ham
nah cant help ive never iphone,ham
youre car hour half im go apeshit,ham
today sorry day ever angry ever misbehave hurt plz plz slap urself bcoz ur fault im basically good,ham
yo guy ever figure much need alcohol jay try figure much safely spend weed,ham
ltgt ish minutes 5 minutes ago wtf,ham
thank callingforgot say happy onam sirjii fine remember meet insurance personmeet qatar insha allahrakhesh ex tata aig join tisscotayseer,ham
congratulations ur award 500 cd vouchers 125gift guarantee free entry 2 100 wkly draw txt music 87066 tncs,spam
ur cashbalance currently 500 pound maximize ur cashin send cash 86688 150pmsg cc 08708800282 hgsuite3422lands roww1j6hl,spam
im actor work work even sleep late since im unemployed moment always sleep late youre unemployed every day saturday,ham
hello get st andrewsboy long way cold keep post,ham
ha ha cool cool chikku chikkudb,ham
oh ok prob,ham
check audreys status right,ham
busy try finish new year look forward finally meet,ham
good afternoon sunshine dawn day refresh happy alive breathe air smile think love always,ham
well know z take care worry,ham
updatenow xmas offer latest motorola sonyericsson nokia free bluetooth double mins 1000 txt orange call mobileupd8 08000839402 call2optoutf4q,spam
discount code rp176781 stop message reply stop customer service 08717205546,spam
wat uniform get,ham
cool text youre ready,ham
hello boytoy geeee miss already wake wish bed cuddle love,ham
spoil bed well,ham
im go bath msg next ltgt min,ham
cant keep talk people sure pay agree price pls tell want really buy much will pay,ham
thank ringtone order reference t91 charge gbp 4 per week unsubscribe anytime call customer service 09057039994,spam
say happen,ham
could see mei didt recognise face,ham
well theres lot things happen lindsay new years sigh bar ptbo blue heron something go,ham
keep payasam rinu bring,ham
teach ranjith sir call sms like becaus hes verify project prabu tell today pa dont mistake,ham
guess thats worry must know theres way body repair im quite sure shouldnt worry well take slow first test guide ovulation relax nothing youve say reason worry ill keep followin,ham
yeah sure give couple minutes track wallet,ham
hey leave big deal take care,ham
hey late ah meet 945,ham
double mins txts 4 6months free bluetooth orange available sony nokia motorola phone call mobileupd8 08000839402 call2optoutn9dx,spam
take mr owl 3 lick,ham
customer place call,ham
mm time dont like fun,ham
4mths half price orange line rental latest camera phone 4 free phone 11mths call mobilesdirect free 08000938767 update or2stoptxt,spam
yup lunch buffet u eat already,ham
huh late fr dinner,ham
hey sit go intro pilates kickboxing,ham
morning ok,ham
yes think office lap room think thats last days didnt shut,ham
pick bout 730ish time go,ham
performance award calculate every two monthnot current one month period,ham
actually sleep still might u call back text gr8 rock sis send u text wen wake,ham
always put business put picture ass facebook one open people ive ever meet would think picture room would hurt make feel violate,ham
good even sir al salam wahleykkumsharing happy newsby grace god get offer tayseertissco joinedhope fineinshah allahmeet sometimerakheshvisitor india,ham
hmmmkbut want change field quickly dai wan na get system administrator network administrator,ham
free ringtone text first 87131 poly text get 87131 true tone help 0845 2814032 16 1st free tone 3xå£150pw eå£nd txt stop,spam
dear chechi talk,ham
hair cream ship,ham
none thats happen til get though,ham
yep great loxahatchee xmas tree burn ltgt start hour,ham
haha get use drive usf man know lot stoners,ham
well slightly disastrous class pm fav darlings hope day ok coffee wld good cant stay late tomorrow time place always,ham
hello good week fancy drink something later,ham
headin towards busetop,ham
messagesome text miss sendername miss number miss sentdate miss miss u lot thats everything miss send via fullonsmscom,ham
come room point iron plan weekend,ham
cos want thing,ham
okies ill go yan jiu skip ard oso go cine den go mrt one blah blah blah,ham
bring home wendy,ham
100 date service call 09064012103 box334sk38ch,spam
whatsup dont u want sleep,ham
alright new goal,ham
free entry å£250 weekly competition text word win 80086 18 tc,spam
alright ill head minutes text meet,ham
send logo 2 ur lover 2 name join heart txt love name1 name2 mobno eg love adam eve 07123456789 87077 yahoo pobox36504w45wq txtno 4 ads 150p,spam
yesfrom last week im take live call,ham
someone contact date service enter phone fancy find call landline 09111032124 pobox12n146tf150p,spam
siva hostel aha,ham
urgent mobile number award å£2000 prize guarantee call 09058094455 land line claim 3030 valid 12hrs,spam
send ur friends receive something ur voice speak expression 1childish 2naughty 3sentiment 4rowdy 5ful attitude 6romantic 7shy 8attractive 9funny ltgt irritate ltgt lovable reply,ham
ok shell ok guess,ham
aathiwhere dear,ham
pain urination thing else,ham
7 esplanade ì mind give lift cos get car today,ham
wnt buy bmw car urgentlyits vry urgentbut hv shortage ltgt lacsthere source arng dis amt ltgt lacsthats prob,ham
home watch tv lor,ham
usually take fifteen fuck minutes respond yes question,ham
congrats nokia 3650 video camera phone call 09066382422 call cost 150ppm ave call 3mins vary mobiles 16 close 300603 post bcm4284 ldn wc1n3xx,spam
book ticket pongal,ham
available im like right around hillsborough amp ltgt th,ham
message send askin ltgt dollars shoul pay ltgt ltgt,ham
ask g iouri ive tell story like ten time already,ham
long applebees fuck take,ham
hi hope u get txtjourney hasnt gdnow 50 mins late think,ham
like love arrange,ham
yeshe really greatbhaji tell kallis best cricketer sachin worldvery tough get,ham
suppose wake gt,ham
oic saw tot din c find group liao,ham
sorry ill call later,ham
hey hey werethe monkeespeople say monkeyaround howdy gorgeous,ham
sorry battery die come im get gram wheres place,ham
well do blimey exercise yeah kinda remember wot hmm,ham
wont get concentration dear know mind everything,ham
lol make plan new years,ham
10 min later k,ham
hanks lotsly,ham
thank hope good day today,ham
kkwhat detail want transferacc enough,ham
ok tell stay yeah tough optimistic things improve month,ham
loan purpose å£500 å£75000 homeowners tenant welcome previously refuse still help call free 0800 1956669 text back help,spam
si si think ill go make oreo truffles,ham
look amy ure beautiful intelligent woman like u lot know u donåõt like like donåõt worry,ham
hope thats result consistently intelligent kind start ask practicum link keep ears open best ttyl,ham
120 call cost guess isnt bad miss ya need ya want ya love ya,ham
go thru different feelingwavering decisions cop individualtime heal everything believe,ham
u go phone gon na die stay,ham
great never better day give even reason thank god,ham
upgrdcentre orange customer may claim free camera phone upgrade loyalty call 0207 153 9153 offer end 26th july tcs apply optout available,spam
sorry ill call later ok bye,ham
ok way railway,ham
great princess love give receive oral doggy style fave position enjoy make love ltgt time per night,ham
dont put stuff roads keep get slippery,ham
go ride bike,ham
yup need ill jus wait 4 e rain 2 stop,ham
many company tell language,ham
okmail dear dave final notice collect 4 tenerife holiday 5000 cash award call 09061743806 landline tcs sae box326 cw25wx 150ppm,spam
long since scream princess,ham
nothing mean money enter account bank remove flat rate someone transfer ltgt account ltgt dollars get remove bank differ charge also differbe sure trust 9ja person send account detail cos,ham
want 2 get lay tonight want real dog locations send direct 2 ur mob join uks largest dog network txting moan 69888nyt ec2a 31pmsg150p,spam
nice line say break heart plz dont cum 1 time infront wise trust u good 9t,ham
ok im gon na head usf like fifteen minutes,ham
love aathilove u lot,ham
tension ahwhat machiany problem,ham
k pick another 8th youre do,ham
whenre guy get back g say think stay mcr,ham
almost see u sec,ham
yo carlos friends already ask work weekend,ham
watch tv lor,ham
thank baby cant wait taste real thing,ham
change fb jaykwon thuglyfe falconerf,ham
win really 1 side long time,ham
free message activate 500 free text message reply message word free term condition visit,spam
dear reach railway happen,ham
depend quality want type send boye fade glory 6 want ralphs maybe 2,ham
think ive fix send test message,ham
sorry man account dry would want could trade back half could buy shit credit card,ham
congrats 1 year special cinema pass 2 call 09061209465 c suprman v matrix3 starwars3 etc 4 free bx420ip45we 150pm dont miss,spam
sorryin meet ill call later,ham
class ltgt reunion,ham
free nowcan call,ham
get meh,ham
nope think go monday sorry reply late,ham
tell accenture confirm true,ham
kate jackson rec center 7ish right,ham
dear reache room,ham
fight world easy u either win lose bt fightng some1 close u dificult u lose u lose u win u still lose,ham
ì come,ham
check nuerologist,ham
lolnice go fish water,ham
123 congratulations weeks competition draw u å£1450 prize claim call 09050002311 b4280703 tcsstop sms 08718727868 18 150ppm,spam
wait e car dats bore wat cos wait outside get nothing 2 home stuff watch tv wat,ham
maybe westshore hyde park village place near house,ham
know hows anthony bring money ive school fee pay rent stuff like thats need help friend need,ham
whats significance,ham
opinion 1 2 jada 3 kusruthi 4 lovable 5 silent 6 spl character 7 mature 8 stylish 9 simple pls reply,ham
8 latest gs still scrounge ammo want give new ak try,ham
prabhaim sorydarealyfrm heart im sory,ham
lol ok forgive,ham
nojst change tat,ham
guarantee latest nokia phone 40gb ipod mp3 player å£500 prize txt word collect 83355 ibhltd ldnw15h 150pmtmsgrcvd18,spam
sno competition,ham
boltblue tone 150p reply poly mono eg poly3 1 cha cha slide 2 yeah 3 slow jamz 6 toxic 8 come stop 4 tone txt,spam
credit top renewal pin tgxxrz,spam
way transport less problematic sit night way u want ask n join bday feel free need know definite nos book fri,ham
usually person unconscious thats children adults may behave abnormally ill call,ham
thats ebay might less elsewhere,ham
shall come get pickle,ham
gon na go get tacos,ham
thats rude campus,ham
urgent mobile award å£2000 bonus caller prize 020903 2nd attempt contact call 08718729755 box95qu,spam
hi wont b ard 4 christmas enjoy n merry xmas,ham
todays offer claim ur å£150 worth discount vouchers text yes 85023 savamob member offer mobile cs 08717898035 å£300 sub 16 unsub reply x,spam
yes pretty lady like single,ham
recieve tone within next 24hrs term condition please see channel u teletext pg 750,spam
jay say youre doublefaggot,ham
private 2003 account statement 07815296484 show 800 unredeemed sim point call 08718738001 identifier code 41782 expire 181104,spam
todaysundaysunday holidayso work,ham
gudnitetcpractice go,ham
ill late,ham
ive call hop l8r malaria know miss guy miss bani big pls give love especially great day,ham
good afternoon love go day hope maybe get lead job think boytoy send passionate kiss across sea,ham
probably gon na see later tonight lt,ham
maybe fat finger press button doesnt know,ham
ummmmmaah many many happy return day dear sweet heart happy birthday dear,ham
tirupur da start office call,ham
monthlysubscription50pmsg max6month tcsc web age16 2stop txt stop,spam
famous quote develop ability listen anything unconditionally without lose temper self confidence mean marry,ham
go college pa else ill come self pa,ham
4 oclock mine bash flat plan,ham
girl stay bed girl doesnt need recovery time id rather pass fun cooped bed,ham
special,ham
know need get hotel get invitation apologise cali sweet come english blokes weddin,ham
sorry take long omw,ham
wait ltgt min,ham
ok give 5 minutes think see btw youre alibi cut hair whole time,ham
imagine finally get sink bath put pace maybe even eat leave also imagine feel cage cock surround bath water remind always own enjoy cuck,ham
hurry ive weeddeficient like three days,ham
sure get acknowledgement astoundingly tactless generally faggy demand blood oath fo,ham
ok every night take warm bath drink cup milk youll see work magic still need loose weight know,ham
iû÷ll look fry pan case itû÷s cheap book perhaps thatû÷s silly fry pan isnû÷t likely book,ham
well uv cause mutations sunscreen like essential thesedays,ham
lunchyou onlinewhy,ham
know friend already tell,ham
hi princess thank pics pretty,ham
aiyo u always c ex one dunno abt mei reply first time u reply fast lucky workin huh get bao ur sugardad ahgee,ham
hi msg meim office,ham
thanx 4 e brownie v nice,ham
geeeee love much barely stand,ham
gent try contact last weekend draw show å£1000 prize guarantee call 09064012160 claim code k52 valid 12hrs 150ppm,spam
fuck babe miss already know cant let send money towards net need want crave,ham
ill call u 2mrw ninish address icky american freek wont stop callin 2 bad jen k eh,ham
oooh bed ride ey think,ham
anyways go gym whatever love smile hope ok good day babe miss much already,ham
love daddy make scream pleasure go slap ass dick,ham
wot u wan na missy,ham
yar lor wait 4 mum 2 finish sch lunch lor whole morning stay home clean room room quite clean hee,ham
know lab goggle go,ham
open door,ham
wait call,ham
nope wait sch 4 daddy,ham
1000 cash 2000 prize claim call09050000327,spam
im tire argue week week want ill,ham
ìï wait 4 sch finish ard 5,ham
mobile number å£5000 claim call us back ring claim hot line 09050005321,spam
arngd marriage u r walkin unfortuntly snake bite u bt love marriage dance frnt snake amp sayin bite bite,ham
huh early ì dinner outside izzit,ham
ok anyway need change say,ham
try contact reply offer 750 mins 150 textand new video phone call 08002988890 reply free delivery tomorrow,spam
exwife able kid want kid one day,ham
hows scotland hope show jjc tendencies take care live dream,ham
tell u headache want use 1 hour sick time,ham
dun thk ill quit yet hmmm go jazz yogasana oso go meet em lessons den,ham
pete please ring meive hardly gotany credit,ham
ya srsly better yi tho,ham
im meet call later,ham
ur chance win å£250 wkly shop spree txt shop 80878 tscs custcare 08715705022 1x150pwk,spam
specially select receive 2000 pound award call 08712402050 line close cost 10ppm 16 tcs apply ag promo,spam
private 2003 account statement 07753741225 show 800 unredeemed point call 08715203677 identifier code 42478 expire 241004,spam
still grand prix,ham
meet stranger choose friend long world stand friendship never end let friends forever gud nitz,ham
great,ham
gud mrng dear nice day,ham
important customer service announcement call freephone 0800 542 0825,spam
exhaust train morning much wine pie sleep well,ham
im go buy mums present ar,ham
mind blastin tsunamis occur rajnikant stop swim indian oceand,ham
u send home first ok lor im ready yet,ham
speak cash yet,ham
happy come noon,ham
meet lunch la,ham
take care n get well soon,ham
xclusiveclubsaisai 2morow 285 soiree speciale zouk nichols parisfree roses 2 ladies info 0794674629107880867867,spam
mean say cant wait see u get bore bridgwater banter,ham
neva mind ok,ham
fine imma get drink somethin want come find,ham
22 days kick euro2004 u keep date latest news result daily remove send get txt stop 83222,spam
valentine game send dis msg ur friends 5 answer r someone really love u ques colour suit bestrply,ham
many dependents,ham
thanx4 today cer nice 2 catch ave 2 find time often oh well take care c u soonc,ham
call say himthen choose future,ham
happy valentines day know early hundreds handsomes beauties wish think finish aunties uncles 1st,ham
like v shock leh cos tell shuhui like tell leona also like dat almost know liao get ask abt ur reaction lor,ham
family happiness,ham
come n pick ì come immediately aft ur lesson,ham
let snow let snow kind weather bring ppl together friendships grow,ham
dear get ltgt dollars hi hi,ham
good word word may leave u dismay many time,ham
make sure alex know birthday fifteen minutes far youre concern,ham
sorry get things may pub later,ham
nah straight bring bud drink something thats actually little useful straight cash,ham
haha good hear im officially pay market 8th,ham
many lick take get center tootsie pop,ham
yup thk r e teacher say make face look longer darren ask 2 cut short,ham
new textbuddy chat 2 horny guy ur area 4 25p free 2 receive search postcode gaytextbuddycom txt one name 89693,spam
todays vodafone number end 4882 select receive å£350 award number match call 09064019014 receive å£350 award,spam
please dont say like hi hi hi,ham
thank u,ham
oh forward message think send,ham
get seventeen pound seven hundred ml ûò hope ok,ham
dear voucher holder 2 claim weeks offer pc go tscs apply2 stop texts txt stop 80062,spam
n funny,ham
sweetheart hope kind day one load reason smile biola,ham
ì login dat time dad fetch ì home,ham
shower baby,ham
askd u question hours answer,ham
well imma definitely need restock thanksgiving ill let know im,ham
say kiss kiss cant sound effect gorgeous man isnt kind person need smile brighten day,ham
probably gon na swing wee bite,ham
ya nice ready thursday,ham
allo brave bus take train triumph mean weû÷re bû÷ham jolly good rest week,ham
watch cartoon listen music amp eve go temple amp church u,ham
mind ask happen dont say uncomfortable,ham
private 2003 account statement show 800 unredeemed point call 08715203694 identifier code 40533 expire 311004,spam
prob send email,ham
1000 cash 2000 prize claim call09050000327 tc rstm sw7 3ss 150ppm,spam
thats cool sometimes slow gentle sonetimes rough hard,ham
im gon na say sorry would normal start panic time sorry see tuesday,ham
wait know wesleys town bet hella drug,ham
fine miss much,ham
u get persons story,ham
tell drug dealers get impatient,ham
sun cant come earth send luv ray cloud cant come river send luv rain cant come meet u send care msg u gud evng,ham
place man,ham
doesnt make sense take unless free need know wikipediacom,ham
88800 89034 premium phone service call 08718711108,spam
sea lay rock rock envelope envelope paper paper 3 word,ham
mums repent,ham
sorry go home first daddy come fetch ì later,ham
leave de start prepare next,ham
yes baby study position kama sutra,ham
en chikku nange bakra msg kalstiyathen teacoffee,ham
carlosll minute still need buy,ham
pay ltdecimalgt lakhs,ham
good even ttyl,ham
u receive msg,ham
ho ho big belly laugh see ya tomo,ham
sms ac sun0819 post helloyou seem cool,spam
get ur 1st ringtone free reply msg tone gr8 top 20 tone phone every week å£150 per wk 2 opt send stop 08452810071 16,spam
ditto wont worry say anything anymore like say last night whatever want ill peace,ham
ive get ltgt way could pick,ham
dont knw pa drink milk,ham
maybe say hi find get card great escape wetherspoons,ham
piggy r u awake bet ure still sleep im go 4 lunch,ham
cause im freaky lol,ham
miss call cause yell scrappy miss u cant wait u come home im lonely today,ham
hex place talk explain,ham
ìï log 4 wat sdryb8i,ham
xy go 4 e lunch,ham
hi im sue 20 years old work lapdancer love sex text live im bedroom text sue 89555 textoperator g2 1da 150ppmsg 18,spam
want ask ì wait 4 finish lect cos lect finish hour anyway,ham
finish work yet,ham
every king cry baby every great build map imprtant u r today u wil reach tomorw gud ni8,ham
dearme cherthalain case u r come cochin pls call bfore u starti shall also reach accordinglyor tell day u r comingtmorow engage ans holiday,ham
thank love torch bold,ham
please call 08712404000 immediately urgent message wait,spam
farm open,ham
sorry trouble u buy 4d dad 1405 1680 1843 2 big 1 small sit n sun thanx,ham
sister law hope great month say hey abiola,ham
purchase stuff today mail po box number,ham
ah poop look like ill prob send laptop get fix cuz gpu problem,ham
good good job like entrepreneurs,ham
aight close still around alexs place,ham
meet corporation st outside gap û see mind work,ham
mum ask ì buy food home,ham
ku also dont msg reply msg,ham
much r ì will pay,ham
sorry ill call later,ham
important prevent dehydration give enough fluids,ham
thats bite weird even suppose happen good idea sure pub,ham
true deari sit pray even felt soso smsd time,ham
dont think get away trek long family town sorry,ham
wan na gym harri,ham
quite late lar ard 12 anyway wun b drivin,ham
review keep fantastic nokia ngage game deck club nokia go 2 unsubscribe alert reply word,spam
4mths half price orange line rental latest camera phone 4 free phone 11mths call mobilesdirect free 08000938767 update or2stoptxt tcs,spam
height confidence aeronautics professors wer calld amp wer askd 2 sit aeroplane aftr sit wer tell dat plane ws make students dey hurry plane bt 1 didnt move saidif make students,ham
seem like weird time night g want come smoke day shitstorm attribute always come make everyone smoke,ham
08714712388 10am7pm cost 10p,spam
save stress person dorm account send account detail money send,ham
also know lunch menu da know,ham
stuff sell ill tell,ham
449071512431 urgent 2nd attempt contact uu å£1250 call 09071512433 b4 050703 tcsbcm4235wc1n3xx callcost 150ppm mobilesvary maxå£7 50,spam
book lesson msg call work sth im go get specs membership px3748,ham
guarantee å£1000 cash å£2000 prize claim yr prize call customer service representative 08714712394 10am7pm,spam
macha dont feel upseti assume mindsetbelieve one even wonderful plan uslet life begin againcall anytime,ham
oh send address,ham
sfine anytime best,ham
wondar full flim,ham
ya even cookies jelly,ham
world run stillmaybe feel sameso itor admiti madthen correctionor let call lifeand keep run worldmay u r also runninglets run,ham
get look scrumptious daddy want eat night long,ham
cos lar im ba dao ok 1 pm lor u never ask go ah say u would ask fri say u ask today,ham
alright omw get ta change order half8th,ham
exactly anyways far jide study visit,ham
dunno u ask,ham
email alertfrom jeri stewartsize 2kbsubject lowcost prescripiton drvgsto listen email call 123,spam
didnt spring come early yay,ham
lol wont feel bad use money take steak dinner,ham
even u dont get trouble convincingjust tel twice tel neglect msgs dont c read itjust dont reply,ham
leave qatar tonite search opportunityall go fastpls add ur prayers dearrakhesh,ham
one talk,ham
thank look really appreciate,ham
hi customer loyalty offerthe new nokia6650 mobile å£10 txtauction txt word start 81151 get 4tctxt tc 150pmtmsg,spam
wish,ham
haha mayb ure rite u know well da feel like someone gd lor u faster go find one gals group attach liao,ham
yes glad make,ham
well little time thing good time ahead,ham
get room soon û hadnt put clock back til 8 shout everyone get realise 7 wahay another hour bed,ham
ok may free gym,ham
men like shorter ladies gaze eye,ham
dunno jus say go lido time 930,ham
promise take good care princess run please send pics get chance ttyl,ham
u subscribe best mobile content service uk å£3 per 10 days send stop 82324 helpline 08706091795,spam
reason weve speak year anyways great week best exam,ham
monday next week give full gist,ham
realize 40 years well thousands old ladies run around tattoo,spam
important customer service announcement premier,spam
dont gim me lip caveboy,ham
get library,ham
realy sorryi dont recognise number confuse r u please,ham
didnt holla,ham
cant think anyone spare room top head,ham
faith make things possiblehope make things worklove make things beautifulmay three christmasmerry christmas,ham
u make appointment,ham
call youcarlos isare phone vibrate act might hear texts,ham
romantic paris 2 nights 2 flight å£79 book 4 next year call 08704439680tscs apply,spam
grandmas oh dear u still ill felt shit morning think hungover another night leave sit,ham
urgent ur å£500 guarantee award still unclaimed call 09066368327 closingdate040902 claimcode m39m51 å£150pmmorefrommobile2bremovedmobypobox734ls27yf,spam
nothing jus tot u would ask cos u ba gua go mt faber yest yest jus go already mah today go jus call lor,ham
wish family merry x mas happy new year advance,ham
ur award city break could win å£200 summer shop spree every wk txt store 88039 skilgme tscs087147403231winawkage16 å£150perwksub,spam
im nt goin get somethin unless meetin 4 dinner lor haha wonder go tis time,ham
sorry ill call later,ham
cant pick phone right pls send message,ham
lol know theyre dramatic school already close tomorrow apparently cant drive inch snow suppose get,ham
get anywhere damn job hunt,ham
lol u drunkard hair moment yeah still 4 tonight wats plan,ham
idc get weaseling way shit twice row,ham
wil ltgt minutes get space,ham
sleepingand surf,ham
thank pick trash,ham
dont go tell friend youre sure want live smoke much spend hours beg come smoke,ham
hi kate lovely see tonight ill phone tomorrow get sing guy give card xxx,ham
happy new year dear brother really miss get number decide send text wish happiness abiola,ham
mean get door,ham
opinion 1 2 jada 3 kusruthi 4 lovable 5 silent 6 spl character 7 mature 8 stylish 9 simple pls reply,ham
hmmm think say 2 hours slave 3 late punish,ham
beerage,ham
important customer service announcement premier call freephone 0800 542 0578,spam
dont think turn like randomlly within 5min open,ham
suppose couldnt make shes still town though,ham
time fix spell sometimes get completely diff word go figure,ham
ever think live good life perfect partner txt back name age join mobile community 100psms,spam
5 free top polyphonic tone call 087018728737 national rate get toppoly tune send every week text subpoly 81618 å£3 per pole unsub 08718727870,spam
gud mrng dear hav nice day,ham
hop enjoy game yesterday sorry ive touch pls know fondly bein thot great week abiola,ham
e best 4 ur drive tmr,ham
ywhere u dogbreath sound like jan c thatåõs al,ham
omg want scream weigh lose weight woohoo,ham
generally isnt one uncountable noun u dictionary piece research,ham
really get hang around,ham
orange customer may claim free camera phone upgrade loyalty call 0207 153 9996 offer end 14thmarch tcs apply optout availa,spam
petey boy whereare friendsare thekingshead come canlove nic,ham
ok msg u b4 leave house,ham
gim me ltgt minutes ago,ham
last chance claim ur å£150 worth discount vouchers today text shop 85023 savamob offer mobile cs savamob pobox84 m263uz å£300 sub 16,spam
appt lttimegt fault u dont listen tell u twice,ham
free 1st week no1 nokia tone 4 ur mobile every week txt nokia 8077 get txting tell ur mat pobox 36504 w45wq 16 norm150ptone,spam
guarantee å£200 award even å£1000 cashto claim ur award call free 08000407165 18 2 stop getstop 88222 php rg21 4jx,spam
k ill 4,ham
dled 3d imp,ham
sure make sure know aint smokin yet,ham
boooo always work quit,ham
take half day leave bec well,ham
ugh dont wan na get bed warm,ham
ssnervous ltgt,ham
theres ring come guy costume gift future yowifes hint hint,ham
congratulations ur award either å£500 cd gift vouchers free entry 2 å£100 weekly draw txt music 87066 tncs,spam
borrow ur bag ok,ham
u outbid simonwatson5120 shinco dvd plyr 2 bid visit sms acsmsrewards 2 end bid notifications reply end,spam
wheres boytoy miss happen,ham
lot use ones babe model doesnt help youi bring hell match,ham
also bring galileo dobby,ham
respond,ham
boo babe u enjoyin yourjob u seem 2 b gettin well hunnyhope ure oktake care iåõllspeak 2u soonlots loveme xxxx,ham
good afternoon starshine hows boytoy crave yet ache fuck sip cappuccino miss babe tease kiss,ham
road cant txt,ham
smsservices yourinclusive text credit pls goto login 3qxj9 unsubscribe stop extra charge help 08702840625comuk 220cm2 9ae,spam
25p 4 alfie moon children need song ur mob tell ur m8s txt tone charity 8007 nokias poly charity polys zed 08701417012 profit 2 charity,spam
good even ttyl,ham
hmm bits piece lol sigh,ham
hahahause brain dear,ham
hey get mail,ham
sorry light turn green mean another friend want ltgt worth may around,ham
thank yesterday sir wonderful hope enjoy burial mojibiola,ham
u secret admirer reveal think u r special call 09065174042 opt reply reveal stop 150 per msg recd cust care 07821230901,spam
hi mate rv u hav nice hol message 3 say hello coz havenåõt send u 1 age start drive stay roadsrvx,ham
dear voucher holder claim weeks offer pc please go tscs apply stop texts txt stop 80062,spam
thank much skyped wit kz sura didnt get pleasure company hope good weve give ultimatum oh countin aburo enjoy message send days ago,ham
surely result offer,ham
good morning dear great amp successful day,ham
want 750 anytime network mins 150 text new video phone five pound per week call 08002888812 reply delivery tomorrow,spam
sir late pay rent past months pay ltgt charge felt would inconsiderate nag something give great cost thats didnt speak however recession wont able pay charge month hence askin well ahead months end please help thank,ham
try contact offer new video phone 750 anytime network mins half price rental camcorder call 08000930705 reply delivery wed,spam
last chance 2 claim ur å£150 worth discount voucherstext yes 85023 nowsavamobmember offer mobile cs 08717898035 å£300 sub 16 remove txt x stop,spam
luv u soo much u donåõt understand special u r 2 ring u 2morrow luv u xxx,ham
pls send comprehensive mail im pay much,ham
prashanthettans mother pass away last night pray family,ham
urgent call 09066350750 landline complimentary 4 ibiza holiday 10000 cash await collection sae tcs po box 434 sk3 8wp 150 ppm 18,spam
kkwhen go,ham
meanwhile shit suite xavier decide give us ltgt second warn samantha come play jays guitar impress shit also dont think doug realize dont live anymore,ham
stomach thru much trauma swear cant eat better lose weight,ham
officewhats mattermsg nowi call break,ham
yeah theres barely enough room two us x many fuck shoe sorry man see later,ham
todays offer claim ur å£150 worth discount vouchers text yes 85023 savamob member offer mobile cs 08717898035 å£300 sub 16 unsub reply x,spam
u reach orchard already u wan 2 go buy ticket first,ham
real baby want bring inner tigress,ham
da run activate full version da,ham
ah poor babyhope urfeeling bettersn luv probthat overdose work hey go careful spk 2 u sn lot lovejen xxx,ham
stop story ive tell ive return hes say order,ham
talk sexy make new friends fall love worlds discreet text date service text vip 83110 see could meet,spam
go take babe,ham
hai ana tomarrow come morning ltdecimalgt ill sathy go rto office reply come home,ham
spoon okay,ham
say somebody name tampa,ham
work go min,ham
brother genius,ham
sorry guess whenever get hold connections maybe hour two ill text,ham
u find time bus coz need sort stuff,ham
dude ive see lotta corvettes lately,ham
congratulations ur award either yrs supply cds virgin record mystery gift guarantee call 09061104283 tscs å£150pm approx 3mins,spam
consider wall bunker shit important never play peaceful guess place high enough dont matter,ham
private 2003 account statement 07808 xxxxxx show 800 unredeemed point call 08719899217 identifier code 41685 expire 071104,spam
hello need posh bird chap user trial prod champneys put need address dob asap ta r,spam
u want xmas 100 free text message new video phone half price line rental call free 0800 0721072 find,spam
well officially philosophical hole u wan na call home ready save,ham
go goodno problembut still need little experience understand american customer voice,ham
ill text drop x,ham
ugh long day im exhaust want cuddle take nap,ham
talk atleast day otherwise miss best friend world shakespeare shesil ltgt,ham
shop till u drop either 10k 5k å£500 cash å£100 travel voucher call 09064011000 ntt po box cr01327bt fixedline cost 150ppm mobile vary,spam
castor need see something,ham
sunshine quiz wkly q win top sony dvd player u know country liverpool play mid week txt ansr 82277 å£150 sptyrone,spam
u secret admirer look 2 make contact ufind rreveal think ur specialcall 09058094565,spam
u secret admirer look 2 make contact ufind rreveal think ur specialcall 09065171142stopsms08,spam
reminder download content already pay goto mymoby tv collect content,spam
see know give break time woul lead always want miss curfew gon na gibe til one midnight movie gon na get til 2 need come home need getsleep anything need b studdying ear train,ham
love give massage use lot baby oil fave position,ham
dude go sup,ham
yoyyooo u know change permissions drive mac usb flash drive,ham
gibbs unsoldmike hussey,ham
like talk pa able dont know,ham
dun cut short leh u dun like ah fail shes quite sad,ham
unbelievable faglord,ham
wifehow know time murder exactly,ham
ask princess,ham
great princess think,ham
nutter cutter ctter cttergg cttargg ctargg ctagg ie,ham
ok noe ure busy im really bore msg u oso dunno wat colour choose 4 one,ham
doesnt g class early tomorrow thus shouldnt try smoke ltgt,ham
superb think grateful u dont everything u want mean u still opportunity happier tomorrow u today,ham
hope good week check,ham
im use hope agents dont drop since ive book things year whole boston nyc experiment,ham
thursday night yeah sure thing well work,ham
free ringtone wait collect simply text password mix 85069 verify get usher britney fml,spam
probably money worry things come due several outstanding invoice work two three months ago,ham
possible teach,ham
wonder phone battery go dead tell love babe,ham
lovely smell bus aint tobacco,ham
get worry derek taylor already assume worst,ham
hey whats charles sorry late reply,ham
lastest stereophonics marley dizzee racal libertines stroke win nookii game flirt click themob wap bookmark text wap 82468,spam
ill give plus say grinule greet whenever speak,ham
white fudge oreos store,ham
january male sale hot gay chat cheaper call 08709222922 national rate 15pmin cheap 78pmin peak stop texts call 08712460324 10pmin,spam
love come take long leave zahers get word ym happy see sad leave miss,ham
sorry hurt,ham
cant feel nauseous im piss didnt eat sweets week cause today plan pig diet week im hungry,ham
ok lor early still project meet,ham
call da wait call,ham
could ask carlos could get anybody else chip,ham
actually send reminder today wonderful weekend,ham
people see msgs think iam addict msging wrong bcoz dont know iam addict sweet friends bslvyl,ham
hey give photo register drive ah tmr wan na meet yck,ham
dont talk ever ok word,ham
u wana see,ham
way school pls send ashleys number,ham
shall fine avalarr hollalater,ham
go attend another two round todaybut still didt reach home,ham
actually delete old websitenow blogging magicalsongsblogspotcom,ham
k wait chikkuil send aftr ltgt mins,ham
im diet eat 1 many slice pizza yesterday ugh im always diet,ham
ki give kvb acc detail,ham
oh come ah,ham
money r lucky winner 2 claim prize text money 2 88600 å£1million give away ppt150x3normal text rate box403 w1t1jy,spam
im really sorry wont b able 2 fridayhope u find alternativehope yr term go ok,ham
congratulations ore mo owo wa enjoy wish many happy moments fro wherever go,ham
samus shoulder yet,ham
time think youll need know near campus,ham
dear matthew please call 09063440451 landline complimentary 4lux tenerife holiday å£1000 cash await collection ppm150 sae tcs box334 sk38xh,spam
dun wear jeans lor,ham
since side fever vomitin,ham
kkare college,ham
urgent call 09061749602 landline complimentary 4 tenerife holiday å£10000 cash await collection sae tcs box 528 hp20 1yf 150ppm 18,spam
better make friday stuff like pig yesterday feel bleh least writhe pain kind bleh,ham
sell well tons coin sell coin someone thru paypal voila money back life pocket,ham
theyre lot place hospitals medical place safe,ham
get touch folks wait company txt back name age opt enjoy community 150psms,spam
also ive sorta blow couple time recently id rather text blue look weed,ham
send score sophas secondary application school think think apply research cost also contact joke ogunrinde school one less expensive ones,ham
cant wait see photos useful,ham
ur cashbalance currently 500 pound maximize ur cashin send go 86688 150pmsg cc 08718720201 po box 11414 tcrw1,spam
hey book kb sit already lessons go ah keep sit night free need meet confirm lodge,ham
chk ur belovd ms dict,ham
time want come,ham
awesome lem me know whenever youre around,ham
shb b ok lor thanx,ham
beautiful truth gravity read carefully heart feel light someone feel heavy someone leave good night,ham
also remember get dobbys bowl car,ham
filthy stories girls wait,spam
sorry c ur msg yar lor poor thing 4 one night tmr ull brand new room 2 sleep,ham
love isnt decision feel could decide love life would much simpler less magical,ham
welp apparently retire,ham
sort code acc bank natwest reply confirm ive send right person,ham
,ham
u sure u cant take sick time,ham
urgent try contact u todays draw show å£800 prize guarantee call 09050001808 land line claim m95 valid12hrs,spam
watch cartoon listen music amp eve go temple amp church u,ham
yo chad gymnastics class wan na take site say christians class full,ham
much buzy,ham
better still catch let ask sell ltgt,ham
sure night menu know noon menu,ham
u want come backa beautiful necklace token heart youthats give wife likingbe seeno one give thatdont call mei wait till come,ham
will go aptitude class,ham
wont b 215 try 2 sort house ok,ham
yar lor wan 2 go c horse race today mah eat earlier lor eat chicken rice u,ham
haha awesome omw back,ham
yup thk e shop close lor,ham
account number,ham
eh u send wrongly lar,ham
hey ad crap nite borin without ya 2 boggy u bore biatch thanx u wait til nxt time il ave ya,ham
ok shall talk,ham
dont hesitate know second time weakness like keep notebook eat day anything change day sure nothing,ham
hey pay salary de ltgt,ham
another month need chocolate weed alcohol,ham
start search get job dayshe great potential talent,ham
reckon need town eightish walk carpark,ham
congrats 2 mobile 3g videophones r call 09063458130 videochat wid mat play java game dload polyph music noline rentl,spam
look fuckin time fuck think,ham
yo guess drop,ham
carlos say hell mu ltgt minutes,ham
im office call ltgt min,ham
geeee miss already know think fuck cant wait till next year together love kiss,ham
yun ahthe ubi one say ì wan call tomorrowcall 67441233 look ireneere get bus822656166382 ubi cresubi tech park6ph 1st 5wkg daysì¬n,ham
ugh get ta drive back sd la butt sore,ham
26th july,ham
hi im relax time ever get 7am every day party good night get home tomorrow 5ish,ham
ì ìï wan come come lor din c strip skirt,ham
xmas story peace xmas msg love xmas miracle jesus hav bless month ahead amp wish u merry xmas,ham
cant dont number,ham
change e one next escalator,ham
yetunde im class run water make ok pls,ham
lot happen feel quiet beth aunts charlie work lot helen mo,ham
ì wait 4 bus stop aft ur lect lar dun c ì go get car come back n pick ì,ham
aight thank comin,ham
nobut hear abt tat,ham
please call customer service representative freephone 0808 145 4742 9am11pm guarantee å£1000 cash å£5000 prize,spam
yeshe really greatbhaji tell kallis best cricketer sachin worldvery tough get,ham
ltgt think say syllabus,ham
umma say anything,ham
give sec think think,ham
panasonic bluetoothhdset free nokia free motorola free doublemins doubletxt orange contract call mobileupd8 08000839402 call 2optout,spam
dont quite know still cant get hold anyone cud pick bout 730pm see theyre pub,ham
poyyarikaturkolathupalayamunjalur posterode dis ltgt,ham
dear heroi leave qatar tonite apt opportunitypls keep touch ltemailgt kerala,ham
lol would mom would fit tell whole family crazy terrible,ham
get home babe still awake,ham
dunno close oredi ìï v fan,ham
buy pizza meat lovers supreme u get pick,ham
ya toldshe ask wats matter,ham
dearregret cudnt pick calldrove frm ctla cochin homeleft mobile carente style ishtamayoohappy bakrid,ham
free 1st week no1 nokia tone 4 ur mob every week txt nokia 8007 get txting tell ur mat pobox 36504 w45wq norm150ptone 16,spam
shall send exe mail id,ham
nope watch tv home go v bore,ham
knowwait check,ham
good afternoon glorious anniversary day sweet j hope find happy content prey think send tease kiss across sea coax image fond souveniers cougarpen,ham
guess somebody know secretly fancy wan na find give us call 09065394514 landline datebox1282essexcm61xn 150pmin 18,spam
still tonight,ham
may call later pls,ham
hasnt pattern recently crap weekend,ham
sore throat scratch talk,ham
yes da plm ur office,ham
around still asleep v,ham
lol forget eh yes ill bring babe,ham
good well find way,ham
use foreign stamp country good lecture,ham
yup bathe liao,ham
happy new year no1 man,ham
oh mr sheffield wan na play game okay youre boss im nanny give raise ill give one,ham
zoe hit 2 im fuck shitin il defo try hardest 2 cum 2morow luv u millions lekdog,ham
hello baby get back moms set computer fill belly go loverboy miss already sigh,ham
blanket sufficient thx,ham
naughty little think better flirt flirt n flirt rather love someone n gettin hurt hurt n hurt gud nyt,ham
edison rightly say fool ask question wise man answer know us speechless viva gm,ham
talk thats de wont,ham
today go college able atten class,ham
im class holla later,ham
easy ahsen get select mean good,ham
mmm thats better get roast iåõd b better drink 2 good indian,ham
know someone know fancy call 09058097218 find pobox 6 ls15hb 150p,spam
come round,ham
1 thing change sentence want 2 concentrate educational career im leave,ham
1000s flirt txt girl bloke ur name age eg girl zoe 18 8007 join get chat,spam
walk hour 2 c u doesnåõt show care wont u believe im serious,ham
18 days euro2004 kickoff u keep inform latest news result daily unsubscribe send get euro stop 83222,spam
available soiree june 3rd,ham
u noe wat time e place dat sell 4d close,ham
get another job one hospital data analysis something start monday sure thesis get finish,ham
jays get really impatient belligerent,ham
hiya comin 2 bristol 1 st week april les get rudi new yrs eve snoringthey drink u bak college yet work send ink 2 bath,ham
im work please call,ham
u drive lor,ham
ard 515 like dat,ham
tell theyre female v howre throw decide get,ham
eastenders tv quiz flower dot compare violet e tulip f lily txt e f 84025 4 chance 2 win å£100 cash wkent150p16,spam
im work technical support voice processnetworking field,ham
might come kerala 2 daysso prepare take leave finalise dont plan travel visitneed finish urgent work,ham
ok sure time tho sure get library class try see point good eve,ham
new local date area lot new people register area reply date start 18 replys150,spam
thats fine ill bitch later,ham
mum go 2 dentist,ham
free call sir wait,ham
meet u work tel shall work tomorrow,ham
someone u know ask date service 2 contact cant guess call 09058091854 reveal po box385 m6 6wu,spam
jus finish bath,ham
alright ill make sure car back tonight,ham
urgent try contact u todays draw show å£800 prize guarantee call 09050003091 land line claim c52 valid12hrs,spam
dear uve invite xchat final attempt contact u txt chat 86688,spam
lul im gettin juicy gossip hospital two nurse talk fat gettin one think shes obese oyea,ham
aight ill get fb couple minutes,ham
oi ami parchi na kicchu kaaj korte iccha korche na phone ta tul na plz plz,ham
download clear movies dvd copy,ham
yep pretty sculpture,ham
convey regard,ham
watch surya movie 6 pm vijay movie pokkiri,ham
tell happen dont behave like ok need say,ham
u get pic msgs phone,ham
send someone else,ham
wat make people dearer de happiness dat u feel u meet de pain u feel u miss dem,ham
love start attractioni feel need every time around meshe first thing come thoughtsi would start day end hershe every time dreamlove every breath namemy life happen around hermy life name heri would cry herwill give happiness take sorrowsi ready fight anyone heri love craziest things herlove dont proove anyone girl beautiful lady whole planeti always sing praise herlove start make chicken curry end makiing sambarlife beautiful thenwill get every morning thank god day mei would like say lotwill tell later,ham
frndship like needle clock though v r clock v r nt able 2 meet evn v meetitz 4few second bt v alwys stay conected gud 9t,ham
dont think spatula hand,ham
never nothing,ham
award sipix digital camera call 09061221061 landline delivery within 28days cs box177 m221bp 2yr warranty 150ppm 16 p på£399,spam
goodmorning today late ltdecimalgt min,ham
win urgent mobile number award å£2000 prize guarantee call 09061790121 land line claim 3030 valid 12hrs 150ppm,spam
please da call mistake side sorry da pls da goto doctor,ham
r meet,ham
well weather calis great complexities great need car move freely tax outrageous great place sad part miss home,ham
reach home tire come tomorro,ham
ryder unsoldnow gibbs,ham
dear subscriber ur draw 4 å£100 gift voucher b enter receipt correct ans elvis presleys birthday txt answer 80062,spam
dont fret ill buy ovulation test strip send wont get til like march send postal addressull alrightokay,ham
gift try get throw cliff something,ham
ne thing interest good birthday u wrking nxt start uni today,ham
busy come point figure tomorrow,ham
yeah go bore depress sittin waitin phone ring hope wind drop though scary,ham
black shirt n blue jeans thk c ì,ham
aiyah sorry lor watch tv watch forget 2 check phone,ham
message important information o2 user today lucky day 2 find log onto fantastic surprise await,spam
hen night go swing,ham
good afternoon love go day wake early online wait hmmm italian boy online see grin,ham
someone smoke every time ive smoke last two weeks call texting want smoke,ham
youll get headache try figure u trust math promise,ham
sfirst timedhoni rock,ham
ok ill tell company,ham
awesome think get 8th usf time tonight,ham
mean still think teju,ham
im good movie ok leave hourish,ham
nothis kallis home groundamla home town durban,ham
let make saturday monday per convenience,ham
hey time drive fri go evaluation fri,ham
449050000301 å£2000 price claim call 09050000301,spam
im go 4 lunch wif family aft dat go str 2 orchard lor,ham
bore speed date try speedchat txt speedchat 80155 dont like em txt swap get new chatter chat80155 pobox36504w45wq 150pmsg rcd 16,spam
cancel cheyyamoand get money back,ham
want 750 anytime network mins 150 text new video phone five pound per week call 08000776320 reply delivery tomorrow,spam
okok okthenwhats ur todays plan,ham
good morning princess,ham
aiyar sorry lor forget 2 tell u,ham
take part mobile survey yesterday 500 texts 2 use however wish 2 get txts send txt 80160 tc 150p,spam
tonight mate catch sleep new number way,ham
height oh shit situation guy throw luv letter gal fall brothers head whos gay,ham
ur hmv quiz cashbalance currently å£500 maximize ur cashin send hmv1 86688 150pmsg,spam
check errors difficulties correction,ham
howz painhope u r fine,ham
sorry ill call later,ham
good morning princess,ham
enter cabin pa say happy bday boss felt special askd 4 lunch lunch invite apartment go,ham
u wake already thanx 4 e tau sar piah quite nice,ham
k need login anything,ham
dont forget place many free request 1stchoicecouk wish information call 08707808226,spam
lol busy,ham
u wear,ham
messagesome text miss sendername miss number miss sentdate miss miss u lot thats everything miss send via fullonsmscom,ham
ohas usual vijay film different,ham
dont know u u dont know send chat 86688 let find 150pmsg rcvd hgsuite3422landsroww1j6hl ldn 18 years,spam
good day mine really busy much tomorrow night,ham
way send shade stuff wonderful,ham
really tot ur paper end long ago wat u copy jus get use u happy lar still haf 2 study,ham
thank winner notify sms good luck future market reply stop 84122 customer service 08450542832,spam
babe lose,ham
ok help ask shes work tmr,ham
im drive rain ill get catch e mrt station lor,ham
drop tank,ham
say text one time,ham
sorry ill call later,ham
ok go change also,ham
1000s girls many local 2 u r virgins 2 r ready 2 4fil ur every sexual need u 4fil text cute 69911å£150p,spam
u find sitter kaitlyn sick sleep day yesterday,ham
sorry man accidentally leave phone silent last night didnt check til get,ham
hey something come last min think wun sign tmr hee,ham
hes adult would learn experience theres real danger dont like peep use drug dont need comment,ham
hey theres veggie pizza,ham
yun buy school get offer 2000 plus,ham
sure neighbor didnt pick,ham
k send,ham
free entry 2 wkly comp win fa cup final tkts 21st may 2005 text fa 87121 receive entry questionstd txt ratetcs apply 08452810075over18s,spam
new theory argument win situation lose person dont argue ur friends kick amp say im always correct,ham
well im computerless time make oreo truffles,ham
haha yeah see sec,ham
number sir,ham
lol im hot air balloon,ham
ok bus come soon come otherwise tomorrow,ham
msgs r time passthey silently say think u right also make u think least 4 moment gd ntswt drms shesil,ham
yeah probably swing roommate finish girl,ham
get take 2 take part wrc rally oz u lucozade energy text rally le 61200 25p see pack lucozadecoukwrc itcould u,spam
happy new years melody,ham
ìï dun need pick ur gf,ham
yay better tell 5 girls either,ham
horrible u eat macs eat u forget abt already rite u take long 2 reply thk toot b4 b prepare wat shall eat,ham
say fantastic chance anything need bigger life lift lose 2 live think would first person 2 die n v q,ham
nw come hme da,ham
im outside islands head towards hard rock youll run,ham
day class class,ham
im chennai velachery,ham
flippin shit yet,ham
k give sec break ltgt cstore,ham
much bad avoid like,ham
yo around get car back,ham
annoy isnt,ham
goodmorning today late ltgt min,ham
theres point hangin mr right hes makin u happy,ham
come alivebetter correct good look figure,ham
case guess ill see campus lodge,ham
do,ham
come home one last time wont anything trust,ham
night worry appt shame miss girls night quiz popcorn hair,ham
sex ur mobile free sexy pic jordan text babe 88600 every wk get sexy celeb pocketbabecouk 4 pics 16 å£3wk 087016248,spam
ok c ya,ham
1 new voicemail please call 08719181503,spam
say matter mind say matter,ham
also know lunch menu da know,ham
al moan n e thin go wrong faultal de arguments r faultfed himso bother hav 2go thanxxx,ham
neft transaction reference number ltgt rs ltdecimalgt credit beneficiary account ltgt lttimegt ltgt,ham
otherwise part time job natuition,ham
know call,ham
also da feel yesterday night wait til 2day night dear,ham
thank understand ive try tell sura,ham
win year supply cds 4 store ur choice worth å£500 enter å£100 weekly draw txt music 87066 tscs,spam
whole car appreciate last two dad map read semi argument apart things go ok p,ham
sim subscriber select receive bonus get deliver door txt word ok 88600 claim 150pmsg exp 30apr,spam
need strong arm,ham
also maaaan miss,ham
bday real april,ham
guessin aint gon na 9,ham
ok come ur home half hour,ham
yo game almost want go walmart soon,ham
yeah probably sure ilol let u know personally wuldnt bother ur goin mite well,ham
ill text creepy like wont think forget,ham
would good û ill phone tomo lunchtime shall organise something,ham
1 new voicemail please call 08719181513,spam
damn make tonight want wait til tomorrow,ham
kkim also finewhen complete course,ham
true passable get high score apply phd get 5years salary make life easier,ham
1 nokia tone 4 ur mob every week txt nok 87021 1st tone free get txtin tell ur friends 150ptone 16 reply hl 4info,spam
prakesh know,ham
teach apps da come college,ham
rofl betta invest anti age products,ham
winner u specially select 2 receive å£1000 cash 4 holiday flight inc speak live operator 2 claim 0871277810810,spam
sir receive account another 1hr time sorry delay,ham
reply name address receive post weeks completely free accommodation various global locations ph08700435505150p,spam
ìll submit da project tmr rite,ham
free entry å£250 weekly comp send word enter 84128 18 tc cust care 08712405020,spam
jus ans lar ull noe later,ham
want send something sell fast ltgt k easy money,ham
get things may pub later,ham
1s finish meet call,ham
lol ok ill snatch purse,ham
hellodrivby0quit edrunk sorry iff pthis make senrddnot dancce 2 drum n basqihave fun 2nhite x ros xxxxxxx,ham
opinion 1 2 jada 3 kusruthi 4 lovable 5 silent 6 spl character 7 mature 8 stylish 9 simple pls reply,ham
much get,ham
ur paper e morn aft tmr,ham
dear relieve westonzoyland go plan end,ham
hope great new semester wish best make greatness,ham
oh yes speak txt 2 u hmm u get email,ham
want show world princess europe,ham
nobody decide eat dad want chinese,ham
shoot im docs wait room,ham
im go 4 dinner soon,ham
hello site download songs urgent pls,ham
know u mean king havin credit im goin2bed night night sweet only1more sleep,ham
horrible gal sch stuff come u get mc,ham
hi hun im comin 2nitetell every1 im sorry 4 hope u ava goodtimeoli ring melnite ifink mite b sortedbut il explain everythin monl8rsx,ham
call later dont network urgnt sms,ham
ummmmmaah many many happy return day dear sweet heart happy birthday dear,ham
please call 08712402779 immediately urgent message wait,spam
yeah like go like friends imma flip shit like half hour,ham
mum say wan go go shun bian watch da glass exhibition,ham
plan pongal,ham
wait till end march el nino get oh,ham
yet chikkugoing room nw im bus,ham
also cbe pay,ham
honey boo im miss u,ham
send jd customer service cum account executive ur mail id detail contact us,ham
yo im parent gettin cash good news pick downstem,ham
thank much skyped wit kz sura didnt get pleasure company hope good weve give ultimatum oh countin aburo enjoy,ham
hungry gay guy feel hungry 4 call 08718730555 10pmin stop texts call 08712460324 10pmin,spam
ok wahala remember friend need,ham
see half hour,ham
im inperialmusic listening2the weirdest track ever byåóleafcutter johnåósounds like insects molestedsomeone plumbingremixed evil men acid,ham
hey sorry didntgive ya bellearlier hunny,ham
seriously tell exact word right,ham
u get 2 phone wan na chat 2 set meet call 09096102316 u cum 2moro luv jane xx callså£1minmoremobsemspobox45po139wa,spam
tee hee lecture cheery bye bye,ham
sorry chikku cell get problem thts nt able reply u msg u,ham
still havent collect dough pls let know go place send get control number,ham
ok,ham
network operator service free cs visit 80488biz,spam
let know contact ive settle room let know ok,ham
wot u 2 u weirdo,ham
lor,ham
dont put phone silent mode ok,ham
meet ì 5 4 depend ì wan 2 lor,ham
wait 4 tv show 2 start lor u leh still busy ur report,ham
oh ho first time u use type word,ham
one doesnt stalk profile,ham
ever green quote ever tell jerry cartoon person irritate u always one love u vry much fail express gud nyt,ham
yes think thank,ham
shes drinkin im ok,ham
wonder others take,ham
night end another day morning come special way may smile like sunny ray leave worry blue blue bay gud mrng,ham
dog must always wait till end day word run time cell already,ham
happy new year u,ham
heygreat dealfarm tour 9am 5pm 95pax 50 deposit 16 may,ham
eat jap do oso aft ur lect wat ìï get lect 12 rite,ham
hey babe saw come online second disappear happen,ham
da birthdate certificate april real date today dont publish shall give special treat keep secret way thank wish,ham
happy birthday may ur dream come true,ham
aiyah u ok already lar e nydc wheellock,ham
tell say eat shit,ham
sure drive reach destination soon,ham
k much 8th fifty,ham
daily text ûò favour time,ham
great hear settle well whats happenin wit ola,ham
cocksuckers make feel better ipads worthless garbage novelty items feel bad even want one,ham
tot u reach liao say tshirt,ham
fran decide 2 go n e way im completely break knackered get bout 3 c u 2mrw love janx ps dads fone credit,ham
cant pick phone right pls send message,ham
right ill make appointment right,ham
designation software developer may get chennai,ham
enjoy jamster videosound gold club credit 2 new videosounds2 logosmusicnews get fun jamstercouk 16only help call 09701213186,spam
get 3 lions england tone reply lionm 4 mono lionp 4 poly 4 go 2 original n best tone 3gbp network operator rat apply,spam
jokin oni lar ìï busy wun disturb ì,ham
ok careful dont text drive,ham
ill always even spirit ill get bb soon try sure need,ham
u r much close heart u go away shatter plz stay,ham
love u 2 babe r u sure everything alrite idiot txt bak girlie,ham
abt make pics bigger,ham
get get 2 colour lor one colour quite light n e darker lor actually im do shes style hair,ham
whenevr ur sad whenevr ur gray remembr im 2 listn 2 watevr u wan na say jus walk wid little whileamp promise ill bring back ur smile,ham
nothing ok anyway give treat,ham
win newest ûïharry potter order phoenix book 5 reply harry answer 5 question chance first among readers,spam
ok,ham
correct work today,ham
send scream moan bed princess,ham
wake long ago already dunno thing,ham
oh get even u u,ham
thk 50 shd ok say plus minus 10 ì leave line paragraph,ham
call plz number show coveragd area urgnt call vasai amp reach 4o clock call plz,ham
yeah jays sort fuck retard,ham
sorry bathroom sup,ham
ur balance å£500 ur next question sing uptown girl 80s 2 answer txt ur answer 83600 good luck,spam
exam february 4 wish great day,ham
dont know come ask question like dont mistake,ham
aight rush ill ask jay,ham
good morning plz call sir,ham
ok lar u sleep early nite,ham
oh icic k lor den meet day,ham
oh half hour much longer syria canada eh wow must get much work do day us extra time grin,ham
sometimes put wall around heartsnot safe get hurt find care enough break wall amp get closer goodnoon,ham
sweet may may go 4u meet carlos gauge pattys interest,ham
buy today ìï need c meh,ham
aight sorry take ten years shower whats plan,ham
every mondaynxt week vl complete,ham
might ax well im,ham
chill another 6hrs could sleep pain surgical emergency see unfold okay,ham
yeah ill try scrounge something,ham
crazy ar hes marry ìï like gd look guy frens like say hes korean leonas fave dun thk aft think mayb prob ill go,ham
somewhere fredericksburg,ham
que pases un buen tiempo something like,ham
ok stay night xavier sleep bag im get tire,ham
doesnt need test,ham
nothing much chillin home super bowl plan,ham
free2day sexy st georges day pic jordantxt pic 89080 dont miss every wk saucy celeb4 pics c pocketbabecouk 0870241182716 å£3wk,spam
bugis oso near wat,ham
yo theres class tmrw right,ham
let ur heart ur compass ur mind ur map ur soul ur guide u never loose worldgnun send via way2smscom,ham
goodnight sleep well da please take care pa please,ham
baaaaabe miss youuuuu go teach class 5,ham
convey regard,ham
u ned convince tht possible witot hurt feel main,ham
good afternoon loverboy go day luck come way think sweetie send love across sea make smile happy,ham
start send blackberry torch nigeria find buyer melike 4a month tell dad buy bb anyone oh,ham
ltgt pple marry lovers becz hav gud undrstndng dat avoid problems send dis 2 u u wil get gud news friday person like tomorrow best day life dont break chain break suffer send ltgt frnds ltgt mins whn u read,ham
yo dude guess get arrest day,ham
shuhui say change 2 suntec steamboat u noe r u,ham
dance river,ham
yetunde im sorry moji seem busy able go shop please find way get want us get please forgive reply free via yahoo messenger,ham
hey really pretty late want go lesson first join im reach tp mrt,ham
hot live fantasy call 08707509020 20p per min ntt ltd po box 1327 croydon cr9 5wb 0870k,spam
bbq sit mine 6ish ur welcome 2 come,ham
dont know thing thats wrong everyso often panicks start goin bout bein good enough û,ham
alright im outhave good night,ham
try make another butt,ham
hope feel great pls fill abiola,ham
though shd go n fun bar town something ûò sound ok,ham
1 go write msg 2 put dictionary mode 3cover screen hand 4press ltgt 5gently remove ur hand interest,ham
bear pic nick tom pete dick fact type try gay chat photo upload call 08718730666 10pmin 2 stop texts call 08712460324,spam
500 new mobiles 2004 must go txt nokia 89545 collect todayfrom å£1 2optout 08718726270150gbpmtmsg18 txtauction,spam
finally ready fyi,ham
auntie huai juan never pick phone,ham
double mins double txt 12 price linerental latest orange bluetooth mobiles call mobileupd8 latest offer 08000839402 call2optoutlf56,spam
ya tel wats ur problem,ham
1 nokia tone 4 ur mob every week txt nok 87021 1st tone free get txtin tell ur friends 150ptone 16 reply hl 4info,spam
dnt wnt tlk wid u,ham
spend days wait ideal path appear front us forget paths make walk wait goodnight,ham
ok arm feel weak cuz get shoot go another time,ham
please reserve ticket saturday eve chennai thirunelvali tirunelvali chennai sunday evei already see netno ticket availablei want book ticket tackle,ham
storm msg wen u lift phne u say hello u knw wt real mean hello name girl yes u knw dat girl margaret hello girlfrnd f grahmbell invnted telphone moralone 4get name person,ham
thats ok pop ask bout something say youd around tonght wen girl come,ham
e best 4 ur exam later,ham
hope ur head doesnt hurt 2 much plough way pile iron stay chinky tonight come round like,ham
oh ki think wi nz players unsold,ham
haha get fast lose weight thk muz go 4 month den get effect geelater go aust put bk e weight,ham
wonder get online love go net cafe get phone recharge friends net think boytoy,ham
haha kid papa need drug,ham
thk shld b ya wana go 4 lessons haha go one whole stretch,ham
oh ok,ham
r still meet 4 dinner tonight,ham
thats cool gentleman treat dignity respect,ham
shall start hear,ham
wait 4 u lor need 2 feel bad lar,ham
check get detail message,ham
register sinco payee log icicibankcom enter urn ltgt confirm beware frauds share disclose urn anyone,ham
decide people care stuff vote care stuff losers,ham
kaiez enjoy ur tuition gee thk e second option sound beta ill go yan jiu den msg u,ham
register sinco payee log icicibankcom enter urn ltgt confirm beware frauds share disclose urn anyone,ham
cool fun practice make baby,ham
actually get ready leave house,ham
kkany special today,ham
urgent important information o2 user today lucky day 2 find log onto httpwwwurawinnercom fantastic surprise await,spam
get ta,ham
ive get ten buck jay noncomittal,ham
hungry,ham
pls speak customer machan,ham
somewhere beneath pale moon light someone think u dream come true goodnite amp sweet dream,ham
wen ur lovable bcums angry wid u dnt take seriously coz angry childish n true way show deep affection care n luv kettoda manda nice day da,ham
dear uve invite xchat final attempt contact u txt chat 86688 150pmsgrcvdhgsuite3422landsroww1j6hl ldn 18 yrs,spam
wats ur opinion abt abt character,ham
jay snicker tell x totally fuck chord speak,ham
nofew hours beforewent hair cut,ham
wonder cos dun rem see silver car thk saw black one,ham
lmao take pic send,ham
speak feel word better silence gud mrng,ham
shes currently scotland,ham
work week,ham
congratulations ur award either å£500 cd gift vouchers free entry 2 å£100 weekly draw txt music 87066 tncs 1 win150ppmx3age16,spam
lol great im get hungry,ham
yes saw message,ham
ill mu like ltgt second,ham
ok,ham
thing r good thanx get exams march ive do revision fran still boyf ive get ta interviw 4 exeter bite worriedx,ham
tell make little spreadsheet track whose idea smoke determine smoke much entire month february,ham
sale arsenal dartboard good condition double treble,spam
dont look back build coat dont want get sick hurry home wear coat gym,ham
painful personal think always try keep everybody happy time nobody recognise alone,ham
thank lovely wisheds rock,ham
intrepid duo great time see soon,ham
ask sen come chennai search job,ham
dad go oredi,ham
jus hope true missin cos im really missin havent do anything feel guilty yet,ham
wat late still early mah juz go 4 dinner lor aiya dunno,ham
arm fine hows cardiff uni,ham
fact leave think addie go back school tues wed,ham
cool breeze bright sun fresh flower twitter bird wait wish u goodmorning amp nice day,ham
yagoing restaurant,ham
ok askd u knw tht,ham
free 1st week entry 2 textpod 4 chance 2 win 40gb ipod å£250 cash every wk txt pod 84128 tscs custcare 08712405020,spam
duck chinchillas,ham
marriage function,ham
look like u wil b get headstart im leave bout 230ish u r desperate company could head earlierwe goin meet rummer,ham
donû÷t give fly monkey wot think certainly donû÷t mind friend mine,ham
register optin subscriber ur draw 4 å£100 gift voucher enter receipt correct ans 80062 whats no1 bbc chart,spam
say thanks2,ham
msg rajini come,ham
ya ì take ure practical lessons start june,ham
thats good need drug,ham
stupidits possible,ham
ì decide faster cos sis go home liao,ham
summer finally fancy chat flirt sexy single yr area get match reply summer free 2 join optout txt stop help08714742804,spam
u sleep go take haha get spy wat online check n reply mail lor,ham
claire havin borin time alone u wan na cum 2nite chat 09099725823 hope 2 c u luv claire xx callså£1minmoremobsemspobox45po139wa,spam
fight world easy u either win lose bt fightng some1 close u dificult u lose u lose u win u still lose,ham
buy one ringtone get texts cost 3 pound offer tone etc,spam
yalru lyfu astne chikku bt innu mundhe lyf ali halla ke bilo marriageprogram edhae lyf nt yet ovr chikkuali vargu lyfu meow meowd,ham
kinda first one get twelve aah speak tomo,ham
09066362231 urgent mobile 07xxxxxxxxx å£2000 bonus caller prize 020603 2nd attempt reach call 09066362231 asap,spam
ok good later come find ì c lucky tell ì go earlier later pple take finish ì,ham
wat make u thk ill fall actually thk im quite prone 2 fall lucky dad home ask come n fetch already,ham
07801543489 guarantee latests nokia phone 40gb ipod mp3 player å£500 prize txt wordcollect no83355 tcllc nyusa 150pmt msgrcvd18,spam
account refill successfully inr ltdecimalgt keralacircle prepay account balance rs ltdecimalgt transaction id kr ltgt,ham
wont touch permission,ham
hi lucy hubby meetins day fri b alone hotel u fancy cumin pls leave msg 2day 09099726395 lucy x callså£1minmobsmorelkpobox177hp51fl,spam
7 wonder world 7th 6th ur style 5th ur smile 4th ur personality 3rd ur nature 2nd ur sms 1st ur lovely friendship good morning dear,ham
take small dose tablet fever,ham
oh u must take real valentine shop first,ham
send email ûò address incomm right,ham
gon na blakes night might able get little early,ham
friendship game play word say doesnt start march end may tomorrow yesterday today e,ham
nice waitshould texting right im gon na pay ticket ya know,ham
im watch lotr w sis dis aft u wan 2 meet 4 dinner nite,ham
keep away like,ham
think far find check google map place dorm,ham
trip ok quite tire lor uni start today ok 4 cos im take modules jus concentrate final yr project,ham
always say welp,ham
im guy browsin compulsory,ham
ok,ham
purity friendship two smile read forward messageits smile see name gud evng musthu,ham
sorry ill call later,ham
add dont really care cant least get dude fuck hey money want,ham
hello lover go new job happy think wake slave send tease kiss across sea,ham
tell number gautham,ham
tell need investigate anywhere,ham
ok juz receive,ham
cant believe say many things morning really want say good morning love beautiful morning see library later,ham
account credit 500 free text message activate txt word credit 80488 tcs,spam
end might still vomit okay everything come,ham
moneyas youmoney aint thinghow sha,ham
everything weather keep extra warm cold nothing serious pls lot vitamin c,ham
hey gals anyone u go e drive centre tmr,ham
im always yahoo messenger send message ill get may send mobile mode sha ill get reply,ham
im put ready lttimegt,ham
time n smile r two crucial things life sometimes time make us forget smile sometimes someones smile make us forget time gud noon,ham
sms ac jsco energy high u may know 2channel 2day ur leadership skills r strong psychic reply ans wquestion end reply end jsco,spam
hostbased idps linux systems,ham
hot live fantasy call 08707509020 20p per min ntt ltd po box 1327 croydon cr9 5wb 0870 national rate call,spam
dawhats plan,ham
ill ltgt ok,ham
oh god im almost home,ham
total video converter free download type google search,ham
thank vote sing along star karaoke mobile free link reply sing,spam
wen ur lovable bcums angry wid u dnt take seriously coz angry childish n true way show deep affection care n luv kettoda manda nice day da,ham
sound like something someone test would sayy,ham
u love someone dont make love u much u love much dont want love anyone except gud nit,ham
peteis phone still jenny college leannewhat,ham
oops sorry check dont mind pick tomo half eight station would ok,ham
hey sweet wonder moment might come want send file someone wont go yahoo connection suck remember set page go download format disc could tell know way download big file download stuff directly internet help would great prey tease kiss,ham
hows champ leave glasgow,ham
kall bestcongrats,ham
wonder youll get text,ham
need come home give good lovin,ham
brand new mobile music service live free music player arrive shortly install phone browse content top artists,spam
shall ask one thing dont mistake,ham
check wid corect speling ie sarcasm,ham
urgent mobile award å£2000 bonus caller prize 10803 2nd attempt contact call 08714719523 box95qu bt national rate,spam
angry happen dear,ham
thk u dun haf 2 hint e forum already lor cos tell ron n darren go 2 tell shuhui,ham
yup ok thanx,ham
hicts employee,ham
pls pls find aunt nike,ham
wow love sooo much know barely stand wonder day go well love think miss,ham
scream mean shout,ham
hey happen de alright,ham
pick receipt something earlier,ham
think chennai well settle,ham
oh dang didnt mean send lol,ham
unfortunately ive find pick sister airport even dont think ill go try go one th,ham
horrible bf v hungry,ham
remember day,ham
nokia 7250i get win free auction take part send nokia 86021 hgsuite3422lands roww1jhl 16,spam
hows feel mr real valentine yo valentine even tho u hardly play,ham
sound good finger make difficult type,ham
midnight earliest,ham
youre sure im try make xavier smoke dont want smoke tell smoke much,ham
k come nordstrom youre do,ham
u konw waht rael friendship im gving yuo exmpel jsut ese tihs msg evrey splleing tihs msg wrnog bt sitll yuo raed wihtuot ayn mitsake goodnight amp nice sleepsweet dream,ham
press conference da,ham
hello orange 1 months free access game news sport plus 10 free texts 20 photo message reply yes term apply,spam
complete degree use join finance,ham
good afternoon love job prospect miss lazy bleak hmmm happy fill love,ham
shant disturb u anymore jia,ham
bishan lar nearer need buy early cos buy get ta park car,ham
dont know oh,ham
dude sux snake get old raiden get buff,ham
say hi get ass back south tampa preferably kegger,ham
e msg jus u say thank gift,ham
u,ham
ok dear call chechi,ham
yeah tot u wan na,ham
ok find dis pierre cardin one look normal cost 20 sale,ham
good sleep rhythm person establish rhythm body learn use want know,ham
wat r u,ham
message truro hospital ext phone phone side,ham
single line big mean miss anything 4 ur best life,ham
get gas money chance gang want go grand nature adventure,ham
dnt worryuse ice piece cloth packalso take 2 tablets,ham
dude saw park car sunroof pop sux,ham
get ready put excellent sub face,ham
tmrw im finish 9 doors,ham
ltgt g saw days ago guy want sell wifi ltgt 3g ltgt thats blank,ham
late,ham
whatever im pretty piss,ham
today accept dayu accept brother sister lover dear1 best1 clos1 lvblefrnd jstfrnd cutefrnd lifpartnr belovd swtheart bstfrnd rply mean enemy,ham
dont much image class,ham
noi get rumour go buy apartment chennai,ham
near kalainar tv officethenampet,ham
ur cashbalance currently 500 pound maximize ur cashin send go 86688 150pmsg cc 08718720201 hgsuite3422lands roww1j6hl,spam
sms auction brand new nokia 7250 4 auction today auction free 2 join take part txt nokia 86021 hgsuite3422lands roww1j6hl,spam
sis catch e show e afternoon im watch w c u wan 2 watch today tmr lor,ham
sound gd haha wah u yan jiu fast liao,ham
nosy guess idk react im freak,ham
remember hurt days satanic imposter meneed pay priceso itmay destiny keep go u say pray get mind get,ham
make girl happy difficult make girls happy u need 1 friend 2 companion 3 lover 4 chef ltgt good listener ltgt organizer ltgt good boyfriend ltgt clean ltgt sympathetic ltgt athletic ltgt warm ltgt courageous ltgt determine ltgt true ltgt dependable ltgt intelligent ltgt psychologist ltgt pest exterminator ltgt psychiatrist ltgt healer ltgt stylist ltgt driver aaniye pudunga venaam,ham
princess bet brothas chase,ham
shall book chez jules half eight thats ok,ham
hhahhaahahah rofl wtf nig leonardo room something,ham
yep dereks house see sunday lt3,ham
cool let know kick around ltgt ill day,ham
sorry ill call later,ham
wonder would okay call uncle john let know things nigeria r ltgt dollars 2years send know strain plan pay back every dime give every dime expect anything practical something like,ham
charge transfer charge withdraw anyhow like,ham
dont search love let love find u thats call fall love bcoz u dont force u fall u know smeone hold u bslvyl,ham
4 let go bill millers,ham
love set soul fire spark flame big rawring flame xoxo,ham
somewhr someone surely make 4 u god decide perfect time make u meet dat person till den enjoy ur crush,ham
thats honeymoon outfit,ham
help propose go back tomorrow,ham
private 2003 account statement show 800 unredeemed point call 08719899230 identifier code 41685 expire 071104,spam
never blame day ur life good days give u happiness bad days give u experience essential life gods blessings good morning,ham
pls confirm time collect cheque,ham
register subscriber yr draw 4 å£100 gift voucher b enter receipt correct ans next olympics txt ans 80062,spam
urgent mobile number award å£2000 prize guarantee call 09061790121 land line claim 3030 valid 12hrs 150ppm,spam
daddy take good care,ham
yeah probably still get ta check leo,ham
kthen special,ham
carlos take sweet time usual let know patty donewant smoke ill tell haul ass,ham
ok pa nothing problem,ham
hear job im go wildlife talk tonight u want2come that2worzels wizzle whatever,ham
god pick flower dippeditinadew lovingly touch itwhichturnedinto u gift tomeandsaidthis friend 4u,ham
come hostel,ham
ok prob ill come lunch,ham
jus tell u dat ill b leave 4 shanghai 21st instead well haf time 2 meet cya,ham
freeze home yet remember kiss mom morning love think miss yet,ham
ready big day tomorrow,ham
ill probably around mu lot,ham
645,ham
rtking pro video club need help inforingtonekingcouk call 08701237397 must 16 club credit redeemable enjoy,spam
thnx dude u guy 2nite,ham
sef dey laugh meanwhile hows darling anjie,ham
mm food da,ham
k make sense btw carlos difficult guy gon na smoke go pick second batch get gas,ham
u download fring app,ham
2 oz guy kinda flaky one friend interest pick ltgt worth tonight possible,ham
friends u stay fb chat,ham
fuck babe miss sooooo much wish sleep bed lonely go sleep dream love,ham
live simple love also simple laugh simple win tooo simple simple difficult gud nte,ham
u secret admirer look 2 make contact ufind rreveal think ur specialcall 09058094599,spam
ah well confuse things doesnû÷t,ham
500 free text msgs text ok 80488 well credit account,spam
hi dear call urgnt dont know whats problem dont want work problem least tell wating reply,ham
dear ok,ham
select stay 1 250 top british hotels nothing holiday worth å£350 claim call london 02072069400 bx 526 sw73ss,spam
yes princess want make happy,ham
sound like many talents would like go dinner date next week,ham
go film 2day da 6pm sorry da,ham
watch movie already xy want 2 shop im shop w,ham
hello little party animal think id buzz friends grin remind love send naughty adore kiss,ham
yesterday go home,ham
eerie nokia tone 4u rply tone title 8007 eg tone dracula 8007 title ghost addamsfa munsters exorcist twilight pobox36504w45wq 150p,spam
come life bring sun shiny warm heart put constant smile face make feel love care,ham
shit wasnt surprise go spend even french guy meet town fool around bite didnt let fuck,ham
0anetworks allow company bill sms responsible suppliers,spam
great comedycant stop laugh da,ham
freemsgfeelin kinda lnly hope u like 2 keep company jst get cam moby wan na c pictxt reply date 82242 msg150p 2rcv hlp 08712317606 stop 82242,spam
alright set text man,ham
hi theyre keen go kind feel shouldnt go tomo dont mind,ham
sleep nt feel well,ham
u switch fone dammit,ham
india take lead,ham
ill post l8r class,ham
thts wat wright brother fly,ham
even v good somewhat event lade fill dont worry û head ok throat wreck see six,ham
u laugh really loud u talk spontaneously u dont care others feel u probably dear amp best friends goodevening dear,ham
laptop take,ham
dont file bagi work call mei tell find anything room,ham
wan early lei outside wun b home early neva mind,ham
ur chance win å£250 cash every wk txt action 80608 tscs custcare 08712405022 1x150pwk,spam
bugis juz wat im walk home oredi ìï late reply oso saw top dat like din buy r ì,ham
wish family merry x mas happy new year advance,ham
7 go ok na,ham
yes post couple pics fb theres still snow outside im wake,ham
sif one good partnership go take lead,ham
rgent 2nd attempt contact uu å£1250 call 09071512433 b4 050703 tcsbcm4235wc1n3xx callcost 150ppm mobilesvary maxå£7 50,spam
yeah wheres class,ham
send bec temple na,ham
arent come home class right need work shower,ham
hi ur lookin 4 saucy daytime fun wiv busty marry woman free next week chat 2 sort time 09099726429 janinexx callså£1minmobsmorelkpobox177hp51fl,spam
mostly like,ham
ìï v fan,ham
dunno cos v late n reach inside already eat spageddies lor e gals r laugh lor,ham
guess spend last night phase fourth dimension,ham
dad gon na call get work ask crazy question,ham
yesbut say,ham
hurt n meaningful line ever compromise everything love,ham
lmaonice 1,ham
glad see reply,ham
urgent try contact u todays draw show å£800 prize guarantee call 09050001295 land line claim a21 valid 12hrs,spam
monthly password wap mobsicom 391784 use wap phone pc,spam
nah dub je still buff,ham
painful word think happy toughest thing earth,ham
yeah thats fine å£6 get ok,ham
lol u come ideas,ham
many people seem special first sight remain special till last sight maintain till life end shjas,ham
today song dedicate day song u dedicate send ur valuable frnds first rply,ham
okay wait ah,ham
lei,ham
hi babe u r likely bed im sorry tonight really wan na see u tomorrow call 9 love xxx,ham
already squat new way walk,ham
want bold 2 bb torch,ham
cramp stop go back sleep,ham
todays vodafone number end 0089my last four digits select receive å£350 award number match please call 09063442151 claim å£350 award,spam
free top ringtone sub weekly ringtoneget 1st week freesend subpoly 816183 per weekstop sms08718727870,spam
nan sonathaya soladha boss,ham
bring tat cd forget,ham
sunshine quiz wkly q win top sony dvd player u know country algarve txt ansr 82277 å£150 sptyrone,spam
dont know im rap dudes poker,ham
weightloss girl friends make load money ebay something give thank god,ham
gr8 see message r u leave congrats dear school wat r ur plan,ham
ìï eatin later im eatin wif frens lei ìï go home first,ham
finish already yar keep say mushy embarrass ok,ham
sorry man stash run dry last night cant pick sunday,ham
hai priya right doctor say pa,ham
free msg sorry service order 81303 could deliver sufficient credit please top receive service,spam
ok,ham
please ask mummy call father,ham
come room can not come house cos house still messy haha,ham
lose 10 kilos today,ham
taste fish curry p,ham
might accidant tookplace somewhere ghodbandar rd traffic move slovely plz slip amp dont worry,ham
yun ahnow ì wkg wherebtw ì go nus sc ìï wana specialise wad,ham
yes one woman man please tell like dislike bed,ham
test earlier appreciate call tomorrow,ham
hows loverboy keep come queen hmmm doesnt ache speak miss desparately,ham
u meet fren dun wan meet ah muz b guy rite,ham
promise though havent even get dinner yet,ham
get back dislike bed,ham
turn stereo love mi phone unknown album,ham
hard live 121 chat 60pmin choose girl connect live call 09094646899 cheap chat uks biggest live service vu bcm1896wc1n3xx,spam
yeah dont see,ham
ask u knw nt may ur frnds classmates,ham
sorry earlier put firesare around talk 9 actually life lol,ham
wow boys r back take 2007 uk tour win vip ticket prebook vip club txt club 81303 trackmarque ltd infovipclub4u,spam
missionary hook doggy hook stand,ham
u better go sleep dun disturb u liao u wake msg lor,ham
fight world easy u either win lose bt fightng some1 close u dificult u lose u lose u win u still lose,ham
watch house ûò entertain ûò get whole hugh laurie thing ûò even stick ûò indeed especially stick,ham
think praps mean another one goodo ill look tomorrow,ham
hi jon pete ive bin 2 spain recently hav sum dinero leave bill say u ur åôrents mayb interest hav 12000pes around å£48 tb jam,ham
bold 2 ltgt,ham
know shall speak ltgt minutes,ham
alrite hunnywot u 2 2nite didnt end goin town jus da pub instead jus chillin da mo bedroomlove jen xxx,ham
go project centre,ham
per request maangalyam alaipayuthe set callertune callers press 9 copy friends callertune,ham
lol yeah point guess,ham
project w frens lor,ham
lol well quality aint bad aint complain,ham
k happen tonight,ham
hi mandy sullivan call hotmix fmyou choose receive å£500000 easter prize drawplease telephone 09041940223 claim 290305 prize transfer someone else,spam
think go finns come,ham
tire special,ham
come tomorrow di,ham
cant pick phone right pls send message,ham
k go sleep well take rest,ham
u guy never invite anywhere,ham
ur go 2 bahamas callfreefone 08081560665 speak live operator claim either bahamas cruise ofå£2000 cash 18only opt txt x 07786200117,spam
want please inside outside bedroom,ham
ey calm downon theacusations itxt u cos iwana know wotu r doin thewend haventcn u agesring ur up4 nething satlove j xxx,ham
love wine dine lady,ham
someone conacted date service enter phone fancy youto find call landline 09111030116 pobox12n146tf15,spam
iåõm cool ta luv vtired 2 cause doin load plan wk get social service inspection nursery take care spk sn x,ham
know account detailsi ask mom send youmy mom reach,ham
think u wrong number,ham
feel always happy slowly become habit amp finally become part life follow happy morning amp happy day,ham
b late love mum,ham
get itmail panren paru,ham
think chuckin ur red green n black trainners 2 save carryin bac train,ham
give one miss number please,ham
jus come back fr lunch wif sis u leh,ham
schedule next week town weekend,ham
really gooddhanush rock,ham
lmao ok wont need u hair anymore,ham
miss ya need ya want ya love ya,ham
sorry im free,ham
u ever get song stick head reason wont go away til u listen like 5 time,ham
nt yet chikkusimple habbahw abt u,ham
get ur mail dileepthank muchand look forward lot supportvery less contact hereremember one venugopal mentionedtomorrow latei shall try come till theregoodnight dear,ham
sometimes heart remembrs someone much forget someone soon bcoz heart like everyone like ones remember everytime bslvyl,ham
joy father john john name joy father mandan,ham
hi 07734396839 ibh customer loyalty offer new nokia6600 mobile å£10 txtauctiontxt wordstart no81151 get now4t,spam
hi yijue regard 3230 textbook intro algorithms second edition im sell 50,ham
sms auction nokia 7250i get win free auction take part send nokia 86021 hgsuite3422lands roww1jhl 16,spam
k want us come,ham
little difficult simple way enter place,ham
ha us e thing get tv 2 watch u thk 2 go tonight u already haf smth mind,ham
dont show far put new picture facebook,ham
watch tv get new job,ham
good afternoon sexy buns go job search wake first think always love wish fine happy know adore,ham
im come whatever want,ham
ok chikku 1 favourite song,ham
u see post facebook,ham
call freephone 0800 542 0578,spam
buy space invaders 4 chance 2 win orig arcade game console press 0 game arcade std wap charge see o2coukgames 4 term settings purchase,spam
7 wonder world 7th 6th ur style 5th ur smile 4th ur personality 3rd ur nature 2nd ur sms 1st ur lovely friendship good morning dear,ham
loan purpose å£500 å£75000 homeowners tenant welcome previously refuse still help call free 0800 1956669 text back help,spam
big brother alert computer select u 10k cash 150 voucher call 09064018838 ntt po box cro1327 18 bt landline cost 150ppm mobiles vary,spam
oh well c u later,ham
uncles atlanta wish guy great semester,ham
dear free message without recharge hi hi hi,ham
dont search love let love find u thats call fall love bcoz u dont force u fall u know smeone hold u bslvyl,ham
dun believe u thk u tell,ham
know god create gap finger one make come amp fill gap hold hand love,ham
yessura sun tvlol,ham
arun u transfr amt,ham
takin shower yeah ill leave im do,ham
work eye philosophy text u later bite free chat,ham
u havenåõt lose ill always b 4ui didnåõt intend 2 hurt u never know u felt iwasmarinethatåõs itried2tell urmomi careabout u,ham
win winner mr foley ipod excite prize soon keep eye ur mobile visit,spam
bad girl still remember,ham
much give morning,ham
hope alright babe worry might felt bite desparate learn job fake wait come back love,ham
hey tell blakes address carlos want meet get lose hes answer phone,ham
get opinion something first,ham
one week leave put know time,ham
hit move,ham
excellent spend ltgt years air force iraq afghanistan stable honest like travel,ham
wan na watch movie,ham
ok lor thanx ìï school,ham
im class get text,ham
bus leave ltgt,ham
god blessget good sleep deari pray,ham
todays voda number end 1225 select receive å£50award match please call 08712300220 quote claim code 3100 standard rat app,spam
nice day today love dearly,ham
aiyo bite pai seh ì noe scar dun rem die hee become better lookin oredi leh,ham
aight ill ask roommates,ham
whats house beer,ham
ì wan 2 meet n combine part hows da rest da project go,ham
get ticket 4 walsall tue 6 th march mate get sit ill pay treat want 2 go txt bak terry,ham
yes chat,ham
hi jess dont know work call u im home eve xxx,ham
sian aft meet supervisor get work 2 liao u work,ham
go write ccna exam week,ham
well watch shrek 3db,ham
much dirty fellow,ham
dunno dats wat tell ok lor,ham
ill probably tomorrow even later tonight somethings go,ham
couldnt say die man feel sad go want know would probably go late night,ham
youre think lift one,ham
u dun wan u dun like already ah wat u still eat,ham
send ur email id soon,ham
wat make people dearer de happiness dat u feel u meet de pain u feel u miss dem,ham
dude whats teresa hope okay didnt hear people call receive package since dec ltgt thot yould like know fantastic year best read plus really really bam first aid usmle work do,ham
hey gorgeous man work mobile number good one babe squishy mwahs,ham
may call later pls,ham
hottest pics straight phone see get wet want xx text pics 89555 txt cost 150p textoperator g696ga 18 xxx,spam
thats way stay oh,ham
hello thanx take call get job start monday,ham
time ur flight tmr,ham
come,ham
rather prominent bite mark right cheek,ham
september,ham
wet right,ham
hows husband,ham
hack chat get backdoor entry 121 chat room fraction cost reply neo69 call 09050280520 subscribe 25p pm dps bcm box 8027 ldn wc1n3xx,spam
norm tomorrow finish 415 cos st test need sort library stuff point tomo get letter today access til end march better get move,ham
yeah get list u joanna im feel really anti social,ham
office na,ham
comingdown later,ham
super dagood replacement murali,ham
da good good playerwhy unsold,ham
hi u want join sts later meet five call u class,ham
engalnd telly decide wont let watch mia elliot kiss damn,ham
free nokia motorola upto 12mths 12price linerental 500 free xnet mins100txtmth free btooth call mobileupd8 08001950382 call 2optoutd3wv,spam
dont want hear philosophy say happen,ham
get job wiproyou get every thing life 2 3 years,ham
cant get da laptop matric card wif ì lei,ham
dunno da next show aft 6 850 toa payoh get 650,ham
2nd time try 2 contact u u 750 pound prize 2 claim easy call 08718726970 10p per min btnationalrate,spam
make payments dont much sorry would want fedex way,ham
didt play one day last year know even though good team like india,ham
kyou girl wait reception ah,ham
say slowly godi love amp need youclean heart bloodsend ten special people amp u c miracle tomorrow itplspls,ham
hate turn fun shop trip annoy day everything would look house,ham
sir wait call,ham
whats want come online,ham
could work well reach consensus next meet,ham
aiyah wait lor u entertain hee,ham
last thing ever want hurt didnt think would youd laugh embarassed delete tag keep go far know wasnt even fact even felt like would hurt show really dont know messy wednesday wasnt bad problem time clean choose skype take picture sleep want go dont mind things dont make bed throw laundry top cant friend house im embarassed theres underwear bras strew bed pillow floor thats something else use good least make bed,ham
ill let know kick,ham
call ok say call,ham
call number available appointment ask connect call waheed fathima,ham
ì go buy wif meet ì later,ham
mmmm fuck fair know weaknesses grin push knees expose belly pull head dont forget know wicked smile,ham
today system sh get readyall well also deep well,ham
mom want know,ham
aight ill text im back,ham
dont know support ass srt thnk think ps3 play usb,ham
oh ok didnt know mean yep baby jontin,ham
guarantee å£1000 cash å£2000 prizeto claim yr prize call customer service representative,spam
would like see xxx pics hot nearly ban uk,spam
hmv bonus special 500 pound genuine hmv vouchers answer 4 easy question play send hmv 86688 info,spam
watch tv get new job,ham
pen thing beyond joke wont biro dont master cant ever,ham
party alex nichols,ham
u secret admirer look 2 make contact ufind rreveal think ur specialcall 09058094594,spam
see miss call dear brother gr8 day,ham
ok ìï finish soon,ham
sorry cant help,ham
come slave go shell unconsciously avoid make unhappy,ham
love ass enjoy doggy style,ham
think ask gym excuse lazy people jog,ham
dear 0776xxxxxxx uve invite xchat final attempt contact u txt chat 86688 150pmsgrcvdhgsuite3422landsroww1j6hl ldn 18yrs,spam
urgent please call 09061743811 landline abta complimentary 4 tenerife holiday å£5000 cash await collection sae tcs box 326 cw25wx 150ppm,spam
way home long dry spell season would,ham
get ta collect da car 6 lei,ham
ok knackered come home go sleep good full time work lark,ham
probably earlier station think,ham
call 09090900040 listen extreme dirty live chat go office right total privacy one know sic listen 60p min 247mp 0870753331018,spam
good morning plz call sir,ham
freemsg hey u get 1 videopic fones reply wild txt ill send u pics hurry im bore work xxx 18 150prcvd stop2stop,spam
uh head dont much leave,ham
tot u outside cos darren say u come shop course nice wat jus go sim lim look mp3 player,ham
aight sound good want come,ham
wat would u like 4 ur birthday,ham
love work home,ham
miss vday parachute double coin u must know well,ham
sorry ill call later,ham
sister get place birla soft da,ham
free entry 2 weekly comp chance win ipod txt pod 80182 get entry std txt rate tcs apply 08452810073 detail 18,spam
wah okie okie muz make use e unlimited haha,ham
therere people mu im table lambda,ham
stop old man get build snowman snow angels snowball fight,ham
ello babe u ok,ham
hello beautiful r u ok ive kinda ad row wiv walk pub want night wiv u miss u,ham
u go ikea str aft dat,ham
becoz ltgt jan whn al post ofice holiday cn go fr post oficegot duffer,ham
lol grr mom take forever prescription pharmacy like 2 minutes away ugh,ham
real tho suck cant even cook whole electricity im hungry,ham
want go,ham
new textbuddy chat 2 horny guy ur area 4 25p free 2 receive search postcode gaytextbuddycom txt one name 89693 08715500022 rpl stop 2 cnl,spam
time month mid time,ham
fffff text kadeem far go,ham
leave yet ok lor go elsewhere n eat u thk,ham
fujitsu series lifebook good,ham
yar want 2 scold u yest late already get zhong se qing u ask b4 ask ill go w u lor n u still act real,ham
dont know bring food,ham
current food alone also,ham
ill sch fr 46 dun haf da book sch home,ham
hello go village pub 8 either come accordingly ok,ham
ok,ham
call like ltgt time oh give us hypertension oh,ham
dont give monkey wot think certainly dont mind friend mineall dont sleep wiv wud annoyin,ham
omg could snow tonite,ham
call 08702490080 tell u 2 call 09066358152 claim å£5000 prize u 2 enter ur mobile personal detail prompt careful,spam
free 1st week entry 2 textpod 4 chance 2 win 40gb ipod å£250 cash every wk txt vpod 81303 tscs custcare 08712405020,spam
carry disturb,ham
pa tell go bath,ham
jus finish avatar nigro,ham
r u scratch,ham
hope great day,ham
either ideas know anyplaces something,ham
plan usually stop find hella weed,ham
fact youre clean show know im upset priority constantly want,ham
excellent ready moan scream ecstasy,ham
people dog area call 09090204448 join like mind guy arrange 1 theres 1 even aå£150 minapn ls278bb,spam
dude avatar 3d imp one point think actually fly room almost try hittng one reflex,ham
well do 4 costa del sol holiday å£5000 await collection call 09050090044 toclaim sae tcs pobox334 stockport sk38xh costå£150pm max10mins,spam
kkwhy cant come search job,ham
get lousy sleep keep wake every 2 hours see cat want come worry cold,ham
yeah ill leave couple minutes amp let know get mu,ham
ì call 1010 make sure dat ive wake,ham
hey go jazz power yoga hip hop kb yogasana,ham
battery mr adewale uncle aka egbon,ham
cant pick phone right pls send message,ham
wait 2 minstand bus stop,ham
oh ic think mean mary jane,ham
haha really oh deduct lesson tmr,ham
nah im goin 2 wrks j wot bout u,ham
eat shit wait ur monkey face bitch u asshole,ham
good night go sleep,ham
aight ill grab something eat text youre back mu,ham
kkwhy cant come search job,ham
take something pain move however side next 6hrs see doctor,ham
lol oh babe wont slide place midnight thank invite,ham
howz persons story,ham
guess somebody know secretly fancy wan na find give us call 09065394973 landline datebox1282essexcm61xn 150pmin 18,spam
lol would awesome payback,ham
80488 500 free text message valid 31 december 2005,spam
yes completely formclark also utter waste,ham
honeybee say im sweetest world god laugh amp say waitu havnt meet person read msg moral even god crack joke gmgngegn,ham
thank tescos quite nice go speak soon,ham
whats feathery bowa something guy dont know,ham
even cant close eye vava play umma,ham
2 laptop noe infra slow lar wan fast one,ham
guarantee å£200 award even å£1000 cashto claim ur award call free 08000407165 18 2 stop getstop 88222 php,spam
nvm ok,ham
enjoy ur life good night,ham
yes meet town cos go gep home could text bus stop dont worry well finish march û ish,ham
askd u question hours answer,ham
thats cool cum,ham
delhi chennai still silent,ham
lol alright thinkin haha,ham
reply win å£100 weekly 2006 fifa world cup hold send stop 87239 end service,spam
im boat still moms check yo im half naked,ham
shhhhh nobody suppose know,ham
sorry ill call later,ham
sorry ill call later meet thing relate trade please call arul ltgt,ham
hey late im amk need drink tea coffee,ham
wnt buy bmw car urgentlyits vry urgentbut hv shortage ltgt lacsthere source arng dis amt ltgt lacsthats prob,ham
urgent please call 09061743810 landline abta complimentary 4 tenerife holiday 5000 cash await collection sae tcs box 326 cw25wx 150 ppm,spam
length e e top shorter n get fringe thk im go liao lazy dun wan 2 distract u also,ham
santha num corrct dane,ham
callsmessagesmissed call,ham
sorry ill call later,ham
baskets gettin full might tonight,ham
hi darlin ive get back really nice night thank much lift see u tomorrow xxx,ham
valentines huh proof fb page ugh im glad really didnt watch rupaul show tool,ham
free tone hope enjoy new content text stop 61610 unsubscribe help08712400602450p provide tones2youcouk,spam
eh den sit u book e kb liao huh,ham
practise curtsey,ham
shall come get pickle,ham
lol boo hop laugh,ham
yeh def up4 something sit,ham
well leave class babe never come back hope nice sleep love,ham
lmao wheres fish memory need,ham
ill b go 2 sch mon sis need 2 take smth,ham
idea soon get convert live,ham
themobyo yo yohere come new selection hot download members get free click open next link send ur fone,spam
ssindia go draw series many years south african soil,ham
goodmorning today late ltdecimalgt min,ham
cant take major roles community outreach rock mel,ham
shop lor rain mah hard 2 leave orchard,ham
hi birth 8lb 7oz mother baby brilliantly,ham
see forward message proof,ham
cant keep go never intention run choose rather keep room clean dont say visitors maybe thats best choice yes want embarassed maybe youd feel feel friend want drop buy say happen morning ive try everything dont know else,ham
dunno lei thk mum lazy go neva ask yet,ham
whatever want know rule talk earlier week start happen show responsibility yet every week bend rule way way whatever im tire thia argument every week ltgt movie doesnt inlude preview youre still get 1,ham
beautiful truth gravity read carefully heart feel light someone feel heavy someone leave goodmorning,ham
great news call freefone 08006344447 claim guarantee å£1000 cash å£2000 gift speak live operator,spam
ambrithmaduraimet u arun dha marrgeremembr,ham
read shame tell take run blame u 4 ever really 4 ever long time,ham
princess kitty shave natural,ham
better bb wont use wife doctor,ham
ya come ago,ham
tomorrow onwards eve 6 3 work,ham
anything lor toa payoh get place 2 walk meh,ham
dont anybodys number still havent think tactful way ask alex,ham
u win å£100 music gift vouchers every week start txt word draw 87066 tscs skillgame1winaweek age16150ppermesssubscription,spam
movie theatre go watch unlimited movies pay,ham
u lunch alone bore,ham
yes obviously eggspert potato headû speak soon,ham
nah man car mean cram full people,ham
get new job bar airport satsgettin 447per hour mean lie keep touch,ham
kallis ready bat 2nd innings,ham
thanx birthday already,ham
ugh cant u apologize admit u wrong ask take u back,ham
noe la u wana pei bf oso rite k lor days den,ham
yes im small kid boost secret energy,ham
im gon na miss u much,ham
avatar suppose subtoitles,ham
simply sit watch match office,ham
jot things want remember later,ham
oh sorry please,ham
hey go lo lesson gym,ham
dont pack buy storelike cereals must pack food pack gari something 9ja miss,ham
always make things bigger,ham
ìï dun wan watch infernal affair,ham
wake 4 afternoon sup,ham
4mths half price orange line rental latest camera phone 4 free phone 11mths call mobilesdirect free 08000938767 update or2stoptxt,spam
send pic like,ham
okay book already include one bugis,ham
aight fuck ill get later,ham
de call time ill tell k,ham
dont use hook,ham
much blackberry bold2 nigeria,ham
hi home calicut,ham
hey darlin pick u college u tell wen 2 mt love pete xx,ham
call 09094100151 use ur mins call cast 10pmin mob vary service provide aom gbp5month aom box61m60 1er u stop age 18,spam
oh thkin goin yogasana 10 den nd go 3 den rush parco 4 nb okie lor u call ready,ham
late need go n get da laptop,ham
sir wait mail,ham
please charge mobile get morning,ham
nothing get msg frm tht unknown,ham
ugh fuck im resubbing eve,ham
didnt see shadow get early spring yay,ham
one slice one breadstick lol,ham
hey want crave miss need love ahmad saeed al hallaq,ham
train tomorrow,ham
urgent mobile å£2000 bonus caller prize 020603 2nd attempt reach call 09066362220 asap box97n7qp 150ppm,spam
pass dis ur contact n see wat u get redim luv wid u blueu put smile face purpleu r realy hot pinku r swt orangei thnk lyk u greeni realy wana go wid u yelowi wnt u bck blackim jealous u browni miss nw plz giv one color,ham
cos daddy arrange time c wat time fetch ì mah,ham
eldest know,ham
whos say hi drugdealer,ham
hard believe things like say lie think twice say anything,ham
eerie nokia tone 4u rply tone title 8007 eg tone dracula 8007 title ghost addamsfa munsters exorcist twilight pobox36504w45wq 150p,spam
sexy single wait text age follow gender wither f eg23f gay men text age follow g eg23g,spam
good night dear sleepwellamptake care,ham
wondarfull song,ham
freemsg claim ur 250 sms messagestext ok 84025 nowuse web2mobile 2 ur mat etc join txt250com 150pwk tc box139 la32wu 16 remove txtx stop,spam
yar lor actually quite fast cos da ge slow wat haha,ham
must come later normally bathe da afternoon mah,ham
trust even isnt,ham
hey hunonbus goin 2 meet want 2go 4a meal donyt feel like cuz 2 get last bus homebut hes sweet latelyxxx,ham
85233 freeringtonereply real,spam
take like noon,ham
open mca,ham
im aight wats happen side,ham
im do oredi,ham
sweet well princess please tell like dislike bed,ham
wish great semester,ham
moji love word rich day,ham
dude like buff wind,ham
alright babe,ham
well do england get official poly ringtone colour flag yer mobile text tone flag 84199 optout txt eng stop box39822 w111wx å£150,spam
im cant give everything want need actually could better yor ownyouve get money cant get work cant get man cant pay rent cant even fill fuck gas tank yes im stress depress didnt even call home thanksgiving cuz ill tell im nothing,ham
skallis wont play first two odi,ham
get cash together ill text jason,ham
oh love soooo good hear omg miss much today im sorry problems provider thank tming,ham
final chance claim ur å£150 worth discount vouchers today text yes 85023 savamob member offer mobile cs savamob pobox84 m263uz å£300 sub 16,spam
private 2004 account statement 07742676969 show 786 unredeemed bonus point claim call 08719180248 identifier code 45239 expire,spam
probably want pick,ham
im do,ham
cutest girl world,ham
dice art class 6 thru 9 thank though idea time come tomorrow,ham
sms service inclusive text credit pls goto login unsubscribe stop extra charge help08700469649 po box420 ip4 5we,spam
oh howda gud gud mathe en samachara chikku,ham
thk 530 lor dunno get ticket wat u,ham
audrie lousy autocorrect,ham
site simulate test give tough question test readiness,ham
anyway seriously hit youre back otherwise light armand always shit andor vomit,ham
fetch yun u fetch,ham
thank like well,ham
hmmm imagine youve come home rub feet make dinner help get ready date sure ready kind life,ham
free2day sexy st georges day pic jordantxt pic 89080 dont miss every wk saucy celeb4 pics c pocketbabecouk 0870241182716 å£3wk,spam
lara say loan ltgt,ham
spare power supply,ham
yar quite clever aft many guess lor get ask 2 bring thk darren will 2 go aiya thk leona still attach wat,ham
winner specially select receive å£1000 cash å£2000 award speak live operator claim call 087123002209am7pm cost 10p,spam
yeah dont go bed ill back midnight,ham
sunshine hols claim ur med holiday send stamp self address envelope drink us uk po box 113 bray wicklow eire quiz start saturday unsub stop,spam
well wasnt available washob nobbing last night ask nickey platt instead,ham
time week ryan,ham
wish u many many return day happy birthday vikky,ham
u win å£100 music gift vouchers every week start txt word draw 87066 tscs skillgame 1winaweek age16 150ppermesssubscription,spam
hope know im still mad,ham
argh 3g spotty anyway thing remember research province sterling problemfree place look,ham
xam hall boy ask girl tell start term dis answer den manage lot hesitation n lookin around silently say intha ponnungale ipaditan,ham
know result,ham
123 congratulations weeks competition draw u å£1450 prize claim call 09050002311 b4280703 tcsstop sms 08718727868 18 150ppm,spam
beautiful truth gravity read carefully heart feel light someone feel heavy someone leave good night,ham
sorry im get feel really bad totally reject kinda thing,ham
get shitload diamonds though,ham
tessypls favor pls convey birthday wish nimyapls dnt forget today birthday shijas,ham
well im go aunty,ham
mine like fr china noisy,ham
later guess needa mcat study,ham
sfrom train manual show tech processits password reset troubleshoot,ham
b4u voucher wc 2703 marsms log onto discount credit opt reply stop customer care call 08717168528,spam
speak uncle john today strongly feel need sacrifice keep hes go call beg listen dont make promise make clear things easy need please let us work things long keep expect help creativity stifle pls keep happy promise part,ham
start search get job dayshe great potential talent,ham
carlos take leave minute,ham
well do luv ya,ham
come hostel,ham
k still love,ham
juz remember get ta bathe dog today,ham
drug able eat,ham
alright take morphine back yo,ham
see requirements please,ham
stayin trouble strangersaw dave day heåõs sort nowstill bloke u gona get girl mrur mum still think get 2getha,ham
freemsg hey im buffy 25 love satisfy men home alone feel randy reply 2 c pix qlynnbv help08700621170150p msg send stop stop txts,spam
sunshine hols claim ur med holiday send stamp self address envelope drink us uk po box 113 bray wicklow eire quiz start saturday unsub stop,spam
collect ur laptop,ham
ok later show around 8830 want cld drink wld prefer spend money nosh dont mind nxt wk,ham
get home,ham
waaaat lololo ok next time,ham
table occupy im wait tree,ham
surely dont forget comei always touch,ham
hi kindly give us back document submit loan stapati,ham
dont shall buy one dear,ham
oh god happy see message 3 days,ham
year many miles,ham
hey cutie go wales kinda ok like hill shit still avent kill,ham
sad story man last week bday wife didnt wish parent forget n kid go work even colleagues wish enter cabin pa say happy bday boss felt special askd 4 lunch lunch invite apartment go say u mind go bedroom minute ok sed sexy mood come 5 minuts latr wid caken wife parent kidz friends n colleagues scream surprise wait sofa naked,ham
think go honesty road call bank tomorrow tough decisions make us great people,ham
free 1st week no1 nokia tone 4 ur mob every week txt nokia 87077 get txting tell ur mat zed pobox 36504 w45wq norm150ptone 16,spam
specialisation work slave labor look month sha cos shakara 4 beggar,ham
reply boye change phone number,ham
1 go write msg 2 put dictionary mode 3cover screen hand 4press ltgt 5gently remove ur hand interest,ham
hi darlin im way london smash another driver big dent im really miss u u xxx,ham
nothing really make sure everybodys speed,ham
im come home 4 dinner,ham
thank way lose,ham
yeshe good crickiting mind,ham
thx well months,ham
shop till u drop either 10k 5k å£500 cash å£100 travel voucher call 09064011000 ntt po box cr01327bt fixedline cost 150ppm mobile vary,spam
please come imin towndontmatter urgoin outl8r,ham
wont wats wit guy,ham
yavnt try yet never play original either,ham
hiya good day speak since weekend,ham
see think,ham
im work please call,ham
get ready moan scream,ham
oh k get job whats,ham
dont think dont need go late school night especially one class one miss last wednesday probably fail test friday,ham
pop ltgt ibuprofens help,ham
babe go day sip cappuccino think love send kiss across sea,ham
ok,ham
ps u ur grow right,ham
chinatown get porridge claypot rice yam cake fishhead beehoon either eat cheap den go cafe n tok go nydc somethin,ham
know people hit fuck yes,ham
purity friendship two smile read forward messageits smile see name gud evng,ham
anything specific regard jaklin idk fuck,ham
oh god im gon na google nearby cliffs,ham
free camera phone linerental 449month 750 cross ntwk mins 12 price txt bundle deal also avble call 08001950382 call2optoutj mf,spam
yup shd haf ard 10 page add figure ìï get many page,ham
ooh 4got im gon na start belly dance moseley wed 630 u want 2 join cafe,ham
thankyou much call appreciate care,ham
congrats treat pendingi mail 2 dayswill mail thrurespect mother homecheck mail,ham
call one pick e phone ask already say ok,ham
hi email address change,ham
valuable affectionate loveable eternal noble truthful intimate natural enamous happy valentines day advance,ham
much textin bout,ham
bring get,ham
im movie call 4 wat,ham
sure stomach,ham
haha im dinner cousin,ham
boy late 2 home father power frndship,ham
man carlos definitely come mu tonight excuse,ham
soon real thing princess make wet,ham
rajipls favour pls convey birthday wish nimya pls today birthday,ham
haha legs neck kill amigos hop end night burn think could swing like hour,ham
urgent mobile 07xxxxxxxxx å£2000 bonus caller prize 020603 2nd attempt reach call 09066362231 asap box97n7qp 150ppm,spam
usually body take care buy make sure doesnt progress pls continue talk saturday,ham
urgent 4 costa del sol holiday å£5000 await collection call 09050090044 toclaim sae tc pobox334 stockport sk38xh costå£150pm max10mins,spam
hmm well night night,ham
want say holy shit guy werent kid bud,ham
gettin bite arty collages mo well tryin 2 ne way get roast min lovely shall enjoy,ham
one days billion class right,ham
goodmorning today late 2hrs back pain,ham
ok ill let noe later n ask call u tmr,ham
prabhaim sorydarealyfrm heart im sory,ham
ok im waliking ard u wan 2 buy anything go ur house,ham
two cartons u please shelve,ham
nice talk please dont forget pix want see,ham
guarantee å£1000 cash å£2000 prize claim yr prize call customer service representative 08714712379 10am7pm cost 10p,spam
really quite funny lor wat u shd haf run shorter distance wat,ham
notice like look shit mirror youre turn right freak,ham
great get worry know wonderful care person like best life know u r wonderful gods love,ham
thank ringtone order ref number k718 mobile charge å£450 tone arrive please call customer service 09065069120,spam
prefer free days tues wed fri oso ìï ask workin lor,ham
alrite jod hows revision goin keris bin doin smidgin n e way u wan na cum collegexx,ham
belive come home,ham
oh kkwhere take test,ham
exact intentions,ham
haha money leh later get go tuition haha look empty slot drive lessons,ham
hey thk juz go accordin wat discuss yest lor except kb sun cos theres nt much lesson go attend kb sit,ham
k wen ur free come home also tel vikky hav send mail also better come even il free today aftr 6pm,ham
nothing get msgs dis name wit different nos,ham
good morning plz call sir,ham
whats room number wan na make sure im knock right door,ham
sicomo nolistened2the plaid albumquite gdthe new air1 hilariousalso boughtåóbraindanceåóa compofstuff aphexåõs abel,ham
pls tell nelson bbs longer comin money expect aint come,ham
give something drink take doesnt vomit temp might drop unmits however let know,ham
think send text home phone cant display texts still want send number,ham
every day use sleep ltgt,ham
k ill call im close,ham
u buy newspapers already,ham
nope wif sis lor aft bath dog bathe look like go 2 rain soon,ham
boo im way moms shes make tortilla soup yummmm,ham
management puzzeles,ham
find way didnt include detail,ham
hi ya babe x u 4goten bout scammers get smartthough regular vodafone respond get prem rate msgsubscription nos use also beware,spam
back 2 work 2morro half term u c 2nite 4 sexy passion b4 2 go back chat 09099726481 luv dena call å£1minmobsmorelkpobox177hp51fl,spam
like spoil,ham
thank ringtone order ref number r836 mobile charge å£450 tone arrive please call customer service 09065069154,spam
get threats sales executive shifad raise complaint official message,ham
hope things go well doctor remind still need 2godid u c little thing leave lounge,ham
den wat e schedule b lk sun,ham
lol enjoy role play much,ham
ok watch tv,ham
lov line hurt truth,ham
check head drop stuff,ham
get lot hair dresser fr china,ham
sad story man last week bday wife didnt wish parent forget n kid go work even colleagues wish,ham
ill call even ill ideas,ham
splashmobile choose 1000s gr8 tone wk subscrition service weekly tone cost 300p u one credit kick back enjoy,spam
show wot say could u c 4 dust,ham
take ltgt min,ham
hear u4 call 4 rude chat private line 01223585334 cum wan 2c pics gettin shag text pix 8552 2end send stop 8552 sam xxx,spam
ok bus come soon come otherwise tomorrow,ham
cant pick phone right pls send message,ham
free entry å£250 weekly comp send word enter 88877 18 tc,spam
finish liao u,ham
88066 88066 lose 3pound help,spam
haha think,ham
u know watchin lido,ham
life spend someone lifetime may meaningless moments spend someone really love mean life,ham
haha awesome ive 4u couple time alls come,ham
cold dont sad dear,ham
think could stop like hour roommates look stock trip,ham
telly brdget jones,ham
love aathilove u lot,ham
hello r u im bore inever think id get bore tv tell something excite happen anything,ham
hmmbad newshype park plaza 700 studio takenonly leave 2 bedrm900,ham
sorry ill call later meet,ham
r ì comin back dinner,ham
hav almost reach call unable connect u,ham
wait yesterday,ham
reach home safe n sound liao,ham
velly good yes please,ham
hi wkend ok journey terrible wk good huge back log mark,ham
two letter copy cos one message speak soon,ham
alex know guy sell mids hes south tampa dont think could set like 8,ham
dont message offer,ham
mobile 11mths update free oranges latest colour camera mobiles unlimited weekend call call mobile upd8 freefone 08000839402 2stoptx,spam
hey babe u doin wot u 2 2nite love annie x,ham
remind get shall,ham
thats v romantic,ham
hello damn christmas thing think decide keep mp3 doesnt work,ham
1 new message please call 08718738034,spam
hi darlin im missin u hope good time u back time u give call home jess xx,ham
hi mailbox message sms alert 4 message 21 match please call back 09056242159 retrieve message match,spam
draw vai dont think,ham
dont pick call something important tell hrishi,ham
congrats 1 year special cinema pass 2 call 09061209465 c suprman v matrix3 starwars3 etc 4 free bx420ip45we 150pm dont miss,spam
nothin come mind ìï help buy hanger lor ur laptop heavy,ham
ltgt thats guess thats easy enough,ham
make baby yo tho,ham
tell friend come round til like ltgt ish,ham
friendship poem dear dear u r near hear dont get fear live cheer tear u r always dear gud ni8,ham
still area restaurant ill try come back soon,ham
aight thatll work thank,ham
win year supply cds 4 store ur choice worth å£500 enter å£100 weekly draw txt music 87066 tscs,spam
moby pub quizwin å£100 high street prize u know new duchess cornwall txt first name 82277unsub stop å£150 008704050406 sp arrow,spam
2 sleep bag 1 blanket paper phone detail anything else,ham
nokia 7250i get win free auction take part send nokia 86021 hgsuite3422lands roww1jhl 16,spam
congratulations thank good friend u å£2000 xmas prize 2 claim easy call 08718726971 10p per minute btnationalrate,spam
tddnewsletteremc1couk game thedailydraw dear helen dozens free game great prizeswith,spam
guy,ham
also chat awesome dont make regular unless see person,ham
thats significant dont worry,ham
thats cause old live high,ham
waqt se pehle naseeb se zyada kisi ko kuch nahi miltazindgi wo nahi jo hum sochte hai zindgi wo hai jo ham jeetey hai,ham
way office da,ham
place want da,ham
pain couldnt come worse time,ham
ok,ham
stalk u,ham
sorry dude dont know forget even dan remind sorry hope guy fun,ham
ok lor,ham
apps class varaya elaya,ham
xmas story peace xmas msg love xmas miracle jesus hav bless month ahead amp wish u merry xmas,ham
urgent mobile number å£2000 bonus caller prize 100603 2nd attempt reach call 09066368753 asap box 97n7qp 150ppm,spam
day ask anand number,ham
surf online store offer want buy thing,ham
long beach lor expect u dinner,ham
home way,ham
fine thank,ham
happen tell truth,ham
like italian food,ham
weird know one point,ham
aww must nearly deadwell jez iscoming todo workand whilltake forever,ham
tell friends plan valentines day lturlgt,ham
alright see bite,ham
cheer message zogtorius iåõve star phone age decide whether text,ham
take care financial problemi help,ham
tell dear happen talk like alian,ham
double mins txts orange 12 price linerental motorola sonyericsson btooth freenokia free call mobileupd8 08000839402 or2optouthv9d,spam
1 go write msg 2 put dictionary mode 3cover screen hand 4press ltgt 5gently remove ur hand interest,ham
okie,ham
hi yijue meet u 11 tmr,ham
posible dnt live ltgt century cm frwd n thnk different,ham
dint sleep afternoon,ham
seem unnecessarily affectionate,ham
yar else ill thk sort funny things,ham
place man,ham
download many ringtones u like restrictions 1000s 2 choose u even send 2 yr buddys txt sir 80082 å£3,spam
thats cool day,ham
please call 08712402902 immediately urgent message wait,spam
r go ltgt bus,ham
hello love go day alright think sweet send jolt heart remind love hear scream across sea world hear ahmad al hallaq love own possessive passionate kiss,ham
nohe join today,ham
okay well thank clarification,ham
ill talk others probably come early tomorrow,ham
spook mob halloween collection logo pic message plus free eerie tone txt card spook 8007 zed 08701417012150p per logopic,spam
money issue weigh thank breathe easier ill make sure dont regret thank,ham
hi im sorry miss call pls call back,ham
hope youve settle new school year wishin gr8 day,ham
fantasy football back tv go sky gamestar sky active play å£250k dream team score start saturday register nowsky opt 88088,spam
ok need tell anything go sleep good night,ham
ok try week end course coimbatore,ham
tone club sub expire 2 resub reply monoc 4 monos polyc 4 polys 1 weekly 150p per week txt stop 2 stop msg free stream 0871212025016,spam
v nice 2 sheffield tom 2 air opinions categories 2 b use 2 measure ethnicity next census busy transcribe,ham
r home come within 5 min,ham
boy love gal propsd bt didnt mind gv lv lttrs bt frnds throw thm boy decide 2 aproach gal dt time truck speed towards gal wn 2 hit girld boy run like hell n save ask hw cn u run fast boy reply boost secret energy n instantly girl shout energy n thy live happily 2gthr drink boost evrydy moral story hv free msgsd gud ni8,ham
day ì say ì cut ur hair paragon call hair sense ì noe much hair cut,ham
hmm many unfortunately pics obviously arent hot cake kinda fun tho,ham
watch tv lor funny bluff 4 wat izzit thk impossible us,ham
xmas prize draw try contact u todays draw show å£2000 prize guarantee call 09058094565 land line valid 12hrs,spam
dunno lei neva say,ham
thanx 4 2day u r goodmate think ur rite sary asusual1 u cheer love u franyxxxxx,ham
im way home go change batt 4 watch go shop bite lor,ham
yes place town meet excite adult single uk txt chat 86688 150pmsg,spam
hi mobile ltgt add contact list great place send free sms people visit fullonsmscom,ham
good even sir hope nice day want bring notice late pay rent past months pay ltgt charge felt would inconsiderate nag something give great cost thats didnt speak however recession wont able pay charge month hence askin well ahead months end please help thank everything,ham
let want house 8am,ham
best line say love wait till day forget u day u realize u can not forget gn,ham
reach ten morning,ham
pussy perfect,ham
sorry ill call later,ham
someone contact date service enter phone becausethey fancy find call landline 09058098002 pobox1 w14rg 150p,spam
messageno responcewhat happend,ham
also wheres piece,ham
wiskey brandy rum gin beer vodka scotch shampain wine kudiyarasu dhina vaazhthukkal,ham
boo hows things im back home little bore already,ham
first gain ltgt kg since take second do blood sugar test ok blood pressure within normal limit worry,ham
pick ur fone u dumb,ham
thank da thangam feel happy dear also miss da,ham
okey doke im home dress cos lay around ill speak later bout time stuff,ham
dont run away frm u walk slowly amp kill u dont care enough stop,ham
babe im back come back,ham
well tell others youd marry,ham
neshanthtel r u,ham
yo yo yo byatch whassup,ham
oh kay sit right,ham
hi roger cl,ham
babe u want dont u baby im nasty thing 4 filthyguys fancy rude time sexy bitch go slo n hard txt xxx slo4msgs,spam
oh oh waste den muz chiong sit n sun liao,ham
jesus christ bitch im try give drug answer fuck phone,ham
please give 2 pick tuesday even 8 ok,ham
im meet darren,ham
one best dialogue cute reltnship wen die,ham
solve case man find murder ltdecimalgt ltgt afternoon 1his wife call police 2police question everyone 3wife siri sleep murder take place 4cook cook 5gardener pick vegetables 6housemaid go 2 post office 7children go 2 play 8neighbour go 2 marriage police arrest murderer immediately whos reply reason u r brilliant,ham
dear reach,ham
aww thats first time u say u miss without ask miss u first love,ham
ok thanx gd nite 2 ì,ham
come right ahmad,ham
dont know u u dont know send chat 86688 let find 150pmsg rcvd hgsuite3422landsroww1j6hl ldn 18 years,spam
lol please actually send pic right wan na see pose comb hair dryer something,ham
fps,ham
huh mean computational science like dat one push n,ham
could read love answer,ham
oh lk tt den take e one tt end cine lor dun wan yogasana oso,ham
madamregret disturbancemight receive reference check dlf premaricakindly informedrgdsrakheshkerala,ham
sms service inclusive text credit pls gotto login 3qxj9 unsubscribe stop extra charge help 08702840625 comuk220cm2 9ae,spam
oic better quickly go bathe n settle,ham
err cud im go 8pm havent get way contact,ham
bloo bloo bloo ill miss first bowl,ham
lmao fun,ham
oh k kbut big hitteranyway good,ham
hey almost forget happy bday babe love ya,ham
valentines day special win å£1000 quiz take partner trip lifetime send go 83600 150pmsg rcvd custcare08718720201,spam
think move ltgt week,ham
shes find send offline message know anjolas,ham
guess ithis first time create web page wwwasjesuscom read write im wait opinions want friend 11,spam
txting drive,ham
thats good let thank god please complete drug lot water beautiful day,ham
really dun bluff leh u sleep early nite,ham
indians r poor india poor country say one swiss bank directors say ltgt lac crore indian money deposit swiss bank use taxless budget ltgt yrs give ltgt crore job indians village delhi 4 lane roads forever free power suply ltgt social project every citizen get monthly ltgt ltgt yrs need world bank amp imf loan think money block rich politicians full right corrupt politicians itna forward karo ki pura india padhegm,ham
uncle boye need movies oh guide plus know torrents particularly legal system slow gr8 day plus start cos dont meet online honey moon,ham
oh ya ya remember da,ham
btw regard really try see anyone else 4th guy commit random dude,ham
ur chance win å£250 cash every wk txt play 83370 tscs custcare 08715705022 1x150pwk,spam
busy juz dun wan 2 go early hee,ham
rightio 1148 well arent bright early morning,ham
great im church holla get,ham
back brum thank put us keep us happy see soon,ham
donno scorable,ham
ltgt great loxahatchee xmas tree burn update totally see star,ham
yes dont care need bad princess,ham
guy kadeem hasnt sell since break know one guy hes paranoid fuck doesnt like sell without cant til late tonight,ham
sorry ill call later,ham
tmr ì brin lar aiya later come n c lar mayb ì neva set properly ì get da help sheet wif ì,ham
u knw dis ltgt,ham
dun believe wat,ham
kgive back thank,ham
know complain num onlybettr directly go bsnl offc nd apply,ham
okay ive see pick friday,ham
much pay suganya,ham
leave dessert u wan 2 go suntec look 4 u,ham
abeg make profit start use get sponsor next event,ham
onum ela pa normal,ham
kkhow sister kid,ham
cool ill text im way,ham
nope meanwhile talk say make greet,ham
cant talk nowi call candont keep call,ham
anything lar,ham
rise need water season need change poet need imaginationmy phone need ur sms need ur lovely frndship forever,ham
good afternoon babe go day job prospect yet miss love sigh,ham
pick drop carso problem,ham
si think waste rr,ham
world famamus,ham
come friday leave pongaldo get news work place,ham
lol well dont without could big sale together,ham
way,ham
eat old airport road 630 oredi get lot pple,ham
sry cant talk phone parent,ham
final chance claim ur å£150 worth discount vouchers today text yes 85023 savamob member offer mobile cs savamob pobox84 m263uz å£300 sub 16,spam
ok lor wat time ì finish,ham
princess like make love ltgt time per night hope thats problem,ham
mm way railway,ham
dnt wnt tlk wid u,ham
im do im sorry hope next space give everything want remember furniture im around move lock lock leave key jenne,ham
yet id like keep touch easiest way barcelona way ru house,ham
sppok ur mob halloween collection nokia logopic message plus free eerie tone txt card spook 8007,spam
urgent call 09066612661 landline complementary 4 tenerife holiday å£10000 cash await collection sae tcs po box 3 wa14 2px 150ppm 18 sender hol offer,spam
kdo even daurgent,ham
pansy youve live jungle two years drive worry,ham
mm kanji dont eat anything heavy ok,ham
promise get soon youll text morning let know make ok,ham
lol thats different dont go try find every real life photo ever take,ham
dont thnk wrong call us,ham
k ill drinkpa need srs model pls send mail id pa,ham
aiyah e rain like quite big leh drizzle least run home,ham
2 docs appointments next week im tire shove stuff ugh couldnt normal body,ham
dun b sad dun thk abt already concentrate ur paper k,ham
greetings consider excuse,ham
drama plsi enough family struggle hot sun strange placeno reason ego go invite actually necessity gowait serious reppurcussions,ham
release another italian one today cosign option,ham
mu try figure much money everyone gas alcohol jay try figure weed budget,ham
winner value network customer hvae select receive å£900 reward collect call 09061701444 valid 24 hours acl03530150pm,spam
hcl chennai require freshers voice processexcellent english neededsalary upto ltgt call mssuman ltgt telephonic interview via indyarockscom,ham
dai da send resume id,ham
know ltgt ill around 5,ham
yup ive finish c ì,ham
remember ask alex pizza,ham
datoday also forget,ham
ola would get back maybe today tell direct link us get cars bid online arrange ship get cut u partnership u invest money ship take care restuwud b self reliant soon dnt worry,ham
fwiw reason im around time smoke gas afford around someone tell apparently happen somebody want light,ham
hello boytoy make home constant think love hope nice visit cant wait till come home kiss,ham
congrats kanowhr treat maga,ham
u talk,ham
yup,ham
ok,ham
u wake already wat u u pick us later rite im take sq825 reach ard 7 smth 8 like dat u check e arrival time c ya soon,ham
yunny im walk citylink ì faster come hungry,ham
er yep sure prop,ham
hiya u pay money account thank get pleasant surprise check balance u c dont get statements 4 acc,ham
u nokia 6230 plus free digital camera u get u win free auction take part send nokia 83383 pobox11414tcrw1 16,spam
ok ill send ltdecimalgt ok,ham
bognor splendid time year,ham
yesim office da,ham
sorry ill call later,ham
joy father john john name joy father mandan,ham
ok ask abt e movie u wan ktv oso,ham
misplace number send texts old number wonder ive hear year best mcat get number atlanta friends,ham
sorry ill call later,ham
dunno lei might b eatin wif frens ì wan eat wait 4 ì lar,ham
sorry ill call later,ham
free entry å£250 weekly comp send word win 80086 18 tc,spam
say slowly godi love amp need youclean heart bloodsend ten special people amp u c miracle tomorrow itplspls,ham
u noe 2 send file 2 computers,ham
mmmmm love wake word morning miss love hope day go well happy wait us together,ham
jay say hell put ltgt,ham
come sec theres somebody want see,ham
sun anti sleep medicine,ham
whats happen get job begin registration permanent residency,ham
yup ok,ham
glad go well come 11 well plenty time claire go work,ham
ok enjoy r u home,ham
pls pls send mail know relatives come deliver know cost risk benefit anything else thank,ham
like,ham
thats haf combine n c lor,ham
monthly amount terrible pay anything till 6months finish school,ham
hmmmhow many players select,ham
say gon na snow start around 8 9 pm tonite predict inch accumulation,ham
dont send plus hows mode,ham
aiyo please ì get time meh,ham
package program well,ham
sister belong 2 family hope tomorrow pray 4 herwho fat 4 shoranur train incident let hold hand together amp fuel love amp concern prior 2 grief amp pain pls join dis chain amp pass stop violence women,ham
guy ask get slippers go last year,ham
company goodenvironment terrific food really nice,ham
text82228 get ringtones logos game question infotxt82228couk,spam
honestly ive make lovely cup tea promptly drop key burn finger get,ham
yup study surf lor im e lazy mode today,ham
please sen kind advice please come try,ham
im do c ì,ham
oh fine ill tonight,ham
ìï give time walk,ham
ill reach ard 20 mins ok,ham
freemsg award free mini digital camera reply snap collect prize quizclub opt stop 80122300pwk sprwm ph08704050406,spam
fuck babe happen come never come back,ham
message bring gmw ltd connect,spam
friends want drive em someplace probably take,ham
also thk fast xy suggest one u dun wan ok go 2 rain leh get gd,ham
still get goods,ham
maybe pressies,ham
yeah ill leave maybe 7ish,ham
kkim also finewhen complete course,ham
sea lay rock rock envelope envelope paper paper 3 word,ham
tell dr appt next week think im gon na die tell check nothing worry didnt listen,ham
room need,ham
dont want hear anything,ham
hey leave friday wait ask superior tell,ham
ultimately tor motive tui achieve korli,ham
5 2 work time,ham
û donû÷t worry weû÷ll finish march û ish,ham
house water dock boat roll newscaster dabble jazz flute behind wheel,ham
congrats 2 mobile 3g videophones r call 09063458130 videochat wid ur mat play java game dload polyph music noline rentl bx420 ip4 5we 150p,spam
next amaze xxx picsfree1 video send enjoy one vid enough 2day text back keyword picsfree1 get next video,spam
thats go ruin thesis,ham
sch neva mind u eat 1st lor,ham
hey whats u sleep morning,ham
erm think contract run the4th october,ham
dunno let go learn pilates,ham
u subscribe best mobile content service uk å£3 per ten days send stop 83435 helpline 08706091795,spam
yup im elaborate safety aspects issue,ham
3 free tarot texts find love life try 3 free text chance 85555 16 3 free msgs å£150,spam
goodmorning today late 1hr,ham
hi happy birthday hi hi hi hi hi hi hi,ham
outside office take,ham
dont respond imma assume youre still asleep imma start call n shit,ham
aight see bite,ham
superior tell friday leave department except oursso leave youany way call waheed fathima hr conform,ham
join uks horniest dog service u sex 2nite sign follow instructions txt entry 69888 nytec2a3lpmsg150p,spam
lol take member say aunt flow didnt visit 6 months cause develop ovarian cysts bc way shrink,ham
still work go onit small house,ham
friend get say hes up order grams hes get ltgt get,ham
tmr timin still da wat cos get lesson 6,ham
thatû÷s thing ape u fight death keep something minute u let go thats,ham
sunshine quiz wkly q win top sony dvd player u know country liverpool play mid week txt ansr 82277 å£150 sptyrone,spam
im gon na able late notice ill home weeks anyway plan,ham
get fujitsu ibm hp toshiba get lot model say,ham
okie thanx,ham
gosh pain spose better come,ham
usualiam fine happy amp well,ham
okie,ham
gon na get rimac access,ham
im arestaurant eat squid 1030 wan na dosomething late,ham
call time job today ok umma ask speed,ham
hello ucall wen u finish wrki fancy meetin wiv u tonite need break dabooks 4 hrs last nite2 today wrk,ham
r u sam p eachother meet go 2 house,ham
yeah lol luckily didnt star role like,ham
hello madam,ham
awesome text youre restock,ham
usualiam fine happy amp well,ham
knock knock txt whose 80082 enter r weekly draw 4 å£250 gift voucher 4 store yr choice tcs age16 stoptxtstopå£150week,spam
yes innocent fun,ham
thank send mental ability question,ham
sir hope day go smoothly really hop wont bother bill cant settle month extra cash know challenge time also let know,ham
2marrow wed ltgt 2 aha,ham
go ur hon lab one,ham
cant pick phone right pls send message,ham
hey pple700 900 5 nightsexcellent location wif breakfast hamper,ham
hi mailbox message sms alert 40 match please call back 09056242159 retrieve message match cc100pmin,spam
come,ham
lol nah wasnt bad thank good b home quite reality check hows ur day u anything website,ham
ok lor,ham
im come home 4 dinner,ham
daal r ltgt,ham
free ring tone text polys 87131 every week get new tone 0870737910216yrs å£150wk,spam
unni thank dear rechargerakhesh,ham
know im lack particular dramastorms detail part im worry,ham
haha cant tmr forfeit haha,ham
hey glad u r better hear u treat urself digi cam good r 9pm fab new year c u coupla wks,ham
way im go back,ham
urgent mobile 077xxx å£2000 bonus caller prize 020603 2nd attempt reach call 09066362206 asap box97n7qp 150ppm,spam
cal sir meet,ham
thats love hear v see sundayish,ham
sorry da thangam sorry hold prasad,ham
tiwary rcbbattle bang kochi,ham
thank god bed,ham
dont cancer moms make big deal regular checkup aka pap smear,ham
gobi arts college,ham
want talk,ham
pandy join 4w technologies todayhe get job,ham
guarantee latest nokia phone 40gb ipod mp3 player å£500 prize txt word collect 83355 ibhltd ldnw15h 150pmtmsgrcvd18,spam
try get lose fact tee hee,ham
hi speak maneesha v wed like know satisfy experience reply toll free yes,ham
friends use call,ham
sorry ill call later,ham
em olowoyey uscedu great time argentina sad secretary everything bless,ham
taxt massagetiepos argh ok lool,ham
hi please get ltgt dollar loan ill pay back mid february pls,ham
might want pull case plan spend dont much confidence derek taylors money management,ham
like shake booty dance floor,ham
text get dont call phone problems,ham
need drug anymore,ham
sorry dai think call lot timeslil busyi call noon,ham
sarcasm nt scarcasim,ham
great run ttyl,ham
feel like try kadeem v,ham
dai ltgt naal eruku,ham
yet chikkuwat abt u,ham
ok,ham
want finally lunch today,ham
know dad back,ham
hello darling today would love chat dont tell look like sexy,spam
8007 free 1st week no1 nokia tone 4 ur mob every week txt nokia 8007 get txting tell ur mat pobox 36504 w4 5wq norm 150ptone 16,spam
remain bro amongst bros,ham
r u meet da ge nite tmr,ham
nice day impressively sensible go home early feel fine bore whens cant remember,ham
de look good,ham
wan na get lay 2nite want real dog locations send direct ur mobile join uks largest dog network txt park 69696 nyt ec2a 3lp å£150msg,spam
try contact response offer new nokia fone camcorder hit reply call 08000930705 delivery,spam
yes reply mail im go management office later plus bank later alsoor wednesday,ham
thats cool ill come like ltgt ish,ham
super msg danalla time,ham
good afternoon boytoy feel today better hope good boy obedient slave please queen,ham
6 ft good combination,ham
im sick im needy want pout stomp feet pout stomp feet want slave want,ham
train back northampton im afraid,ham
abj serve stay dad alone,ham
playng 9 doors game gt race phone lol,ham
new tone week include 1mcflyall ab 2 sara jorgeshock 3 smithswitch order follow instructions next message,spam
solve case man find murder ltdecimalgt ltgt afternoon 1his wife call police 2police question everyone 3wife siri sleep murder take place 4cook cook 5gardener pick vegetables 6housemaid go 2 post office 7children go 2 play 8neighbour go 2 marriage police arrest murderer immediately whos reply reason u r brilliant,ham
im da bus go home,ham
get call landline number ask come anna nagar go afternoon,ham
im okay chase dream whats good next,ham
yupz ive oredi book slot 4 weekend liao,ham
urgent try contact u todays draw show å£800 prize guarantee call 09050003091 land line claim c52 valid 12hrs,spam
r many modelsony ericson also der ltgt luks good bt forget modl,ham
okie,ham
yes know cheesy songs frosty snowman,ham
ya ok vikky vl c witin ltgt mins il reply u,ham
sport fan get latest sport news str 2 ur mobile 1 wk free plus free tone txt sport 8007 0870141701216 norm 4txt120p,spam
hey tmr meet bugis 930,ham
urgent urgent 800 free flight europe give away call b4 10th sept take friend 4 free call claim 09050000555 ba128nnfwfly150ppm,spam
nice new shirt thing wear nudist theme mu,ham
hey sexy buns day word morning ym think,ham
whenever see still hook,ham
nope im go home go pump petrol lor like go 2 rain soon,ham
use foreign stamp whatever send,ham
88066 lose å£12 help,spam
oh baby house come dont new picture facebook,ham
feb ltgt love u day send dis ur value frnds evn 3 come back ull gt marry person u luv u ignore dis u lose ur luv 4 evr,ham
hiya sorry didnt hav signal havent see hear neither unusual ill put case get sort hug snog,ham
omw back tampa west palm hear happen,ham
yup already thanx 4 print n hand,ham
freemsg fancy flirt reply date join uks fastest grow mobile date service msgs rcvd 25p optout txt stop 83021 reply date,spam
mean come chase state watch many movies want,ham
take tablets reaction morning,ham
great new offer double mins double txt best orange tariff get latest camera phone 4 free call mobileupd8 free 08000839402 2stoptxt tcs,spam
nah im perpetual dd,ham
sorry de go shop,ham
hope enjoy new content text stop 61610 unsubscribe help08712400602450p provide tones2youcouk,spam
wen ur lovable bcums angry wid u dnt take seriously coz angry childish n true way show deep affection care n luv kettoda manda nice day da,ham
hey still want go yogasana coz end cine go bathe hav steam bath,ham
nope im drivin neva develop da photos lei,ham
think go reg pract lessons fling advance haha wat time u go,ham
cool ltgt inch long hope like big,ham
housemaid murderer coz man murder ltgt th january public holiday govtinstituitions closedincluding post officeunderstand,ham
okie thanx,ham
18 days euro2004 kickoff u keep inform latest news result daily unsubscribe send get euro stop 83222,spam
go n buy juz buy get lar,ham
ok lor,ham
im work technical support voice process,ham
justbeen overa week since break already brain go mush,ham
tunde wish great day abiola,ham
nope c ì,ham
well medical missions nigeria,ham
movies laptop,ham
whatsup dont u want sleep,ham
urgent please call 09066612661 landline å£5000 cash luxury 4 canary islands holiday await collection tcs sae award 20m12aq 150ppm 16 ûï,spam
urgent please call 09066612661 landline complimentary 4 lux costa del sol holiday å£1000 cash await collection ppm 150 sae tcs jam 28 eh74rr,spam
havent lei next mon,ham
mm feel sleepy today shall get dear,ham
dare stupid wont tell anything hear wont talk,ham
ì noe ben go,ham
mag meet avo point,ham
mean middle leave right,ham
really crash cuddle sofa,ham
hi chachi try call u unable reach u pl give miss cal u c tiz msg kanagu,ham
send price mean ltgt g,ham
much buzy,ham
nothing,ham
dont know u u dont know send chat 86688 let find 150pmsg rcvd hgsuite3422landsroww1j6hl ldn 18 years,spam
work ring u thing whole houseful scream brats pull hair love u,ham
family respond anything room go home diwali one call come make feel like die,ham
tick tick tick babe,ham
r ì go 4 todays meet,ham
k dahow many page want,ham
ya nowonion roast,ham
send number give reply tomorrow morning say like ok,ham
say problem let know,ham
ok tell half hr b4 u come need 2 prepare,ham
play w computer aiyah tok 2 u lor,ham
sit right okay thank,ham
derp worse dude always want party dude file complaint three drug abusers live,ham
ok chinese food way get fat youre pay lipo,ham
r outside already,ham
good trip watch remember get back must decide easter,ham
yo watch movie netflix,ham
time iû÷m prob 3,ham
meh thgt clash really ah dun mind dun see lose weight gee,ham
dont thnk wrong call us,ham
sure night menu know noon menu,ham
arr birthday today wish get oscar,ham
say slowly godi love amp need youclean heart bloodsend ten special people amp u c miracle tomorrow itplspls,ham
open rebtel firefox load put plus sign user name place show two number lower number number pick number pin display okay,ham
pick various point,ham
marry local women look discreet action 5 real match instantly phone text match 69969 msg cost 150p 2 stop txt stop bcmsfwc1n3xx,spam
wow v v impress funs shop,ham
way ur home,ham
burger king wan na play footy top stadium get 2 burger king 1st sept go large super cocacola walk winner,spam
problem talk later,ham
ur sis,ham
still customer place,ham
come take little time child afraid dark become teenager want stay night,spam
dude u knw also teluguthts gudk gud nyt,ham
confirm eat esplanade,ham
send id password,ham
kind take garage centre part exhaust need replace part order n take fix tomo morning,ham
ur chance win å£250 cash every wk txt action 80608 tscs custcare 08712405022 1x150pwk,spam
well might come,ham
long quit get like 5 minutes day,ham
likely call mittelschmertz google dont paracetamol dont worry go,ham
well right im gon na get check todays steam salespee text want come get,ham
arrive see couple days lt3,ham
k wat tht incident,ham
yeah get unlimited,ham
cthen thk shd b enuff still get conclusion n content pg n reference ill b da content pg n cover pg,ham
forget take 3 years shower sorry atyour phone dead yet,ham
ìï get wat buy tell us ì need come,ham
big god bring success,ham
uûªve bin award å£50 play 4 instant cash call 08715203028 claim every 9th player win min å£50å£500 optout 08718727870,spam
û r stayin extra week back next wed rugby weekend hi c u soon ham,ham
campus library,ham
affidavit say ltgt e twiggs st division g courtroom ltgt lttimegt ill double check text tomorrow,ham
creep,ham
tell friends plan valentines day lturlgt,ham
get ten billion call texts help god,ham
purity friendship two smile read forward messageits smile see name gud evng musthu,ham
ive tell ive return order,ham
housemaid murderer coz man murder ltgt th january public holiday govtinstituitions closedincluding post office,ham
depend u go lor,ham
smile right go world wonder smile think crazy keep away grin,ham
freemsgfav xmas tonesreply real,spam
lil fever fine,ham
think still car,ham
,ham
december mobile 11mths entitle update latest colour camera mobile free call mobile update co free 08002986906,spam
yes princess want catch big strong hand,ham
oh yeah forget u take 2 shop,ham
mm ask call radio,ham
thinkin someone good drug,ham
say slowly godi love amp need youclean heart bloodsend ten special people amp u c miracle tomorrow itplspls,ham
enjoy shower possessiveness pour u ur love ones bcoz world lie golden gift love truly,ham
alright youre sure let know youre leave,ham
last much 2 hours might get lucky,ham
genius whats brother pls send number skype,ham
gr8 poly tone 4 mob direct 2u rply poly title 8007 eg poly breathe1 title crazyin sleepingwith finest ymca getzedcouk pobox365o4w45wq 300p,spam
thk em find wtc far weiyi goin e rest dunno yet r ur goin 4 dinner den might b able join,ham
dont forget own whos private property good boy always passionate kiss,ham
interflora åòits late order interflora flower christmas call 0800 505060 place order midnight tomorrow,spam
oh godtaken teethis pain,ham
romcapspam everyone around respond well presence since warm outgo bring real breath sunshine,spam
u ask darren go n pick u lor oso sian tmr haf 2 meet lect,ham
need buy lunch eat maggi mee,ham
congratulations thank good friend u å£2000 xmas prize 2 claim easy call 08712103738 10p per minute btnationalrate,spam
ok lor,ham
oh right ok ill make sure load work day get really nasty cough today dry n shoot really help,ham
wifehow know time murder exactly,ham
send logo 2 ur lover 2 name join heart txt love name1 name2 mobno eg love adam eve 07123456789 87077 yahoo pobox36504w45wq txtno 4 ads 150p,spam
howz persons story,ham
thanx 4 send home,ham
normally hot mail com see,ham
youve tkts euro2004 cup final å£800 cash collect call 09058099801 b4190604 pobox 7876150ppm,spam
u sick still go shop,ham
ya well fine bbdpooja full pimpleseven become quite blackand ur rite cold wear sweatter,ham
nicenicehow work,ham
1s reach home call,ham
try find chinese food place around,ham
easy mate guess quick drink bite ambitious,ham
babe miiiiiiissssssssss need crave geeee im sad without babe love,ham
ok thanx,ham
aathiwhere dear,ham
tunji hows queen wish great day abiola,ham
today iz yellow rise day u love frndship give 1 misscall amp send ur frndz amp see many miss call u get u get 6missed u marry ur lover,ham
class hours sorry,ham
wat time u finish ur lect today,ham
freemessage jamsterget crazy frog sound poly text mad1 real text mad2 88888 6 crazy sound 3 gbpweek 16only tcs apply,spam
sad story man last week bday wife didnt wish parent forget n kid go work even colleagues wish enter cabin pa say happy bday boss felt special askd 4 lunch lunch invite apartment go say u mind go bedroom minute ok sed sexy mood come 5 minuts latr wid caken wife parent kidz friends n colleagues scream surprise wait sofa naked,ham
chance reality fantasy show call 08707509020 20p per min ntt ltd po box 1327 croydon cr9 5wb 0870 national rate call,spam
shes fine good hear dear happy new year oh,ham
go wipro interview today,ham
tall princess,ham
doubt could handle 5 time per night case,ham
haha hope ì hear receipt sound gd luck,ham
gon na death im gon na leave note say rob fault avenge,ham
japanese proverb one u none itu must indian version one let none itleave finally kerala version one stop none make strike,ham
today im workin free oso gee thgt u workin ur frens shop,ham
life face choices toss coin becoz settle question coin air u know heart hop gudni8,ham
know god create gap finger one make come amp fill gap hold hand love,ham
want kiss feel next,ham
happy say,ham
adult 18 content video shortly,spam
ok would b lovely u r sure think wot u want drinkin dancin eatin cinema u wot,ham
im say havent explicitly tell nora know someone im probably gon na bother,ham
say hi get ass back south tampa preferably kegger,ham
smith waste dai wan na gayle,ham
mum ive send many many message since get want know actually get enjoy rest day,ham
aight tomorrow around ltgt,ham
housemaid murderer coz man murder ltgt th january public holiday govtinstituitions closedincluding post officeunderstand,ham
chance reality fantasy show call 08707509020 20p per min ntt ltd po box 1327 croydon cr9 5wb 0870 national rate call,spam
actually first time go bed long speak wake 7 night,ham
see,ham
dont understand message,ham
crucify c tell earlier,ham
idk keep say youre since move keep butt head freedom vs responsibility im tire much shit deal im barely keep together get add,ham
fuck cedar key fuck come anyway tho,ham
twenty past five say train durham already coz reserve seat,ham
hey boys want hot xxx pics send direct 2 ur phone txt porn 69855 24hrs free 50p per day stop text stopbcm sf wc1n3xx,spam
u still paint ur wall,ham
last chance claim ur å£150 worth discount vouchers today text shop 85023 savamob offer mobile cs savamob pobox84 m263uz å£300 sub 16,spam
printer cool mean groovy wine groovying,ham
hi harishs rent transfred ur acnt,ham
anything lor come,ham
cbe really good nowadayslot shop showroomscity shape good,ham
ìï still attend da talk,ham
probs hon u doinat mo,ham
k ill take care,ham
take didnt phone callon friday assume wont year,ham
battery low babe,ham
shuhui buy rons present swatch watch,ham
yeah theres quite bite leave ill swing tomorrow get,ham
babe say 2 hours almost 4 internet,ham
k ill sure get noon see whats,ham
kkyesterday cbe,ham
go ganesh dress shop,ham
pdatenow double mins 1000 txts orange tariff latest motorola sonyericsson nokia bluetooth free call mobileupd8 08000839402 call2optoutyhl,spam
ìï collect ur laptop go configure da settings izzit,ham
r home come within 5 min,ham
aight 8 latest probably closer 7 jay tyler two trip,ham
come aftr ltdecimalgt clean house,ham
ur cashbalance currently 500 pound maximize ur cashin send cash 86688 150pmsg cc 08718720201 po box 11414 tcrw1,spam
bill letter iûªm expect one orange isnûªt bill may still say orange,ham
tell pa pain de,ham
hi darlin hope nice night wish come cant wait see love fran ps want dirty anal sex want 10 man gang bang,ham
ha donû÷t know either clever simple thing pears day perfect christmas,ham
helloooo wake sweet morning welcome enjoy day full joy gud mrng,ham
alrite,ham
must sit around wait summer days celebrate magical sight worlds dress white oooooh let snow,ham
urgent mobile number award å£2000 prize guarantee call 09058094454 land line claim 3030 valid 12hrs,spam
guy go see movies side,ham
sorryin meet ill call later,ham
didnt tell thatnow im think plus hes go stop run,ham
kindly send one flat ltdecimalgt today,ham
sorry u unsubscribe yet mob offer package min term 54 weeks pls resubmit request expiry reply themob help 4 info,spam
nothing lor bite bore dun u go home early 2 sleep today,ham
time tell friend around,ham
yes fine love safe,ham
thank chikku gud nyt,ham
xy ur car u pick,ham
thanx 4 time weåõve spend 2geva bin mint ur baby want uxxxx,ham
yo way could pick something tonight,ham
ive send send,ham
fine simply sit,ham
thts gods gift bird humans hav natural gift frm god,ham
come day class,ham
im do studyn library,ham
ok u enjoy ur show,ham
anything,ham
wuld without baby think alone mite break donåõt wan na go crazy everyboy need lady xxxxxxxx,ham
wats dear sleep ah,ham
hi test ltgt rd,ham
2 students solve cat question xam 532 ltgt 924 ltgt 863 ltgt 725 tell answer u r brilliant1thingi get answr,ham
yo know anyone ltgt otherwise able buy liquor guy flake right dont get hold somebody 4 loko night,ham
yup n fren lor im meet fren 730,ham
yeah get one line us,ham
stop wonder wow ever go stop tming tm whenever want mine laugh,ham
lol yep yesterday already get fireplace another icon sit,ham
hey ive book pilates yoga lesson already haha,ham
ok happen behave like,ham
1 new message please call 08712400200,spam
supervisor find 4 one lor thk students havent ask yet tell u aft ask,ham
hello news job make wait fifth week yeah im woozles weasels exeter still home 3,ham
messageno responcewhat happend,ham
currently message await collection collect message call 08718723815,spam
hey babe sorry didnt get sooner gary come fix cause think know doesnt go far ptbo say cost ltgt buck dont know might cheaper find someone dont second hand machine right let know want babe,ham
make 3 4 fuck sake x,ham
leave u always ignorant,ham
nope ill b go 2 sch fri quite early lor cos mys sis get paper da morn,ham
bruce b down amp fletcher,ham
say would wake,ham
hey free call,ham
tell whos pls,ham
urgent mobile award å£1500 bonus caller prize 27603 final attempt 2 contact u call 08714714011,spam
think might give miss teach til twelve lecture two damn work thing,ham
id check theres like 1 bowl worth leave,ham
yes many sweets,ham
would im still cozy exhaust last nightnobody go school work everything close,ham
u secret admirer reveal think u r special call 09065174042 opt reply reveal stop 150 per msg recd cust care 07821230901,spam
buzzzz grin buzz ass buzz chest buzz cock keep phone vibrator feel shake,ham
sir send group mail check,ham
im da intro cover energy trend n pros n con brief description nuclear fusion n oso brief history iter n jet get abt 7 n half page,ham
nonenowhere ikno doesdiscountshitinnit,ham
dont know jabo abi,ham
ever notice youre drive anyone go slower idiot everyone drive faster maniac,spam
yet hadya sapna aunty manege yday hogidhechinnu full weak swalpa black agidhane,ham
good baby,ham
neft transaction reference number ltgt rs ltdecimalgt credit beneficiary account ltgt lttimegt ltgt,ham
mostly sport typelyk footblcrckt,ham
head dey swell oh thank make day,ham
u make fb list,ham
height confidence aeronautics professors wer calld amp wer askd 2 sit aeroplane aftr sit wer tell dat plane ws make students dey hurry plane bt 1 didnt move saidif make students,ham
sary need tim bollox hurt lot tol,ham
happy new year princess,ham
ill text carlos let know hang,ham
dont worry easy ingredients,ham
love u 2 little pocy bell sorry love u,ham
ok omw castor,ham
yar lor keep rain non stop u wan 2 go elsewhere,ham
xmas offer latest motorola sonyericsson nokia free bluetooth dvd double mins 1000 txt orange call mobileupd8 08000839402 call2optout4qf2,spam
u mean u almost do do wif sleep tot u go take nap yup send liao im pick ard 4 smth lor,ham
7 wonder world 7th 6th ur style 5th ur smile 4th ur personality 3rd ur nature 2nd ur sms 1st ur lovely friendship good morning dear,ham
tonight yeah id,ham
eat fo lunch senor,ham
say right giggle saw u would possibly first person2die nvq think much could,ham
break time one come n get stuff fr ì,ham
reply win å£100 weekly professional sport tiger woods play send stop 87239 end service,spam
im see cant see maybe reboot ym see buzz,ham
still grinder,ham
1 polyphonic tone 4 ur mob every week txt pt2 87575 1st tone free get txtin tell ur friends 150ptone 16 reply hl 4info,spam
love isnt decision feel could decide love life would much simpler less magical,ham
hot live fantasy call 08707509020 20p per min ntt ltd po box 1327 croydon cr9 5wb 0870 national rate call,spam
ki didt see youkwhere,ham
im list buyers,ham
idea guess well work hour suppose leave since usual nobody interest figure shit last second,ham
mm entirely sure understand text hey ho weekend,ham
release vday shirt u put make bottom half naked instead white underwear,ham
knowhe watch film computer,ham
b4 thursday,ham
oh phone phone disconnect,ham
id onluy matter get offcampus,ham
message free welcome new improve sex dog club unsubscribe service reply stop msgs150p 18only,spam
excellent ill see rileys plan,ham
see half hour,ham
youve tkts euro2004 cup final å£800 cash collect call 09058099801 b4190604 pobox 7876150ppm,spam
ew one,ham
also hi wesley howve,ham
ah see lingo let know wot earth finish make,ham
loan purpose å£500 å£75000 homeowners tenant welcome previously refuse still help call free 0800 1956669 text back help,spam
updatenow 12mths half price orange line rental 400minscall mobileupd8 08000839402 call2optoutj5q,spam
imagine life without see fast u search medont worry lm always disturb u goodnoon,ham
hm good morning headache anyone,ham
yeah probs last night obviously catch speak soon,ham
free unlimited hardcore porn direct 2 mobile txt porn 69200 get free access 24 hrs chrgd50p per day txt stop 2exit msg free,spam
might go 2 sch yar e salon v bore,ham
ltgt mins stop somewhere first,ham
ltgt fast approach wish u happy new year happy sankranti happy republic day happy valentines day happy shivratri happy ugadi happy fool day happy may day happy independence day happy friendshipmotherfatherteacherschildrens day amp happy birthday 4 u happy ganesh festival happy dasara happy diwali happy christmas ltgt good mornings afternoons evenings nights rememberi first wish u theseyours raj,ham
one joy lifeis wake daywith thoughts somewheresomeone care enough tosend warm morning greet,ham
didnt get second half message,ham
wat time u wan 2 meet later,ham
thank much selflessness love plenty,ham
film ill call later,ham
dare change ring,ham
bad girl lady,ham
love ya try budget money better babe gary would freak know,ham
part dont initiate dont understand,ham
finish lunch already u wake already,ham
still game,ham
get tallent waste,ham
record one night,ham
also sir send email log usc payment portal ill send another message explain things back home great weekend,ham
gon na let know cos come bak holiday day come dont4get2text number,ham
jokin lar depend phone father get lor,ham
aight lem me know whats,ham
get ready ltgt inch pleasure,ham
rajipls favour pls convey birthday wish nimya pls today birthday,ham
ok feel like john lennon,ham
cos darren say ì consider mah ask ì,ham
bother trust answer pls,ham
wish family merry x mas happy new year advance,ham
one day crab run sea shorethe wave come n clear footprints crab crab ask frnd r u clear beautiful footprints wave reply fox follow ur footprints catch thats clear frndsship never let u dwn gud nyt,ham
aight time want come,ham
slaaaaave must summon time dont wish come anymore,ham
bill 3 å£3365 thats bad,ham
let know change next 6hrs even appendix age range however impossible chill let know 6hrs,ham
hello yeah ive get bath need hair ill come im do yeah,ham
hows weather,ham
ok much though hm friday cant wait dunno wot hell im gon na another 3 weeks become slob oh wait already do,ham
die e toot fringe,ham
lol dont know awesome phone could click delete right want,ham
ok,ham
awesome question cute answer someone ask boy ur life smile amp answer fine gudnite,ham
please leave topicsorry tell,ham
pls send correct name da,ham
happen yo date,ham
eastenders tv quiz flower dot compare violet e tulip f lily txt e f 84025 4 chance 2 win å£100 cash wkent150p16,spam
webpage available,ham
wake yeesh late didnt fall asleep til ltgt,ham
unsubscribed service get tons sexy babes hunks straight phone go subscriptions,spam
dear know ltgt th ltgt th birthday love gopalettan plan give small gift day like participate welcome please contact admin team detail,ham
kkfrom tomorrow onwards start ah,ham
u talk bout early morning almost noon,ham
fine remember,ham
hi babe jordan r u im home abroad lonely text back u wan na chat xxsp visionsmscom text stop stopcost 150p 08712400603,spam
ok many buy,ham
sound good keep post,ham
get brand new mobile phone agent mob plus load goodies info text mat 87021,spam
ok april cant wait,ham
boy best get yo ass quick,ham
ay wana meet satì wkg sit,ham
im wait till 2 bus pick,ham
apart one tell yesterday,ham
ok lor buy wat,ham
somebody go andros steal ice,ham
know didt msg recently,ham
take us shop mark distract isaiahd,ham
mum hope great day hop text meet well full life great day abiola,ham
sense foot penis,ham
okay think expert,ham
deep sigh miss really surprise havent go net cafe yet get dont miss,ham
ssi thinl role like sachinjust stand others hit,ham
great trip india bring light everyone project everyone lucky see smile bye abiola,ham
importantly discuss u,ham
kkhow train process,ham
ok lor ned 2 go toa payoh 4 2 return smth u wan 2 send wat,ham
da car park,ham
wish hold tightly make see important much mean much need life,ham
ask hows anthony dad bf,ham
wnevr wana fal luv vth book bed fals luv vth yen madodu nav pretsorginta nammanna pretsovru important alwa gud eveb,ham
todaysundaysunday holidayso work,ham
go take bath ill place key window,ham
lord ringsreturn king store nowreply lotr 2 june 4 chance 2 win lotr soundtrack cds stdtxtrate reply stop end txts,spam
dear take care reach homelove u lot,ham
staffsciencenusedusgphyhcmkteachingpc1323,ham
emigrate something ok maybe 530 bite hopeful,ham
olol print forum post guy exact prob fix gpu replacement hopefully dont ignore,ham
walk moms right stagwood pass right winterstone leave victors hill address ltgt,ham
yo jp hungry like mofo,ham
creepy crazy,ham
ok din get ur msg,ham
tessypls favor pls convey birthday wish nimyapls dnt forget today birthday shijas,ham
pathaya enketa maraikara pa,ham
even friend priest call,ham
u lousy run already come back half dead hee,ham
thats say bad dat e gals know u wat u,ham
remind hrs,ham
hop would send message rent due dont enough reserve completely go loan need hop could balance ltgt way could get till mid march hope pay back,ham
hi happy new year dont mean intrude pls let know much tuition pay last semester much semester thank,ham
hello hun ru way im good 2 date guy meet walkabout far meet soon hows everyone else,ham
lol gon na last month cash leave ltgt case collect week cause announce blog,ham
good luck draw take place 28th feb 06 good luck removal send stop 87239 customer service 08708034412,spam
short cute good person,ham
havent decide yet eh,ham
wat time liao still get,ham
yes watch footie worry go blow phil neville,ham
wait 4 ì inside da car park,ham
uncle abbey happy new year abiola,ham
free call pa,ham
r u say order slippers cos pay return,ham
stop know well,ham
good even roger,ham
small problem auctionpunj ask tiwary,ham
free entry 2 weekly comp chance win ipod txt pod 80182 get entry std txt rate tcs apply 08452810073 detail 18,spam
tell tell one treat hi hi hi,ham
uncles atlanta wish guy great semester,ham
1st wk free gr8 tone str8 2 u wk txt nokia 8007 classic nokia tone hit 8007 polys nokia150p poly200p 16,spam
u come 2 pick,ham
thats cool like photos sexy,ham
would u fuckin believe didnt know thurs pre book cancel need b sack,ham
haha better late ever way could swing,ham
ok finish 6,ham
lookatme thank purchase video clip lookatme youve charge 35p think better send video mmsto 32323,spam
ive bar b q store lifethis twat orange dungerees come ask want deck get first punch,ham
message food,ham
ok go sleep hope meet,ham
wat make people dearer de happiness dat u feel u meet de pain u feel u miss dem,ham
let know detail fri u find cos im tom fri mentionned chinese thank,ham
youre right think,ham
wat r u,ham
ur lecture,ham
sexy sexy cum text im wet warm ready porn u fun msg free recd msgs 150p inc vat 2 cancel text stop,spam
customer place call,ham
plan yet go join company jan 5 onlydon know happen,ham
boy love u grl hogolo boy gold chain kodstini grl agalla boy necklace madstini grl agalla boy hogli 1 mutai eerulli kodthini grl love u kano,ham
haha hear text youre around,ham
ill get tomorrow send,ham
shit babe thasa bite mess upyeh,ham
oh thats late well good night give u call tomorrow iam go go sleep night night,ham
cheer u tex mecause u werebored yeah okden hunny r uin wk satsoundåõs likeyour havin gr8fun j keep updat countinlots loveme xxxxx,ham
sorry meet ill call later,ham
yo howz u girls never ring india l,ham
yeah worse,ham
hard live 121 chat 60pmin choose girl connect live call 09094646899 cheap chat uks biggest live service vu bcm1896wc1n3xx,spam
tag friends seem count friends,ham
hear u4 call 4 rude chat private line 01223585334 cum wan 2c pics gettin shag text pix 8552 2end send stop 8552 sam xxx,spam
ok,ham
long time remember today,ham
havent shop lor juz arrive,ham
thank u better work cause feel use otherwise,ham
challenge know,ham
much ur hdd case cost,ham
mystery solve open email hes send another batch isnt sweetie,ham
cant describe lucky im actually awake noon,ham
2nd time try contact u u å£1450 prize claim call 09053750005 b4 310303 tcsstop sms 08718725756 140ppm,spam
today sorry day ever angry ever misbehave hurt plz plz slap urself bcoz ur fault im basically good,ham
cheer card time year already,ham
hot live fantasy call 08707509020 20p per min ntt ltd po box 1327 croydon cr9 5wb 0870k,spam
people see msgs think iam addict msging wrong bcoz dont know iam addict sweet friends bslvyl,ham
ugh hopefully asus ppl dont randomly reformat,ham
havent see facebook huh lol,ham
mah b ill pick tomorrow,ham
still otside leu come 2morrow maga,ham
u still plumbers tape wrench could borrow,ham
dear voucher holder claim weeks offer pc please go tscs apply,spam
vl bcum difficult,ham
ur go 2 bahamas callfreefone 08081560665 speak live operator claim either bahamas cruise ofå£2000 cash 18only opt txt x 07786200117,spam
havent still waitin usual ìï come back sch oredi,ham
meet da call,ham
k k watch film,ham
cinema plus drink appeal tomo fr thriller director like mac 830,ham
size elephant tablets u shove um ur ass,ham
many people seem special first sight remain special till last sight maintain till life end take cr da,ham
parent kidz friends n colleagues scream surprise wait sofa naked,ham
dunno juz askin cos get card get 20 4 salon call hair sense tot da one ì cut ur hair,ham
good morning pookie pie lol hope didnt wake u,ham
maybe wake fuck 3 wouldnt problem,ham
happy birthday youdearwith lot loverakhesh nri,ham
howz persons story,ham
2nd time try 2 contact u u 750 pound prize 2 claim easy call 08712101358 10p per min btnationalrate,spam
x2 ltgt go get,ham
hi neva worry bout da truth coz truth lead 2 ur heart itåõs least unique person like u deserve sleep tight morning,ham
ur award city break could win å£200 summer shop spree every wk txt store 88039skilgmetscs087147403231winawkage16å£150perwksub,spam
ur paper today e morn aft,ham
lick every drop ready use mouth well,ham
expect whenever text hope go well tomo,ham
great p diddy neighbor come toothpaste every morning,ham
av new number wil u use oneta,ham
poke man everyday teach canada abi say hi,ham
7 lor change 2 suntec wat time u come,ham
deam see online shop ask,ham
curious cuz ask,ham
nicenicehow work,ham
okay lor wah like def wont let us go haha say term condition,ham
haha yup hopefully lose kg mon hip hop go orchard weigh,ham
shes good r u work,ham
oh yes ive little weather ive kind coccooning home,ham
home also,ham
phone weirdest auto correct,ham
oops phone die didnt even know yeah like better,ham
havent mus ask u 1st wat meet 4 lunch den u n meet already lor u wan 2 go ask da ge 1st confirm w asap,ham
say u mind go bedroom minute ok sed sexy mood come 5 minuts latr wid caken wife,ham
oh yeahand hav great time newquaysend postcard 1 look girls im goneu know 1im talkin boutxx,ham
get divorce lol shes,ham
whats ur pin,ham
babe get enough money pick bread milk ill give back get home,ham
want snow freeze windy,ham
urgent try contact u todays draw show å£2000 prize guarantee call 09066358361 land line claim y87 valid 12hrs,spam
come mahal bus stop ltdecimalgt,ham
knowthis week im go tirunelvai da,ham
baby promise treat well bet take good care,ham
like hotel dusk game think solve puzzle area thing,ham
thank ringtone order reference number x29 mobile charge 450 tone arrive please call customer service 09065989180,spam
hi love go day fuck morning wake drop cell way stairs seem alright phews miss,ham
well must pain catch,ham
sorry da thangamits mistake,ham
need coz never go,ham
rise redred bloodblood heartheart u u send tis ur friends include u like u get back 1u r poor relation 2u need 1 support 3u r frnd 2 many 4some1 luvs u 5 some1 pray god marry u try,ham
wifehow know time murder exactly,ham
six chance win cash 100 20000 pound txt csh11 send 87575 cost 150pday 6days 16 tsandcs apply reply hl 4 info,spam
ur cashbalance currently 500 pound maximize ur cashin send collect 83600 150pmsg cc 08718720201 po box 11414 tcrw1,spam
feel like dick keep sleep texts facebook message sup town,ham
plm come da way,ham
guess want alone time could show watch,ham
height recycle read twice people spend time earn money money spend spend time good morning keep smile,ham
yup ì comin,ham
yes princess toledo,ham
aight text youre back mu ill swing need somebody get door,ham
ron say fri leh n say ding tai feng cant make reservations say wait lor,ham
good swimsuit allow,ham
okay soon best,ham
cute think friendship necessary share every secret ur close frnd,ham
ok ive send u da latest version da project,ham
good morning dear great amp successful day,ham
pls accept one day beg change number,ham
squeeeeeze christmas hug u lik frndshp den hug back u get 3 u r cute 6 u r luvd 9 u r lucky none people hate u,ham
ok anybody ask abt u tel themp,ham
funny fact nobody teach volcanoes 2 erupt tsunamis 2 arise hurricanes 2 sway aroundn 1 teach hw 2 choose wife natural disasters happen,ham
gon na ring weekend wot,ham
also track lighter find,ham
sorry cant help,ham
babe need advice,ham
iû÷ll leave around four ok,ham
come medical college 7pm forward da,ham
kkits goodwhen go,ham
make lasagna vodka,ham
hi kate u give ring asap xxx,ham
people tour think sofa thing send curious sugar,ham
tell go get drink,ham
fuck chickened message would late woould buzz didnt hear word,ham
congratulations thank good friend u å£2000 xmas prize 2 claim easy call 08718726978 10p per minute btnationalrate,spam
im always look excuse city,ham
yup im still coffee wif frens fren drive shell give lift,ham
shore takin bus,ham
u gon na get deus ex,ham
send email mind ltgt time per night,ham
44 7732584351 want new nokia 3510i colour phone deliveredtomorrow 300 free minutes mobile 100 free texts free camcorder reply call 08000930705,spam
tap spile seven pub gas st broad st canal ok,ham
ok come n pick u engin,ham
never want tell im short onedge late,ham
raviyog peripherals bhayandar east,ham
k actually guy meet sunoco howard right way,ham
1 new voicemail please call 08719181513,spam
moon come color dream star make musical sms give warm peaceful sleep good night,ham
finish eat get u plate leftovers time,ham
thanx lot,ham
hurry home u big butt hang last caller u food do im starve dont ask cook,ham
lol right diet everyday cheat anyway im mean fatty,ham
great day beautiful one,ham
happen interview,ham
solve case man find murder ltdecimalgt ltgt afternoon 1his wife call police 2police question everyone 3wife siri sleep murder take place 4cook cook 5gardener pick vegetables 6housemaid go 2 post office 7children go 2 play 8neighbour go 2 marriage police arrest murderer immediately whos reply reason u r brilliant,ham
badrith chennaii surely pick usno competition,ham
tot group mate lucky havent reply wat time ì need leave,ham
hey around ive get enough half ten owe,ham
hey tmr maybe meet yck,ham
alrite sam nic checkin ur numberso ittb,ham
make easy pay back ltgt yrs say pay back earlier get,ham
worry im sure youll get,ham
gas station like block away house youll drive right since armenia end swann take howard,ham
someone u know ask date service 2 contact cant guess call 09058097189 reveal pobox 6 ls15hb 150p,spam
camera award sipix digital camera call 09061221066 fromm landline delivery within 28 days,spam
tuition 330 hm go 1120 1205 one mind,ham
im smoke people use wylie smoke much justify ruin shit,ham
dear good morning feel dear,ham
little meds say take every 8 hours 5 pain back take another hope dont die,ham
beautiful tomorrow never come come already today hunt beautiful tomorrow dont waste wonderful today goodmorning,ham
dunno lei ì decide lor abt leona oops tot ben go n msg,ham
hi move in2 pub would great 2 c u u cud come,ham
todays voda number end 5226 select receive 350 award hava match please call 08712300220 quote claim code 1131 standard rat app,spam
message free welcome new improve sex dog club unsubscribe service reply stop msgs150p 18,spam
honeybee say im sweetest world god laugh amp say waitu havnt meet person read msg moral even god crack joke gmgngegn,ham
ever easier,ham
rct thnq adrian u text rgds vatian,spam
stop call everyone say might cancer throat hurt talk cant answer everyones call get one call im babysitting monday,ham
itll tough ill,ham
im gonnamissu muchi would say il send u postcard buttheres aboutas much chance merememberin asthere ofsi breakin contract luv yaxx,ham
ee msg na poortiyagi odalebeku hanumanji 7 name 1hanuman 2bajarangabali 3maruti 4pavanaputra 5sankatmochan 6ramaduth 7mahaveer ee 7 name ltgt janarige ivatte kalisidare next saturday olage ondu good news keluviri maretare inde 1 dodda problum nalli siguviri idu matra ltgt true dont neglet,ham
hi darlin finish 3 u 1 2 pick meet text back number luv kate xxx,ham
set place heart mind mind easily forget heart always remember wish happy valentines day,ham
im surprise still guess right lor,ham
okie ì wan meet bishan cos bishan im drive today,ham
oh ho first time u use type word,ham
hi darlin work u get trouble ijust talk mum morning really good time last night im goin soon call u,ham
know serve mean,ham
huh hyde park mel ah opps get confuse anyway tts e best choice den juz take,ham
oh gei happend tron maybe ill dl 3d,ham
free message activate 500 free text message reply message word free term condition visit,spam
know girls always safe selfish know get pa thank good night,ham
worry hope photo shoot go well spiffing fun workage,ham
im freeze crave ice fml,ham
kay since already,ham
eh sorry leh din c ur msg sad already lar watch tv u still office,ham
yo im right yo work,ham
ok darlin supose ok worry muchi film stuff mate babysit call therexx,ham
say u mind go bedroom minute ok sed sexy mood come 5 minuts latr wid caken wife,ham
wake since check stuff saw true available space pls call embassy send mail,ham
nope juz work,ham
huh fast dat mean u havent finish paint,ham
number u live 11,ham
put party 7 days week study lightly think need draw custom checkboxes know hardcore,ham
sac score big hundredhe set batsman,ham
send yettys number pls,ham
much cost approx per month,ham
ok theory test ì go book think 21 may coz think wan na go jiayin isnt free,ham
contact date service someone know find call land line 09050000928 pobox45w2tg150p,spam
thats fine give call know want question,ham
sorry get late start way,ham
u go back urself lor,ham
gas station go,ham
k u bore come home,ham
babe love cover face kiss,ham
like make throw smoke friends car one time awesome,ham
still check da,ham
go walmart ill stay,ham
havent forget might couple buck send tomorrow k love ya,ham
oh great ill disturb talk,ham
reverse cheat mathematics,ham
ure welcome catch u use break english,ham
problem baby good time talk call leave message,ham
sorry ill call later,ham
oh brand,ham
sorry cant take call right happen r 2waxsto wat want come ill get medical insurance shell able deliver basic care im currently shop right medical insurance give til friday morning thats ill see major person guide right insurance,ham
time come,ham
call say come today ok tell fool like ok,ham
email yifeng part oredi ì get fr,ham
r u sure theyll understand wine good idea slurp,ham
minimum walk 3miles day,ham
ok problem get taxi c ing tomorrow tuesday tuesday think r go cinema,ham
brainless baby dolld vehicle sariyag drive madoke barolla,ham
dont run away frm u walk slowly amp kill u dont care enough stop,ham
sorry miss call let talk time im 07090201529,spam
please attend phone,ham
hate call didnt accept even single call mine even message,ham
message phone im hold,ham
im free,ham
yo trip get postpone still stock,ham
sorry ill call later,ham
wait call sir,ham
hey reply pa,ham
hey elaine todays meet still,ham
sorry ive go place ill tomorrow really sorry,ham
tiime dont let hug dont break tear,ham
tomorrow go theatre come wherever u call tell come tomorrow,ham
electricity go fml,ham
look like find something smoke great job,ham
also andros ice etc etc,ham
,ham
good afternon love today hope good maybe interview wake miss babe passionate kiss across sea,ham
yup wun believe wat u really neva c e msg send shuhui,ham
hows watch resize,ham
dear umma call,ham
finish miss plenty,ham
complimentary 4 star ibiza holiday å£10000 cash need urgent collection 09066364349 landline lose box434sk38wp150ppm18,spam
well mean oppose drunken night,ham
k must book huh go yoga basic sunday,ham
free msgwe bill mobile number mistake shortcode 83332please call 08081263000 charge refundedthis call free bt landline,spam
ok,ham
oops mums somerset bite far back tomo see soon x,ham
u workin overtime nigpun,ham
kallis dismissial 2nd test,ham
guess get screwd,ham
please call 08712402972 immediately urgent message wait,spam
im meet call later,ham
r u cook dinner,ham
ok thanx,ham
bull plan go float ikea without care world live mess another day,ham
buy,ham
urgent mobile number award å£2000 bonus caller prize call 09058095201 land line valid 12hrs,spam
heehee funny tho,ham
simple arithmetic percentages,ham
yeah wouldnt leave hour least hows 4 sound,ham
value customer please advise follow recent review mob award å£1500 bonus prize call 09066364589,spam
thank honey great day,ham
amaze quote sometimes life difficult decide whats wrong lie bring smile truth bring tear,ham
good night dear sleepwellamptake care,ham
ì ask dad pick ì lar ìï wan 2 stay 6 meh,ham
jus chillaxin,ham
hey das cool iknow 2 wellda peril studentfinancial crisisspk 2 u l8r,ham
beautiful truth gravity read carefully heart feel light someone feel heavy someone leave goodmorning,ham
want new nokia 3510i colour phone deliveredtomorrow 300 free minutes mobile 100 free texts free camcorder reply call 08000930705,spam
whats come hill monster hope great day things r go fine busy though,ham
joy father john john joy father u ans ths hav ltgt iq tis ias question try answer,ham
ill obey,ham
didnt search online let know,ham
need go get,ham
pic please resend,ham
remain bro amongst bros,ham
uhhhhrmm isnt tb test bad youre sick,ham
haf enuff space get like 4 mb,ham
life never much fun great come make truly special wont forget enjoy one gbpsms,spam
want new video phone 600 anytime network mins 400 inclusive video call download 5 per week free deltomorrow call 08002888812 reply,spam
value customer please advise follow recent review mob award å£1500 bonus prize call 09066368470,spam
welcome please reply age gender begin eg 24m,spam
freemsg 1month unlimited free call activate smartcall txt call 68866 subscriptn3gbpwk unlimited call help 08448714184 stoptxt stop landlineonly,spam
mobile 10 mths update latest orange cameravideo phone free save å£s free textsweekend call text yes callback orno opt,spam
new 2 club dont fink meet yet b gr8 2 c u please leave msg 2day wiv ur area 09099726553 reply promise carlie x callså£1minmobsmore lkpobox177hp51fl,spam
true easier,ham
sure since parent work tuesday dont really need cover story,ham
haha okay today weekend leh,ham
hi darlin youphone im athome youwanna chat,ham
dont know jack shit anything id sayask something helpful want pretend text whatever response hypotheticalhuagauahahuagahyuhagga,ham
youve always brainy one,ham
yeah get random dude need change info sheet party ltgt 7 never study safe,ham
camera award sipix digital camera call 09061221066 fromm landline delivery within 28 days,spam
christmas occasion celebrate reflection ur value desire affectionsamp traditions ideal christmas,ham
send greetings joy happiness gr8 even,ham
hi darlin cantdo anythingtomorrow myparents aretaking outfor meal u free katexxx,ham
india win level series mean record,ham
plan,ham
good hear,ham
awesome deal gate charles tell last night uh yeah,ham
time thinkin goin,ham
get free mobile video player free movie collect text go 89105 free extra film order ts cs apply 18 yrs,spam
save money wed lingerie choose superb selection national delivery bring weddingfriend,spam
board work fine issue overheat also reslove still software inst pending come around 8o clock,ham
yes dont care cause know,ham
wiskey brandy rum gin beer vodka scotch shampain wine kudiyarasu dhina vaazhthukkal,ham
mon okie lor haha best cheap n gd food la ex oso okie depend whether wana eat western chinese food den u prefer,ham
sit ard nothing lor u leh busy w work,ham
ltgt k oh send home sale,ham
sorry mail,ham
ya tell abt tht incident,ham
yes outside like 2 hours call whole family wake cause start 1,ham
ugh get outta class,ham
nowadays people notixiquating laxinorficated opportunity bambling entropication ever oblisingately opt ur book masteriastering amplikater fidalfication champlaxigating think atrocious wotz ur opinion junna,ham
dont file bagi work call mei tell find anything room,ham
need lar jus test e phone card dunno network gd thk wait 4 sis 2 finish bath bathe dun disturb u liao u clean ur room,ham
ok ill right later,ham
friendship poem dear dear u r near hear dont get fear live cheer tear u r always dear gud ni8,ham
lunch come quickly open door,ham
hear u4 call night knickers make beg like u last time 01223585236 xx luv nikiyu4net,spam
back bite long cos accident a30 divert via wadebridgei brilliant weekend thank speak soon lot love,ham
k yan jiu liao sit go 4 bugis vill one frm 10 3 den hop parco 4 nb sun go cine frm 1030 2 den hop orc mrt 4 hip hop 4,ham
bloomberg message center 447797706009 wait apply future bloombergcom,spam
seek lady street freak sheet,ham
phone,ham
haha figure well find piece priscillas bowl,ham
actually fuck whatever find excuse tampa point january though,ham
urgent try contact u todays draw show å£800 prize guarantee call 09050001808 land line claim m95 valid12hrs,spam
yay finally lol miss cinema trip last week,ham
day work dayexcept saturday sunday,ham
aathiwhere dear,ham
heart empty without love mind empty without wisdom eye r empty without dream amp life empty without frnds alwys touch good night amp sweet dream,ham
think iû÷m wait bus inform get ever get,ham
get back time soon,ham
hows things quick question,ham
night end another day morning come special way may smile like sunny ray leave worry blue blue bay gud mrng,ham
probably come everybodys do around ltgt right,ham
get new year cos yetunde say want surprise didnt see money return mid january ltgt day return period end,ham
ask around theres lot term mids,ham
sure check yahoo email send photos yesterday,ham
look,ham
wherres boytoy,ham
want new video phone750 anytime network mins 150 text five pound per week call 08000776320 reply delivery tomorrow,spam
hello love go day wish well fine babe hope find job prospect miss boytoy tease kiss,ham
tell bad character u dnt lik ill try change ltgt add tat 2 new year resolution wait ur replybe frankgood morning,ham
noi get rumour go buy apartment chennai,ham
yeah probably earlier,ham
change windows logoff sound,ham
still check da,ham
im also come room,ham
huh get lesson 4 lei n thinkin go sch earlier n tot parkin kent vale,ham
ok,ham
reach office around ltdecimalgt amp mobile problem cannt get voice call asa ill free,ham
cool text head,ham
contact date service someone know find call land line 09050000878 pobox45w2tg150p,spam
wan2 win meetgreet westlife 4 u m8 currently tour 1unbreakable 2untamed 3unkempt text 12 3 83049 cost 50p std text,spam
happy birthday may u find ur prince charm soon n dun work hard,ham
oh grand bite party doesnt mention cover charge probably first come first serve,ham
say go back bed cant sleep anything,ham
hope arnt piss id would really like see tomorrow love xxxxxxxxxxxxxx,ham
dorothykiefercom bank granite issue strongbuy explosive pick members 300 nasdaq symbol cdgt 500 per,spam
say ltgt year old man money im last ltgt still wait check,ham
come ur home,ham
free day finish 6 mon n thurs,ham
food,ham
life alle moneeppolum oru pole allalo,ham
nite,ham
two fundamentals cool life walk,ham
camera quite good 101mega pixels 3optical 5digital doom lovely holiday safe hope hav good journey happy new year see couple weeks,ham
hi peteynoiåõm ok want 2 chat coz avent speak 2 u 4 long timehope ur doin alritehave good nit js love ya amx,ham
saw ron burgundy captain party boat yeah,ham
im serious money base,ham
already one guy love,ham
staff placement train amrita college,ham
always chat fact need money raise,ham
im job profile seem like bpo,ham
well give cos say didnû÷t one nighters persevere find one cheap apologise advance somewhere sleep isnt,ham
think actually talk call boss morning go place last year tell could go get car fix cheaper keep tell today much hop would come back always regret get number etc,ham
will go apps class,ham
hang brother family,ham
reach 9 tell dont know,ham
hey go quit soon xuhui work till end month,ham
im sorry bout last nite wasnåõt ur fault spouse pmt sumthin u 4give think u shldxxxx,ham
try neva mate,ham
yeah thatd pretty much best case scenario,ham
free today haf 2 pick parent tonite,ham
hey babe far 2 spunout 2 spk da mo dead 2 da wrld sleep da sofa day,ham
send naughty pix,ham
å£1000 winner guarantee caller prize final attempt contact claim call 09071517866 150ppmpobox10183bhamb64xe,spam
xmas new years eve ticket sale club day 10am till 8pm thurs fri sit night week theyre sell fast,spam
tyler get 8th leave long 9 get like hour,ham
prepare pound every night,ham
actually mobile full msg work online need send ltgt send msg wil explain u later,ham
sorry ill call later,ham
good even,ham
im home please call,ham
oic cos n sis get lunch today dad go dunno whether 2 eat sch wat,ham
mmmmm sooooo good wake word morning love mmmm fuck love lion devour kiss across sea,ham
please inform application airtel broadband process successfully installation happen within 3 days,ham
happen dear silent tense,ham
ill get 3 unless guy want come time sooner,ham
cough nothing,ham
ìï come lt 25 n pass lar,ham
im e person whos e sms survey,ham
lol ok ill try send warn sprint dead slow youll prolly get tomorrow,ham
thank meet monday,ham
th gower mate r u man good wales ill b back åômorrow c u wk msg 4 åð random,ham
rock yr chik get 100s filthy film xxx pics yr phone rply filth 69669 saristar ltd e14 9yt 08701752560 450p per 5 days stop2 cancel,spam
single line big mean miss anything 4 ur best life,ham
get like ltgt get later though get whatever feel like,ham
dad want talk apartment get late start omw,ham
love,ham
lol u still feel sick,ham
din tell u jus 420,ham
eye philosophy,ham
next month get upto 50 call 4 ur standard network charge 2 activate call 9061100010 c wire3net 1st4terms pobox84 m26 3uz cost å£150 min mobcudb,spam
ok lor im town lei,ham
alreadysabarish ask go,ham
da vijay go talk jaya tv,ham
urgent try contact u todays draw show å£800 prize guarantee call 09050000460 land line claim j89 po box245c2150pm,spam
lol know hey someone great inpersonation flea forums love,ham
text banneduk 89555 see cost 150p textoperator g696ga 18 xxx,spam
still chance search hard get itlet try,ham
auction round 4 highest bid å£54 next maximum bid å£71 bid send bid e g 10 bid å£10 83383 good luck,spam
always celebrate nys family,ham
know taj mahal symbol love lesser know facts 1 mumtaz shahjahans 4th wife 7 wifes 2 shahjahan kill mumtazs husband marry 3 mumtaz die ltgt th delivery 4 marry mumtazs sister question arise hell love great hari,ham
okcome home vl nice meet v chat,ham
collect valentines weekend paris inc flight hotel å£200 prize guarantee text paris 69101,spam
send de webadres get salary slip,ham
shes fine send greetings,ham
customer loyalty offerthe new nokia6650 mobile å£10 txtauction txt word start 81151 get 4tctxt tc 150pmtmsg,spam
dint touch,ham
yup leave right back soon,ham
wont believe true incredible txts reply g learn truly amaze things blow mind o2fwd 18ptxt,spam
yeah sure ill leave min,ham
one teach ship cars,ham
sign maturity start say big things actually start understand small things nice even bslvyl,ham
yeah confirm stay weekend,ham
say ì dun haf passport smth like dat ì juz send email account,ham
multiply number independently count decimal point division push decimal place like show,ham
lovely night wake see message hope smile know great morning,ham
ard 4 lor,ham
right meanwhile hows project twin comin,ham
send maga money yesterday oh,ham
hi 07734396839 ibh customer loyalty offer new nokia6600 mobile å£10 txtauctiontxt wordstart no81151 get now4t,spam
heart empty without love mind empty without wisdom eye r empty without dream amp life empty without frnds alwys touch good night amp sweet dream,ham
hot n horny will live local text reply hear strt back 150p per msg netcollex ltdhelpdesk 02085076972 reply stop end,spam
ride equally uneventful many pesky cyclists around time night,ham
wereare free give otherwise nalla adi entey nattil kittum,ham
ive send wife text buy shell tell relax go get wkend,ham
escape theatre go watch kavalan minutes,ham
much would cost hire hitman,ham
anything lor,ham
sorry ill call later,ham
want new nokia 3510i colour phone deliver tomorrow 200 free minutes mobile 100 free text free camcorder reply call 08000930705,spam
huh cant go 2 ur house empty hand right,ham
good morning princess happy new year,ham
congratulations youve youre winner august å£1000 prize draw call 09066660100 prize code 2309,spam
aight well head,ham
wat r u busy wif work,ham
know mood today,ham
jay tell already,ham
cps cause outages conserve energy,ham
im sure check happen around area,ham
hey morning come ask pa,ham
jordan get vote last nite,ham
mean get epi shes fine shes,ham
idea,ham
pls come quick cant bare,ham
joy father john john joy father u ans ths hav ltgt iq tis ias question try answer,ham
call unable cal let meet bhaskar deep,ham
ill meet library,ham
k roommate also want dubsack another friend may also want plan bring extra ill tell know sure,ham
depend individual lor e hair dresser say pretty parent say look gong u kaypoh also dunno wat collect,ham
ok c ì,ham
enjoy watch play football basketball anything outdoors,ham
please ask macho price range want something new use plus interfued blackberry bold ltgt bb,ham
sorry send blank msg yup try 2 serious study,ham
hey check da list da,ham
8007 25p 4 alfie moon children need song ur mob tell ur m8s txt tone charity 8007 nokias poly charity polys zed 08701417012 profit 2 charity,spam
mean apology texting get drug ltgt night,ham
mean february april ill get place stay dont hustle back forth audition season since sister move away harlem,ham
goin workout lor muz lose e fat,ham
damn poor zac doesnt stand chance,ham
messageno responcewhat happend,ham
want tel u one thing u mistake k message send,ham
yeah right ill bring tape measure fri,ham
still chance search hard get itlet try,ham
meet u work tel shall work tomorrow,ham
head straight,ham
get official england poly ringtone colour flag yer mobile tonights game text tone flag 84199 optout txt eng stop box39822 w111wx å£150,spam
thank princess sexy,ham
oooh get plenty,ham
hui xin da lib,ham
big difference ltgt versus ltgt every ltgt hrs,ham
make cry stuff happen top everything else push edge dont underdtand often cry sorry sorry life,ham
2 babe feel let 4get itboth try cheer upnot fit soo muchxxlove u locaxx,ham
know hook mean right,ham
customer service announcement recently try make delivery unable please call 07090298926 reschedule ref9307622,spam
wats da model num ur phone,ham
hes really skateboard despite fact get throw wind bandage shit arm every five minutes,ham
stop club tone reply stop mix see mytonecomenjoy html term club tone cost gbp450week mfl,spam
house e sky quite dark liao rain get excuse 2 run already rite hee,ham
sorry leave phone upstairs ok might hectic would bird one fell swoop date,ham
think didnt see,ham
wamma get laidwant real doggin locations send direct mobile join uks largest dog network txt dog 69696 nownyt ec2a 3lp å£150msg,spam
carlos say pick later yeah set,ham
hey babe friend cancel still visit,ham
per request maangalyam alaipayuthe set callertune callers press 9 copy friends callertune,ham
hmm ill think ok youre forgive,ham
hop get away 7 langport still town tonight,ham
want send virtual hug need one,ham
probably still go stuff,ham
issue right ill fix tomorrow,ham
come people,ham
senthil group company apnt 5pm,ham
oh really make air whats talent,ham
study ill free next weekend,ham
r u yet im wear blue shirt n black pant,ham
waiti come ltgt min,ham
reach ur home ltgt minutes,ham
well great weekend,ham
langport sorry ill probably bed 9pm suck ill xmas go2sri lanka,ham
frnd juz wordnot merely relationshipits silent promise say wherevr whenevr forevr gudnyt dear,ham
huh 6 also can not many mistake,ham
ha u jus eat honey ar sweet,ham
im turn phone moms tell everyone cancer sister wont stop call hurt talk cant put see u u get home love u,ham
honey sweetheart darling sexy buns sugar plum loverboy miss boytoy smack ass go gym,ham
thank love rock,ham
yeah imma come cause jay want drug,ham
ok thanx take care,ham
yup thk u oso bore wat,ham
come look flat seem ok 50s away alot wiv work get woman come 630,ham
moji inform save live thank,ham
nokia 7250i get win free auction take part send nokia 86021 hgsuite3422lands roww1jhl 16,spam
whos class,ham
hey r ì still online ive finish format,ham
great attract brothas,ham
promotion number 8714714 ur award city break could win å£200 summer shop spree every wk txt store 88039 skilgme tscs087147403231winawkage16 å£150perwksub,spam
stupidits possible,ham
cant pick phone right pls send message,ham
lol happen vegas stay vegas,ham
hello hello hi lou sorry take long 2 reply leave mobile friends lancaster get bak neway im sorry couldnåõt make ur båõday 2 hun,ham
use soc use home ìï dunno 2 type word ar,ham
dad say hurry hell,ham
wake ltgt morning,ham
get class bsn like ltgt minutes know advise,ham
great shoot big load get ready,ham
ill meet lobby,ham
still come tonight,ham
happen dear tell,ham
sir wait call free please call,ham
movies laptop,ham
texted finish long time ago shower erything,ham
ok im sure time finish tomorrow wan na spend even cos would vewy vewy lubly love xxx,ham
hello per request ltgt rs5 transfer,ham
tirupur call da,ham
winner specially select receive å£1000 cash å£2000 award speak live operator claim call 087147123779am7pm cost 10p,spam
sbut luck2 catch put,ham
noe ì specify da domain nusstu ìï still sch,ham
ohi ask fun hahatake care ì,ham
shall get pouch,ham
hey loverboy love tell look picture ache feel legs fuck want need crave,ham
boy sweet word leave morning sigh go day love start study,ham
kent vale lor ìï wait 4 ar,ham
ok good make money,ham
read gud habit nan bari hudgi yorge pataistha ertini kano,ham
aight still want get money,ham
free top ringtone sub weekly ringtoneget 1st week freesend subpoly 816183 per weekstop sms08718727870,spam
okok okthenwhats ur todays plan,ham
town v important,ham
sorry pa dont knw ru pa,ham
wat u,ham
meet ì rite ill go home lor ì dun feel like comin ok,ham
oh get pay outstanding one commercial hasbroin august make us jump many hoop get pay still,ham
lateso call tomorrow morningtake care sweet dreamsu meummifyingbye,ham
network technical support associate,ham
im gon na rip uterus,ham
cool like swim pool jacuzzi house,ham
thank ringtone order reference number x49 mobile charge 450 tone arrive please call customer service 09065989182 colourredtextcolourtxtstar,spam
yeah gang ready,ham
blank blank wat blank lol,ham
im movie collect car oredi,ham
leave already orchard,ham
hi 2nights ur lucky night uve invite 2 xchat uks wildest chat txt chat 86688 150pmsgrcvdhgsuite3422landsroww1j6hl ldn 18yrs,spam
nothing splwat abt u whr ru,ham
chikku nt yet ya im free,ham
aldrine rakhesh ex rtm herepls callurgent,ham
search 4 happiness 1 main source unhappiness accept life way come u find happiness every moment u live,ham
im home please call,ham
guess could good excuse lol,ham
isnt frnd necesity life imagine urself witout frnd hwd u feel ur colleg watll u wth ur cell wat abt function thnk abt events espell care miss amp irritate u 4wrd dearloving frnds wthout u cant live jst takecare goodmorning,ham
gud mrng dear hav nice day,ham
old orchard near univ,ham
4 tacos 1 rajas burrito right,ham
itû÷s å£6 get ok,ham
hows street end library walk,ham
plz note anyone call mobile co amp ask u type ltgt ltgt disconnect callcoz iz attempt terrorist make use sim card itz confirmd nokia n motorola n verify cnn ibn,ham
stop get ice cream go back,ham
stitch trouser,ham
da vijay go talk jaya tv,ham
22 146tf150p,spam
hey im bore im think u wat r u,ham
nah wednesday bring mini cheetos bag,ham
nobody name penis girls name story doesnt add,ham
aight let know youre gon na around usf,ham
im lip sync shangela,ham
ìï neva tell noe im home da aft wat,ham
bite ur smile hppnss drop ur tear sorrow part ur heart life heart like mine wil care u forevr goodfriend,ham
dear voucher holder 2 claim 1st class airport lounge pass use holiday voucher call 08704439680 book quote 1st class x 2,spam
buzz hey love think hope day go well sleep miss babe long moment together againloving smile,ham
haha sound crazy dunno tahan anot,ham
u early,ham
ya one slow poo,ham
bloomberg message center 447797706009 wait apply future bloombergcom,spam
im gloucesterroad uup later,ham
yeshere tv always available work place,ham
yes place town meet excite adult single uk txt chat 86688 150pmsg,spam
lol ouch wish id stay bite longer,ham
god ask forgiveness little child give lovely reply,ham
well join ltgt bus,ham
ask keep one maybe thats didnt get message send glo,ham
free 1st week no1 nokia tone 4 ur mob every week txt nokia 8007 get txting tell ur mat pobox 36504 w45wq norm150ptone 16,spam
ki send ltgt min,ham
would smoke help us work difficult time,ham
someone u know ask date service 2 contact cant guess call 09058095107 reveal pobox 7 s3xy 150p,spam
yesmum lookin strong,ham
sir goodmorning free call,ham
call,ham
gr8 see message r u leave congrats dear school wat r ur plan,ham
love girls office may wonder smile sore,ham
hi wlcome back wonder get eat lion something nothing much,ham
uncle timi help clear cars,ham
come hostel go sleep plz call class hrishi,ham
ok bag,ham
hi speak maneesha v wed like know satisfy experience reply toll free yes,ham
ok lor msg b4 u call,ham
mila age23 blonde new uk look sex uk guy u like fun text mtalk 6986618 30pptxt 1st 5free å£150 increments help08718728876,spam
fishrman wake early mrng dark wait amp find sack ful stone strtd throwin thm in2 sea 2 pass time atlast jus 1stone sun rise amp find tht r nt stone diamonds moraldont wake early mrng good night,ham
claim 200 shop spree call 08717895698 mobstorequiz10ppm,spam
ur physics get,ham
dear friends sorry late information today birthday love arpraveesh detail log face book see number ltgt dont miss delicious treat,ham
r ì go send,ham
online transaction,ham
dear get train seat mine lower seat,ham
let know need anything else salad desert something many beers shall get,ham
wat r u,ham
whore unbelievable,ham
want funk ur fone weekly new tone reply tones2u 2 text original n best tone 3gbp network operator rat apply,spam
sure dont mean get,ham
love know feel make belly warm wish love shall meet dream ahmad adore kiss,ham
twinks bear scallies skin jocks call dont miss weekend fun call 08712466669 10pmin 2 stop texts call 08712460324nat rate,spam
love want flood pretty pussy cum,ham
hey angry reply dr,ham
short cute good person,ham
also remember bead dont come ever,ham
thread wishlist section forums ppl post nitro request start last page collect bottom,ham
first time history need comfort luxury sell price india onionrs ltgt petrolrs ltgt beerrs ltgt shesil ltgt,ham
feb ltgt love u day send dis ur value frnds evn 3 come back ull gt marry person u luv u ignore dis u lose ur luv 4 evr,ham
actually nvm get hella cash still ltgt ish,ham
try contact reply offer video handset 750 anytime network mins unlimited text camcorder reply call 08000930705,spam
ok least armands still around,ham
da happy sit together na,ham
yup song bro creative neva test quality say check review online,ham
dude fakemy frnds get money thts im reffering uif u member wit mail link u vl credit ltgt rs il getiing ltgt rsi draw acc wen ltgt rs,ham
dude makin weirdy brownies sister make awesome cookies take pics,ham
urgent try contact last weekend draw show å£900 prize guarantee call 09061701851 claim code k61 valid 12hours,spam
pls dont restrict eat anythin like next two days,ham
mm ask come enough,ham
funeral home audrey dad,ham
aight text address,ham
excellent wish together right,ham
yep fine 730 830 ice age,ham
pls wont belive godnot jesus,ham
dunno wat get 4,ham
yet chikkuk wat abt tht guy stop irritate msging u,ham
long take get,ham
number vivek,ham
74355 xmas iscoming ur award either å£500 cd gift vouchers free entry 2 r å£100 weekly draw txt music 87066 tnc,spam
sorry brah finish last exams,ham
get arrest possession shit lttimegt pm,ham
right though cant give space want need really start become issue go suggest set definite move outif im still greece maybe ready,ham
normal,ham
please protect ethreats sib never ask sensitive information like passwordsatmsms pin thru email never share password anybody,ham
miss much im desparate record message leave day listen hear sound voice love,ham
hi im always online yahoo would like chat someday,ham
goodmorningmy grandfather expiredso leave today,ham
congratulations u claim 2 vip row ticket 2 c blu concert november blu gift guarantee call 09061104276 claim tscs costå£375max,spam
yuou work get pc moms find spot would work need,ham
sure ill see come bite,ham
agree stop thinkin ipad please ask macho question,ham
let pool money together buy bunch lotto ticket win get ltgt u get ltgt deal,ham
ok,ham
askd u question hours answer,ham
watch tv lor nice one like lor,ham
im think chennai forget come auction,ham
ì come n pick 530 ar,ham
early bird purchase yet,ham
go pay rent go bank authorise payment,ham
erm û ill pick 645pm thatll give enough time get park,ham
hey mate hows u honeydid u ave good holiday gimmi de gossx,ham
howz painit come todaydo say ystrdayice medicine,ham
chile please ltdecimalgt hour drive come time sublet febapril audition season,ham
yes ammaelife take lot turn sit try hold steer,ham
yeah thats think lem me know anythings goin later,ham
mmmm cant wait lick,ham
pls go today ltgt dont want excuse,ham
fantasy football back tv go sky gamestar sky active play å£250k dream team score start saturday register nowsky opt 88088,spam
plz tell ans bslvyl send via fullonsmscom,ham
u town alone,ham
look forward sex cuddle two sleep,ham
rounderso require,ham
truekdo u knw dis ltgt,ham
dont worry 1 day big lambu ji vl cometil enjoy batchlor party,ham
oh ya get hip hop open haha think go jazz zoom cine actually tonight im free leh theres kb lesson tonight,ham
free msg single find partner area 1000s real people wait chat nowsend chat 62220cncl send stopcs 08717890890å£150 per msg,spam
im ok part tomorrow,ham
find diff farm shop buy cheese way back call,ham
r u still work,ham
win newest åòharry potter order phoenix book 5 reply harry answer 5 question chance first among readers,spam
yep like pink furniture tho,ham
free msg ringtonefrom widelivecomindex wmlid1b6a5ecef91ff937819firsttrue180430jul05,spam
customer place wil cal u sir,ham
oh god ive find number im glad text back xafter msgs cst std ntwk chg å£150,spam
pure hearted person wonderful smile make even hisher enemies feel guilty enemy catch world smile goodmorning amp smiley sunday,ham
thatåõs alrite girl u know gail neva wrongtake care sweet donåõt worryc u l8tr hunlove yaxxx,ham
theoretically yeah could able come,ham
alright hook guy,ham
know people still town,ham
let math good,ham
oh ok wait 4 lect havent finish,ham
yeah usual guy town therere definitely people around know,ham
join today formallypls keep prayingwill talk later,ham
happy sad one thing past good morning,ham
multimedia message email,ham
okie scar u say fat u dun wan already,ham
u get message,ham
sorry sir call tomorrow senthilhsbc,ham
need person give na,ham
leave vague say would inform person account delay rent discuss house agency rent another place check online place around usc ltgt,ham
hi juan im come home fri hey course expect welcome party lot present ill phone u get back load love nicky x x x x x x x x x,ham
plz tell ans bslvyl send via fullonsmscom,ham
short cute good person,ham
gumbys special ltgt cheese pizza 2 know doin tonight,ham
link picture send also use,spam
like personal size,ham
im great aunts anniversary party tarpon spring,ham
cab availablethey pick drop door step,ham
oktake careumma,ham
unlimited texts limit minutes,ham
double mins 1000 txts orange tariff latest motorola sonyericsson nokia bluetooth free call mobileupd8 08000839402 call2optouthf8,spam
problem spend lot quality time together,ham
urgent 2nd attempt contact u å£900 prize yesterday still await collection claim call 09061702893 acl03530150pm,spam
hear week,ham
dear dave final notice collect 4 tenerife holiday 5000 cash award call 09061743806 landline tcs sae box326 cw25wx 150ppm,spam
yes last practice,ham
tell u 2 call 09066358152 claim å£5000 prize u 2 enter ur mobile personal detail prompt careful,spam
thank youve wonderful,ham
otherwise part time job natuition,ham
ìï mean confirm tot juz say oni ok,ham
okie,ham
depend would like treat,ham
right brah see later,ham
wait e car 4 mum lor u leh reach home already,ham
2004 account 07xxxxxxxxx show 786 unredeemed point claim call 08719181259 identifier code xxxxx expire 260305,spam
want new video handset 750 anytime network mins half price line rental camcorder reply call 08000930705 delivery tomorrow,spam
go fast asleep deartake care,ham
mean fat head,ham
sound like plan cardiff still still cold im sit radiator,ham
serious like proper tongue,ham
shes good wonder wont say hi shes smile cop long distance,ham
noe shes da car later c lar im wear short,ham
important customer service announcement call freephone 0800 542 0825,spam
yeah whatever lol,ham
today accept dayu accept brother sister lover dear1 best1 clos1 lvblefrnd jstfrnd cutefrnd lifpartnr belovd swtheart bstfrnd rply mean enemy,ham
ard 530 lor ok message ì lor,ham
ok c u,ham
eh ur laptop get stock lei say mon muz come take look c get,ham
need ke qi ìï bore izzit suddenly thk,ham
wish dont think gon na snow much flurry usually get melt hit grind eek havent snow since ltgt even bear,ham
freeringtone reply real poly eg real1 1 pushbutton 2 dontcha 3 babygoodbye 4 golddigger 5 webeburnin 1st tone free 6 u join å£3wk,spam
1 thing change sentence want 2 concentrate educational career im leave,ham
oh really perform write paper go movie home midnight huh,ham
okay lor still let us go ah coz know later drop card box right,ham
izzit still rain,ham
wasnt enough trouble sleep,ham
havent add ì yet right,ham
lol really need remember eat im drink appreciate keep company night babe smile,ham
babe lose try reboot,ham
yes nigh cant aha,ham
thk ì get ta go home urself cos ill b go shop 4 frens present,ham
nooooooo im gon na bore death day cable internet outage,ham
sos amount get pls,ham
playin space poker u,ham
come guoyang go n tell u tell,ham
need get,ham
r give second chance rahul dengra,ham
yeah fact ask need anything like hour ago much,ham
first strike red one bird antelope begin toplay fieldof selfindependence believe flower contention growrandom,ham
ì wan go c doctor,ham
daddy bb,ham
free msg get gnarl barkleys crazy ringtone totally free reply go message right,spam
shes borderline yeah whatever,ham
get call landline number ask come anna nagar go afternoon,ham
545 lor ya go 4 dinner together,ham
gentle princess make sweet gentle love,ham
u doin baby girl hope u okay every time call ure phone miss u get touch,ham
sorry go bed early nightnight,ham
like think theres always possibility pub later,ham
hmm yeah groove im look forward pound special,ham
get video tape pple type message lor u free wan 2 help hee cos noe u wan 2 watch infernal affairs ask u along ask shuhui oso,ham
hi dude hw r u da realy mising u today,ham
hungry buy food good lei mum n yun dun wan juz buy little bite,ham
refuse loan secure unsecured cant get credit call free 0800 195 6669 text back help,spam
probably wont eat today think im gon na pop weekend u miss,ham
know u sleep v late yest wake late,ham
haha dont angry take practice real thing,ham
one day train,ham
could kiss feel next,ham
nice day dear,ham
send lanre fakeyes eckankar detail mail box,ham
dad back ph,ham
specially select receive 3000 award call 08712402050 line close cost 10ppm 16 tcs apply ag promo,spam
ask say please message,ham
e time go w u lor,ham
love aathilove u lot,ham
callin say hi take care bruv,ham
value vodafone customer computer pick win å£150 prize collect easy call 09061743386,spam
u turn heater heater set ltgt degrees,ham
thank message really appreciate sacrifice im sure process direct pay find way back test tomorrow im class wonderful day,ham
thats trouble class go well youre due dodgey one û expect mine tomo see recovery time place,ham
free video camera phone half price line rental 12 mths 500 cross ntwk mins 100 txts call mobileupd8 08001950382 call2optout674,spam
wot u 2 j,ham
night night see tomorrow,ham
roger weû÷re probably go rem 20,ham
u think girl propose u today see ur bloody funky shit fuck faceasssssholeeee,ham
wish u feel alone,ham
great new offer double mins double txt best orange tariff get latest camera phone 4 free call mobileupd8 free 08000839402 2stoptxt tcs,spam
reason team budget available last buy unsold players base rate,ham
ceri u rebel sweet dreamz little buddy c ya 2moro need blokes,ham
ringtoneking 84484,spam
huh cant thk oredi many page,ham
frens go lor alone wif mum n sis lor,ham
nationwide auto centre something like newport road like,ham
hey miss tm last night phone charge smile meet friend shortly,ham
whatever juliana whatever want,ham
friendship game play word say doesnt start march end may tomorrow yesterday today e,ham
ringtone club gr8 new polys direct mobile every week,spam
hello sort town already dont rush home eat nachos let know eta,ham
ok lor anyway thk cant get ticket cos like quite late already u wan 2 go look 4 ur frens darren wif,ham
bank granite issue strongbuy explosive pick members 300 nasdaq symbol cdgt 500 per,spam
way ur home,ham
dizzamn aight ill ask suitemates get back,ham
nimbomsons yep phone know one obviously cos thats real word,ham
love cuddle want hold strong arm right,ham
r u continent,ham
well pay like ltgt yrs difficult,ham
bore housewives chat n date 08717507711 btnational rate 10pmin landlines,spam
try call reply sms video mobile 750 mins unlimited text free camcorder reply call 08000930705 del thurs,spam
kkwhen give treat,ham
2nd time try contact u u å£400 prize 2 claim easy call 087104711148 10p per minute btnationalrate,spam
hes gon na worry nothing wont give money use,ham
get gift year didnt get anything bad,ham
somewhere beneath pale moon light someone think u dream come true goodnite amp sweet dream,ham
well theres pattern emerge friends tell drive come smoke tell im weed fiendmake smoke muchimpede things see im hesitant,ham
ow u deyi pay 60400thousadi tell u would call,ham
im fine babes aint 2 much tho saw scary movie yest quite funny want 2mrw afternoon town mall sumthinxx,ham
im reach home 5 min,ham
forget work today wan na chat things ok drop text youre free bore etc ill ring hope well nose essay xx,ham
ha must walk everywhere can not take tram cousin say walk vic market hotel,ham
wan2 win meetgreet westlife 4 u m8 currently tour 1unbreakable 2untamed 3unkempt text 12 3 83049 cost 50p std text,spam
please call customer service representative freephone 0808 145 4742 9am11pm guarantee å£1000 cash å£5000 prize,spam
discuss mother ah,ham
ok,ham
sorry cant text amp drive coherently see twenty,ham
receive weeks triple echo ringtone shortly enjoy,spam
place get room cheap,ham
eek thats lot time especially since american pie like 8 minutes long cant stop sing,ham
gran onlyfound afew days agocusoon honi,ham
uve select stay 1 250 top british hotels nothing holiday value å£350 dial 08712300220 claim national rate call bx526 sw73ss,spam
university southern california,ham
pick rayan macleran,ham
u gd lor go shop get stuff u wan 2 watch infernal affairs come lar,ham
well ball time make call,ham
wat time ì wan today,ham
ltgt mca conform,ham
oh ok wats ur email,ham
yes princess go make moan,ham
lol ok didnt remember til last nite,ham
û anyway many good evenings u,ham
cool ill text,ham
sorry vikky im watch olave mandara movie kano trishul theatre wit frnds,ham
im happy babe woo hoo party dude,ham
take italian food pretty dress panties,ham
wot u 2 thout u gon na call txt bak luv k,ham
choose receive å£350 award pls call claim number 09066364311 collect award select receive value mobile customer,spam
hold,ham
dont flatter tell man mine two pints carlin ten minutes please,ham
hope scar,ham
cant pick phone right pls send message,ham
im home n ready,ham
please call customer service representative freephone 0808 145 4742 9am11pm guarantee å£1000 cash å£5000 prize,spam
time u get,ham
literally bed like ltgt hours,ham
yes reg ciao,ham
mean website yes,ham
win å£1000 cash prize prize worth å£5000,spam
thank ringtone order reference number x49your mobile charge 450 tone arrive please call customer service 09065989182,spam
lol could starve lose pound end day,ham
yeah thats impression get,ham
ok ok take care understand,ham
motivate behind every darkness shin light wait find behind every best friend always trust love bslvyl,ham
ya ok dinner,ham
sleep timeyou,ham
dont make ne plan nxt wknd coz want us come ok,ham
school start stay whats weather like food social support system like friends school things important,ham
ha ha nan yalrigu heltiniiyo kothi chikku u share many things wit meso far didnt tell body even utter word abt u ur trust much tell others plz nxt time dont use word meok chikkub,ham
noice text youre,ham
hi di yijue meet 7 pm esaplanade tonight,ham
moby pub quizwin å£100 high street prize u know new duchess cornwall txt first name 82277unsub stop å£150 008704050406 sp,spam
weeks savamob member offer accessible call 08709501522 detail savamob pobox 139 la3 2wu å£150week savamob offer mobile,spam
aight ive set free think could text blakes address occur im quite sure im think,ham
hi dear saw dear happy battery low,ham
age hows abj,ham
prof pass paper sem congrats student enna kalaachutaarama prof gud mrng,ham
dont kick coco hes,ham
fyi im gon na call sporadically start like ltgt bc doin shit,ham
contact date service someone know find call mobile landline 09064017305 pobox75ldns7,spam
tbspersolvo chase us since sept forå£38 definitely pay thank information ignore kath manchester,spam
hope youåõre much fun without see u tomorrow love jess x,ham
ok wont call disturb one know avoid burden,ham
ive reach home n bathe liao u call,ham
loan purpose even bad credit tenant welcome call noworriesloanscom 08717111821,spam
actual exam harder nbme,ham
lot sickness thing go round take easy hope u feel better soon lol,ham
god pick flower dippeditinadew lovingly touch itwhichturnedinto u gift tomeandsaidthis friend 4u,ham
87077 kick new season 2wks free goals news ur mobile txt ur club name 87077 eg villa 87077,spam
hey sathya till dint meet even single time saw situation sathya,ham
gam go outstanding innings,ham
play smash bros ltgt religiously,ham
sir good morning hope good weekend call let know able raise ltgt dad however say would make rest available mid feb amount still quite short hop would help good day abiola,ham
hurry home soup do,ham
check room befor activities,ham
good afternoon love good see word ym get tm smart move slave smile drink coffee await,ham
quite ok bite ex u better go eat smth else ill feel guilty,ham
orange bring ringtones time chart heroes free hit week go ringtones pics wap stop receive tip reply stop,spam
lem me know youre,ham
private 2003 account statement 07973788240 show 800 unredeemed point call 08715203649 identifier code 40533 expire 311004,spam
need stop go bed make fuck deal,ham
love brother time talk english grin say hey muhommad penny say hello across sea,ham
try call reply sms video mobile 750 mins unlimited text free camcorder reply call 08000930705,spam
hey doc pls want get nice shirt hubby nice fit ones budget ltgt k help pls load card abi hwkeep post luv 2 mj,ham
remain unconvinced isnt elaborate test willpower,ham
life nothing wen v get everything life everything wen v miss something real value people wil realize absence gud mrng,ham
miss,ham
aint answerin phone actually pretty reasonable hour im sleepy,ham
hey rite u put åè10 evey mnth,ham
go bed prin,ham
think ûthanks see tomo,ham
u dun drive go 2 sch,ham
home lei,ham
gsoh good spam ladiesu could b male gigolo 2 join uks fastest grow mens club reply oncall mjzgroup 087143423992stop reply stop msgå£150rcvd,spam
ok come ur home half hour,ham
u secret admirer look 2 make contact ufind rreveal think ur specialcall 09058094599,spam
u hav frnd name ashwini ur college,ham
jus finish lunch way home lor tot u dun wan 2 stay sch today,ham
k 2marrow come class,ham
hot live fantasy call 08707500020 20p per min ntt ltd po box 1327 croydon cr9 5wb 0870 national rate call,spam
pls send address sir,ham
want lick pussy,ham
yo gon na still stock tomorrowtoday im try get dubsack,ham
urgent mobile number award 2000 prize guarantee call 09061790125 landline claim 3030 valid 12hrs 150ppm,spam
ill see prolly yeah,ham
think could go dinner ill treat seem ok,ham
stand away doesnt heart ache without dont wonder dont crave,ham
sorry never hear unless book one kinda jokethet really look skinny white girls one lineyou much camera something like theyre cast look,ham
doinghow,ham
sure thing big man hockey elections 6 shouldnû÷t go longer hour though,ham
watch lor saw swatch one thk quite ok ard 116 need 2nd opinion leh,ham
hiya u like hlday pics look horrible take mo hows camp amrca thing speak soon serena,ham
babe go day miss already love love kiss hope everything go well,ham
yunny im goin late,ham
doc prescribe morphine cause pain meds arent enough wait mom bring med kick fast im gon na try later,ham
cool want go kappa meet outside mu,ham
hey sexy buns tell adore loverboy hope remember thank sister law meatballs grin love babe,ham
may b approve panalambut post,ham
spjanuary male sale hot gay chat cheaper call 08709222922 national rate 15pmin cheap 78pmin peak stop texts call 08712460324 10pmin,spam
sorry ill call later,ham
dont thnk wrong call us,ham
im workin get job,ham
youre do mean,ham
ur luck love someone ur fortune love one love u,ham
hi baby ive get back work want see u allday hope didnt piss u phone today u give call xxx,ham
freemsg todays day ready im horny live town love sex fun game netcollex ltd 08700621170150p per msg reply stop end,spam
yahoo boys bring perf legal,ham
need say anything know outsider,ham
ever one foot,ham
get ltgt,ham
good donû÷t need receiptsûówell do û yes please tell whatû÷s number could ring,ham
ever green quote ever tell jerry cartoon person irritate u always one love u vry much fail express gud nyt,ham
leave wif lar ìï wan carry meh heavy da num 98321561 familiar ì,ham
beautiful truth expression face could see everyone depression heart could understand love ones gud ni8,ham
infact happy new year see,ham
simpsons movie release july 2007 name band die start film agreen day bblue day cred day send b c,spam
thats shame maybe cld meet hrs tomo,ham
lol would despite cramp like girl,ham
canåõt wait cornwall hope tonight isnåõt bad well itåõs rock night shite anyway iåõm go kip good night speak soon,ham
pls help tell sura im expect battery hont pls send message download movies thank,ham
please call amanda regard renew upgrade current tmobile handset free charge offer end today tel 0845 021 3680 subject ts cs,spam
havent find way get another app phone eh go net cafe take job geeee need babe crave see,ham
work mon thurs sit cant leh book liao day u free,ham
ìï comin fetch us oredi,ham
whats nannys address,ham
urgent 4 costa del sol holiday å£5000 await collection call 09050090044 toclaim sae tc pobox334 stockport sk38xh costå£150pm max10mins,spam
haf u eat wat time u wan 2 come,ham
want new video phone 750 anytime network mins half price line rental free text 3 months reply call 08000930705 free delivery,spam
yo call get chance friend mine want ask big order,ham
single single answer fight plus say break didnt reply,ham
certainly put things perspective something like happen,ham
get tv 2 watch meh u work today,ham
felt sonot convey reason ese,ham
mobile 11 months u r entitle update latest colour mobiles camera free call mobile update co free 08002986030,spam
hows go get excite karaoke type activities plan im debate whether play football eve feel lazy though,ham
tell come wednesday,ham
ok call mom instead fun,ham
dear voucher holder claim weeks offer pc please go tscs apply,spam
well im desperate ill call armand,ham
work right,ham
congrats nokia 3650 video camera phone call 09066382422 call cost 150ppm ave call 3mins vary mobiles 16 close 300603 post bcm4284 ldn wc1n3xx,spam
havent hear anything hes answer texts im guess flake say jb fantastic,ham
mmmmmm love youso much ahmad cant wait year begin every second take closer side happy new year love,ham
pls whats full name joke school cos fee university florida seem actually ltgt k pls holla back,ham
sorry ill call later,ham
ok say ive get wisdom teeth hide inside n mayb need 2 remove,ham
pls pls drink plenty plenty water,ham
hows queen go royal wed,ham
hes lag thats sad part keep touch thank skype,ham
ok lor go tog lor,ham
two team wait players,ham
ì send copy da report,ham
swhrt u deyhope ur ok tot u 2daylove n misstake care,ham
ok da already plan wil pick,ham
urgent please call 0906346330 abta complimentary 4 spanish holiday å£10000 cash await collection sae tcs box 47 po19 2ez 150ppm 18,spam
sorry ill call later meet,ham
really need shit tomorrow know wont awake like 6,ham
im good register vote,ham
hmm ok ill stay like hour cos eye really sore,ham
dear get bus directly calicut,ham
mm umma ask vava also come tell play later together,ham
well general price ltgt oz let know ifwhenhow much want,ham
sorry ill call later,ham
moment dayhas valuemorning bring hopeafternoon bring faithevening bring luvnight bring restwish u find todaygood morning,ham
ltgt w jetton ave forget,ham
ok im come home,ham
use foreign stamp country,ham
double mins txts 4 6months free bluetooth orange available sony nokia motorola phone call mobileupd8 08000839402 call2optoutn9dx,spam
sorry lot friendofafriend stuff im talk actual guy want buy,ham
free 1st week no1 nokia tone 4 ur mob every week txt nokia 8007 get txting tell ur mat pobox 36504 w45wq norm150ptone 16,spam
want funk ur fone weekly new tone reply tones2u 2 text original n best tone 3gbp network operator rat apply,spam
cmon babe make horny turn txt fantasy babe im hot sticky need reply cost å£150 2 cancel send stop,spam
come tomorrow di,ham
wylie update weed dealer carlos go freedom class lunsford,ham
happy baby alright take job hope fine send kiss make smile across sea kiss kiss,ham
c movie juz last minute decision mah juz watch 2 lar tot ì interest,ham
enjoy semester take care brother,ham
important information 4 orange user 0796xxxxxx today ur lucky day2 find log onto theres fantastic prizeawaiting,spam
get door im,ham
let use next week princess,ham
go home first lar ì wait 4 lor put stuff first,ham
want kfc tuesday buy 2 meals 2 gravy 2 mark 2,ham
dahe stupid daalways send like thisdon believe messagepandy mental,ham
oi gon na ring,ham
miss call alert number call leave message 07008009200,spam
attend nothing,ham
ard 530 like dat lor juz meet mrt station ì dun haf come,ham
dear sleep p,ham
er mw im fill tuth aight,ham
office around 4 pm go hospital,ham
actually im wait 2 weeks start put ad,ham
anything lor go go lor,ham
u free sit rite u wan 2 watch infernal affairs wif n darren n mayb xy,ham
plz note anyone call mobile co amp ask u type ltgt ltgt disconnect callcoz iz attempt terrorist make use sim card itz confirmd nokia n motorola n verify cnn ibn,ham
yo around friend mine lookin pick later tonight,ham
stupid auto correct phone,ham
double eviction week spiral michael good riddance,ham
world suffer lot violence bad people silence good people,ham
ok thats cool either raglan rd edward rd behind cricket grind gim me ring ur closeby see tuesday,ham
buy one egg daplease,ham
start skye,ham
bookedthe hut also time way,ham
several sir,ham
u really pig leh sleep much dad wake 10 smth 2 eat lunch today,ham
im home please call,ham
love hope anything drastic dont dare sell pc phone,ham
reach home tire come tomorro,ham
freemsg record indicate may entitle 3750 pound accident claim free reply yes msg opt text stop,spam
u win å£100 music gift vouchers every week start txt word draw 87066 tscs skillgame 1winaweek age16 150ppermesssubscription,spam
life style garment account please,ham
lol wtf random btw lunch break,ham
sez hows u de arab boy hope u r good give love 2 evry1 love ya eshxxxxxxxxxxx,ham
lay man let know miss think great day send bimbo ugos number ill appreciate safe,ham
detroit home snow enjoy,ham
show ur colour euro 2004 241 offer get england flag 3lions tone ur phone click follow service message info,spam
okie,ham
aight im chillin friends room text youre way,ham
toshiba portege m100 gd,ham
well welp sort semiobscure internet thing,ham
text pass 69669 collect polyphonic ringtones normal gprs charge apply enjoy tone,spam
accordingly repeat text word ok mobile phone send,spam
loosu go hospital de dont let careless,ham
much eighth,ham
omg joanna freak shes look thru friends find photos shes ask stuff myspace havent even log like year,ham
send ur birthdate month year tel u ur life partner name method calculation reply must,ham
juz havent wake bite blur blur dad go liao cant cum oso,ham
clothe jewelry trip,ham
block breaker come deluxe format new feature great graphics tmobile buy å£5 reply get bbdeluxe take challenge,spam
aah cuddle would lush id need lot tea soup kind fumble,ham
important information 4 orange user today lucky day2find log onto theres fantastic surprise await,spam
late,ham
sad story man last week bday wife didnt wish parent forget n kid go work even colleagues wish,ham
plan family set stone,ham
pls dont forget study,ham
youll never believe actually get taunton wow,ham
den weekdays get special price haiz cant eat liao cut nail oso muz wait finish drivin wat lunch still muz eat wat,ham
break list reason nobodys town cant tell shes sarcastic faggy,ham
ltdecimalgt common car better buy china asia find less expensive ill holla,ham
greatest test courage earth bear defeat without lose heartgn tc,ham
sorry im stil fuck last nite go tobed 430 get 4 work 630,ham
hey whats plan sit,ham
beauty sleep help ur pimples,ham
great hope use connections mode men also cos never know old friends lead today,ham
natalja 25f invite friend reply yes440 no440 see stop send stop frnd 62468,spam
get,ham
kind miss train cos asthma attack nxt one half hr drive sure park,ham
ball move lotwill spin last difficult bat,ham
haiyoh maybe hamster jealous million,ham
please send auntys number,ham
im glad follow dream,ham
ive reach home finally,ham
urgent important information 02 user today lucky day 2 find log onto fantastic surprise await,spam
winner value network customer select receivea å£900 prize reward claim call 09061701461 claim code kl341 valid 12 hours,spam
wn u r hurt prsn close 2 u fight wit dem coz somtimes dis fight save relation bt quiet leave nothin relation gud eveb,ham
u call,ham
science tell chocolate melt sunlight please dont walk sunlight bcozi dont want loss sweet friend,ham
yes come nyc audiitions try relocate,ham
pock,ham
congrats thats great want tell tell score cos might make relax motivate thank share,ham
wud never mind u dont miss u dont need u wil really hurt wen u need amp u dont tell take care,ham
hey mr whats name bill brison book one language word,ham
okay good problem thanx,ham
information ikea spell cap yell think leave sit bed among mess come say go get home class please dont try bullshit make want listen less,ham
call ure do,ham
gwr,ham
best watch say cause get drink motherfucker,ham
kit strip bill 150p netcollex ltd po box 1013 ig11 oja,spam
hmv bonus special 500 pound genuine hmv vouchers answer 4 easy question play send hmv 86688 info,spam
please call 08712402578 immediately urgent message wait,spam
thesmszonecom let send free anonymous mask messagesim send message theredo see potential abuse,spam
well do 4 costa del sol holiday å£5000 await collection call 09050090044 toclaim sae tcs pobox334 stockport sk38xh costå£150pm max10mins,spam
hurt tease make cry end life die plz keep one rise grave say stupid miss u nice day bslvyl,ham
erm woodland avenue somewhere get parish magazine telephone number,ham
ta job available let know please cos really need start work,ham
aiyar hard 2 type u later free tell call n scold n tell u,ham
yup im free,ham
good good billy mat go jog enjoy concert,ham
yo come carlos soon,ham
awww dat sweet think something nice time tonight ill probably txt u later cos im lonely xxx,ham
guess useless call u 4 something important,ham
ha ha pop loo helloed hello,ham
dint tell anything angry tell abi,ham
someone u know ask date service 2 contact cant guess call 09058091854 reveal po box385 m6 6wu,spam
happen r 2waxsto wat want come ill get medical insurance shell able deliver basic care im currently shop right medical insurance give til friday morning thats ill see major person guide right insurance,ham
keep ten rs shelf buy two egg,ham
wasnt well babe swell glands throat end,ham
ur change 2 da report big cos ive already make change 2 da previous report,ham
captain room,ham
cant speak bcaz mobile problem listen cannt listen voice call later,ham
hiya stu wot u 2im much truble home moment evone hat even u wot hell av do wont u tell text bck please luv dan,ham
si take mokka players,ham
still play gautham,ham
hey mr go sea view couple gays mean game give bell ya finish,ham
k jason say hes gon na around ill around ltgt,ham
sorry able get see morning,ham
aight well keep inform,ham
number sir,ham
search good dual sim mobile pa,ham
seem unnecessarily hostile,ham
dude get haircut breezy,ham
congrats 2 mobile 3g videophones r call 09061744553 videochat wid ur mat play java game dload polyh music noline rentl bx420 ip4 5we 150pm,spam
1appledayno doctor 1tulsi leafdayno cancer 1lemondayno fat 1cup milkdayno bone problms 3 litres watrdayno diseases snd ths 2 u care,ham
think king hill thing,ham
nope ill come online,ham
also tell say happy birthday,ham
bishan lei tot ì say lavender,ham
boo time u get u suppose take shop today,ham
u sound like manky scouse boy stevelike travel da bus homewot u inmind 4 recreation dis eve,ham
fyi im take quick shower epsilon like ltgt min,ham
tuesday night r u 4 real,ham
yes appt,ham
get outta class gon na go gym,ham
want send ltgt mesages today thats sorry hurt,ham
ìï write wat,ham
ha wouldnt say didnt read anything way u seem dont like 2 judgementali save fridays pub,ham
valentine game send dis msg ur friends 5 answer r someone really love u ques colour suit best,ham
hidid ask waheeda fathima leave,ham
enjoy urself tmr,ham
still around could use half8th,ham
u 447801259231 secret admirer look 2 make contact ufind rreveal think ur specialcall 09058094597,spam
give us back id proof ltgt rs wont allow work come home within days,ham
ìï bot note oredi cos juz rem get,ham
yes rent expensive way save,ham
night end another day morning come special way may smile like sunny ray leave worry blue blue bay gud mrng,ham
hows pain deary r u smile,ham
fun fact although would think armand would eventually build tolerance shit consider much smoke get fuck like 2 hit,ham
important information 4 orange user 0789xxxxxxx today lucky day2find log onto theres fantastic surprise await,spam
sorry cant help,ham
great send account number,ham
hellogorgeous hows u fone charge lst nitw wen u texd hopeu ad nice wkend im sure u lookin 4ward 2 cin u 2mrw luv jaz,ham
date service ask 2 contact u someone shy call 09058091870 reveal pobox84 m26 3uz 150p,spam
ìï send content page,ham
night sweet sleep well ive see exorcism emily rise may never sleep hug snog,ham
dont think u get think use get good ni8,ham
cant right second get ta hit people first,ham
evry emotion dsnt hav wordsevry wish dsnt hav prayrs u smile world wit uothrwise even drop tear dsnt lik 2 stay wit uso b happy good morning keep smile,ham
remember,ham
ujhhhhhhh computer ship address sandiago parantella lane wtf poop,ham
mm yes dear look hug p,ham
like dis sweater fr mango size already irritate,ham
1 dont number 2 gon na massive pain ass id rather get involve thats possible,ham
anytime lor,ham
want new video handset 750 time network mins unlimited text camcorder reply call 08000930705 del sit,spam
purity friendship two smile read forward messageits smile see name gud evng,ham
ur balance å£600 next question complete landmark big bob b barry c ben text b c 83738 good luck,spam
fineabsolutly fine,ham
k youre sure dont consent form v,ham
ur tonexs subscription renew charge å£450 choose 10 polys month bill msg,spam
dont prize go another customer tc 18 150pmin polo ltd suite 373 london w1j 6hl please call back busy,spam
much torch 9ja,ham
nothing u dinner w us,ham
check,ham
do internet connection v slow canû÷t send try later first thing tomo,ham
mathews tait edwards anderson,ham
yeah sure thing mate haunt get stuff sort im go sound anyway promote hex way dont know number joke,ham
need lar go engin cos sis arts today,ham
thank honey still havent hear anything leave bite longer 2 crowd try later great advice thank hope cardiff still,ham
want new nokia 3510i colour phone deliver tomorrow 200 free minutes mobile 100 free text free camcorder reply call 8000930705,spam
im snowboard trip wonder plan get everyone together befor goa meet greet kind affair cheer,ham
sim watch live,ham
see christmassy,ham
k im ready ltgt,ham
know god create gap finger one make come amp fill gap hold hand love,ham
greatest test courage earth bear defeat without lose heartgn tc,ham
new years plan,ham
recpt 13 order ringtone order process,spam
baaaaaaaabe wake miss crave need,ham
get message ignore yes shop,ham
dear mood cant drive brother drive,ham
dad get back,ham
tell shola please go college medicine visit academic department tell academic secretary current situation ask transfer ask someone check sagamu thing lautech vital complete medical education nigeria less expensive much less expensive unless get citizen rat new zealand,ham
yes finish watch days live love,ham
juz go google n search 4 qet,ham
many time lose best ones bcoz,ham
good friends care close friends understand true friends stay forever beyond word beyond time gud ni8,ham
get back home,ham
sorry ill call later ltgt mins,ham
dun need use dial juz open da browser n surf,ham
one register subscribers u enter draw 4 100 gb gift voucher reply enter unsubscribe text stop,spam
awesome plan get time like ltgt ill text detail wee bite,ham
take care sleep wellyou need learn change lifeyou need get convince thati wait conversations usget convince timeyour family many sensesrespect overemphasiseor u role life,ham
chance win free bluetooth headset simply reply back adp,spam
also didnt get na hi hi hi hi hi,ham
ya cant display internal sub get ta extract,ham
say anything wrong sorry de,ham
sad story man last week bday wife didnt wish parent forget n kid go work even colleagues wish,ham
stupid say challenge godyou dont think write instead respond immed,ham
yeah able ill text im ready meet,ham
v skint fancy bevieswaz gona go meet othrs spoon jst bin watchng planet earthsofa v comfey dont make hav gd night,ham
say hes quit least5times day wudnt take much notice nah didnt mind gon na see want come taunton tonight u tell,ham
get free call,ham
little darlings far week need coffee run tomocant believe time week already û,ham
ok msg u b4 leave house,ham
still west coast haiz ìïll take forever come back,ham
mmm fuck merry christmas,ham
alright thank advice enjoy night ima try get sleep,ham
update face book status frequently,ham
saw messageit k da,ham
something u eat,ham
bank say money,ham
aiyar dun disturb u liao thk u lot 2 aft ur cupboard come,ham
hey r watch movie tonight ill prob b home early,ham
yar lor u noe u use dat route,ham
2mro come gym machan goodnight,ham
dont think need yellow card uk travel ask someone go ltgt buck,ham
u look 4 da lib get stuff havent finish yet,ham
sound great im go sleep good night,ham
dont b floppy b snappy happy gay chat service photo upload call 08718730666 10pmin 2 stop texts call 08712460324,spam
housemaid murderer coz man murder ltgt th january public holiday govtinstituitions closedincluding post officeunderstand,ham
come u get nothing,ham
nothing ever easy dont look reason take risk life love,ham
want grasp pretty booty,ham
ive get tea sure flavour,ham
im go 2 orchard laready reach soon u reach,ham
dear deny word please,ham
know old dom tell yesterday name roger get touch last night want meet today 2 pm,ham
come back tampa ffffuuuuuuu,ham
2 celebrate båõday else,ham
merry christmas u annie,ham
please tell special stock talk,ham
send like,ham
urgent ur award complimentary trip eurodisinc trav acoentry41 å£1000 claim txt dis 87121 186å£150morefrmmob shracomorsglsuplt10 ls1 3aj,spam
awesome minute,ham
problem walk around julianaland oblivious go around say things constantly go one ear go whatever want dont know im upsetits dont listen tell go upset want surprise im mad,ham
ive tell everything stop dont let get dehydrate,ham
guess ltgt min,ham
im home ard wat time u reach,ham
storm msg wen u lift phne u say hello u knw wt real mean hello name girl yes u knw dat girl margaret hello girlfrnd f grahmbell invnted telphone moralone 4get name person,ham
want mapquest something look usf dogwood drive,ham
aight plan come later tonight,ham
die accidentally delete e msg suppose 2 put e sim archive haiz sad,ham
welcome ukmobiledate msg free give free call 08719839835 future mgs bill 150p daily cancel send go stop 89123,spam
wish great day moji tell offer always speechless offer easily go great lengths behalf stun exam next friday keep touch sorry,ham
thank reply today ur visa come r u still buy gucci bag sister things easy uncle john also bill really need think make money later sha,ham
sorry flake last night shit seriously goin roommate tonight,ham
say look pretty wif long hair wat thk hes cut quite short 4 leh,ham
ranjith cal drpd deeraj deepak 5min hold,ham
cheer callin babesozi culdnt talkbut wannatell u detail later wenwecan chat properly x,ham
hey u still gym,ham
say u mind go bedroom minute ok sed sexy mood come 5 minuts latr wid caken wife,ham
much better thank lol,ham
nothing smsing u n xy lor sorry lor da guy neva c u person sort know u lor u wan 2 meet xy ask 2 bring u along 4 next meet,ham
lem me know swing pick im free basically time 1 semester,ham
wa u efficient gee thanx,ham
3 receive mobile content enjoy,spam
able sleep,ham
want explicit sex 30 secs ring 02073162414 cost 20pmin,spam
meet soon princess ttyl,ham
ill pick 515pm go taunton still want come,ham
oh 4 outside players allow play know,ham
anything lor,ham
erutupalam thandiyachu,ham
cant u try new invention flyim joke,ham
noits ful song lyric,ham
u reckon need 2 arrange transport u cant thank,ham
true lov n care wil nevr go unrecognized though somone often make mistake value definitly undrstnd start miss,ham
shop eh ger toking abt syd lehhaha,ham
stand,ham
good weekend,ham
miss call miss call khelate kintu opponenter miss call dhorte lage thats rule one great phone receive quality win,ham
call get chance plz lt3,ham
new deus ex game comin early next yr,ham
computer fry essential part dont keep spar fuck idiot roommates looovvve leave thing run full ltgt 7,ham
friend shes study warwick weve plan go shop concert tmw may cancel havnt see age yeah get together sometime,ham
probably couple hours top,ham
lol grin im babe thank think,ham
man bus slow think youre gon na get,ham
hope text meet smile let text give reason smile beautiful day,ham
case wake wonder forget take care something grandma today do parade,ham
ok,ham
latest nokia mobile ipod mp3 player å£400 proze guarantee reply win 83355 norcorp ltdå£150mtmsgrcvd18,spam
sms service inclusive text credit pls goto login 3qxj9 unsubscribe stop extra charge help 08702840625comuk 220cm2 9ae,spam
nvm take ur time,ham
wats da decision,ham
wot u 2 bitch,ham
stupidits possible,ham
tell hr want post chennaibecause im work,ham
mobile club choose top quality items mobile 7cfca1a,spam
guy leave,ham
neva grumble sad lor hee buy tmr lor aft lunch still meetin 4 lunch tmr neva hear fr lei ìï get lot work ar,ham
able anything,ham
ìï takin linear algebra today,ham
weekend fine excuse much decorate,ham
sorry miss babe late sleep hope enjoy drive lesson boytoy miss tease kiss,ham
project pa come,ham
money win number 946 wot next,spam
sure whenever show fuck gt,ham
random saw old roomate campus graduate,ham
congrats 2 mobile 3g videophones r call 09061744553 videochat wid ur mat play java game dload polyh music noline rentl bx420 ip4 5we 150pm,spam
men always need beautiful intelligent care love adjustable cooperative wife law allow one wife,ham
suck get plan yo valentine yo valentine arent,ham
get part nottingham 3 hrs 63miles good thing love man much 40mph hey ho,ham
think one say clearly ok leave need ask go come,ham
hi good mornin thanku wish u,ham
u want 2 meet 2morro,ham
actually decide hungry havent leave yet v,ham
ive send ì part,ham
cos shop wif darren jus n call 2 ask wat present wan lor start guess wif n finally guess darren lor,ham
want cock hubbys away need real man 2 satisfy txt wife 89938 string action txt stop 2 end txt rec å£150ea otbox 731 la1 7ws,spam
understand loss gain work school,ham
u miss u havent 2 much bite bore holiday want 2 go bak 2 college sad isnt itxx,ham
hiya probably come home weekend next,ham
dont forget though love walk beside watch keep heart warm,ham
wish things different wonder able show much value pls continue brisk walk drug without askin please find things laugh love dearly,ham
ok days make dinner tonite invite,ham
gr8 new service live sex video chat mob see sexiest dirtiest girls live ur phone 4 detail text horny 89070 cancel send stop 89070,spam
money 4 steve mate,ham
im late tellmiss im way,ham
never blame day ur life good days give u happiness bad days give u experience essential life gods blessings good morning,ham
normally use drink water daily,ham
dare ask luck sort car,ham
party place usf charge contribute way greatly appreciate yeah get room one,ham
urgh coach hot smell chip fat thank especially duvet predictive text word,ham
hiya last night ive naughty buy clothe little ready shop tho kind time wan na meet,ham
freemsg hi baby wow get new cam moby wan na c hot pic fancy chatim w8in 4utxt rply chat 82242 hlp 08712317606 msg150p 2rcv,spam
ive try reach without success,ham
derek do class,ham
never lei v lazy get wat dat day ì send da url cant work one,ham
never try alone take weight tear come ur heart fall ur eye always remember stupid friend share bslvyl,ham
hey mate speak mag people weû÷re deliver end month deliver 24th sept talk later,ham
hope good week check,ham
haha friend tyler literally ask could get dubsack,ham
hey u fancy meetin 4 cha åð hav lil beverage txt ring meet l8r quite tire get 3 vpist love pete x x x,ham
great safe trip dont panic surrender,ham
symptoms u love 1u like listen songs 2u get stop u see name beloved 3u wont get angry,ham
sun ah thk mayb dun anythin thk book e lesson e pilates orchard mrt u noe hor,ham
try something dear read something exams,ham
7 wonder world 7th 6th ur style 5th ur smile 4th ur personality 3rd ur nature 2nd ur sms 1st ur lovely friendship good morning dear,ham
gettin rdy ship comp,ham
hospital da return home even,ham
piss talk someone realise u point itnow read backwards,ham
think da wil,ham
im awake oh whats,ham
good afternoon boytoy go walk day get police abstract still wake miss babe,ham
much u try get,ham
come around ltdecimalgt pm vikkyim otside nw il come tht time,ham
tell address,ham
honeybee say im sweetest world god laugh amp say waitu havnt meet person read msg moral even god crack joke gmgngegn,ham
buy blackberry bold 2 torch buy new use let know plus say buy ltgt g wifi ipad say ltgt g,ham
together thinkin,ham
hiya hows go sunny africa hope u r avin good time give big old silver back big kiss,ham
time come tomorrow,ham
wan na laugh try chitchat mobile logon txting word chat send 8883 cm po box 4217 london w1a 6zf 16 118pmsg rcvd,spam
cha quiteamuzing thatåõscool babe,ham
omg u know eat,ham
urgent 2nd attempt contact uu å£1000call 09071512432 b4 300603tcsbcm4235wc1n3xxcallcost150ppmmobilesvary maxå£7 50,spam
,ham
directly behind abt 4 row behind ì,ham
congratulations ur award 500 cd vouchers 125gift guarantee free entry 2 100 wkly draw txt music 87066,spam
contract mobile 11 mnths latest motorola nokia etc free double mins text orange tariff text yes callback remove record,spam
urgent call 09066350750 landline complimentary 4 ibiza holiday 10000 cash await collection sae tcs po box 434 sk3 8wp 150 ppm 18,spam
plan yet,ham
hi engagement fixd ltgt th next month know really shock bthmm njan vilikkamt ws al sudn,ham
course maths one day one chapter one month finish,ham
wow didnt think common take back ur freak unless u chop,ham
ur chance win å£250 wkly shop spree txt shop 80878 tscs custcare 08715705022 1x150pwk,spam
noooooooo please last thing need stress life fair,ham
u secret admirer look 2 make contact ufind rreveal think ur specialcall 09065171142stopsms08718727870150ppm,spam
mila age23 blonde new uk look sex uk guy u like fun text mtalk 6986618 30pptxt 1st 5free å£150 increments help08718728876,spam
ill see swing bite get things take care firsg,ham
want wish happy new year want talk legal advice gary split person ill make trip ptbo hope everything good babe love ya,ham
finish work yet something,ham
tomorrow go theatre come wherever u call tell come tomorrow,ham
well do england get official poly ringtone colour flag yer mobile text tone flag 84199 optout txt eng stop box39822 w111wx å£150,spam
right wasnt phone someone number like,ham
ok wun b angry msg u aft come home tonight,ham
good time nice something bite different weekend change see ya soon,ham
yo sorry shower sup,ham
carlos pick ill swing usf little bite,ham
full heat pa apply oil pa,ham
im stick da middle da row da right hand side da lt,ham
lay airtel line rest,ham
hi u decide wot 2 get 4 bday ill prob jus get voucher frm virgin sumfing,ham
freemsg txt call 86888 claim reward 3 hours talk time use phone subscribe6gbpmnth inc 3hrs 16 stoptxtstop,spam
hey j r u feel better,ham
dont plan stay night prolly wont back til late,ham
thanx 4 puttin da fone,ham
need 8th im campus atm could pick hour two,ham
oh haha den shld go today gee nvm la kaiez dun mind goin jazz oso scar hiphop open cant catch,ham
run manage 5 minutes need oxygen might resort roller option,ham
live next ltgt mins,ham
de ask like,ham
glad talk,ham
wat time ì finish,ham
sorry da go mad many pending work,ham
much get clean,ham
hows favourite person today r u workin hard couldnt sleep last nite nearly ring u 430,ham
sunshine quiz win super sony dvd recorder canname capital australia text mquiz 82277 b,spam
ìï call dad oredi,ham
good think could send pix would love see top bottom,ham
nvm im go wear sport shoe anyway im go late leh,ham
sorry ill call later meet,ham
long fuckin showr,ham
receive understand n act upon,ham
finally come fix ceiling,ham
u need presnts always bcz u cant mis love jeevithathile irulinae neekunna prakasamanu sneham prakasam ennal prabha mns prabha islove get dont mis,ham
jus finish blow hair u finish dinner already,ham
im bus love,ham
lol know saw dollar store,ham
please call customer service representative 0800 169 6031 10am9pm guarantee å£1000 cash å£5000 prize,spam
todays voda number end 7634 select receive å£350 reward match please call 08712300220 quote claim code 7684 standard rat apply,spam
saturday sunday holiday difficult,ham
everybody fun even miss,ham
get hella gas money want go grand nature adventure galileo little bite,ham
im meet call later,ham
oh wow thats gay firmware update help,ham
wont move morphine,ham
come din c ì yup cut hair,ham
k k pa lunch aha,ham
oh ho first time u use type word,ham
captain vijaykanth comedy captain tvhe drunken,ham
course guess gods get hold right,ham
hide anythiing keep distance,ham
havent,ham
rip get mobile content call 08717509990 polytruepixringtonesgames six download 3,spam
sorry din lock keypad,ham
u get persons story,ham
plan come chennai,ham
try contact reply offer video phone 750 anytime network mins half price line rental camcorder reply call 08000930705,spam
god create gap btwn ur finger dat sum1 vry special fill gap hold ur hand plz dont ask create much gap legs,ham
okay go sleep later,ham
please protect ethreats sib never ask sensitive information like passwordsatmsms pin thru email never share password anybody,ham
finally happen aftr decades beer cheaper petrol goverment expect us drink dont drive,ham
å£400 xmas reward wait computer randomly pick loyal mobile customers receive å£400 reward call 09066380611,spam
r e meet tmr,ham
lol yes add spice day,ham
hope great day,ham
prasanth ettans mother pass away last night pray family,ham
k ill work something,ham
private 2003 account statement show 800 unredeemed point call 08718738002 identifier code 48922 expire 211104,spam
message great doctor india 1 drink appy fizz contain cancer cause age,ham
cant pick phone right pls send message,ham
call tell infront call,ham
ok prob,ham
ladies first genus second k,ham
yes please swim,ham
mum go robinson already,ham
ok set let u noe e detail later,ham
nottel software name,ham
send print out da,ham
im realy soz imat mums 2nite 2moro,ham
bear god say oh another idiot bear,ham
didnt get ur full msgsometext miss send,ham
probably im almost gas get cash tomorrow,ham
customer service announcement recently try make delivery unable please call 07099833605 reschedule ref9280114,spam
forget 2 ask ì smth theres card da present lei ìï want 2 write smth sign,ham
im leave house,ham
hi babe chloe r u smash saturday night great weekend u miss sp visionsmscom text stop stop 150ptext,spam
ìï ready call,ham
wewa 130 iriver 255 128 mb,ham
good thing im get connection bw,ham
sry dajst nw come home,ham
thats cool hell night lem me know youre around,ham
stay town,ham
haha yeah 2 oz kind shitload,ham
ok u take shop u get pay,ham
life mean lot love life love people life world call friends call world ge,ham
alright well bring see like ltgt mins,ham
pls dont play others life,ham
eatin lunch,ham
hmmmbut give one day,ham
didnt try g decide head,ham
ok prob,ham
surly ill give come review,ham
march end ready call sure problem capital never complete far hows work ladies,ham
tessypls favor pls convey birthday wish nimyapls dnt forget today birthday shijas,ham
pls give food preferably pap slowly load sugar take hour give water slowly,ham
urgent mobile 07808726822 award å£2000 bonus caller prize 020903 2nd attempt contact call 08718729758 box95qu,spam
guy get use dumb realize,ham
okey dokey iû÷ll bite sort stuff,ham
dawhats plan,ham
yes fine,ham
win winner mr foley ipod excite prize soon keep eye ur mobile visit,spam
like new mobile,ham
anytime,ham
mmmmmmm snuggle deep content sigh whisper fuck love much barely stand,ham
yar say get error,ham
hey anyway,ham
wow healthy old airport rd lor cant thk anything else ill b bath dog later,ham
wif family book tour package,ham
say bold torch later one torch 2bold,ham
haha awesome might need take doin tonight,ham
ya knw u vl givits ok thank kanoanyway enjoy wit ur family wit 1st salary,ham
huh slow tot u reach long ago liao u 2 days 4 leh,ham
thats cool princess cover face hot sticky cum,ham
big brotherû÷s really scrap barrel shower social misfits,ham
oops thk dun haf enuff go check tell ì,ham
s8 min go lunch,ham
hey happen u switch ur cell whole day isnt good u care give call tomorrow,ham
k addie amp art ill get home,ham
uncles atlanta wish guy great semester,ham
aiyo lesson early im still sleepin haha okie u go home liao den confirm w lor,ham
forget tell ì smth ì like number section clearer,ham
yup anything lor u dun wan ok,ham
im home love still awake love kiss,ham
hello peach cake tasts lush,ham
free game get rayman golf 4 free o2 game arcade 1st get ur game settings reply post save activ8 press 0 key arcade termsapply,spam
therell minor shindig place later tonight interest,ham
jason say cool pick place like hour,ham
mobile 10 mths update latest cameravideo phone free keep ur number get extra free minstexts text yes call,spam
career tel add u contact indyarockscom send free sms remove phonebook sms ltgt,ham
ive reach already,ham
dont know ask brother nothing problem thing tell,ham
keng rock ash,ham
wat time r ì go xins hostel,ham
good morning dear shijutta great amp successful day,ham
buy space invaders 4 chance 2 win orig arcade game console press 0 game arcade std wap charge see o2coukgames 4 term settings purchase,spam
oh kafter placement ah,ham
possession especially first offense,ham
nt drive even many reason call bbdthts chikku hw abt dvg coldheard tht vinobanagar violence hw conditionand hw ru problem,ham
buy test yesterday something let know exact day u ovulatewhen get 2u 2 3wks pls pls dont fret know u r worry pls relax also anything ur past history u need tell,ham
pizza u want,ham
keep see weird shit bein woah realise actually reasonable im oh,ham
many happy return day wish happy birthday,ham
ya nice ready thursday,ham
hospital da return home even,ham
think u x,ham
camera award sipix digital camera call 09061221066 fromm landline delivery within 28 days,spam
orh tot u say still dun believe,ham
put sign choose number pin show right,ham
beauty life next second hide thousands secrets wish every second wonderful ur life gud n8,ham
thanx u darlinim cool thanx bday drink 2 nite 2morrow take care c u soonxxx,ham
youre still maybe leave credit card get gas get back like tell,ham
weekly coolmob tone ready download weeks new tone include 1 crazy frogaxel f 2 akonlonely 3 black eyeddont p info n,spam
well boy glad g waste night applebees nothing,ham
cashbincouk get lot cash weekend dear welcome weekend get biggest best ever cash give away,spam
ok lor u wan go look 4 u,ham
u wan 2 haf lunch im da canteen,ham
dont make life stressfull always find time laugh may add years life surely add life ur years gud ni8swt dream,ham
hey look like wrong one kappa guy number still phone want text see hes around,ham
urgent mobile number award å£2000 prize guarantee call 09061790121 land line claim 3030 valid 12hrs 150ppm,spam
thank 4 continue support question week enter u in2 draw 4 å£100 cash name new us president txt ans 80082,spam
im home doc give pain meds say everything fine,ham
ì© 140 ardìä rest ard 180 leastwhich ì© price 4 ì© 2 bedrm 900,ham
lovely night xxx,ham
prepare pleasured,ham
hitechnical supportproviding assistance us customer call email,ham
text way cup stop work bus,ham
whens radio show,ham
unique user id 1172 removal send stop 87239 customer service 08708034412,spam
im sure still available though,ham
watever relation u build dis world thing remain atlast iz lonlines lotz n lot memories feel,ham
cheer lou yeah goodnite shame u neva come c ya gailxx,ham
hii get money da,ham
hi mobile ltgt add contact list great place send free sms people visit fullonsmscom,ham
ok u tell wat time u come later lor,ham
u repeat e instructions wats e road name ur house,ham
many people seem special first sight remain special till last sight maintain till life end shjas,ham
quite lor dun tell wait get complacent,ham
sorry completely forget pop em round week still,ham
u r beautiful girl ive ever see u r baby come c common room,ham
cant see join denis mina denis want alone time,ham
sen tell go join uncle finance cbe,ham
yup hey one day fri ask miwa jiayin take leave go karaoke,ham
call senthil hsbc,ham
especially since talk boston personal statement lol woulda change realize say nyc say boston,ham
indeed way either,ham
urgent call 09066649731from landline complimentary 4 ibiza holiday å£10000 cash await collection sae tcs po box 434 sk3 8wp 150ppm 18,spam
holy live christ take long,ham
ìï thk wat eat tonight,ham
thanx yup come back sun finish dinner go back 2 hotel time fly tog 4 exactly mth today hope well haf many mths come,ham
opposite side drop,ham
yup izzit still rain heavily cos im e mrt cant c outside,ham
send resume,ham
gd luck 4 ur exams,ham
u ask next sit make im ok lor,ham
sorry uncle ill keep touch,ham
saw guy dolls last night patrick swayze great,ham
urgent 2nd attempt contact u å£900 prize yesterday still await collection claim call 09061702893,spam
santa call would little ones like call santa xmas eve call 09077818151 book time calls150ppm last 3mins 30s tc,spam
come home dont want u miserable,ham
dont know shes get message,ham
cool tyler take gon na buy drop place later tonight total order quarter get enough,ham
guy car shop flirt get phone number paperwork call texted im nervous course may address call boss tell know may get fire,ham
reverse cheat mathematics,ham
plan manage,ham
er hello things didnû÷t quite go plan ûò limp slowly home follow aa exhaust hang,ham
sorry delay yes master,ham
call u finish come n pick u,ham
private 2004 account statement 0784987 show 786 unredeemed bonus point claim call 08719180219 identifier code 45239 expire 060505,spam
whats oga leave phone home saw ur message hope good great weekend,ham
dont worry though understand important put place poorly think punishment face worst thing ever happen brb gon na go kill,ham
honey pls find much sell predicte nigeria many time use important reply monday,ham
e admin build might b slightly earlier ill call u im reach,ham
fyi im usf swing room whenever,ham
call ltgt min thats ok,ham
ummmmmaah many many happy return day dear sweet heart happy birthday dear,ham
ìï home work meh,ham
anything valuable 2 situations first get second loose,ham
mark take forever pick prescription pain come back,ham
hows ur paper,ham
get smaller capacity one quite ex,ham
check choose babe videos smsshsexnetun fgkslpopw fgkslpo,spam
im good think,ham
u r winner u ave specially select 2 receive å£1000 cash 4 holiday flight inc speak live operator 2 claim 0871277810710pmin 18,spam
,ham
think bout drink tap spile seven pub gas st broad st canal ok,ham
go sleep tire travel,ham
haha thinkin,ham
yup give problems mayb ill jus leave,ham
lol try make day little interest,ham
long get reply defer admission til next semester,ham
word checkmate chess come persian phrase shah maat mean king dead goodmorning good day,ham
po de need job aha,ham
rat hey u ever vote next theme,ham
new mobiles 2004 must go txt nokia 89545 collect today å£1 2optout 08718726270150gbpmtmsg18 txtauction,spam
hope pee burn tonite,ham
oh rite well im best mate pete go 4 week 2geva longer week,ham
yay cant wait party together,ham
photoshop make computer shut,ham
boys make fun today ok problem send one message fun,ham
thats one issue california okay snow manageable,ham
private 2003 account statement show 800 unredeemed point call 08715203652 identifier code 42810 expire 29100,spam
hmmm mayb try e shoppin area one forget e name hotel,ham
awesome gon na soon later tonight,ham
need detail online job,ham
value vodafone customer computer pick win å£150 prize collect easy call 09061743386,spam
miss toopray inshah allah,ham
pls help tell ashley cant find number oh,ham
escape theatre go watch kavalan minutes,ham
sthis increase chance win,ham
either way work ltgt years old hope doesnt bother,ham
maybe find something else instead,ham
gain right wifedont demand iti try husband toolets see,ham
like new house,ham
im fine hope also,ham
also north carolina texas atm would go gre site pay test result send,ham
u,ham
yes baby need stretch open pussy,ham
thank bomb date phone want say,ham
ok,ham
hey guy know breathe neck get bud anyway youd able get half track usf tonight,ham
response one powerful weapon 2 occupy place others heart,ham
nokia phone lovly,ham
free messagethanks use auction subscription service 18 150pmsgrcvd 2 skip auction txt 2 unsubscribe txt stop customercare 08718726270,spam
bore housewives chat n date 08717507711 btnational rate 10pmin landlines,spam
sorry datoday wont come playi drive clas,ham
im really sorry light hair fire,ham
oh shit think trip loooooool make much sense grin sofa reference sleep couch link send wasnt go trip oh didnt babe go celebration rent,ham
okey dokey swashbuckling stuff oh,ham
watch cartoon listen music amp eve go temple amp church u,ham
1 tension face 2 smile face 3 waste face 4 innocent face 5terror face 6cruel face 7romantic face 8lovable face 9decent face ltgt joker face,ham
dip cell dead come u better respond else shall come back,ham
well know mean texting,ham
hi dis yijue would happy work wif ì gek1510,ham
lol oops sorry fun,ham
wat happen cruise thing,ham
know dat feelin pete wuld get em nuther place nuther time mayb,ham
lyricalladie21f invite friend reply yes910 no910 see stop send stop frnd 62468,spam
worlds happiest frnds never character dey best understand differences,ham
1 polyphonic tone 4 ur mob every week txt pt2 87575 1st tone free get txtin tell ur friends 150ptone 16 reply hl 4info,spam
yeah open chat click friend list make list easy pie,ham
alright tylers get minor crisis home sooner think asap,ham
whenwhere pick,ham
usual u call ard 10 smth,ham
new theory argument win situation lose person dont argue ur friends kick amp say im always correct,ham
many things antibiotic use chest abdomen gynae infections even bone infections,ham
poor girl cant go one day lmao,ham
6times,ham
todays vodafone number end 4882 select receive å£350 award number match call 09064019014 receive å£350 award,spam
pls make note shes expose also find school anyone else vomit dog cat house let know later,ham
japanese proverb one u none itu must indian version one let none itleave finally kerala version one stop none make strike,ham
sound like could lot time spend chastity device boy grin take beatings like good dog go lounge nice long bath,ham
worse use half way stop better complete,ham
miserable dont tell u side effect birth control massive gut wrench cramp first 2 months didnt sleep last night,ham
send new number,ham
convey regard,ham
want latest video handset 750 anytime network mins half price line rental reply call 08000930705 delivery tomorrow,spam
2 half years miss friendship,ham
cant pick phone right pls send message,ham
oh fuck sake shes like tallahassee,ham
haha first person gon na ask,ham
ou guarantee latest nokia phone 40gb ipod mp3 player å£500 prize txt word collect 83355 ibhltd ldnw15h 150pmtmsgrcvd18,spam
taka lor wat time u wan 2 come n look 4 us,ham
free polyphonic ringtone text super 87131 get free poly tone week 16 sn pobox202 nr31 7zs subscription 450pw,spam
im reach another 2 stop,ham
didnt mean post write like many time ive ritten stuff let sit feel time angry leave hit send stop wasnt check phone get car wasnt say didnt sleep bore wouldnt time clean fold laundry etc least make bed,ham
warner village 83118 c colin farrell swat wkend warner village get 1 free med popcornjust show msgticketkioskvalid 4712 c tc kiosk reply sony 4 mre film offer,spam
come online today night,ham
anything special,ham
im solihull want anything,ham
good day,ham
regret inform u nhs make mistakeu never actually bornplease report 2 yor local hospital 2b terminatedwe r sorry 4 inconvenience,ham
love holiday monday feel even go dentists hour,ham
way tirupur,ham
goal arsenal 4 henry 7 v liverpool 2 henry score simple shoot 6 yards pass bergkamp give arsenal 2 goal margin 78 mins,spam
youve already get flaky parent itsnot suppose childs job support parentnot theyre ride age anyway im suppose support ive hurt unintentional hurt nonetheless,ham
take hooch walk toaday fell splat graze knees everything stay home see tomorrow,ham
drop em omw back,ham
2nd time try 2 contact u u 750 pound prize 2 claim easy call 08712101358 10p per min btnationalrate,spam
sit mu wait everyone get suite take shower,ham
call didnt see facebook huh,ham
g say never answer texts confirmdeny,ham
common hearin r u wat r u ur day let ask u something different u smile today gud evng,ham
hi dear call urgnt dont know whats problem dont want work problem least tell wating reply,ham
oh yah never cancel leh haha,ham
go 4 e normal pilates intro,ham
ok let u noe leave house,ham
oh yes like torture watch england,ham
wan na art,ham
hope wasnû÷t piss remember go sisters something,ham
get take 2 take part wrc rally oz u lucozade energy text rally le 61200 25p see pack lucozadecoukwrc itcould u,spam
hi sexychat girls wait text text great night chat send stop stop service,spam
good morning boytoy hows yummy lips wheres sexy buns think crave need,ham
match startedindia ltgt 2,ham
free call sir,ham
hey want anything buy,ham
hey babe hows go ever figure go new years,ham
kkcongratulation,ham
g want know fuck,ham
cancel yeah baby well sound important understand darlin give ring later fone love kate x,ham
tomarrow want get court ltdecimalgt come bus stand 9,ham
ìï go home liao ask dad pick 6,ham
omg make wed chapel frontierville get good stuff,ham
im eatin lor goin back work soon e mountain deer show huh watch b4 liao nice,ham
check maili mail varma keep copy regard membershiptake careinsha allah,ham
wrong phone phone answer one assume people dont well,ham
anyway dont think secure anything lem me know want drive south chill,ham
im already back home probably,ham
great news call freefone 08006344447 claim guarantee å£1000 cash å£2000 gift speak live operator,spam
hi amy send free phone number couple days give access adult party,spam
bus way calicut,ham
hi probably much fun get message think id txt u cos im bore jam fart night,ham
hi baby im sit bloody bus mo wont home 730 wan na somethin later call later ortxt back jess xx,ham
welcome select o2 service add benefit call specially train advisors free mobile dial 402,spam
lose 4 pound since doc visit last week woot woot im gon na celebrate stuff face,ham
u come back 4 dinner rite dad ask confirm wif u,ham
master buy bb cos sale hows bf,ham
ahhhhjust wake uphad bad dream u thoso dont like u right didnt know anything comedy night guess im,ham
im viveki get call number,ham
didnt u call lunch,ham
mean leave early check cos im work 96,ham
want ltgt rs dado,ham
bite ur smile hppnss drop ur tear sorrow part ur heart life heart like mine wil care u forevr goodfriend,ham
yup ok,ham
want see pretty pussy,ham
dear voucher holder next meal us use follow link pc 2 enjoy 2 4 1 din experience,spam
people game im mall iouri kaila,ham
urgent try contact u todays draw show å£2000 prize guarantee call 09058094507 land line claim 3030 valid 12hrs,spam
donate å£250 unicefs asian tsunami disaster support fund texting donate 864233 å£250 add next bill,spam
future plan tomorrow result today best present enjoy future,ham
cme want go hos 2morow wil cme get dear didnt say time,ham
suppose meet discuss abt trip think xuhui tell afternoon think go lesson,ham
hey come online use msn,ham
im fine hope good take care,ham
oops shower u call hey park garage collapse university hospital see im crazy stuff like happen,ham
aiyo u poor thing u dun wan 2 eat u bathe already,ham
yar tot u know dis would happen long ago already,ham
gorgeous keep pix cumming thank,ham
boy late 2 home father power frndship,ham
jade paul didnåõt u txt u remember barmed want 2 talk 2 u txt,ham
spend new years brother family let plan meet next week ready spoil,ham
u today,ham
say okay sorry,ham
sleep thinkthis time ltgt pm dangerous,ham
network job,ham
goldviking 29m invite friend reply yes762 no762 see stop send stop frnd 62468,spam
dont let study stress l8r,ham
thats u haf 2 keep busy,ham
rush im work im school rush go hungry,ham
channel,ham
tell coulda real valentine wasnt u never pick nothing,ham
phony å£350 award todays voda number end xxxx select receive å£350 award match please call 08712300220 quote claim code 3100 standard rat app,spam
make eta taunton 1230 plan hope thatû÷s still okday good see xx,ham
im hungry buy smth home,ham
hey kate,ham
drive read need write,ham
look addie go back monday suck,ham
happy new year hope good semester,ham
esplanade lor else,ham
talk,ham
hmph go head big baller,ham
well like actually call someone punto woulda worse,ham
nope since ayo travel forget guy,ham
still around look pick later,ham
cds 4u congratulations ur award å£500 cd gift vouchers å£125 gift guarantee freeentry 2 å£100 wkly draw xt music 87066 tncs,spam
theres someone year ltgt toyota camry like mr olayiwolas mileage ltgt kit clean need know much sell raise dough soon land sell holla back,ham
guess pub im im happy pig clover whatever say,ham
ill b soon,ham
oh k come tomorrow,ham
go fool dont cheat others ok,ham
mobile numberpls sms ur mail idconvey regard achanammarakheshqatar,ham
way rencontre meet mountains dont,ham
guarantee å£1000 cash å£2000 prize claim yr prize call customer service representative 08714712412 10am7pm cost 10p,spam
u attend ur drive lesson many time wk n day,ham
uncle g check reward month,ham
hello boytoy geeee im miss today like send tm remind im think love love kiss,ham
think two still need get cash def ready 9,ham
hey galsu wan na meet 4 dinner nìâte,ham
dear 0776xxxxxxx uve invite xchat final attempt contact u txt chat 86688 150pmsgrcvdhgsuite3422landsroww1j6hl ldn 18yrs,spam
babe talk think good boy miss love,ham
great office today,ham
cool last little get time soon,ham
sad puppy noise,ham
yes possible dint try pls dont tell one k,ham
anyway holla whenever youre around need excuse go creep people sarasota,ham
happen,ham
gon na ask lol think 7,ham
ur cashbalance currently 500 pound maximize ur cashin send go 86688 150pmeg cc 08718720201 hgsuite3422lands roww1j6hl,spam
private 2003 account statement show 800 unredeemed sim point call 08715203685 identifier code4xx26 expire 131004,spam
go chase run shes cross street,ham
id like tell deepest darkest fantasy call 09094646631 60pmin stop texts call 08712460324 nat rate,spam
come friday leave pongaldo get news work place,ham
hey inconvenient sis huh,ham
ok vldo u know get adsense approve,ham
really good see day dudette miss,ham
want go perumbavoor,ham
many time tell stage use laugh listen aha,ham
wont believe true incredible txts reply g learn truly amaze things blow mind o2fwd 18ptxt,spam
didnt hear,ham
thank talk saturday dear cherish brother role model,ham
pls clarify back open return ticket preponed go back kerala,ham
natalie 20f invite friend reply yes165 no165 see stop send stop frnd 62468,spam
run younger man make pretty baby together,ham
jamster get free wallpaper text heart 88888 tc apply 16 need help call 08701213186,spam
ic lol play 9 doors sometime yo,ham
dunno dad say come home 2 bring us 4 lunch yup go w u lor call u reach school lor,ham
send jd customer service cum account executive ur mail id detail contact us,ham
desire u go doctor 4 liver get bite stylish get ur hair manage thats,ham
hmmmstill dont opener,ham
yeah basically time next week get away mom amp get 3,ham
edison rightly say fool ask question wise man answer know us speechless viva gm,ham
vote wherever heart guide,ham
sis lor juz watch italian job,ham
tick tick tick could die loneliness know pout stomp feet need,ham
lmao know well,ham
double mins double txt 12 price linerental latest orange bluetooth mobiles call mobileupd8 latest offer 08000839402 call2optoutlf56,spam
train back northampton im afraid im stay skyving today ho ho around wednesday though fancy comedy club week way,ham
goodnight da thangam really miss u dear,ham
hey next sun 1030 theres basic yoga course bugis go pilates intro next sit tell time r free,ham
geeeee internet really bad today eh,ham
free video camera phone half price line rental 12 mths 500 cross ntwk mins 100 txts call mobileupd8 08001950382 call2optout674,spam
think disturb da,ham
sorry ill call later meet sir,ham
havent stick orchard dads car go 4 dinner u leh r free tonight,ham
ok also wan 2 watch e 9 pm show,ham
dunno lei like dun haf,ham
brother transfer ltgt ltgt pa,ham
call later afternoon onwords mtnl service get problem south mumbai hear cannt listen,ham
83039 62735å£450 uk break accommodationvouchers term condition apply 2 claim mustprovide claim number 15541,spam
talk g x,ham
hai dear friends new amp present number rajitha raj ranju,ham
5p 4 alfie moon children need song ur mob tell ur m8s txt tone charity 8007 nokias poly charity polys zed 08701417012 profit 2 charity,spam
different style,ham
win å£200 shop spree every week start 2 play text store 88039 skilgme tscs08714740323 1winawk age16 å£150perweeksub,spam
gud ni8 dearslp welltake careswt dreamsmuah,ham
want send ltgt mesages today thats sorry hurt,ham
2nd attempt contract u weeks top prize either å£1000 cash å£200 prize call 09066361921,spam
well im glad didnt find totally disagreeable lol,ham
guy flash go call call madam take care oh,ham
want new nokia 3510i colour phone deliveredtomorrow 300 free minutes mobile 100 free texts free camcorder reply call 08000930705,spam
mark work tomorrow get 5 work house meet u afterwards,ham
keep ur problems ur heart,ham
yeah give call youve get minute,ham
hi babe uawakefeellikw shitjustfound via aletter thatmum gotmarried 4thnovbehind ourbacks åð fuckinniceselfish,ham
amaze rearrange letter give mean dormitory dirty room astronomer moon starer eye see election result lie let recount motherinlaw woman hitler eleven plus two twelve plus one amaze,ham
aiya discuss later lar pick ì 4,ham
hey happy birthday,ham
sorry miss call please call back,ham
omg one thing another cat worm bad day end,ham
good morning im suffer fever dysentry able come office today,ham
wont anything de,ham
type stuff sing,ham
st andre virgils cream,ham
check room befor activities,ham
fri ah okie lorgoin 4 drivin den go shoppin tt,ham
gokila talk aha,ham
hi shanilrakhesh herethanksi exchange uncut diamond stuffleaving back excellent service dino prem,ham
kkthis month kotees birthday know,ham
im really really break oh amount small even ltgt,ham
sorry mat phone didnt write love kate,ham
themobhit link get premium pink panther game new 1 sugababes crazy zebra animation badass hoody wallpaperall 4 free,spam
ah well confuse things doesnt think friends maybe wrong thing already sort invite tho may come cos money,ham
aight call youre close,ham
nope thats fine might nap tho,ham
msg mobile content order resent previous attempt fail due network error query customersqueriesnetvisionukcom,spam
news hassle get weed week andres money haughaighgtujhyguj,ham
boy love gal propsd bt didnt mind gv lv lttrs bt frnds throw thm boy decide 2 aproach gal dt time truck speed towards gal wn 2 hit girld boy run like hell n save ask hw cn u run fast boy reply boost secret energy n instantly girl shout energy n thy live happily 2gthr drink boost evrydy moral story hv free msgsd gud ni8,ham
wnt buy bmw car urgentlyits vry urgentbut hv shortage ltgt lacsthere source arng dis amt ltgt lacsthats prob,ham
ding ya break fassyole blacko londn,ham
really need 2 kiss u miss u baby ur baby 4eva,ham
sign maturity start say big things actually start understand small things nice even bslvyl,ham
oh get many responsibilities,ham
1 new message please call 08715205273,spam
ive reach sch already,ham
december mobile 11mths entitle update latest colour camera mobile free call mobile update vco free 08002986906,spam
u definitely need module e humanities dis sem izzit u wan 2 take modules 1st,ham
argh fuck nobody town,ham
get 3 lions england tone reply lionm 4 mono lionp 4 poly 4 go 2 original n best tone 3gbp network operator rat apply,spam
thank fill complete calm reassurance,ham
aslamalaikkuminsha allah tohar beeen muht albi mufti mahfuuzmeaning,ham
drive train,ham
lol real tell dad cancer,ham
private 2003 account statement 078,spam
oops ltgt,ham
enufcredeit tocallshall ileave uni 6 get bus yor house,ham
hi chikku send nice msgs,ham
impossible argue always treat like sub like never release remind necessary,ham
work ah den 6 plus lor u workin oso rite den go orchard lor place go liao,ham
wonderful okors great month cherish guy wish well day mojibiola,ham
cuz ibored wan na study,ham
wot wed nite 3 til 9,ham
rise redred bloodblood heartheart u u send tis ur friends include u like u get back 1u r poor relation 2u need 1 support 3u r frnd 2 many 4some1 luvs u 5 some1 pray god marry u try,ham
way,ham
suck ill go u hair youll free right,ham
still work time also try add zero savings check ltgt,ham
hmm dunno leh mayb bag 4 goigng dat small jus anything except perfume smth dat keep,ham
sday joinedso train start today,ham
sorry grocers,ham
nice pubs near frankie n bennys near warner cinema,ham
4 costa del sol holiday å£5000 await collection call 09050090044 toclaim sae tc pobox334 stockport sk38xh costå£150pm max10mins,spam
yup havent want go yoga call book,ham
oh shut omg yesterday dream 2 kid boys piss kid boys even tell mark dream change diapers cause im get owe face,ham
yeah imagine would really gentle unlike docs treat patients like turkeys,ham
free 1st week no1 nokia tone 4 ur mobile every week txt nokia 8077 get txting tell ur mat pobox 36504 w45wq 16 norm150ptone,spam
start dont stop pray good ideas anything see help guy ill forward link,ham
hi darlin im helens fone im gon na b princes 2 nite please come tb love kate,ham
im office dawhere,ham
aiyar u poor thing give u support k jia ill think u,ham
oh unintentionally bad time great finger train play along give fifteen min warn,ham
get garden ready summer free selection summer bulbs seed worth å£3350 scotsman saturday stop go2 notxtcouk,spam
kthen come wenever u lik come also tel vikky come get free time,ham
pls call da happen,ham
happy new year u ur familymay new year bring happiness stability tranquility ur vibrant colourful life,ham
problem renewal ill right away dont know detail,ham
idk im sit stop shop park lot right bawl eye feel like im failure everything nobody want feel like im fail,ham
havent leave yet probably gon na til dinner,ham
like ltgt question,ham
new years eve ok go party boyfriend si hey,ham
sir need velusamy sirs date birth company bank facilities detail,ham
k k sms chat,ham
come karnan car please wait till 6pm directly goto doctor,ham
bluray player,ham
ok r meet later,ham
lol need cash nitros hurry come crash,ham
send text well skype later,ham
ok leave need ask,ham
congrats 2 mobile 3g videophones r call 09063458130 videochat wid ur mat play java game dload polyph music noline rentl bx420 ip4 5we 150p,spam
ìï still get lessons ìï sch,ham
dun believe leh tot tell true already thk muz c us tog believe,ham
oh charge camera,ham
iû÷ve get salt rub open wound like,ham
im go lunch,ham
im school n ill da lab stuff give call ì r do,ham
oh k come tomorrow,ham
aight text tonight well see whats,ham
u 2,ham
water log desert geoenvironmental implications,ham
rajipls favour pls convey birthday wish nimya pls today birthday,ham
company goodenvironment terrific food really nice,ham
strange watch 2nd one im bed sweet dream miss u,ham
sms auction brand new nokia 7250 4 auction today auction free 2 join take part txt nokia 86021,spam
hi hope u r ok say would text hasnt u see let gently please,ham
babe fuck love know fuck good hear voice need crave cant get enough adore ahmad kiss,ham
k sure relatives home sms de pls,ham
send like,ham
fuuuuck need stop sleepin sup,ham
im town ill jus take mrt later,ham
cook rather nice salmon la,ham
upload mine facebook,ham
time u wrkin,ham
okie,ham
ree entry 2 weekly comp chance win ipod txt pod 80182 get entry std txt rate tcs apply 08452810073 detail 18,spam
record indicate u maybe entitle 5000 pound compensation accident claim 4 free reply claim msg 2 stop txt stop,spam
sorry ill call later,ham
oh oh den muz change plan liao go back yan jiu,ham
wylie tampa sarasota,ham
ok take ur time n enjoy ur dinner,ham
darren say dat u meet da ge den dun meet 4 dinner cos later u leave xy feel awkward den u meet 4 lunch lor,ham
spook mob halloween collection logo pic message plus free eerie tone txt card spook 8007 zed 08701417012150p per logopic,spam
like cheap iû÷m happy splash wine make feel better,ham
shes fine difficulties phone work mine pls send another friend request,ham
ugh leg hurt musta overdo mon,ham
call germany 1 pence per minute call fix line via access number 0844 861 85 85 prepayment direct access,spam
4 costa del sol holiday å£5000 await collection call 09050090044 toclaim sae tc pobox334 stockport sk38xh costå£150pm max10mins,spam
wot student discount u get book,ham
fineabsolutly fine,ham
come get b quite diff guess rite,ham
mobile 11mths update free oranges latest colour camera mobiles unlimited weekend call call mobile upd8 freefone 08000839402 2stoptxt,spam
reach ur home ltgt minutes,ham
babe im answer cant see maybe youd better reboot ym get photo great,ham
hiwhat think match,ham
know thinkin malaria relax children cant handle malaria would worse gastroenteritis take enough replace loss temp reduce give malaria meds vomit self limit illness mean days completely stop,ham
dai download exe file run exe instal,ham
yesterday true true,ham
kkhow business,ham
3 pa select,ham
natalja 25f invite friend reply yes440 no440 see stop send stop frnd 62468,spam
keep ten rs shelf buy two egg,ham
late,ham
well thats nice bad cant eat,ham
accidentally bring em home box,ham
pls need dat slowly vomit,ham
take exam march 3,ham
jane babes goin 2 wrk feel ill lst nite foned already cover 4 chuck,ham
5 nightswe nt stay port step liaotoo ex,ham
die want u stuff,ham
oh fuck juswoke bed boatin dock sleep wid 25 year old spinout giv u da gossip l8r xxx,ham
smile pleasure smile pain smile trouble pour like rain smile sum1 hurt u smile becoz someone still love see u smile,ham
prabhaim sorydarealyfrm heart im sory,ham
remet alex nichols middle school turn hes deal,ham
private 2003 account statement show 800 unredeemed point call 08715203656 identifier code 42049 expire 261004,spam
mean u could keep ur word,ham
nope im still market,ham
realise busy guy im try bother get exams outta way try cars gr8 day,ham
choose receive å£350 award pls call claim number 09066364311 collect award select receive value mobile customer,spam
hey project start aha da,ham
ok cool see ya,ham
uworld site buy qbank buy self assessment also,ham
opinion 1 2 jada 3 kusruthi 4 lovable 5 silent 6 spl character 7 mature 8 stylish 9 simple pls reply,ham
someonone know try contact via date service find could call mobile landline 09064015307 box334sk38ch,spam
yeah still give ride,ham
jay want work first hows 4 sound,ham
gud gudk chikku tke care sleep well gud nyt,ham
part check iq,ham
hmm think lor,ham
course dont tease know simply must see grin keep post prey love smile devour kiss,ham
thank temales wonderful thank great week,ham
thank princess want see nice juicy booty,ham
havent eat day im sit star juicy pizza cant eat meds ruin life,ham
gud ni8 dearslp welltake careswt dreamsmuah,ham
u come n search tat vidnot finishd,ham
k im leave soon little 9,ham
urgent please call 09061213237 landline å£5000 cash 4 holiday await collection cs sae po box 177 m227xy 16,spam
yeah work fine start last week stuff dull easy guy fun,ham
study alone without anyones help cant need study,ham
please tell car key purse,ham
didnt get anything da,ham
ok sweet dream,ham
well shes big surprise,ham
usualiam fine happy amp well,ham
1 cbe 2 chennai,ham
help u swoop pick u wherever ur bird r meet u want,ham
anyone call treadmill say youll buy make sure work find ad craigslist sell ltgt,ham
absolutely love south park recently start watch office,ham
see film,ham
pls speak wont ask anything friendship,ham
storm msg wen u lift phne u say hello u knw wt real mean hello name girl yes u knw dat girl margaret hello girlfrnd f grahmbell invnted telphone moralone 4get name person,ham
gud ni8swt drmstake care,ham
hi darlin kate u doin somethin tonight im go pub call swan something parent one drink phone u,ham
anything lar ì go home 4 dinner,ham
er,ham
dont prize go another customer tc 18 150pmin polo ltd suite 373 london w1j 6hl please call back busy,spam
u fix teethif asapok take care,ham
u wan 2 come dinner tonight,ham
hellohow u doingwhat u 2when u b move flat cos need arrange pick lamp etc take care hello caroline,ham
latebut kwish,ham
hi hope ur day good back walk table book half eight let know ur come,ham
oh yeah clearly fault,ham
dunno leh cant remember mayb lor wat time r meet tmr,ham
best msg hard person u know one step foward make u fall love amp one step back ruin ur friendship good night,ham
urgent mobile number award å£2000 prize guarantee call 09061790126 land line claim 3030 valid 12hrs 150ppm,spam
helloooo wake sweet morning welcome enjoy day full joy gud mrng,ham
vikky come around lttimegt,ham
princess,ham
go get info bt dont know,ham
yeah probably,ham
send ur email id soon,ham
urgent 1 week free membership å£100000 prize jackpot txt word claim 81010 tc lccltd pobox 4403ldnw1a7rw18,spam
im still pretty weak today bad day,ham
hey dont forget mine possession property mmm childish smile,ham
excellent think misundrstud frnd knw u hate bt day wen ull knw truth ull hate urself gn,ham
hey congrats 2u2 id luv 2 ive 2 go home,ham
dear call,ham
xy try smth u eat already havent,ham
urgent please call 09061213237 landline å£5000 cash luxury 4 canary islands holiday await collection tcs sae po box 177 m227xy 150ppm 16,spam
donno genes something,ham
xmas iscoming ur award either å£500 cd gift vouchers free entry 2 r å£100 weekly draw txt music 87066 tnc,spam
alex say hes ok ok,ham
u come funeral home,ham
darling sister whens school resume minimum wait period reapply take care,ham
ill hand phone chat wit u,ham
well good morning mr hows london treatin ya treacle,ham
cant make tonight,ham
time come tomorrow,ham
ltgt buck bank fee fix better call bank find,ham
tell quite long cos havent finish film yet,ham
pls ask macho much budget bb bold 2 cos saw new one ltgt dollars,ham
hi miss call mumhas beendropping red wine theplace adress,ham
ill 3 mins look,ham
leave,ham
im come back thursday yay gon na ok get money cheer oh yeah everything alright hows school call work,ham
jolly good way give u ticket sit eve 730 speak x,ham
yeah thats think,ham
kkim go tirunelvali week see uncle already spend amount take dress want moneyi give feb 1,ham
get ur favorite oyster n get favorite sashimi ok lar dun say already wait ur stomach start rumble,ham
sister go earn da,ham
get official england poly ringtone colour flag yer mobile tonights game text tone flag 84199 optout txt eng stop box39822 w111wx å£150,spam
hahahause brain dear,ham
jus finish watch tv u,ham
k fyi im back parent place south tampa might need deal somewhere else,ham
good morning love go sleep wish great day full feel better opportunity last think babe love kiss,ham
kothi print marandratha,ham
havent get da topic yet rite,ham
ok problem yup im go sch 4 rem correctly,ham
thank ill keep mind,ham
aah bless hows arm,ham
dear sirsalam alaikkumpride pleasure meet today tea shopwe please send contact number qatarrakhesh indianpls save numberrespectful regard,ham
gal n boy walk park galcan hold ur hand boyy u think would run away galno jst wana c feel walk heaven princegn,ham
make happy,ham
wish wonderful week,ham
sweet heart,ham
sir wait letter,ham
dude im longer pisces im aquarius,ham
x course 2yrs message messenger lik r send,ham
think steyn surely get one wicket,ham
neither sterm voice im study fine sure thing resolve tho anyway fab hols,ham
garbage bag egg jam bread hannaford wheat chex,ham
pride im almost ltgt years old shouldnt takin money kid youre suppose deal stuff grownup stuffwhy dont tell,ham
sound better even im costume im sure time finish tomorrow txt end,ham
birthday feb ltgt da,ham
wan na gym,ham
youd like wouldnt jerk,ham
u awake snow,ham
course make stink,ham
u r subscribe 2 textcomp 250 wkly comp 1st wks free question follow subsequent wks charged150pmsg2 unsubscribe txt stop 2 84128custcare 08712405020,spam
go openings room til thanksgiving without upcharge,ham
guy plan come,ham
wat ì,ham
parent kidz friends n colleagues scream surprise wait sofa naked,ham
sir thats 8hr trip bus last week another audition next wednesday think might drive time,ham
think put back box,ham
im home,ham
one interest may business plan,ham
yup paragon havent decide whether 2 cut yet hee,ham
good morning princess great day,ham
guai ìï shd haf see hes naughty ìï free today go jog,ham
aiyo cos sms ì ì neva reply wait 4 ì reply lar tot ì havent finish ur lab wat,ham
live simple love also simple laugh simple win tooo simple simple difficult,ham
tell something thats okay,ham
ok,ham
hmm shall bring bottle wine keep us amuse joke ill still bring bottle red white see tomorrow,ham
ur face test 1 2 3 4 5 6 7 8 9 ltgt select number tell ur face astrology wait quick reply,ham
hey iouri give number im wylie ryans friend,ham
yep get program youre slack,ham
im inside officestill fill formsdon know leave,ham
think mentor 100 percent sure,ham
call 09095350301 send girls erotic ecstacy 60pmin stop texts call 08712460324 nat rate,spam
camera award sipix digital camera call 09061221066 fromm landline delivery within 28 days,spam
å£400 xmas reward wait computer randomly pick loyal mobile customers receive å£400 reward call 09066380611,spam
try figure im suppose see couple different people week say wed get together didnt set date,ham
important message final contact attempt important message wait customer claim dept expire 13404 call 08717507382,spam
hi mom might back later ltgt,ham
datingi two start send text talk sport radio last week connection think coincidence,spam
lol oh get friend dog,ham
ok problem u frm wats matter,ham
k ill head mins see,ham
u konw waht rael friendship im gving yuo exmpel jsut ese tihs msg evrey splleing tihs msg wrnog bt sitll yuo raed wihtuot ayn mitsake goodnight amp nice sleepsweet dream,ham
cant pick phone right pls send message,ham
dont want leave im barely stay sane fight constantly isnt help,ham
current lead bid 151 pause auction send customer care 08718726270,spam
free entry gr8prizes wkly comp 4 chance win latest nokia 8800 psp å£250 cash every wktxt great 80878 http 08715705022,spam
somebody set website play hold em use eve online spacebucks,ham
sunny california weather cool,ham
1 new message call 02070836089,spam
make squeeze ltgt buck dad,ham
good day toopray meremove teeth painful maintain stuff,ham
babes hope ok shit nights sleep fell asleep 5iåõm knackered iåõm dread work tonight thou upto tonight x,ham
friends help us problems give stupid suggestion land us another problem help us forgt previous problem,ham
im work please call,ham
gentle baby soon take ltgt inch deep inside tight pussy,ham
much fight good nite,ham
okok okthenwhats ur todays plan,ham
nt joke seriously tell,ham
watch ajith film ah,ham
ooooooh forget tell u get yoville phone,ham
do hand dont know mega shop asda count celebration thats im,ham
dont know exactly could ask chechi,ham
dunno lei shd b drive lor cos go sch 1 hr oni,ham
want custom officer discount oh,ham
thats necessarily respectful,ham
hi hope good day better night,ham
hes apparently bffs carly quick,ham
hard true much show amp express love someonethat much hurt leave get seperatedö´óû¬ud even,ham
babes think get ur brolly leave english wil bring 2mrw 4 u luv franxx,ham
hi babe thank come even though didnt go welli want bed hope see soon love kiss xxx,ham
gd get free ice cream oso wan,ham
pls give prometazine syrup 5mls ltgt mins later fee,ham
many days since,ham
dear angry busy dear,ham
yup msg tat yijue tot group mate cos meet today mah im askin ì leave earlier wat mah cos mayb ì haf walk v far,ham
pub,ham
first time everything,ham
daddy shu shu look 4 u u wan 2 tell ure singapore wat,ham
ask u meet da ge tmr nite,ham
gr8 handle victoria island traffic plus whens album due,ham
nite nite pocay wocay luv u n e thing 4eva promise ring u 2morrowxxxx,ham
east coast,ham
get chicken broth want ramen unless theres dont know,ham
slave want take 2 3 picture today bright light cell phone bright light,ham
nope forget show next week,ham
really hows master,ham
im bruce amp fowler im moms car cant park long story,ham
dont know oh hopefully month,ham
hi elaine todays meet confirm,ham
ok ksry knw 2 sivatats askd,ham
sorry ill call later,ham
u horrible gal u know dat go wif yest n u still come n ask,ham
otherwise part time job natuition,ham
oh yeah diet fly window,ham
santa call would little ones like call santa xmas eve call 09058094583 book time,spam
didnt complete gist oh,ham
er yeah b 1526 sorry tell pubcafe sit come wen u,ham
make time tonight whenever cool text whenever youre around,ham
wasnt pay attention,ham
thanx lot 4 ur help,ham
youre gon na way specific,ham
jesus armand really try tell everybody find,ham
im wif buy tix lar,ham
mode men leave,ham
slow use biolas fne,ham
youdoing later sar xxx,ham
hey ive book 2 lessons sun liao,ham
thank generally date brothas,ham
way make sure u get train worc foregate street shrub hill fun night x,ham
think id get watch cos thats kind thing u get4an18th love much,ham
guarantee 32000 award maybe even å£1000 cash claim ur award call free 0800 18 legitimat efreefone number wat u think,spam
good morning repair shopthe reason im hour,ham
thats fine get enough bud last night least,ham
back good journey let know need receipt shall tell like pendent,ham
take away money worry,ham
aight pick open tonight,ham
latest news police station toilet steal cop nothing go,spam
sac need carry,ham
sing hu think also important find someone female know place well preferably citizen also smart help navigate even things like choose phone plan require guidance doubt ask especially girls,ham
hello wats talk email address,ham
except theres chick huge boob,ham
im wonder right,ham
wish beautiful day moment reveal even things keep smile enjoy,ham
sparkle shop break 45 per person call 0121 2025050 visit,spam
arun u transfr amt,ham
sorry ill call later,ham
hear loud scream ltgt minutes cause gyno shove things dont belong,ham
december mobile 11mths entitle update latest colour camera mobile free call mobile update co free 08002986906,spam
ok thk get u wan 2 come wat,ham
txt call 86888 claim reward 3 hours talk time use phone subscribe6gbpmnth inc 3hrs 16 stoptxtstop,spam
u goin 2nite,ham
treasure every moment spend together,ham
shall bring us bottle wine keep us amuse joke iû÷ll bring one anyway,ham
httptms widelivecomindex wmlid820554ad0a1705572711firsttrueåác c ringtoneåá,spam
get garden ready summer free selection summer bulbs seed worth å£3350 scotsman saturday stop go2 notxtcouk,spam
urgent last weekend draw show å£1000 cash spanish holiday call 09050000332 claim tc rstm sw7 3ss 150ppm,spam
ok lor,ham
think slide enough,ham
yup,ham
well obviously people cool college life go home,ham
ok lor ì reach message,ham
wheres mummys boy good bad positive negative mummy make wait hmmmm,ham
dhoni luck win big titleso win,ham
yes princess want please every night wish command,ham
todaysundaysunday holidayso work,ham
probably ltgt,ham
really hope work doesnt get stressful gr8 day,ham
see whos back holby,ham
shall call dear food,ham
urgent try contact last weekend draw show u å£1000 prize guarantee call 09064017295 claim code k52 valid 12hrs 150p pm,spam
li hai bore da lecturer repeat last weeks stuff waste time,ham
pick various point go 2 yeovil motor project 4 3 hours u take home 12 2 530 max easy,ham
also fuck family go rhode island wherever fuck leave alone week new bong gt,ham
ofcourse also upload songs,ham
2p per min call germany 08448350055 bt line 2p per min check planettalkinstantcom info ts cs text stop opt,spam
k send,ham
oh thank loti already buy 2 egg,ham
k send,ham
u study sch go home anyway ill b go 2 sch later,ham
marvel mobile play official ultimate spiderman game å£450 ur mobile right text spider 83338 game send u free 8ball wallpaper,spam
think rule tamilnaduthen tough people,ham
cool shall go see go tip anyway home get something drop later let go town tonight maybe mum take us,ham
good afternoon love go day sleep hope well boytoy think,ham
yes trust u buy new stuff asap try,ham
sms service inclusive text credit pls goto login 3qxj9 unsubscribe stop extra charge help 08702840625comuk 220cm2 9ae,spam
wake gt,ham
get step 2 outta way congrats,ham
love one law make happy person love way friendship one law never make ur friend feel alone alive gud night,ham
private 2003 account statement 07808247860 show 800 unredeemed point call 08719899229 identifier code 40411 expire 061104,spam
apo mokka players,ham
perhaps much easy give account identification tomorrow uni,ham
wait msg ltgt min,ham
tell tell stupid hear wont tell anything dad call brother speak,ham
gods love limit gods grace measure gods power boundaries may u gods endless blessings always ur life gud ni8,ham
want inside every night,ham
machan go gym tomorrow wil come late goodnight,ham
lol mad first wake give,ham
go project centre,ham
itû÷s reassure crazy world,ham
make dinner,ham
yes please leave ltgt ltgt leave,ham
oh okie lorwe go sit,ham
great role model give much really wish day miracle god reason everything must say wish know dont ive look since young still great day,ham
ya im referin meis ex wat ah waitin 4 u treat somebody shld b rich liaoso gd den u dun work frm tmr onwards,ham
miles smile r make frm letter u know difference smile ur face keep happy even though miles away u keep smile good nyt,ham
way ive put skip right outside front house see house pull,ham
pls send company name saibaba colany,ham
dont want hear anything,ham
big chic common declare,ham
thats cool want please,ham
go join tomorrow,ham
award sipix digital camera call 09061221061 landline delivery within 28days cs box177 m221bp 2yr warranty 150ppm 16 p på£399,spam
want tell bad feel basically time text lately need drug,ham
private 2003 account statement show 800 unredeemed sim point call 08718738001 identifier code 49557 expire 261104,spam
total disappointment texted craziest shit get,ham
effect irritation ignore,ham
one,ham
think tantrums finish yeah ill point,ham
compliment away system side,ham
happen adventure,ham
hey chief give bell get need talk royal visit 1st june,ham
ok another number,ham
know thinkin malaria relax children cant handle malaria would worse gastroenteritis take enough replace loss temp reduce give malaria meds vomit self limit illness mean days completely stop,ham
aiyah ok wat long get improve already wat,ham
want explicit sex 30 secs ring 02073162414 cost 20pmin gsex pobox 2667 wc1n 3xx,spam
cant believe attach see every day know best get babe go teach class midnight,ham
sleepingand surf,ham
ask 3mobile 0870 chatlines inclu free mins india cust servs sed yes l8er get mega bill 3 dont giv shit bailiff due days å£250 3 want å£800,spam
yeah jus rite,ham
armand say get ass epsilon,ham
u still havent get urself jacket ah,ham
im take derek amp taylor walmart im back time youre do leave mouse desk ill text priscillas ready,ham
hi durban still number,ham
ic lotta childporn cars,ham
contract mobile 11 mnths latest motorola nokia etc free double mins text orange tariff text yes callback remove record,spam
try weekend v,ham
know wot people wear shirt jumpers hat belt know r cribbs,ham
cool time think get,ham
wen get spiritual deep thats great,ham
safe trip nigeria wish happiness soon company share moments,ham
hahahause brain dear,ham
well keep mind ive get enough gas one round trip bar sudden influx cash,ham
yeh indians nice tho kane bite shud go 4 drink sometime soon mite hav 2 go 2 da work 4 laugh soon love pete x x,ham
yes thats u texted pshewmissing much,ham
mean calculation ltgt units ltgt school really expensive start practice accent important decide 4years dental school youll nmde exam,ham
sorry ill call later,ham
arent next ltgt hours imma flip shit,ham
anything lor juz us lor,ham
get dump heap mom decide come low bore,ham
ok lor sony ericsson salesman ask shuhui say quite gd 2 use consider,ham
ard 6 like dat lor,ham
dont wait til least wednesday see get,ham
huh lei,ham
reminder o2 get 250 pound free call credit detail great offer pls reply 2 text valid name house postcode,spam
2nd time try 2 contact u u å£750 pound prize 2 claim easy call 087187272008 now1 10p per minute btnationalrate,spam
ì b go esplanade fr home,ham
pity mood soany suggestions,ham
guy bitch act like id interest buy something else next week give us free,ham
rofl true name,ham
