no_of_dependents,income_annum,loan_amount,loan_term,cibil_score,residential_assets_value,commercial_assets_value,luxury_assets_value,bank_asset_value,education_ Graduate,education_ Not Graduate,self_employed_ No,self_employed_ Yes,target
5,0.5833333333333334,1.120879120879121,6,-0.11925042589437819,0.02197802197802198,1.632,0.09090909090909091,0.8936170212765957,0.0,1.0,1.0,0.0,0
0,0.9375,1.4212454212454213,12,0.3645655877342419,2.0,1.056,1.6433566433566433,0.7021276595744681,0.0,1.0,0.0,1.0,0
1,-0.8958333333333334,-0.8571428571428571,8,0.26916524701873934,-0.37362637362637363,-0.416,-0.8181818181818182,-0.8085106382978723,1.0,0.0,1.0,0.0,0
2,-0.041666666666666664,-0.10989010989010989,18,0.514480408858603,0.2857142857142857,-0.064,0.13286713286713286,0.574468085106383,1.0,0.0,0.0,1.0,0
5,-0.4375,-0.2564102564102564,12,-0.5519591141396933,0.31868131868131866,-0.192,-0.5104895104895105,-0.5319148936170213,1.0,0.0,0.0,1.0,1
4,-1.0,-0.9963369963369964,10,0.7359454855195912,-0.5384615384615384,-0.544,-0.958041958041958,-0.9148936170212766,0.0,1.0,1.0,0.0,0
1,-1.0,-1.0256410256410255,8,0.7257240204429302,-0.5494505494505495,-0.544,-0.9440559440559441,-0.9148936170212766,0.0,1.0,0.0,1.0,0
5,0.75,1.347985347985348,4,0.2555366269165247,1.8571428571428572,1.776,1.020979020979021,-0.0425531914893617,1.0,0.0,1.0,0.0,0
1,0.875,1.0476190476190477,6,-0.262350936967632,0.6043956043956044,-0.336,0.35664335664335667,1.3829787234042554,0.0,1.0,1.0,0.0,1
3,0.9166666666666666,0.43956043956043955,2,0.43611584327086883,0.8571428571428571,0.016,0.42657342657342656,1.0,1.0,0.0,0.0,1.0,0
1,0.5416666666666666,0.7985347985347986,12,-0.1839863713798978,1.3736263736263736,1.104,0.4125874125874126,0.5319148936170213,0.0,1.0,0.0,1.0,1
5,-0.3958333333333333,-0.336996336996337,14,0.02385008517887564,-0.2967032967032967,0.016,-0.4195804195804196,-0.2127659574468085,0.0,1.0,1.0,0.0,0
5,-0.9375,-0.9230769230769231,20,0.7086882453151618,-0.5824175824175825,-0.528,-0.8881118881118881,-0.8297872340425532,0.0,1.0,1.0,0.0,0
0,-0.3541666666666667,-0.2783882783882784,6,-0.5587734241908007,-0.03296703296703297,-0.368,-0.2097902097902098,-0.5531914893617021,0.0,1.0,1.0,0.0,1
0,0.5833333333333334,0.6886446886446886,20,0.42589437819420783,1.4285714285714286,1.904,0.5034965034965035,0.6170212765957447,0.0,1.0,0.0,1.0,0
3,-0.2916666666666667,-0.41025641025641024,6,-0.4088586030664395,0.4065934065934066,-0.528,-0.32867132867132864,-0.19148936170212766,1.0,0.0,1.0,0.0,1
3,0.0625,-0.02197802197802198,4,-0.027257240204429302,-0.16483516483516483,-0.144,0.32867132867132864,0.0851063829787234,0.0,1.0,0.0,1.0,0
0,0.9166666666666666,1.2747252747252746,2,-0.35093696763202725,0.2967032967032967,0.96,0.6923076923076923,0.23404255319148937,0.0,1.0,0.0,1.0,0
2,0.8958333333333334,1.1282051282051282,16,-0.12947189097103917,-0.4835164835164835,0.032,0.951048951048951,0.9574468085106383,1.0,0.0,0.0,1.0,0
4,-0.3958333333333333,-0.13186813186813187,8,0.11925042589437819,-0.14285714285714285,-0.176,-0.46153846153846156,-0.14893617021276595,0.0,1.0,0.0,1.0,0
0,0.3958333333333333,0.27106227106227104,6,-0.21124361158432708,0.07692307692307693,0.432,0.43356643356643354,0.8085106382978723,0.0,1.0,1.0,0.0,1
5,0.375,0.336996336996337,12,-0.6643952299829642,0.4835164835164835,0.208,0.7202797202797203,0.9574468085106383,0.0,1.0,1.0,0.0,1
2,0.75,0.315018315018315,2,-0.16695059625212946,-0.18681318681318682,-0.288,0.23776223776223776,1.4893617021276595,0.0,1.0,0.0,1.0,0
0,0.125,0.4908424908424908,4,0.3202725724020443,-0.2857142857142857,0.496,0.3776223776223776,0.2127659574468085,0.0,1.0,1.0,0.0,0
0,-0.20833333333333334,-0.2564102564102564,16,0.6201022146507666,0.13186813186813187,0.256,-0.42657342657342656,0.06382978723404255,1.0,0.0,0.0,1.0,0
3,-0.375,-0.10989010989010989,2,-0.16695059625212946,0.04395604395604396,-0.192,-0.5524475524475524,-0.14893617021276595,0.0,1.0,1.0,0.0,0
5,0.2708333333333333,0.27106227106227104,8,0.3202725724020443,0.4835164835164835,-0.016,0.5524475524475524,-0.19148936170212766,0.0,1.0,1.0,0.0,0
4,0.8125,1.054945054945055,16,-0.044293015332197615,-0.10989010989010989,1.904,1.020979020979021,1.6595744680851063,0.0,1.0,1.0,0.0,0
3,-0.041666666666666664,-0.1391941391941392,8,-0.6609880749574105,-0.3956043956043956,-0.192,0.32867132867132864,0.0425531914893617,0.0,1.0,0.0,1.0,1
5,0.2708333333333333,0.4175824175824176,16,-0.868824531516184,0.4835164835164835,1.152,0.40559440559440557,0.5106382978723404,0.0,1.0,0.0,1.0,1
3,-0.2708333333333333,-0.20512820512820512,4,0.3100511073253833,-0.6153846153846154,-0.512,-0.4405594405594406,0.1276595744680851,1.0,0.0,1.0,0.0,0
3,0.14583333333333334,0.21978021978021978,6,0.3986371379897785,-0.07692307692307693,0.08,0.2937062937062937,0.44680851063829785,1.0,0.0,0.0,1.0,0
3,0.8125,1.2380952380952381,10,0.8415672913117547,1.7802197802197801,1.392,1.3356643356643356,0.7446808510638298,0.0,1.0,0.0,1.0,0
4,-0.4583333333333333,-0.6373626373626373,18,0.06132879045996593,-0.5934065934065934,-0.096,-0.42657342657342656,-0.2127659574468085,1.0,0.0,0.0,1.0,0
5,-0.1875,-0.2490842490842491,2,0.5281090289608177,-0.03296703296703297,0.448,-0.34965034965034963,-0.14893617021276595,0.0,1.0,0.0,1.0,0
3,-0.08333333333333333,-0.2783882783882784,8,-0.25894378194207834,0.8461538461538461,-0.096,-0.06993006993006994,0.06382978723404255,1.0,0.0,1.0,0.0,1
2,0.25,0.2564102564102564,6,0.23168654173764908,0.25274725274725274,0.72,-0.0979020979020979,0.19148936170212766,0.0,1.0,0.0,1.0,0
4,0.8541666666666666,0.29304029304029305,2,0.9744463373083475,2.340659340659341,0.08,1.3076923076923077,1.1063829787234043,1.0,0.0,0.0,1.0,0
2,-0.6041666666666666,-0.717948717948718,6,0.4020442930153322,-0.4175824175824176,-0.576,-0.5384615384615384,-0.48936170212765956,1.0,0.0,1.0,0.0,0
1,-0.5,-0.47619047619047616,16,0.29982964224872233,-0.3956043956043956,-0.016,-0.45454545454545453,-0.5106382978723404,1.0,0.0,1.0,0.0,0
0,-0.2708333333333333,0.014652014652014652,10,-0.7257240204429302,0.03296703296703297,0.32,-0.35664335664335667,0.02127659574468085,0.0,1.0,1.0,0.0,1
0,0.020833333333333332,-0.17582417582417584,16,0.6132879045996593,-0.06593406593406594,-0.272,-0.22377622377622378,0.1276595744680851,1.0,0.0,1.0,0.0,0
3,-0.7291666666666666,-0.8131868131868132,10,0.8211243611584327,-0.12087912087912088,-0.24,-0.6573426573426573,-0.6170212765957447,1.0,0.0,1.0,0.0,0
2,-0.5,-0.37362637362637363,10,-0.575809199318569,-0.31868131868131866,-0.352,-0.45454545454545453,-0.574468085106383,1.0,0.0,0.0,1.0,1
0,-0.4583333333333333,-0.5128205128205128,8,-0.9642248722316865,0.26373626373626374,0.304,-0.34965034965034963,-0.2978723404255319,0.0,1.0,0.0,1.0,1
3,-1.0,-1.032967032967033,2,-0.4293015332197615,-0.5384615384615384,-0.56,-0.965034965034965,-0.8723404255319149,0.0,1.0,1.0,0.0,1
4,0.7291666666666666,0.6373626373626373,12,0.6201022146507666,1.4505494505494505,0.016,0.6223776223776224,0.0,1.0,0.0,0.0,1.0,0
0,-0.25,-0.007326007326007326,8,-0.19761499148211242,0.03296703296703297,-0.112,-0.3006993006993007,-0.23404255319148937,1.0,0.0,1.0,0.0,1
4,-0.25,-0.16117216117216118,12,-0.44293015332197616,0.08791208791208792,0.16,-0.1048951048951049,-0.14893617021276595,0.0,1.0,0.0,1.0,1
0,0.8958333333333334,1.347985347985348,4,0.044293015332197615,1.0769230769230769,0.208,0.7342657342657343,0.7021276595744681,1.0,0.0,1.0,0.0,0
5,-0.3958333333333333,-0.5274725274725275,2,0.8006814310051107,-0.37362637362637363,-0.128,-0.3076923076923077,-0.19148936170212766,0.0,1.0,1.0,0.0,0
3,-0.4166666666666667,-0.26373626373626374,2,-0.20442930153321975,0.03296703296703297,-0.24,-0.3916083916083916,-0.44680851063829785,1.0,0.0,1.0,0.0,0
0,0.5833333333333334,0.8498168498168498,18,0.8245315161839863,0.945054945054945,1.76,0.8951048951048951,0.3829787234042553,0.0,1.0,1.0,0.0,0
1,-0.3958333333333333,-0.5128205128205128,4,-0.03747870528109029,-0.2857142857142857,-0.368,-0.45454545454545453,0.0425531914893617,1.0,0.0,1.0,0.0,0
5,0.020833333333333332,0.2564102564102564,8,0.7018739352640545,-0.3516483516483517,0.512,-0.04195804195804196,0.2127659574468085,0.0,1.0,0.0,1.0,0
0,-0.020833333333333332,0.3882783882783883,6,0.4940374787052811,0.2967032967032967,0.768,-0.23076923076923078,-0.3191489361702128,1.0,0.0,0.0,1.0,0
2,-0.10416666666666667,0.21245421245421245,20,-0.020442930153321975,0.6373626373626373,0.384,-0.03496503496503497,-0.0851063829787234,1.0,0.0,1.0,0.0,0
1,-0.4791666666666667,-0.5714285714285714,18,-0.02385008517887564,0.25274725274725274,-0.528,-0.5104895104895105,-0.6382978723404256,0.0,1.0,1.0,0.0,0
0,-0.4166666666666667,-0.3882783882783883,6,0.20442930153321975,-0.4725274725274725,-0.368,-0.45454545454545453,-0.14893617021276595,1.0,0.0,1.0,0.0,0
4,-0.5833333333333334,-0.5054945054945055,16,-0.04770017035775128,0.04395604395604396,0.112,-0.5804195804195804,-0.46808510638297873,0.0,1.0,0.0,1.0,0
4,-0.3333333333333333,-0.4175824175824176,4,-0.45315161839863716,-0.4725274725274725,-0.24,-0.16083916083916083,-0.5319148936170213,1.0,0.0,1.0,0.0,1
2,0.6041666666666666,0.3956043956043956,2,-0.3441226575809199,-0.16483516483516483,-0.24,1.1888111888111887,1.148936170212766,0.0,1.0,1.0,0.0,1
1,-1.0,-0.9963369963369964,10,-0.58603066439523,-0.5714285714285714,-0.512,-0.958041958041958,-0.9361702127659575,0.0,1.0,0.0,1.0,1
1,-0.9583333333333334,-0.945054945054945,2,0.262350936967632,-0.5384615384615384,-0.464,-0.9230769230769231,-0.8085106382978723,0.0,1.0,1.0,0.0,0
2,-0.7083333333333334,-0.6959706959706959,18,-0.9608177172061328,-0.3956043956043956,-0.144,-0.6643356643356644,-0.6382978723404256,0.0,1.0,0.0,1.0,1
4,-0.3333333333333333,-0.21978021978021978,10,-0.9131175468483816,0.07692307692307693,0.24,-0.3006993006993007,-0.46808510638297873,1.0,0.0,1.0,0.0,1
1,-0.6875,-0.6373626373626373,16,0.6848381601362862,-0.5274725274725275,-0.192,-0.6713286713286714,-0.7446808510638298,1.0,0.0,1.0,0.0,0
5,0.041666666666666664,0.26373626373626374,16,-0.19420783645655879,0.989010989010989,0.672,-0.08391608391608392,-0.10638297872340426,1.0,0.0,0.0,1.0,1
4,0.4791666666666667,0.27106227106227104,10,-0.0068143100511073255,1.1868131868131868,1.424,0.993006993006993,0.3404255319148936,0.0,1.0,1.0,0.0,0
3,-0.6875,-0.6007326007326007,20,-0.5689948892674617,-0.45054945054945056,-0.128,-0.7132867132867133,-0.6808510638297872,0.0,1.0,0.0,1.0,1
5,0.4375,0.4908424908424908,2,0.6746166950596252,0.4725274725274725,-0.32,0.40559440559440557,0.574468085106383,1.0,0.0,0.0,1.0,0
2,-0.125,-0.40293040293040294,18,-0.034071550255536626,-0.6263736263736264,-0.496,-0.15384615384615385,-0.425531914893617,1.0,0.0,1.0,0.0,0
0,-0.6458333333333334,-0.5641025641025641,4,-0.6780238500851788,-0.07692307692307693,-0.336,-0.7272727272727273,-0.3191489361702128,0.0,1.0,0.0,1.0,0
5,-0.0625,0.12454212454212454,4,-0.272572402044293,0.3516483516483517,-0.224,-0.32167832167832167,-0.3617021276595745,1.0,0.0,0.0,1.0,0
0,-0.2708333333333333,-0.2490842490842491,20,-0.42248722316865417,-0.4945054945054945,0.432,-0.18181818181818182,0.19148936170212766,1.0,0.0,0.0,1.0,1
0,0.875,1.2673992673992673,2,-0.9267461669505963,0.16483516483516483,1.2,0.6363636363636364,0.7446808510638298,0.0,1.0,1.0,0.0,0
5,0.5416666666666666,0.16117216117216118,20,-0.06473594548551959,0.32967032967032966,0.176,0.6153846153846154,0.7446808510638298,1.0,0.0,0.0,1.0,0
0,0.20833333333333334,0.37362637362637363,16,0.2555366269165247,0.8901098901098901,-0.224,0.32867132867132864,0.2127659574468085,1.0,0.0,0.0,1.0,0
5,0.4166666666666667,0.40293040293040294,4,0.33049403747870526,1.2417582417582418,-0.128,0.06993006993006994,0.0,1.0,0.0,0.0,1.0,0
2,-0.75,-0.7032967032967034,4,0.034071550255536626,-0.13186813186813187,-0.384,-0.6573426573426573,-0.5106382978723404,0.0,1.0,0.0,1.0,0
2,0.125,0.03663003663003663,18,-0.9301533219761499,0.03296703296703297,0.016,0.13986013986013987,0.3617021276595745,1.0,0.0,0.0,1.0,1
0,0.1875,0.43956043956043955,12,-0.899488926746167,-0.24175824175824176,1.12,0.18181818181818182,0.7872340425531915,0.0,1.0,1.0,0.0,1
2,0.3958333333333333,0.673992673992674,10,0.293015332197615,0.3076923076923077,0.272,0.07692307692307693,0.7021276595744681,0.0,1.0,0.0,1.0,0
0,0.3333333333333333,0.07326007326007326,16,0.5621805792163543,-0.5824175824175825,-0.304,0.7972027972027972,-0.14893617021276595,1.0,0.0,0.0,1.0,0
0,0.6875,0.5641025641025641,14,-0.7904599659284497,0.2967032967032967,0.0,0.5384615384615384,0.9787234042553191,0.0,1.0,1.0,0.0,1
3,-0.4583333333333333,-0.6446886446886447,12,-0.8517887563884157,0.3076923076923077,-0.176,-0.3146853146853147,-0.2978723404255319,1.0,0.0,0.0,1.0,1
2,-0.4791666666666667,-0.26373626373626374,16,-0.2657580919931857,0.2857142857142857,-0.304,-0.6153846153846154,-0.44680851063829785,1.0,0.0,1.0,0.0,1
1,0.3958333333333333,0.4175824175824176,18,0.4190800681431005,0.6593406593406593,1.504,0.17482517482517482,0.9574468085106383,1.0,0.0,0.0,1.0,0
5,-0.3125,-0.15384615384615385,12,0.6541737649063032,0.5494505494505495,-0.16,-0.24475524475524477,0.06382978723404255,1.0,0.0,0.0,1.0,0
5,-0.4791666666666667,-0.5421245421245421,16,-0.6098807495741057,-0.5164835164835165,0.208,-0.5944055944055944,-0.2765957446808511,1.0,0.0,1.0,0.0,1
1,0.7291666666666666,0.8864468864468864,10,0.4497444633730835,0.6813186813186813,0.864,0.42657342657342656,1.425531914893617,1.0,0.0,1.0,0.0,0
4,-0.5416666666666666,-0.4542124542124542,12,0.5383304940374787,0.07692307692307693,-0.384,-0.43356643356643354,-0.6170212765957447,1.0,0.0,0.0,1.0,0
4,0.8541666666666666,1.15018315018315,10,0.013628620102214651,2.021978021978022,2.064,1.048951048951049,0.9361702127659575,1.0,0.0,1.0,0.0,0
0,0.8958333333333334,1.575091575091575,10,0.04088586030664395,1.7142857142857142,0.016,0.8951048951048951,0.9787234042553191,1.0,0.0,0.0,1.0,0
3,0.5625,0.3956043956043956,14,0.42248722316865417,-0.10989010989010989,0.56,0.1888111888111888,0.8723404255319149,1.0,0.0,0.0,1.0,0
1,-0.08333333333333333,0.014652014652014652,6,0.19761499148211242,0.31868131868131866,0.368,-0.06993006993006994,0.40425531914893614,1.0,0.0,0.0,1.0,0
2,-0.16666666666666666,-0.17582417582417584,14,0.39522998296422485,-0.054945054945054944,-0.176,-0.04195804195804196,0.2553191489361702,1.0,0.0,0.0,1.0,0
4,-0.2708333333333333,-0.04395604395604396,6,0.3679727427597956,0.42857142857142855,0.576,-0.006993006993006993,-0.2978723404255319,1.0,0.0,0.0,1.0,0
1,0.8333333333333334,1.2307692307692308,4,-1.018739352640545,0.9340659340659341,2.08,1.0909090909090908,1.0851063829787233,0.0,1.0,0.0,1.0,0
4,0.625,0.32234432234432236,6,-0.7768313458262351,-0.16483516483516483,1.728,0.3146853146853147,1.574468085106383,1.0,0.0,1.0,0.0,1
1,-0.3333333333333333,-0.5421245421245421,2,0.8926746166950597,-0.16483516483516483,-0.08,-0.1888111888111888,-0.06382978723404255,1.0,0.0,0.0,1.0,0
3,0.3125,0.10256410256410256,10,-0.31686541737649065,-0.4835164835164835,0.176,-0.09090909090909091,0.3829787234042553,1.0,0.0,0.0,1.0,1
5,-0.5,-0.46153846153846156,8,0.7836456558773425,-0.10989010989010989,-0.384,-0.5454545454545454,-0.2553191489361702,0.0,1.0,1.0,0.0,0
2,0.4791666666666667,0.02197802197802198,20,0.0817717206132879,1.1318681318681318,1.024,0.3076923076923077,1.2340425531914894,0.0,1.0,0.0,1.0,0
1,0.8125,1.3846153846153846,2,0.4940374787052811,0.25274725274725274,0.976,0.7762237762237763,1.4893617021276595,1.0,0.0,0.0,1.0,0
2,-0.625,-0.47619047619047616,4,-0.03747870528109029,-0.3956043956043956,-0.192,-0.46853146853146854,-0.3829787234042553,1.0,0.0,0.0,1.0,0
0,-0.9166666666666666,-0.9230769230769231,18,0.16013628620102216,-0.5714285714285714,-0.384,-0.8251748251748252,-0.851063829787234,0.0,1.0,0.0,1.0,0
1,-0.6458333333333334,-0.7032967032967034,6,0.9301533219761499,-0.5604395604395604,-0.128,-0.6153846153846154,-0.6382978723404256,1.0,0.0,1.0,0.0,0
0,-0.20833333333333334,0.05860805860805861,16,-1.018739352640545,-0.2857142857142857,0.24,0.11188811188811189,-0.2978723404255319,1.0,0.0,1.0,0.0,1
2,-0.75,-0.8278388278388278,4,0.545144804088586,-0.5824175824175825,-0.4,-0.6433566433566433,-0.8085106382978723,1.0,0.0,1.0,0.0,0
5,0.4166666666666667,0.4542124542124542,6,-0.5485519591141397,-0.2967032967032967,0.544,0.951048951048951,0.5531914893617021,1.0,0.0,0.0,1.0,1
4,-0.6041666666666666,-0.6959706959706959,6,-1.0051107325383304,-0.26373626373626374,-0.176,-0.5594405594405595,-0.2978723404255319,1.0,0.0,0.0,1.0,1
0,-0.5416666666666666,-0.673992673992674,6,-0.47700170357751276,-0.4065934065934066,-0.032,-0.44755244755244755,-0.574468085106383,1.0,0.0,0.0,1.0,1
0,0.3125,0.4835164835164835,18,-0.7700170357751278,-0.5054945054945055,0.944,0.013986013986013986,1.0638297872340425,1.0,0.0,0.0,1.0,1
4,0.22916666666666666,0.5347985347985348,12,-0.4804088586030664,0.4175824175824176,-0.272,0.13986013986013987,0.8085106382978723,0.0,1.0,1.0,0.0,1
5,0.375,0.27106227106227104,4,-0.6848381601362862,0.7692307692307693,1.504,0.6013986013986014,0.3404255319148936,1.0,0.0,0.0,1.0,1
4,0.875,0.945054945054945,18,-0.9028960817717206,1.7472527472527473,-0.512,1.4195804195804196,0.44680851063829785,0.0,1.0,0.0,1.0,1
5,-0.22916666666666666,-0.40293040293040294,10,-0.29982964224872233,-0.5494505494505495,0.432,-0.32867132867132864,0.2127659574468085,1.0,0.0,1.0,0.0,1
1,0.3541666666666667,0.608058608058608,4,-0.3475298126064736,-0.18681318681318682,0.912,0.1888111888111888,-0.02127659574468085,1.0,0.0,1.0,0.0,0
0,-0.3125,-0.43956043956043955,6,-0.252129471890971,-0.23076923076923078,-0.064,-0.23076923076923078,0.14893617021276595,1.0,0.0,0.0,1.0,1
5,0.3333333333333333,0.2271062271062271,6,-0.4122657580919932,-0.26373626373626374,1.072,0.2727272727272727,0.2553191489361702,1.0,0.0,1.0,0.0,1
1,0.2916666666666667,0.43956043956043955,2,-1.0119250425894377,1.1318681318681318,-0.288,0.24475524475524477,-0.2765957446808511,1.0,0.0,0.0,1.0,0
4,-0.25,-0.41025641025641024,2,0.24190800681431004,0.34065934065934067,0.32,-0.04195804195804196,-0.2978723404255319,0.0,1.0,1.0,0.0,0
5,-0.8958333333333334,-0.9377289377289377,8,0.9471890971039182,-0.5824175824175825,-0.416,-0.8391608391608392,-0.8723404255319149,1.0,0.0,0.0,1.0,0
0,-0.6666666666666666,-0.7912087912087912,16,-0.20783645655877342,-0.5274725274725275,-0.512,-0.7412587412587412,-0.5106382978723404,0.0,1.0,1.0,0.0,1
2,-0.16666666666666666,-0.12454212454212454,20,0.05110732538330494,0.6373626373626373,-0.016,-0.22377622377622378,-0.44680851063829785,0.0,1.0,0.0,1.0,0
1,1.0,1.7655677655677655,6,0.2282793867120954,1.5164835164835164,1.424,1.4825174825174825,0.425531914893617,0.0,1.0,1.0,0.0,0
4,-0.5625,-0.63003663003663,6,0.37137989778534924,0.13186813186813187,-0.24,-0.6013986013986014,-0.7021276595744681,0.0,1.0,1.0,0.0,0
5,0.20833333333333334,0.5787545787545788,6,0.5894378194207837,1.3186813186813187,0.992,-0.055944055944055944,0.06382978723404255,1.0,0.0,0.0,1.0,0
5,-0.3541666666666667,-0.21978021978021978,16,-0.42248722316865417,0.3956043956043956,0.32,-0.23776223776223776,-0.44680851063829785,1.0,0.0,0.0,1.0,1
5,-0.2916666666666667,-0.04395604395604396,2,-0.4565587734241908,-0.1978021978021978,-0.496,-0.46153846153846156,-0.3617021276595745,1.0,0.0,1.0,0.0,0
1,-0.9583333333333334,-0.945054945054945,18,0.04770017035775128,-0.5714285714285714,-0.576,-0.9230769230769231,-0.851063829787234,0.0,1.0,0.0,1.0,0
1,0.9583333333333334,1.5604395604395604,2,0.39522998296422485,1.5384615384615385,0.624,0.40559440559440557,1.3617021276595744,1.0,0.0,0.0,1.0,0
1,0.5,0.4981684981684982,20,0.17717206132879046,0.8131868131868132,1.056,0.9440559440559441,0.7659574468085106,1.0,0.0,0.0,1.0,0
4,-0.5416666666666666,-0.41025641025641024,10,-0.7120954003407155,0.12087912087912088,-0.272,-0.5104895104895105,-0.3191489361702128,1.0,0.0,0.0,1.0,1
2,-0.2708333333333333,-0.16117216117216118,8,-0.8960817717206133,-0.4175824175824176,-0.176,-0.34265734265734266,-0.40425531914893614,0.0,1.0,0.0,1.0,1
1,-0.5,-0.336996336996337,2,-0.06473594548551959,0.0989010989010989,-0.16,-0.4825174825174825,-0.23404255319148937,1.0,0.0,1.0,0.0,0
5,-0.5208333333333334,-0.43956043956043955,18,0.1635434412265758,-0.5054945054945055,-0.576,-0.4755244755244755,-0.40425531914893614,1.0,0.0,0.0,1.0,0
1,0.5833333333333334,0.9157509157509157,10,0.6814310051107325,1.5824175824175823,0.976,0.5314685314685315,0.44680851063829785,1.0,0.0,1.0,0.0,0
5,0.3125,-0.07326007326007326,4,0.879045996592845,0.6703296703296703,0.752,0.0,0.19148936170212766,0.0,1.0,1.0,0.0,0
1,-0.8958333333333334,-0.8937728937728938,16,0.9165247018739353,-0.3516483516483517,-0.4,-0.8881118881118881,-0.7659574468085106,1.0,0.0,1.0,0.0,0
1,0.75,0.945054945054945,16,0.7223168654173765,0.26373626373626374,1.552,0.6293706293706294,0.2978723404255319,0.0,1.0,0.0,1.0,0
5,-0.4791666666666667,-0.46886446886446886,14,0.04088586030664395,0.1978021978021978,-0.064,-0.5524475524475524,-0.3829787234042553,0.0,1.0,1.0,0.0,0
3,-0.16666666666666666,-0.13186813186813187,16,-0.8756388415672913,-0.25274725274725274,-0.416,-0.1888111888111888,-0.14893617021276595,1.0,0.0,0.0,1.0,1
2,-0.10416666666666667,0.2783882783882784,2,-0.1635434412265758,0.23076923076923078,-0.208,-0.027972027972027972,-0.06382978723404255,0.0,1.0,0.0,1.0,0
2,0.75,0.8644688644688645,2,0.596252129471891,0.31868131868131866,-0.208,0.993006993006993,1.2340425531914894,1.0,0.0,0.0,1.0,0
1,-1.0208333333333333,-1.0402930402930404,6,0.5621805792163543,-0.5824175824175825,-0.576,-0.9790209790209791,-0.9574468085106383,0.0,1.0,0.0,1.0,0
0,0.20833333333333334,0.09523809523809523,18,-0.5008517887563884,0.8021978021978022,1.136,0.3146853146853147,0.9148936170212766,0.0,1.0,0.0,1.0,1
4,0.7916666666666666,0.47619047619047616,6,0.09540034071550256,-0.15384615384615385,-0.56,0.7832167832167832,0.3617021276595745,0.0,1.0,1.0,0.0,0
5,0.20833333333333334,0.6593406593406593,4,0.41567291311754684,1.2967032967032968,0.224,0.06993006993006994,0.06382978723404255,0.0,1.0,1.0,0.0,0
3,0.22916666666666666,-0.10256410256410256,14,0.3543441226575809,1.2747252747252746,0.832,0.5944055944055944,-0.06382978723404255,0.0,1.0,1.0,0.0,0
3,0.625,0.3882783882783883,20,-0.8722316865417377,1.89010989010989,1.712,1.062937062937063,0.2127659574468085,1.0,0.0,0.0,1.0,1
0,0.6458333333333334,0.4175824175824176,4,0.21465076660988075,0.8241758241758241,1.04,0.7902097902097902,0.7021276595744681,0.0,1.0,1.0,0.0,0
4,0.4791666666666667,0.21245421245421245,4,-0.21465076660988075,0.3516483516483517,0.624,0.23076923076923078,-0.19148936170212766,1.0,0.0,1.0,0.0,1
4,-0.8333333333333334,-0.8498168498168498,4,0.43270868824531517,-0.5824175824175825,-0.496,-0.7692307692307693,-0.723404255319149,0.0,1.0,0.0,1.0,0
1,0.6666666666666666,0.2271062271062271,10,0.23850085178875638,1.989010989010989,0.256,0.986013986013986,-0.06382978723404255,1.0,0.0,0.0,1.0,0
2,0.2916666666666667,-0.03663003663003663,2,0.36115843270868825,-0.5054945054945055,1.44,0.4405594405594406,-0.10638297872340426,0.0,1.0,1.0,0.0,0
0,-0.0625,0.32234432234432236,12,0.16013628620102216,0.15384615384615385,-0.432,0.06993006993006994,0.06382978723404255,0.0,1.0,1.0,0.0,0
0,-1.0208333333333333,-1.0256410256410255,12,0.272572402044293,-0.5714285714285714,-0.56,-0.993006993006993,-0.9574468085106383,0.0,1.0,1.0,0.0,0
1,-0.041666666666666664,0.014652014652014652,12,0.9948892674616695,0.32967032967032966,0.72,0.25874125874125875,0.14893617021276595,0.0,1.0,1.0,0.0,0
4,0.14583333333333334,0.2857142857142857,16,-0.5689948892674617,-0.46153846153846156,0.288,0.17482517482517482,0.425531914893617,1.0,0.0,1.0,0.0,1
4,0.4375,0.6227106227106227,14,0.13969335604770017,0.8461538461538461,-0.032,0.25874125874125875,-0.06382978723404255,1.0,0.0,0.0,1.0,0
2,-0.22916666666666666,-0.11721611721611722,10,-0.1737649063032368,-0.2087912087912088,-0.336,0.06993006993006994,-0.23404255319148937,1.0,0.0,0.0,1.0,0
1,0.3958333333333333,0.10256410256410256,4,-0.16695059625212946,0.8131868131868132,0.784,0.8391608391608392,0.723404255319149,1.0,0.0,0.0,1.0,0
5,-0.4166666666666667,-0.2783882783882784,10,0.2657580919931857,-0.054945054945054944,-0.32,-0.5034965034965035,-0.6382978723404256,0.0,1.0,1.0,0.0,0
3,-0.20833333333333334,-0.05128205128205128,20,-0.7495741056218058,-0.4065934065934066,-0.224,0.08391608391608392,-0.14893617021276595,0.0,1.0,0.0,1.0,1
2,-0.3958333333333333,-0.608058608058608,10,-0.899488926746167,-0.5824175824175825,0.192,-0.5104895104895105,-0.3829787234042553,1.0,0.0,1.0,0.0,1
1,-0.25,0.03663003663003663,12,-0.25894378194207834,0.5494505494505495,0.224,-0.24475524475524477,-0.14893617021276595,0.0,1.0,1.0,0.0,1
2,-0.7708333333333334,-0.8571428571428571,12,-0.3850085178875639,-0.5494505494505495,-0.336,-0.6363636363636364,-0.6808510638297872,0.0,1.0,1.0,0.0,1
3,0.020833333333333332,0.19047619047619047,18,0.5621805792163543,0.3956043956043956,0.288,-0.20279720279720279,-0.14893617021276595,0.0,1.0,1.0,0.0,0
5,0.5208333333333334,0.1391941391941392,8,-0.23509369676320271,0.3626373626373626,1.056,0.7202797202797203,0.8085106382978723,0.0,1.0,0.0,1.0,1
1,-0.041666666666666664,0.04395604395604396,10,-0.5928449744463373,0.01098901098901099,0.576,-0.013986013986013986,-0.2553191489361702,1.0,0.0,0.0,1.0,1
2,-0.7083333333333334,-0.7985347985347986,20,-0.15332197614991483,-0.16483516483516483,-0.368,-0.6713286713286714,-0.425531914893617,1.0,0.0,1.0,0.0,0
4,0.4166666666666667,-0.02197802197802198,14,-0.22487223168654175,0.8901098901098901,1.072,0.2517482517482518,0.3404255319148936,0.0,1.0,1.0,0.0,1
0,0.4375,0.4468864468864469,10,0.44293015332197616,1.098901098901099,1.328,0.32167832167832167,1.148936170212766,0.0,1.0,0.0,1.0,0
3,-1.0,-1.0256410256410255,10,-0.29982964224872233,-0.5824175824175825,-0.56,-0.951048951048951,-0.9148936170212766,0.0,1.0,0.0,1.0,1
2,-0.2708333333333333,0.029304029304029304,14,0.43270868824531517,0.5714285714285714,-0.128,-0.2727272727272727,-0.19148936170212766,0.0,1.0,0.0,1.0,0
3,0.9166666666666666,0.6007326007326007,6,-0.9676320272572402,-0.5934065934065934,2.416,1.3636363636363635,1.0425531914893618,0.0,1.0,0.0,1.0,1
4,0.5625,0.358974358974359,14,0.46337308347529815,-0.4065934065934066,0.848,0.40559440559440557,-0.02127659574468085,0.0,1.0,0.0,1.0,0
4,0.5833333333333334,1.2307692307692308,8,0.32367972742759793,1.1978021978021978,1.232,0.986013986013986,0.1276595744680851,1.0,0.0,1.0,0.0,0
3,-1.0,-0.9963369963369964,12,-0.4565587734241908,-0.5494505494505495,-0.528,-0.972027972027972,-0.8936170212765957,0.0,1.0,0.0,1.0,1
2,-0.4166666666666667,-0.41025641025641024,20,0.9846678023850085,-0.06593406593406594,0.304,-0.5244755244755245,-0.10638297872340426,0.0,1.0,1.0,0.0,0
1,-0.9166666666666666,-0.9377289377289377,16,0.12947189097103917,-0.38461538461538464,-0.528,-0.9090909090909091,-0.7659574468085106,0.0,1.0,0.0,1.0,0
0,0.7291666666666666,1.054945054945055,18,-0.41567291311754684,1.7142857142857142,-0.176,0.916083916083916,0.19148936170212766,1.0,0.0,1.0,0.0,1
4,-0.6041666666666666,-0.43956043956043955,2,-0.4838160136286201,-0.46153846153846156,-0.112,-0.6923076923076923,-0.5106382978723404,0.0,1.0,0.0,1.0,0
0,0.7916666666666666,0.6153846153846154,12,0.47018739352640543,0.0,1.2,0.8741258741258742,0.5531914893617021,0.0,1.0,0.0,1.0,0
1,0.625,1.2527472527472527,10,0.5178875638841567,-0.6153846153846154,1.44,1.083916083916084,0.0425531914893617,1.0,0.0,0.0,1.0,0
0,0.7916666666666666,0.5128205128205128,10,-0.1737649063032368,-0.3626373626373626,0.992,0.42657342657342656,1.574468085106383,1.0,0.0,1.0,0.0,0
4,0.2708333333333333,0.6813186813186813,6,-1.0323679727427597,1.164835164835165,1.264,0.7202797202797203,0.5319148936170213,0.0,1.0,0.0,1.0,1
5,-0.5416666666666666,-0.6007326007326007,16,-0.044293015332197615,-0.26373626373626374,0.032,-0.6153846153846154,-0.2127659574468085,1.0,0.0,1.0,0.0,0
1,0.75,1.413919413919414,10,0.555366269165247,1.1758241758241759,-0.48,0.34265734265734266,0.9574468085106383,1.0,0.0,0.0,1.0,0
0,0.4166666666666667,0.09523809523809523,14,0.48722316865417375,0.42857142857142855,0.032,0.6223776223776224,0.7446808510638298,1.0,0.0,1.0,0.0,0
0,-1.0,-1.0183150183150182,16,0.5996592844974447,-0.5934065934065934,-0.592,-0.951048951048951,-0.8723404255319149,1.0,0.0,1.0,0.0,0
4,-0.75,-0.8351648351648352,10,0.868824531516184,-0.45054945054945056,-0.592,-0.6923076923076923,-0.5957446808510638,0.0,1.0,0.0,1.0,0
3,0.041666666666666664,0.029304029304029304,6,0.38841567291311757,0.15384615384615385,0.064,0.17482517482517482,0.1702127659574468,1.0,0.0,1.0,0.0,0
2,-0.75,-0.73992673992674,18,-0.596252129471891,-0.12087912087912088,-0.4,-0.6293706293706294,-0.723404255319149,0.0,1.0,1.0,0.0,1
5,0.25,0.2564102564102564,4,-0.044293015332197615,-0.02197802197802198,1.152,0.5454545454545454,0.8723404255319149,1.0,0.0,1.0,0.0,0
5,0.6041666666666666,0.9816849816849816,10,-0.524701873935264,1.4175824175824177,-0.352,0.1958041958041958,-0.1276595744680851,1.0,0.0,0.0,1.0,1
1,0.2916666666666667,0.27106227106227104,10,0.40545144804088584,0.6923076923076923,0.784,0.32167832167832167,0.0,0.0,1.0,0.0,1.0,0
2,-0.125,0.14652014652014653,4,0.25894378194207834,0.5164835164835165,-0.096,-0.20279720279720279,0.10638297872340426,0.0,1.0,0.0,1.0,0
5,0.3541666666666667,0.43223443223443225,10,-0.08517887563884156,-0.5604395604395604,1.296,0.8811188811188811,-0.23404255319148937,1.0,0.0,1.0,0.0,0
3,0.08333333333333333,0.4249084249084249,10,-0.19420783645655879,0.5494505494505495,0.72,-0.07692307692307693,-0.10638297872340426,0.0,1.0,0.0,1.0,1
0,0.10416666666666667,0.3956043956043956,20,0.010221465076660987,0.16483516483516483,-0.512,0.3776223776223776,0.6595744680851063,0.0,1.0,0.0,1.0,0
5,-0.14583333333333334,-0.29304029304029305,20,0.6916524701873935,0.45054945054945056,-0.016,-0.26573426573426573,-0.425531914893617,1.0,0.0,0.0,1.0,0
4,-0.9791666666666666,-1.0036630036630036,18,-0.899488926746167,-0.5384615384615384,-0.56,-0.965034965034965,-0.9148936170212766,0.0,1.0,1.0,0.0,1
4,-0.25,-0.09523809523809523,20,-0.5110732538330494,0.46153846153846156,-0.512,-0.16083916083916083,0.0425531914893617,1.0,0.0,0.0,1.0,1
4,0.10416666666666667,-0.09523809523809523,20,0.9063032367972743,-0.25274725274725274,0.608,0.3776223776223776,0.425531914893617,0.0,1.0,1.0,0.0,0
0,-0.6041666666666666,-0.5201465201465202,2,-0.919931856899489,-0.24175824175824176,-0.496,-0.5874125874125874,-0.6382978723404256,0.0,1.0,1.0,0.0,0
4,0.041666666666666664,0.08791208791208792,2,-0.25894378194207834,-0.1978021978021978,0.24,0.35664335664335667,-0.1276595744680851,1.0,0.0,1.0,0.0,1
5,-0.125,0.18315018315018314,2,0.12265758091993186,0.5494505494505495,0.608,-0.18181818181818182,0.425531914893617,1.0,0.0,0.0,1.0,0
3,-0.8541666666666666,-0.8644688644688645,4,0.524701873935264,-0.34065934065934067,-0.576,-0.7552447552447552,-0.7659574468085106,1.0,0.0,1.0,0.0,0
2,-0.16666666666666666,0.10256410256410256,14,0.06814310051107325,0.46153846153846156,0.48,0.16783216783216784,0.0,1.0,0.0,0.0,1.0,0
5,-0.22916666666666666,0.06593406593406594,12,-0.293015332197615,-0.6153846153846154,-0.496,-0.17482517482517482,-0.2127659574468085,0.0,1.0,0.0,1.0,1
5,-0.4166666666666667,-0.37362637362637363,20,-0.303236797274276,0.25274725274725274,-0.096,-0.5594405594405595,-0.40425531914893614,0.0,1.0,1.0,0.0,1
5,0.5208333333333334,0.2490842490842491,12,-0.514480408858603,0.25274725274725274,0.096,0.6433566433566433,0.0425531914893617,1.0,0.0,0.0,1.0,1
0,0.1875,0.608058608058608,16,-1.0255536626916524,0.7252747252747253,0.448,0.21678321678321677,0.5531914893617021,0.0,1.0,1.0,0.0,1
2,0.6458333333333334,0.967032967032967,16,0.7632027257240205,0.6483516483516484,0.8,0.7972027972027972,1.3191489361702127,0.0,1.0,0.0,1.0,0
2,0.4791666666666667,0.9963369963369964,8,-0.7734241908006815,1.7912087912087913,0.208,0.1958041958041958,0.14893617021276595,0.0,1.0,0.0,1.0,1
1,-0.3541666666666667,-0.5567765567765568,4,-0.23509369676320271,-0.27472527472527475,-0.336,-0.11188811188811189,-0.10638297872340426,1.0,0.0,0.0,1.0,1
3,0.6458333333333334,0.43956043956043955,10,-0.5519591141396933,1.1538461538461537,1.232,1.013986013986014,0.3404255319148936,0.0,1.0,0.0,1.0,1
4,0.6041666666666666,1.1355311355311355,4,-0.58603066439523,0.6923076923076923,1.616,0.2937062937062937,1.4893617021276595,1.0,0.0,1.0,0.0,0
4,0.8125,1.1575091575091576,20,-0.24190800681431004,1.6923076923076923,0.592,1.1118881118881119,1.8297872340425532,1.0,0.0,0.0,1.0,1
1,-0.9166666666666666,-0.8717948717948718,20,0.22487223168654175,-0.6043956043956044,-0.432,-0.8391608391608392,-0.851063829787234,0.0,1.0,0.0,1.0,0
3,-0.6041666666666666,-0.4249084249084249,2,0.9335604770017035,-0.06593406593406594,-0.384,-0.5734265734265734,-0.2978723404255319,0.0,1.0,0.0,1.0,0
2,-1.0208333333333333,-1.0256410256410255,8,-0.1737649063032368,-0.5714285714285714,-0.56,-0.972027972027972,-0.9148936170212766,0.0,1.0,0.0,1.0,0
4,0.6458333333333334,0.4468864468864469,10,-0.19420783645655879,0.5714285714285714,0.528,0.7272727272727273,1.297872340425532,0.0,1.0,1.0,0.0,1
5,0.25,0.5787545787545788,18,0.08858603066439523,-0.5824175824175825,0.032,0.5944055944055944,0.7446808510638298,1.0,0.0,1.0,0.0,0
0,-0.9791666666666666,-0.9816849816849816,4,0.555366269165247,-0.5164835164835165,-0.544,-0.9370629370629371,-0.8936170212765957,1.0,0.0,1.0,0.0,0
5,0.2708333333333333,0.5054945054945055,16,0.42589437819420783,-0.5824175824175825,0.24,0.1958041958041958,1.0851063829787233,1.0,0.0,1.0,0.0,0
4,0.4166666666666667,0.3516483516483517,16,-0.817717206132879,1.3516483516483517,-0.176,0.5594405594405595,-0.10638297872340426,0.0,1.0,0.0,1.0,1
3,0.25,0.2271062271062271,2,-0.20783645655877342,1.2307692307692308,-0.448,0.1258741258741259,0.1702127659574468,0.0,1.0,0.0,1.0,1
1,-0.9791666666666666,-0.9597069597069597,16,0.28960817717206133,-0.5714285714285714,-0.544,-0.9370629370629371,-0.9148936170212766,0.0,1.0,0.0,1.0,0
3,-0.25,-0.03663003663003663,16,-0.3645655877342419,-0.34065934065934067,-0.24,-0.06293706293706294,-0.3404255319148936,1.0,0.0,1.0,0.0,1
4,-0.125,0.08791208791208792,14,-0.5587734241908007,0.3626373626373626,0.512,0.04195804195804196,-0.02127659574468085,1.0,0.0,1.0,0.0,1
3,0.6458333333333334,1.0476190476190477,10,-0.5315161839863713,-0.13186813186813187,1.76,1.034965034965035,0.48936170212765956,0.0,1.0,0.0,1.0,1
0,0.4583333333333333,0.10989010989010989,2,-0.3850085178875639,0.21978021978021978,-0.368,0.5034965034965035,1.3191489361702127,1.0,0.0,1.0,0.0,1
4,-0.8125,-0.8791208791208791,8,0.9165247018739353,-0.43956043956043955,-0.256,-0.8321678321678322,-0.7659574468085106,1.0,0.0,1.0,0.0,0
0,0.8125,1.4212454212454213,4,-0.1839863713798978,-0.3956043956043956,0.832,0.3776223776223776,1.6808510638297873,1.0,0.0,0.0,1.0,0
5,-0.3958333333333333,-0.29304029304029305,2,-0.5826235093696763,0.0989010989010989,0.0,-0.23776223776223776,-0.1702127659574468,1.0,0.0,1.0,0.0,0
4,1.0,1.1282051282051282,18,-0.3645655877342419,0.5274725274725275,0.688,1.027972027972028,1.9787234042553192,1.0,0.0,1.0,0.0,1
2,0.4375,0.17582417582417584,10,0.8620102214650767,1.3736263736263736,1.44,0.08391608391608392,0.3191489361702128,0.0,1.0,1.0,0.0,0
0,-0.5,-0.32967032967032966,20,0.30664395229982966,-0.5934065934065934,-0.32,-0.6083916083916084,-0.6595744680851063,0.0,1.0,0.0,1.0,1
2,-0.14583333333333334,-0.19047619047619047,20,-0.6201022146507666,0.4065934065934066,-0.16,0.07692307692307693,-0.23404255319148937,0.0,1.0,1.0,0.0,1
3,0.5833333333333334,0.4835164835164835,18,0.313458262350937,0.9010989010989011,1.104,0.5034965034965035,0.0851063829787234,1.0,0.0,0.0,1.0,0
1,0.9583333333333334,0.73992673992674,14,-0.010221465076660987,0.8791208791208791,1.648,1.4615384615384615,0.46808510638297873,0.0,1.0,0.0,1.0,0
3,0.5416666666666666,0.9597069597069597,4,-0.5587734241908007,0.9120879120879121,0.608,0.8741258741258742,0.3617021276595745,1.0,0.0,1.0,0.0,0
3,0.5625,1.032967032967033,4,-0.5315161839863713,0.17582417582417584,0.928,0.38461538461538464,1.446808510638298,1.0,0.0,1.0,0.0,0
4,-0.6458333333333334,-0.4835164835164835,6,0.797274275979557,-0.054945054945054944,-0.176,-0.7482517482517482,-0.3404255319148936,1.0,0.0,0.0,1.0,0
1,-0.4166666666666667,-0.3956043956043956,16,-0.7802385008517888,-0.3516483516483517,-0.032,-0.5244755244755245,-0.2127659574468085,1.0,0.0,0.0,1.0,1
2,-0.8125,-0.73992673992674,10,-0.1635434412265758,-0.6043956043956044,-0.416,-0.8321678321678322,-0.6595744680851063,0.0,1.0,0.0,1.0,0
3,-0.2708333333333333,-0.06593406593406594,16,0.2010221465076661,-0.08791208791208792,-0.528,-0.15384615384615385,0.1702127659574468,0.0,1.0,0.0,1.0,0
2,-0.14583333333333334,0.1391941391941392,16,0.9403747870528109,0.24175824175824176,0.608,-0.3006993006993007,0.19148936170212766,0.0,1.0,1.0,0.0,0
4,0.041666666666666664,-0.2857142857142857,12,0.7427597955706985,1.0769230769230769,1.04,0.2097902097902098,-0.40425531914893614,0.0,1.0,1.0,0.0,0
5,-0.8333333333333334,-0.7838827838827839,4,0.9812606473594548,-0.4945054945054945,-0.56,-0.7832167832167832,-0.7659574468085106,0.0,1.0,0.0,1.0,0
1,0.10416666666666667,0.46886446886446886,2,-0.1737649063032368,-0.26373626373626374,0.416,0.5244755244755245,0.3404255319148936,0.0,1.0,0.0,1.0,0
3,0.041666666666666664,0.358974358974359,4,-0.04088586030664395,0.8351648351648352,0.16,0.36363636363636365,0.723404255319149,0.0,1.0,0.0,1.0,0
0,0.8125,0.967032967032967,8,0.37137989778534924,-0.5164835164835165,0.48,0.6853146853146853,0.2765957446808511,1.0,0.0,0.0,1.0,0
4,0.9583333333333334,1.36996336996337,12,0.616695059625213,0.989010989010989,1.936,1.6293706293706294,0.425531914893617,1.0,0.0,0.0,1.0,0
5,1.0,1.5531135531135531,20,-0.45315161839863716,0.42857142857142855,2.352,1.7132867132867133,2.1702127659574466,0.0,1.0,1.0,0.0,1
1,-0.10416666666666667,0.04395604395604396,4,-0.034071550255536626,0.9010989010989011,0.016,-0.20279720279720279,-0.1276595744680851,0.0,1.0,1.0,0.0,0
1,0.3125,0.4468864468864469,4,-0.6405451448040886,0.7912087912087912,1.312,0.21678321678321677,-0.1276595744680851,0.0,1.0,1.0,0.0,0
3,-0.08333333333333333,-0.10256410256410256,12,-0.555366269165247,-0.17582417582417584,-0.064,0.13986013986013987,-0.0425531914893617,1.0,0.0,0.0,1.0,1
0,-0.4791666666666667,-0.5347985347985348,6,0.24872231686541738,-0.23076923076923078,-0.24,-0.6223776223776224,-0.2765957446808511,1.0,0.0,1.0,0.0,0
3,0.2708333333333333,-0.014652014652014652,10,-0.19420783645655879,0.5494505494505495,1.008,0.46153846153846156,0.1276595744680851,0.0,1.0,1.0,0.0,1
1,-0.875,-0.8131868131868132,18,-0.7086882453151618,-0.34065934065934067,-0.464,-0.8111888111888111,-0.6808510638297872,0.0,1.0,1.0,0.0,1
1,0.5,0.3882783882783883,10,0.22487223168654175,-0.4175824175824176,0.816,0.24475524475524477,0.5957446808510638,1.0,0.0,0.0,1.0,0
0,0.3125,0.8058608058608059,8,0.39182282793867124,0.7692307692307693,1.36,0.4965034965034965,0.9574468085106383,0.0,1.0,1.0,0.0,0
3,0.3541666666666667,0.3882783882783883,10,-0.29642248722316866,1.1428571428571428,0.368,0.7972027972027972,0.851063829787234,1.0,0.0,0.0,1.0,1
4,-0.4583333333333333,-0.2490842490842491,10,0.4804088586030664,0.10989010989010989,0.048,-0.5104895104895105,-0.6170212765957447,0.0,1.0,1.0,0.0,0
4,-0.6458333333333334,-0.5274725274725275,20,-0.02385008517887564,-0.5494505494505495,-0.224,-0.6783216783216783,-0.425531914893617,1.0,0.0,0.0,1.0,0
4,0.9791666666666666,1.2893772893772895,18,-0.034071550255536626,0.42857142857142855,-0.528,1.3566433566433567,2.0851063829787235,0.0,1.0,1.0,0.0,0
0,-0.20833333333333334,-0.13186813186813187,8,0.6678023850085179,-0.2087912087912088,-0.48,-0.36363636363636365,-0.3829787234042553,0.0,1.0,0.0,1.0,0
5,-0.8333333333333334,-0.7838827838827839,2,-0.22146507666098808,-0.5714285714285714,-0.384,-0.7202797202797203,-0.6170212765957447,1.0,0.0,0.0,1.0,0
5,-0.8333333333333334,-0.7838827838827839,20,0.868824531516184,-0.26373626373626374,-0.4,-0.7552447552447552,-0.723404255319149,0.0,1.0,1.0,0.0,0
5,0.020833333333333332,-0.21245421245421245,6,0.18739352640545145,0.27472527472527475,0.224,-0.22377622377622378,0.23404255319148937,0.0,1.0,1.0,0.0,0
5,-0.020833333333333332,0.0,18,-0.3202725724020443,0.6813186813186813,-0.192,0.36363636363636365,0.0851063829787234,1.0,0.0,0.0,1.0,1
4,-0.25,-0.1978021978021978,10,0.858603066439523,0.5054945054945055,0.048,-0.3076923076923077,-0.3617021276595745,1.0,0.0,0.0,1.0,0
5,-0.14583333333333334,0.05128205128205128,4,-0.6882453151618398,-0.5934065934065934,0.272,0.20279720279720279,-0.44680851063829785,1.0,0.0,1.0,0.0,0
1,0.5833333333333334,1.0695970695970696,2,0.20442930153321975,1.5384615384615385,1.344,0.9790209790209791,1.1914893617021276,1.0,0.0,0.0,1.0,0
5,0.5833333333333334,0.2271062271062271,2,-0.14991482112436116,1.5494505494505495,-0.144,1.0,0.19148936170212766,1.0,0.0,1.0,0.0,0
2,-0.6458333333333334,-0.5787545787545788,14,0.11925042589437819,-0.07692307692307693,-0.56,-0.6783216783216783,-0.46808510638297873,0.0,1.0,0.0,1.0,0
2,-1.0208333333333333,-1.0183150183150182,8,0.8449744463373083,-0.5714285714285714,-0.56,-0.965034965034965,-0.9148936170212766,1.0,0.0,1.0,0.0,0
0,-0.75,-0.7692307692307693,12,0.6337308347529813,-0.21978021978021978,-0.336,-0.6153846153846154,-0.6808510638297872,0.0,1.0,0.0,1.0,0
4,-0.1875,0.06593406593406594,18,0.6507666098807495,0.18681318681318682,-0.48,-0.08391608391608392,-0.48936170212765956,0.0,1.0,1.0,0.0,0
2,0.14583333333333334,0.5787545787545788,6,0.9710391822827938,0.6923076923076923,-0.176,0.17482517482517482,0.06382978723404255,0.0,1.0,0.0,1.0,0
5,-0.1875,-0.1684981684981685,2,0.282793867120954,0.5384615384615384,-0.56,0.06993006993006994,-0.06382978723404255,1.0,0.0,0.0,1.0,0
5,-0.8958333333333334,-0.9157509157509157,12,-0.817717206132879,-0.4835164835164835,-0.432,-0.8041958041958042,-0.7659574468085106,0.0,1.0,0.0,1.0,1
5,-0.9583333333333334,-0.9816849816849816,12,-0.5076660988074957,-0.46153846153846156,-0.512,-0.951048951048951,-0.8936170212765957,1.0,0.0,1.0,0.0,1
1,0.3541666666666667,0.17582417582417584,2,0.4804088586030664,1.0879120879120878,0.032,0.6363636363636364,-0.2127659574468085,0.0,1.0,0.0,1.0,0
0,-1.0,-1.010989010989011,4,0.0,-0.5274725274725275,-0.56,-0.9790209790209791,-0.9148936170212766,0.0,1.0,0.0,1.0,0
4,-0.4791666666666667,-0.6227106227106227,18,-0.6405451448040886,-0.37362637362637363,0.08,-0.43356643356643354,-0.5319148936170213,1.0,0.0,1.0,0.0,1
3,-0.7708333333333334,-0.8278388278388278,2,0.16695059625212946,-0.6043956043956044,-0.256,-0.7762237762237763,-0.5531914893617021,1.0,0.0,1.0,0.0,0
4,0.25,0.21978021978021978,6,0.030664395229982964,1.1428571428571428,-0.064,0.6223776223776224,-0.2765957446808511,1.0,0.0,1.0,0.0,0
3,-0.2708333333333333,0.03663003663003663,20,-0.21465076660988075,0.4175824175824176,-0.432,-0.3706293706293706,-0.19148936170212766,1.0,0.0,0.0,1.0,1
5,0.0625,0.47619047619047616,12,0.19761499148211242,1.120879120879121,1.072,0.38461538461538464,0.19148936170212766,0.0,1.0,1.0,0.0,0
0,-1.0208333333333333,-1.0183150183150182,10,-0.054514480408858604,-0.6263736263736264,-0.576,-0.986013986013986,-0.9361702127659575,1.0,0.0,0.0,1.0,1
2,0.625,0.2857142857142857,6,-0.787052810902896,1.4835164835164836,1.04,1.1468531468531469,0.723404255319149,0.0,1.0,1.0,0.0,1
5,-0.08333333333333333,-0.014652014652014652,16,0.9574105621805792,0.4725274725274725,0.112,-0.3706293706293706,-0.14893617021276595,1.0,0.0,1.0,0.0,0
5,0.375,0.6813186813186813,6,-0.7529812606473595,1.2637362637362637,0.512,0.4825174825174825,0.9361702127659575,1.0,0.0,0.0,1.0,1
4,-0.14583333333333334,0.029304029304029304,12,-0.4906303236797274,0.01098901098901099,-0.464,-0.22377622377622378,-0.44680851063829785,0.0,1.0,0.0,1.0,1
3,-0.041666666666666664,0.32234432234432236,4,-0.09540034071550256,0.9340659340659341,0.864,0.13286713286713286,0.02127659574468085,0.0,1.0,0.0,1.0,0
5,-0.2708333333333333,-0.315018315018315,16,0.010221465076660987,0.23076923076923078,-0.288,-0.32867132867132864,-0.3829787234042553,1.0,0.0,0.0,1.0,0
0,-0.6666666666666666,-0.608058608058608,16,0.7086882453151618,-0.4945054945054945,-0.576,-0.6643356643356644,-0.5531914893617021,0.0,1.0,0.0,1.0,0
1,0.041666666666666664,0.23443223443223443,12,0.9744463373083475,1.065934065934066,-0.512,0.02097902097902098,0.48936170212765956,0.0,1.0,1.0,0.0,0
3,0.3958333333333333,0.8424908424908425,18,0.293015332197615,1.2747252747252746,0.32,0.4125874125874126,0.2978723404255319,0.0,1.0,0.0,1.0,0
1,1.0,0.4468864468864469,20,0.7427597955706985,0.7802197802197802,0.72,1.6433566433566433,1.4042553191489362,0.0,1.0,1.0,0.0,0
2,0.9375,1.120879120879121,12,0.596252129471891,-0.3516483516483517,2.224,0.5664335664335665,0.7446808510638298,1.0,0.0,1.0,0.0,0
5,0.7083333333333334,0.7912087912087912,4,-0.909710391822828,0.31868131868131866,-0.4,1.118881118881119,0.9574468085106383,1.0,0.0,1.0,0.0,1
3,-0.22916666666666666,-0.43956043956043955,4,0.21805792163543442,0.6483516483516484,0.416,0.04895104895104895,-0.2127659574468085,0.0,1.0,0.0,1.0,0
4,0.3958333333333333,0.3663003663003663,8,0.3577512776831346,1.3186813186813187,-0.176,0.6783216783216783,0.0,1.0,0.0,0.0,1.0,0
0,0.22916666666666666,0.1978021978021978,8,-0.06814310051107325,-0.2087912087912088,0.032,-0.06993006993006994,-0.2553191489361702,0.0,1.0,1.0,0.0,0
4,-0.7708333333333334,-0.7985347985347986,12,0.06132879045996593,-0.27472527472527475,-0.448,-0.6643356643356644,-0.574468085106383,0.0,1.0,0.0,1.0,0
0,0.8958333333333334,0.9084249084249084,10,-0.2282793867120954,-0.13186813186813187,-0.32,1.3426573426573427,0.06382978723404255,0.0,1.0,0.0,1.0,1
0,0.3958333333333333,0.46153846153846156,20,-0.7597955706984668,0.6813186813186813,1.136,0.45454545454545453,0.3617021276595745,0.0,1.0,0.0,1.0,1
1,0.6041666666666666,0.7326007326007326,12,0.1567291311754685,0.5714285714285714,-0.336,0.5034965034965035,1.0,1.0,0.0,0.0,1.0,0
2,-0.0625,0.21245421245421245,20,-0.7563884156729132,-0.5714285714285714,0.512,-0.08391608391608392,0.5319148936170213,1.0,0.0,0.0,1.0,1
5,0.22916666666666666,-0.06593406593406594,2,-0.4599659284497445,-0.25274725274725274,1.376,-0.04895104895104895,0.2127659574468085,0.0,1.0,1.0,0.0,1
5,-1.0,-1.0036630036630036,6,-0.3781942078364566,-0.5274725274725275,-0.544,-0.972027972027972,-0.8723404255319149,1.0,0.0,1.0,0.0,1
2,0.08333333333333333,0.32234432234432236,2,-0.7529812606473595,0.7582417582417582,-0.432,0.04195804195804196,0.7659574468085106,1.0,0.0,1.0,0.0,0
4,0.8958333333333334,0.41025641025641024,10,0.6814310051107325,2.10989010989011,-0.432,1.3846153846153846,0.06382978723404255,0.0,1.0,1.0,0.0,0
4,-0.08333333333333333,-0.10989010989010989,14,-0.3781942078364566,-0.5054945054945055,0.128,-0.03496503496503497,0.40425531914893614,1.0,0.0,1.0,0.0,1
2,-0.16666666666666666,0.007326007326007326,2,0.9131175468483816,-0.16483516483516483,0.576,-0.04895104895104895,-0.02127659574468085,1.0,0.0,1.0,0.0,0
4,0.08333333333333333,0.014652014652014652,10,-0.848381601362862,1.1428571428571428,-0.048,0.46153846153846156,0.6808510638297872,1.0,0.0,0.0,1.0,1
0,0.10416666666666667,0.3443223443223443,6,-0.6678023850085179,-0.24175824175824176,-0.016,-0.027972027972027972,0.8297872340425532,1.0,0.0,0.0,1.0,1
4,0.14583333333333334,-0.08058608058608059,14,0.7257240204429302,0.9010989010989011,0.896,0.40559440559440557,0.723404255319149,1.0,0.0,1.0,0.0,0
1,0.0,-0.05860805860805861,14,-0.8620102214650767,0.06593406593406594,-0.24,-0.13986013986013987,-0.19148936170212766,1.0,0.0,1.0,0.0,1
4,-0.6458333333333334,-0.7252747252747253,18,0.44293015332197616,-0.2087912087912088,0.0,-0.5314685314685315,-0.3617021276595745,0.0,1.0,1.0,0.0,0
4,0.7291666666666666,0.7692307692307693,6,0.7393526405451448,0.967032967032967,0.208,0.7972027972027972,0.8085106382978723,0.0,1.0,1.0,0.0,0
1,-0.75,-0.63003663003663,6,-0.3270868824531516,-0.32967032967032966,-0.16,-0.6853146853146853,-0.5531914893617021,0.0,1.0,1.0,0.0,1
5,0.0625,0.3076923076923077,20,-0.9437819420783645,0.45054945054945056,1.024,0.013986013986013986,-0.2765957446808511,0.0,1.0,0.0,1.0,1
5,0.020833333333333332,-0.20512820512820512,18,0.3679727427597956,0.9560439560439561,0.224,0.06293706293706294,0.0,0.0,1.0,0.0,1.0,0
2,-0.6041666666666666,-0.43223443223443225,18,0.4293015332197615,-0.18681318681318682,-0.064,-0.48951048951048953,-0.6808510638297872,0.0,1.0,1.0,0.0,0
5,-0.20833333333333334,-0.26373626373626374,14,-0.7632027257240205,0.06593406593406594,-0.32,-0.42657342657342656,0.19148936170212766,1.0,0.0,1.0,0.0,1
1,-0.25,-0.43223443223443225,8,0.7291311754684838,-0.5164835164835165,-0.192,-0.2727272727272727,-0.5106382978723404,0.0,1.0,0.0,1.0,0
2,-0.7708333333333334,-0.8424908424908425,4,0.9471890971039182,-0.2087912087912088,-0.528,-0.6713286713286714,-0.723404255319149,0.0,1.0,1.0,0.0,0
1,-0.08333333333333333,0.10256410256410256,14,-0.6712095400340715,-0.17582417582417584,0.256,-0.02097902097902098,-0.2553191489361702,0.0,1.0,0.0,1.0,1
5,-0.020833333333333332,-0.2490842490842491,8,0.3339011925042589,0.38461538461538464,-0.512,-0.04195804195804196,0.02127659574468085,0.0,1.0,1.0,0.0,0
1,-0.16666666666666666,-0.03663003663003663,12,-0.2657580919931857,-0.38461538461538464,-0.416,-0.03496503496503497,0.2127659574468085,0.0,1.0,0.0,1.0,1
1,-0.14583333333333334,0.14652014652014653,18,-0.7427597955706985,-0.5274725274725275,0.256,-0.08391608391608392,0.1276595744680851,0.0,1.0,0.0,1.0,1
0,-0.5416666666666666,-0.4981684981684982,8,-0.565587734241908,0.02197802197802198,-0.592,-0.6153846153846154,-0.2553191489361702,1.0,0.0,1.0,0.0,1
1,-0.8125,-0.8205128205128205,20,0.38841567291311757,-0.27472527472527475,-0.352,-0.8461538461538461,-0.7659574468085106,1.0,0.0,1.0,0.0,0
5,-0.7916666666666666,-0.8717948717948718,6,0.013628620102214651,-0.5274725274725275,-0.352,-0.6923076923076923,-0.6170212765957447,1.0,0.0,1.0,0.0,0
1,0.14583333333333334,0.30036630036630035,20,-0.05792163543441227,0.9340659340659341,-0.112,0.06993006993006994,0.3191489361702128,0.0,1.0,1.0,0.0,0
1,0.0,-0.20512820512820512,12,-0.9846678023850085,1.0,0.624,-0.15384615384615385,0.0851063829787234,1.0,0.0,1.0,0.0,1
2,0.6041666666666666,0.989010989010989,18,0.5519591141396933,2.021978021978022,1.088,0.21678321678321677,0.7872340425531915,0.0,1.0,0.0,1.0,0
3,-0.20833333333333334,-0.17582417582417584,2,-0.49744463373083475,-0.5384615384615384,-0.512,-0.03496503496503497,0.0851063829787234,0.0,1.0,1.0,0.0,1
5,-0.9166666666666666,-0.9377289377289377,10,0.16013628620102216,-0.4725274725274725,-0.576,-0.916083916083916,-0.8936170212765957,1.0,0.0,1.0,0.0,0
2,-0.5416666666666666,-0.3663003663003663,4,0.11243611584327087,-0.5164835164835165,-0.432,-0.5104895104895105,-0.5319148936170213,0.0,1.0,1.0,0.0,0
0,0.5208333333333334,0.24175824175824176,16,0.6303236797274276,-0.42857142857142855,0.656,0.8741258741258742,0.2978723404255319,1.0,0.0,0.0,1.0,0
0,1.0,0.5641025641025641,20,0.034071550255536626,2.5054945054945055,0.832,0.6293706293706294,0.0851063829787234,0.0,1.0,1.0,0.0,0
3,-0.20833333333333334,-0.4468864468864469,2,0.7836456558773425,0.7032967032967034,-0.592,0.11188811188811189,-0.23404255319148937,0.0,1.0,1.0,0.0,0
2,0.3125,0.63003663003663,16,-0.1635434412265758,0.4725274725274725,0.448,0.6083916083916084,-0.2553191489361702,1.0,0.0,1.0,0.0,0
1,-0.5625,-0.6886446886446886,2,-0.7904599659284497,0.054945054945054944,-0.096,-0.42657342657342656,-0.6595744680851063,0.0,1.0,1.0,0.0,1
2,-0.9375,-0.989010989010989,10,0.6712095400340715,-0.4835164835164835,-0.56,-0.8601398601398601,-0.7659574468085106,0.0,1.0,1.0,0.0,0
3,-0.3958333333333333,-0.46886446886446886,8,-0.9948892674616695,-0.07692307692307693,0.304,-0.2727272727272727,-0.6170212765957447,1.0,0.0,1.0,0.0,1
1,0.6458333333333334,0.6886446886446886,4,-0.807495741056218,0.5824175824175825,1.84,0.7412587412587412,1.2553191489361701,1.0,0.0,1.0,0.0,1
2,0.6041666666666666,1.0769230769230769,4,-0.010221465076660987,1.1978021978021978,1.52,1.034965034965035,0.425531914893617,0.0,1.0,1.0,0.0,0
5,0.6666666666666666,0.2271062271062271,12,-0.9165247018739353,1.5384615384615385,1.52,0.5524475524475524,1.127659574468085,0.0,1.0,1.0,0.0,1
2,-0.3125,-0.4835164835164835,12,-0.1260647359454855,0.5384615384615384,-0.112,-0.3986013986013986,-0.3829787234042553,0.0,1.0,1.0,0.0,0
5,0.4791666666666667,0.46886446886446886,4,-0.14310051107325383,1.7252747252747254,0.016,0.8251748251748252,-0.1276595744680851,1.0,0.0,1.0,0.0,0
1,0.0625,0.3516483516483517,8,0.6712095400340715,-0.5274725274725275,0.384,0.34265734265734266,-0.3191489361702128,0.0,1.0,1.0,0.0,0
3,0.3125,0.3076923076923077,12,0.787052810902896,1.4505494505494505,0.896,-0.06293706293706294,0.06382978723404255,0.0,1.0,1.0,0.0,0
3,0.6041666666666666,0.717948717948718,14,-0.6950596252129472,1.4835164835164836,0.272,0.4195804195804196,1.5106382978723405,0.0,1.0,0.0,1.0,1
4,0.9583333333333334,0.7619047619047619,4,-0.20783645655877342,0.46153846153846156,1.328,1.027972027972028,1.8936170212765957,1.0,0.0,0.0,1.0,1
0,0.5208333333333334,0.9523809523809523,2,-0.565587734241908,0.4835164835164835,1.2,0.9090909090909091,0.48936170212765956,0.0,1.0,0.0,1.0,0
0,-0.6458333333333334,-0.7252747252747253,6,0.6201022146507666,-0.2967032967032967,-0.304,-0.5524475524475524,-0.5957446808510638,1.0,0.0,1.0,0.0,0
1,-0.8541666666666666,-0.8058608058608059,4,-0.11243611584327087,-0.5054945054945055,-0.384,-0.7622377622377622,-0.7446808510638298,1.0,0.0,1.0,0.0,0
4,-0.375,-0.5567765567765568,20,-0.3373083475298126,0.2857142857142857,-0.08,-0.5104895104895105,-0.425531914893617,0.0,1.0,1.0,0.0,1
0,0.3541666666666667,-0.014652014652014652,8,0.7120954003407155,1.054945054945055,0.128,0.45454545454545453,0.40425531914893614,0.0,1.0,0.0,1.0,0
3,-0.7708333333333334,-0.8717948717948718,8,0.07495741056218058,-0.27472527472527475,-0.304,-0.7832167832167832,-0.7446808510638298,0.0,1.0,1.0,0.0,0
5,-0.6458333333333334,-0.608058608058608,4,-0.807495741056218,-0.03296703296703297,-0.24,-0.6433566433566433,-0.3617021276595745,1.0,0.0,0.0,1.0,0
0,-0.5208333333333334,-0.3443223443223443,20,-0.8006814310051107,-0.21978021978021978,-0.352,-0.6573426573426573,-0.5319148936170213,0.0,1.0,0.0,1.0,1
5,0.0,-0.08058608058608059,20,0.807495741056218,-0.46153846153846156,0.256,0.006993006993006993,0.0,0.0,1.0,1.0,0.0,0
0,-1.0,-0.989010989010989,8,0.6337308347529813,-0.5714285714285714,-0.576,-0.965034965034965,-0.8723404255319149,0.0,1.0,0.0,1.0,0
4,-0.8125,-0.7326007326007326,6,0.524701873935264,-0.4065934065934066,-0.56,-0.6853146853146853,-0.6382978723404256,1.0,0.0,0.0,1.0,0
2,-0.9375,-0.9157509157509157,16,-0.606473594548552,-0.5164835164835165,-0.512,-0.8601398601398601,-0.8936170212765957,1.0,0.0,1.0,0.0,1
3,0.4375,0.4249084249084249,10,-0.15332197614991483,-0.6153846153846154,1.52,0.8811188811188811,1.297872340425532,1.0,0.0,0.0,1.0,0
5,0.4375,0.21245421245421245,4,-0.7597955706984668,-0.3626373626373626,-0.528,0.20279720279720279,0.3617021276595745,1.0,0.0,1.0,0.0,1
4,-0.8333333333333334,-0.8571428571428571,4,-0.16695059625212946,-0.3076923076923077,-0.432,-0.7342657342657343,-0.6170212765957447,0.0,1.0,0.0,1.0,0
3,-0.2708333333333333,-0.23443223443223443,4,-0.9540034071550255,0.02197802197802198,0.048,-0.34965034965034963,-0.02127659574468085,0.0,1.0,1.0,0.0,0
0,0.8958333333333334,1.435897435897436,10,-0.3100511073253833,0.8241758241758241,1.904,1.2587412587412588,0.3829787234042553,0.0,1.0,0.0,1.0,1
0,-0.3958333333333333,-0.24175824175824176,6,-0.40545144804088584,-0.23076923076923078,0.288,-0.42657342657342656,-0.5106382978723404,0.0,1.0,1.0,0.0,1
3,0.25,0.6373626373626373,4,-0.8722316865417377,1.3956043956043955,1.36,0.45454545454545453,0.7659574468085106,1.0,0.0,0.0,1.0,0
4,-0.7291666666666666,-0.7106227106227107,8,0.27938671209540034,-0.26373626373626374,-0.272,-0.7552447552447552,-0.6382978723404256,1.0,0.0,1.0,0.0,0
2,-0.041666666666666664,0.16117216117216118,10,-0.4190800681431005,-0.37362637362637363,0.832,-0.13986013986013987,-0.3829787234042553,0.0,1.0,1.0,0.0,1
5,-0.125,-0.32234432234432236,12,0.4190800681431005,-0.2967032967032967,0.784,0.20279720279720279,-0.06382978723404255,1.0,0.0,1.0,0.0,0
0,0.9791666666666666,1.7728937728937728,8,0.16695059625212946,1.934065934065934,2.448,1.055944055944056,0.19148936170212766,1.0,0.0,1.0,0.0,0
3,0.7916666666666666,0.5787545787545788,12,0.9676320272572402,1.945054945054945,1.136,1.3216783216783217,1.0638297872340425,1.0,0.0,0.0,1.0,0
5,0.8958333333333334,1.5164835164835164,16,-1.0255536626916524,-0.16483516483516483,1.408,1.5664335664335665,1.7872340425531914,0.0,1.0,0.0,1.0,1
2,0.5416666666666666,0.05860805860805861,18,-0.26916524701873934,0.8021978021978022,0.224,0.44755244755244755,0.44680851063829785,1.0,0.0,1.0,0.0,1
0,0.2916666666666667,0.73992673992674,6,-0.16695059625212946,-0.31868131868131866,-0.416,0.5664335664335665,1.0851063829787233,0.0,1.0,1.0,0.0,0
0,0.875,1.2747252747252746,8,-0.5621805792163543,2.10989010989011,0.432,1.4195804195804196,1.6808510638297873,0.0,1.0,0.0,1.0,1
0,-0.020833333333333332,-0.2857142857142857,16,0.4190800681431005,-0.43956043956043955,-0.416,0.07692307692307693,0.06382978723404255,0.0,1.0,1.0,0.0,0
3,-0.7708333333333334,-0.8131868131868132,12,0.02385008517887564,-0.4835164835164835,-0.496,-0.7552447552447552,-0.6595744680851063,1.0,0.0,0.0,1.0,0
4,-0.25,-0.26373626373626374,2,0.6235093696763203,0.25274725274725274,-0.336,-0.2727272727272727,-0.5106382978723404,1.0,0.0,1.0,0.0,0
1,-0.10416666666666667,-0.27106227106227104,12,-0.47700170357751276,-0.4835164835164835,-0.4,-0.25874125874125875,0.44680851063829785,0.0,1.0,0.0,1.0,1
4,0.0,0.3516483516483517,8,0.5178875638841567,-0.37362637362637363,-0.544,0.02097902097902098,0.1702127659574468,0.0,1.0,1.0,0.0,0
2,0.6666666666666666,1.1355311355311355,16,0.11243611584327087,-0.04395604395604396,0.224,1.2937062937062938,0.574468085106383,1.0,0.0,0.0,1.0,0
1,0.8958333333333334,0.46886446886446886,12,-0.545144804088586,0.9340659340659341,-0.16,0.6013986013986014,0.23404255319148937,1.0,0.0,0.0,1.0,1
1,-0.020833333333333332,-0.15384615384615385,20,0.0034071550255536627,-0.16483516483516483,-0.576,-0.16783216783216784,0.6170212765957447,1.0,0.0,0.0,1.0,0
1,0.875,0.32234432234432236,14,0.293015332197615,2.021978021978022,1.248,1.4335664335664335,0.9574468085106383,1.0,0.0,0.0,1.0,0
5,-0.8333333333333334,-0.8058608058608059,12,-0.9812606473594548,-0.4725274725274725,-0.48,-0.8041958041958042,-0.6595744680851063,0.0,1.0,1.0,0.0,1
4,-0.8125,-0.7692307692307693,16,-0.06132879045996593,-0.5164835164835165,-0.448,-0.8601398601398601,-0.7659574468085106,0.0,1.0,0.0,1.0,0
0,0.8541666666666666,1.4871794871794872,4,0.3373083475298126,1.2417582417582418,1.968,0.6643356643356644,1.127659574468085,0.0,1.0,0.0,1.0,0
2,-0.14583333333333334,0.16117216117216118,4,-1.008517887563884,0.7912087912087912,0.56,-0.34265734265734266,0.2765957446808511,0.0,1.0,0.0,1.0,0
0,0.0,-0.15384615384615385,18,0.596252129471891,-0.25274725274725274,-0.432,0.013986013986013986,-0.2765957446808511,0.0,1.0,0.0,1.0,0
2,0.125,0.029304029304029304,20,-0.7529812606473595,0.8351648351648352,0.32,-0.1958041958041958,0.3191489361702128,1.0,0.0,0.0,1.0,1
4,0.7291666666666666,0.8937728937728938,12,0.6780238500851788,0.1978021978021978,-0.144,1.2237762237762237,1.5319148936170213,0.0,1.0,0.0,1.0,0
2,-0.7708333333333334,-0.7252747252747253,4,-0.8449744463373083,-0.38461538461538464,-0.496,-0.7132867132867133,-0.6595744680851063,1.0,0.0,1.0,0.0,0
0,-0.2916666666666667,-0.10989010989010989,14,-0.7427597955706985,0.5494505494505495,0.496,-0.3776223776223776,0.0851063829787234,0.0,1.0,0.0,1.0,1
3,-0.08333333333333333,-0.3516483516483517,14,-0.5417376490630323,0.2857142857142857,-0.544,0.07692307692307693,-0.14893617021276595,1.0,0.0,1.0,0.0,1
5,-0.9166666666666666,-0.967032967032967,4,-0.8824531516183987,-0.45054945054945056,-0.464,-0.8391608391608392,-0.8936170212765957,0.0,1.0,1.0,0.0,1
5,-0.22916666666666666,-0.06593406593406594,6,-0.3645655877342419,-0.6263736263736264,-0.368,0.08391608391608392,-0.1702127659574468,1.0,0.0,1.0,0.0,1
2,-0.020833333333333332,0.21978021978021978,20,-0.47018739352640543,0.06593406593406594,0.24,0.13286713286713286,0.14893617021276595,0.0,1.0,0.0,1.0,1
3,-0.4791666666666667,-0.29304029304029305,4,0.8756388415672913,-0.04395604395604396,0.16,-0.5524475524475524,-0.3404255319148936,0.0,1.0,1.0,0.0,0
4,-0.14583333333333334,0.14652014652014653,14,0.9744463373083475,-0.5274725274725275,-0.368,0.02097902097902098,0.2978723404255319,0.0,1.0,0.0,1.0,0
2,-0.8125,-0.7326007326007326,20,0.0068143100511073255,-0.21978021978021978,-0.352,-0.6993006993006993,-0.8297872340425532,1.0,0.0,0.0,1.0,0
1,-0.4583333333333333,-0.5128205128205128,2,-0.8347529812606473,-0.5274725274725275,-0.48,-0.3146853146853147,-0.5106382978723404,1.0,0.0,1.0,0.0,1
1,-0.7708333333333334,-0.8278388278388278,8,-1.0119250425894377,-0.26373626373626374,-0.464,-0.8321678321678322,-0.7872340425531915,0.0,1.0,1.0,0.0,1
0,-0.5416666666666666,-0.40293040293040294,10,0.848381601362862,-0.06593406593406594,0.16,-0.5034965034965035,-0.6382978723404256,1.0,0.0,0.0,1.0,0
2,0.5416666666666666,0.46886446886446886,12,-0.6235093696763203,1.1538461538461537,0.096,0.8951048951048951,1.2765957446808511,0.0,1.0,0.0,1.0,1
1,-0.20833333333333334,-0.315018315018315,12,-0.8143100511073254,0.42857142857142855,0.384,0.02097902097902098,-0.3617021276595745,1.0,0.0,1.0,0.0,1
0,-0.625,-0.6373626373626373,14,-0.6848381601362862,-0.13186813186813187,-0.592,-0.6853146853146853,-0.7446808510638298,0.0,1.0,1.0,0.0,1
3,-0.9583333333333334,-0.9230769230769231,12,0.9778534923339012,-0.5274725274725275,-0.48,-0.8951048951048951,-0.8723404255319149,1.0,0.0,1.0,0.0,0
5,0.6875,1.2673992673992673,10,0.0068143100511073255,1.4615384615384615,1.056,0.5174825174825175,0.9787234042553191,0.0,1.0,0.0,1.0,0
4,0.14583333333333334,-0.029304029304029304,20,-0.23168654173764908,0.5054945054945055,0.048,0.45454545454545453,-0.23404255319148937,0.0,1.0,1.0,0.0,1
0,-0.875,-0.8058608058608059,10,0.272572402044293,-0.46153846153846156,-0.48,-0.7762237762237763,-0.8723404255319149,0.0,1.0,0.0,1.0,0
4,-0.4791666666666667,-0.46153846153846156,14,-0.7563884156729132,-0.26373626373626374,-0.416,-0.38461538461538464,-0.6382978723404256,0.0,1.0,1.0,0.0,1
3,1.0,0.4249084249084249,4,0.8926746166950597,2.2747252747252746,-0.016,1.5314685314685315,1.7659574468085106,0.0,1.0,0.0,1.0,0
4,-0.3333333333333333,-0.2857142857142857,8,0.9540034071550255,-0.5934065934065934,-0.224,-0.43356643356643354,-0.5319148936170213,1.0,0.0,0.0,1.0,0
3,0.2708333333333333,0.6153846153846154,8,-0.282793867120954,0.7142857142857143,1.232,0.0979020979020979,-0.14893617021276595,0.0,1.0,1.0,0.0,1
2,-0.375,-0.5787545787545788,8,0.8245315161839863,-0.4725274725274725,0.144,-0.16083916083916083,-0.2765957446808511,1.0,0.0,0.0,1.0,0
3,0.10416666666666667,0.4175824175824176,4,-0.9301533219761499,1.1538461538461537,0.224,0.04895104895104895,-0.06382978723404255,1.0,0.0,1.0,0.0,0
4,-1.0,-0.9816849816849816,18,-0.2010221465076661,-0.5384615384615384,-0.576,-0.965034965034965,-0.9361702127659575,1.0,0.0,1.0,0.0,1
0,-0.5208333333333334,-0.6373626373626373,6,-0.10562180579216354,0.02197802197802198,-0.096,-0.5104895104895105,-0.14893617021276595,0.0,1.0,0.0,1.0,0
4,-0.7708333333333334,-0.717948717948718,6,-0.6541737649063032,-0.46153846153846156,-0.544,-0.7132867132867133,-0.6170212765957447,1.0,0.0,0.0,1.0,1
0,0.8125,1.304029304029304,10,0.9948892674616695,1.2307692307692308,0.336,0.42657342657342656,1.0638297872340425,1.0,0.0,0.0,1.0,0
4,-0.9375,-0.9157509157509157,6,-0.15332197614991483,-0.4725274725274725,-0.432,-0.8671328671328671,-0.8936170212765957,0.0,1.0,0.0,1.0,0
2,0.875,1.054945054945055,12,0.17717206132879046,0.25274725274725274,0.496,1.06993006993007,0.0851063829787234,0.0,1.0,0.0,1.0,0
4,-1.0208333333333333,-1.0183150183150182,10,-0.0919931856899489,-0.5604395604395604,-0.576,-0.993006993006993,-0.8936170212765957,0.0,1.0,1.0,0.0,0
2,0.5,0.03663003663003663,8,-0.39182282793867124,1.5604395604395604,-0.592,0.972027972027972,0.46808510638297873,1.0,0.0,0.0,1.0,1
1,0.9791666666666666,0.4908424908424908,2,-0.8415672913117547,1.9120879120879122,1.376,0.7762237762237763,2.148936170212766,0.0,1.0,1.0,0.0,1
4,0.8958333333333334,1.2893772893772895,6,1.0051107325383304,2.4175824175824174,1.296,0.34265734265734266,0.8723404255319149,1.0,0.0,1.0,0.0,0
2,0.125,-0.19047619047619047,6,-0.817717206132879,-0.21978021978021978,0.592,0.4965034965034965,-0.0425531914893617,1.0,0.0,1.0,0.0,1
3,0.10416666666666667,-0.08791208791208792,6,0.8926746166950597,1.021978021978022,0.96,-0.16083916083916083,0.3191489361702128,1.0,0.0,1.0,0.0,0
4,0.3333333333333333,0.2783882783882784,10,-0.7904599659284497,-0.4065934065934066,-0.368,0.07692307692307693,-0.02127659574468085,0.0,1.0,0.0,1.0,1
0,0.6875,0.6153846153846154,14,-0.504258943781942,-0.5714285714285714,1.552,1.062937062937063,1.0425531914893618,0.0,1.0,0.0,1.0,1
3,0.625,0.6813186813186813,10,-0.524701873935264,0.16483516483516483,0.384,0.958041958041958,0.9361702127659575,1.0,0.0,1.0,0.0,1
1,-0.5833333333333334,-0.5421245421245421,8,-0.5110732538330494,-0.2857142857142857,-0.256,-0.45454545454545453,-0.23404255319148937,1.0,0.0,1.0,0.0,1
1,-0.2916666666666667,-0.14652014652014653,10,-0.6098807495741057,-0.02197802197802198,-0.416,-0.027972027972027972,-0.02127659574468085,1.0,0.0,0.0,1.0,1
4,-0.5625,-0.5567765567765568,4,-0.21805792163543442,-0.3626373626373626,-0.592,-0.34965034965034963,-0.3404255319148936,0.0,1.0,1.0,0.0,1
4,0.5625,0.1978021978021978,4,-0.7120954003407155,-0.21978021978021978,1.504,0.6783216783216783,0.574468085106383,1.0,0.0,1.0,0.0,1
2,0.0,0.37362637362637363,2,0.44293015332197616,-0.6153846153846154,0.128,-0.11888111888111888,0.3617021276595745,0.0,1.0,0.0,1.0,0
5,-0.5625,-0.5714285714285714,8,-0.4735945485519591,-0.4065934065934066,-0.384,-0.35664335664335667,-0.5531914893617021,1.0,0.0,0.0,1.0,1
0,0.4791666666666667,0.6959706959706959,16,0.5996592844974447,-0.5274725274725275,-0.128,1.0,0.0851063829787234,1.0,0.0,1.0,0.0,0
1,-0.2708333333333333,-0.336996336996337,16,0.919931856899489,-0.054945054945054944,-0.144,-0.3006993006993007,-0.10638297872340426,1.0,0.0,0.0,1.0,0
0,-0.8541666666666666,-0.8351648351648352,8,-1.018739352640545,-0.5604395604395604,-0.496,-0.7622377622377622,-0.8085106382978723,1.0,0.0,0.0,1.0,1
0,-1.0208333333333333,-1.010989010989011,20,-0.9267461669505963,-0.5824175824175825,-0.592,-0.986013986013986,-0.9361702127659575,0.0,1.0,1.0,0.0,1
2,-0.4791666666666667,-0.5567765567765568,2,0.787052810902896,-0.5604395604395604,-0.128,-0.45454545454545453,-0.6808510638297872,0.0,1.0,0.0,1.0,0
5,-0.8958333333333334,-0.8864468864468864,12,-0.6814310051107325,-0.5604395604395604,-0.592,-0.7972027972027972,-0.7872340425531915,1.0,0.0,0.0,1.0,1
1,0.3958333333333333,0.9157509157509157,6,-0.04088586030664395,0.12087912087912088,1.36,0.4825174825174825,0.0851063829787234,1.0,0.0,1.0,0.0,0
2,-0.4583333333333333,-0.5860805860805861,10,-0.9437819420783645,0.32967032967032966,-0.24,-0.5034965034965035,-0.23404255319148937,1.0,0.0,1.0,0.0,1
0,0.6666666666666666,1.1282051282051282,4,-0.010221465076660987,0.989010989010989,1.408,0.7132867132867133,1.5957446808510638,1.0,0.0,0.0,1.0,0
3,-0.4791666666666667,-0.27106227106227104,2,0.3645655877342419,-0.5494505494505495,-0.208,-0.6293706293706294,-0.19148936170212766,1.0,0.0,1.0,0.0,0
3,-0.9583333333333334,-0.945054945054945,2,0.7086882453151618,-0.5604395604395604,-0.512,-0.9230769230769231,-0.9148936170212766,0.0,1.0,0.0,1.0,0
3,0.7083333333333334,1.15018315018315,12,0.5417376490630323,0.7802197802197802,0.0,0.3776223776223776,-0.06382978723404255,0.0,1.0,0.0,1.0,0
2,0.4375,0.6813186813186813,4,-0.14991482112436116,-0.15384615384615385,1.36,0.22377622377622378,1.3404255319148937,1.0,0.0,0.0,1.0,0
4,0.8541666666666666,0.9230769230769231,12,0.919931856899489,-0.12087912087912088,-0.304,1.3426573426573427,1.4680851063829787,0.0,1.0,1.0,0.0,0
5,0.10416666666666667,0.2783882783882784,8,-0.7393526405451448,0.6263736263736264,0.48,-0.23076923076923078,0.23404255319148937,1.0,0.0,1.0,0.0,1
5,0.4166666666666667,-0.007326007326007326,14,0.20783645655877342,-0.03296703296703297,1.472,0.07692307692307693,1.0,1.0,0.0,1.0,0.0,0
4,-0.875,-0.8644688644688645,2,0.19420783645655879,-0.4835164835164835,-0.368,-0.8531468531468531,-0.7659574468085106,1.0,0.0,0.0,1.0,0
4,0.20833333333333334,0.46153846153846156,4,0.2010221465076661,0.5054945054945055,0.528,0.6083916083916084,-0.0851063829787234,0.0,1.0,1.0,0.0,0
2,-0.7916666666666666,-0.8717948717948718,8,0.0817717206132879,-0.6043956043956044,-0.544,-0.8391608391608392,-0.6808510638297872,0.0,1.0,0.0,1.0,0
4,0.08333333333333333,0.3956043956043956,8,0.21465076660988075,-0.1978021978021978,0.16,0.23776223776223776,0.723404255319149,0.0,1.0,0.0,1.0,0
1,-0.4166666666666667,-0.24175824175824176,14,0.7529812606473595,-0.2087912087912088,0.368,-0.2517482517482518,-0.02127659574468085,0.0,1.0,0.0,1.0,0
3,0.041666666666666664,0.3663003663003663,2,-0.5792163543441227,1.0,0.992,-0.26573426573426573,-0.3191489361702128,0.0,1.0,0.0,1.0,0
5,0.25,0.43223443223443225,14,-0.29982964224872233,-0.14285714285714285,-0.016,0.25874125874125875,0.9787234042553191,1.0,0.0,1.0,0.0,1
2,0.3541666666666667,0.4908424908424908,20,0.18739352640545145,0.24175824175824176,0.528,0.7902097902097902,1.0851063829787233,0.0,1.0,1.0,0.0,0
1,-0.20833333333333334,0.08791208791208792,12,-0.58603066439523,0.45054945054945056,0.576,0.04195804195804196,0.2553191489361702,0.0,1.0,1.0,0.0,1
0,0.8958333333333334,1.1794871794871795,10,-0.4293015332197615,1.2967032967032968,-0.448,0.9020979020979021,0.3617021276595745,1.0,0.0,0.0,1.0,1
4,-0.6458333333333334,-0.717948717948718,8,-1.0255536626916524,-0.45054945054945056,-0.464,-0.7412587412587412,-0.40425531914893614,0.0,1.0,1.0,0.0,1
4,-0.8333333333333334,-0.8864468864468864,4,0.0,-0.4065934065934066,-0.368,-0.7482517482517482,-0.851063829787234,0.0,1.0,1.0,0.0,0
1,0.375,0.46153846153846156,4,-0.09880749574105621,-0.26373626373626374,-0.304,0.7272727272727273,0.14893617021276595,0.0,1.0,1.0,0.0,0
2,-0.4583333333333333,-0.4981684981684982,18,-0.05110732538330494,-0.5714285714285714,-0.576,-0.2097902097902098,-0.06382978723404255,0.0,1.0,0.0,1.0,0
0,0.8333333333333334,0.8644688644688645,6,-0.28960817717206133,1.120879120879121,-0.416,1.4475524475524475,0.2553191489361702,0.0,1.0,1.0,0.0,1
5,-0.20833333333333334,-0.32967032967032966,4,0.6439522998296422,-0.13186813186813187,0.384,-0.4195804195804196,0.0851063829787234,1.0,0.0,0.0,1.0,0
3,-0.5833333333333334,-0.5274725274725275,2,0.26916524701873934,0.0989010989010989,-0.208,-0.48951048951048953,-0.5106382978723404,0.0,1.0,1.0,0.0,0
5,-0.8541666666666666,-0.8498168498168498,4,0.9982964224872232,-0.3076923076923077,-0.416,-0.8811188811188811,-0.723404255319149,1.0,0.0,1.0,0.0,0
4,-0.625,-0.5054945054945055,4,0.5587734241908007,-0.4835164835164835,-0.32,-0.5384615384615384,-0.6808510638297872,0.0,1.0,1.0,0.0,0
3,0.9583333333333334,1.5677655677655677,6,0.09540034071550256,-0.23076923076923078,0.288,0.972027972027972,0.6382978723404256,1.0,0.0,0.0,1.0,0
3,0.6041666666666666,0.40293040293040294,10,0.017035775127768313,0.46153846153846156,1.888,0.8041958041958042,0.14893617021276595,0.0,1.0,1.0,0.0,0
5,-0.2708333333333333,-0.32967032967032966,2,-0.10902896081771721,0.1978021978021978,0.464,-0.13986013986013987,-0.2553191489361702,1.0,0.0,0.0,1.0,0
4,0.6041666666666666,0.336996336996337,18,0.26916524701873934,-0.34065934065934067,0.832,0.3076923076923077,0.1702127659574468,0.0,1.0,0.0,1.0,0
3,-0.9166666666666666,-0.9523809523809523,18,-1.0221465076660987,-0.5494505494505495,-0.512,-0.8811188811188811,-0.8297872340425532,0.0,1.0,0.0,1.0,1
3,0.9583333333333334,1.6996336996336996,12,0.33049403747870526,0.8571428571428571,0.384,0.7832167832167832,1.574468085106383,1.0,0.0,1.0,0.0,0
0,0.0625,-0.12454212454212454,16,-0.8449744463373083,0.6153846153846154,-0.096,0.2517482517482518,0.6170212765957447,1.0,0.0,0.0,1.0,1
0,-0.9791666666666666,-1.0036630036630036,2,0.858603066439523,-0.6263736263736264,-0.512,-0.9300699300699301,-0.8723404255319149,1.0,0.0,0.0,1.0,0
4,-0.3125,-0.5201465201465202,6,0.9914821124361158,-0.4945054945054945,0.448,-0.5034965034965035,-0.3617021276595745,0.0,1.0,1.0,0.0,0
5,-0.5,-0.43223443223443225,14,0.575809199318569,-0.37362637362637363,-0.144,-0.48951048951048953,-0.1702127659574468,0.0,1.0,1.0,0.0,0
3,-0.8541666666666666,-0.8131868131868132,16,0.787052810902896,-0.5274725274725275,-0.32,-0.8111888111888111,-0.8085106382978723,1.0,0.0,0.0,1.0,0
4,0.7083333333333334,1.0476190476190477,20,-0.504258943781942,1.054945054945055,0.336,0.5524475524475524,1.0425531914893618,0.0,1.0,0.0,1.0,1
4,-0.4166666666666667,-0.46886446886446886,18,-0.6643952299829642,-0.2967032967032967,0.016,-0.26573426573426573,-0.2978723404255319,0.0,1.0,0.0,1.0,1
0,0.041666666666666664,0.358974358974359,12,0.6780238500851788,0.46153846153846156,-0.064,0.04195804195804196,-0.2765957446808511,1.0,0.0,1.0,0.0,0
4,0.2916666666666667,0.6886446886446886,16,-0.7836456558773425,0.0,0.224,0.06993006993006994,0.46808510638297873,0.0,1.0,1.0,0.0,1
3,-0.6875,-0.6593406593406593,20,0.8756388415672913,-0.4065934065934066,-0.32,-0.7202797202797203,-0.7659574468085106,0.0,1.0,1.0,0.0,0
3,-0.16666666666666666,0.14652014652014653,10,-0.10902896081771721,0.01098901098901099,0.0,-0.1258741258741259,0.2765957446808511,1.0,0.0,0.0,1.0,0
1,-0.5833333333333334,-0.6666666666666666,6,0.879045996592845,-0.43956043956043955,-0.4,-0.6923076923076923,-0.5957446808510638,0.0,1.0,0.0,1.0,0
0,0.2916666666666667,0.41025641025641024,16,0.8143100511073254,0.2967032967032967,1.36,-0.02097902097902098,1.0851063829787233,1.0,0.0,1.0,0.0,0
3,0.8541666666666666,0.9157509157509157,12,-1.0119250425894377,0.02197802197802198,1.248,0.9370629370629371,1.0851063829787233,1.0,0.0,1.0,0.0,1
2,0.0625,-0.15384615384615385,4,0.06473594548551959,0.967032967032967,-0.128,-0.1958041958041958,0.19148936170212766,1.0,0.0,1.0,0.0,0
3,-0.7708333333333334,-0.8717948717948718,14,0.7359454855195912,-0.4835164835164835,-0.352,-0.7412587412587412,-0.6808510638297872,1.0,0.0,0.0,1.0,0
3,0.10416666666666667,-0.1391941391941392,12,-0.7086882453151618,0.2857142857142857,0.896,0.5174825174825175,0.40425531914893614,1.0,0.0,0.0,1.0,1
0,-0.25,-0.3663003663003663,10,0.6132879045996593,0.4725274725274725,-0.256,-0.25874125874125875,-0.1276595744680851,0.0,1.0,0.0,1.0,0
4,-0.3333333333333333,-0.4175824175824176,4,-0.42589437819420783,-0.17582417582417584,0.032,-0.23076923076923078,-0.14893617021276595,1.0,0.0,0.0,1.0,1
1,0.7708333333333334,0.5567765567765568,18,0.6507666098807495,0.3076923076923077,1.312,0.44755244755244755,1.2765957446808511,0.0,1.0,1.0,0.0,0
2,0.9583333333333334,1.6923076923076923,6,-0.0068143100511073255,-0.5824175824175825,-0.096,0.6433566433566433,1.553191489361702,0.0,1.0,1.0,0.0,0
5,-0.4583333333333333,-0.3516483516483517,12,-0.05110732538330494,0.03296703296703297,-0.224,-0.5454545454545454,-0.3404255319148936,1.0,0.0,1.0,0.0,0
5,0.9583333333333334,1.641025641025641,14,-0.4906303236797274,2.5384615384615383,2.272,0.5734265734265734,0.23404255319148937,0.0,1.0,1.0,0.0,1
2,0.7916666666666666,1.0695970695970696,8,0.017035775127768313,0.5714285714285714,0.24,1.3216783216783217,1.5319148936170213,0.0,1.0,1.0,0.0,0
2,-0.5,-0.6007326007326007,18,-0.19080068143100512,-0.06593406593406594,-0.32,-0.3776223776223776,-0.5957446808510638,1.0,0.0,0.0,1.0,1
4,0.8541666666666666,0.5201465201465202,6,0.17035775127768313,1.879120879120879,0.144,1.034965034965035,0.8723404255319149,0.0,1.0,1.0,0.0,0
3,0.9583333333333334,0.43956043956043955,16,-0.26916524701873934,2.043956043956044,1.184,0.8951048951048951,0.3404255319148936,0.0,1.0,1.0,0.0,1
1,0.75,1.2527472527472527,12,-0.2657580919931857,0.24175824175824176,1.04,1.097902097902098,0.3404255319148936,1.0,0.0,0.0,1.0,1
1,0.75,1.3626373626373627,4,0.8960817717206133,1.5384615384615385,1.952,0.6363636363636364,1.2765957446808511,1.0,0.0,1.0,0.0,0
2,-0.5833333333333334,-0.41025641025641024,6,-0.06814310051107325,-0.21978021978021978,-0.384,-0.5384615384615384,-0.23404255319148937,0.0,1.0,0.0,1.0,0
1,-0.16666666666666666,0.12454212454212454,14,0.6439522998296422,-0.5714285714285714,-0.528,-0.3076923076923077,-0.10638297872340426,0.0,1.0,0.0,1.0,1
3,0.3958333333333333,0.2783882783882784,18,0.797274275979557,-0.3076923076923077,0.672,0.055944055944055944,0.2553191489361702,0.0,1.0,1.0,0.0,0
1,-0.16666666666666666,0.13186813186813187,20,-0.7018739352640545,0.12087912087912088,0.4,-0.3076923076923077,0.2553191489361702,0.0,1.0,1.0,0.0,1
5,-0.4375,-0.4835164835164835,6,-0.919931856899489,-0.26373626373626374,-0.528,-0.44755244755244755,-0.48936170212765956,1.0,0.0,1.0,0.0,1
0,0.10416666666666667,-0.21978021978021978,12,-0.46678023850085176,1.032967032967033,0.592,0.5034965034965035,0.6382978723404256,1.0,0.0,1.0,0.0,1
5,0.9791666666666666,1.684981684981685,18,-0.9676320272572402,1.4945054945054945,0.224,0.3706293706293706,0.1276595744680851,1.0,0.0,1.0,0.0,1
5,0.3541666666666667,0.40293040293040294,14,0.8040885860306644,-0.4065934065934066,-0.496,0.06993006993006994,0.6382978723404256,0.0,1.0,1.0,0.0,0
5,0.75,0.8644688644688645,10,-0.9710391822827938,0.6813186813186813,-0.128,0.6013986013986014,1.0,1.0,0.0,0.0,1.0,1
1,0.6666666666666666,0.7545787545787546,10,0.13287904599659284,0.6483516483516484,1.872,0.48951048951048953,0.2765957446808511,1.0,0.0,1.0,0.0,0
2,0.20833333333333334,0.05128205128205128,2,0.6678023850085179,0.16483516483516483,0.288,0.22377622377622378,0.1702127659574468,0.0,1.0,1.0,0.0,0
5,0.8125,0.32967032967032966,14,-0.21465076660988075,0.6263736263736264,-0.464,0.25874125874125875,0.0851063829787234,0.0,1.0,0.0,1.0,1
1,0.1875,0.4835164835164835,12,-0.1839863713798978,1.3516483516483517,0.72,0.16083916083916083,0.3617021276595745,1.0,0.0,1.0,0.0,1
1,0.4375,0.7545787545787546,14,0.21465076660988075,-0.21978021978021978,1.264,0.13986013986013987,0.2765957446808511,0.0,1.0,1.0,0.0,0
4,0.08333333333333333,0.4835164835164835,20,-0.8313458262350937,-0.15384615384615385,0.256,0.27972027972027974,0.40425531914893614,1.0,0.0,1.0,0.0,1
4,-0.375,-0.2783882783882784,4,-0.1737649063032368,-0.15384615384615385,-0.448,-0.4195804195804196,-0.2553191489361702,1.0,0.0,1.0,0.0,0
4,-0.625,-0.46886446886446886,20,-0.5826235093696763,0.04395604395604396,-0.448,-0.6293706293706294,-0.7446808510638298,1.0,0.0,0.0,1.0,1
1,0.1875,-0.08791208791208792,12,0.43611584327086883,-0.4725274725274725,0.096,0.46853146853146854,0.5106382978723404,1.0,0.0,0.0,1.0,0
1,-0.8958333333333334,-0.9084249084249084,4,0.848381601362862,-0.5164835164835165,-0.56,-0.8671328671328671,-0.7446808510638298,0.0,1.0,0.0,1.0,0
5,-0.7708333333333334,-0.6813186813186813,12,0.596252129471891,-0.43956043956043955,-0.48,-0.7132867132867133,-0.8085106382978723,0.0,1.0,1.0,0.0,0
5,-0.5833333333333334,-0.6227106227106227,6,-0.899488926746167,-0.054945054945054944,-0.192,-0.4405594405594406,-0.44680851063829785,1.0,0.0,0.0,1.0,1
3,0.375,0.9377289377289377,4,-0.6712095400340715,0.5054945054945055,0.448,0.6503496503496503,0.1702127659574468,0.0,1.0,1.0,0.0,0
5,0.3125,0.8205128205128205,10,0.2282793867120954,-0.10989010989010989,0.56,0.4195804195804196,0.851063829787234,0.0,1.0,1.0,0.0,0
3,0.7916666666666666,0.717948717948718,10,0.5826235093696763,0.6153846153846154,0.384,1.1748251748251748,0.5957446808510638,1.0,0.0,1.0,0.0,0
2,0.6875,0.4468864468864469,6,-0.30664395229982966,-0.5604395604395604,2.032,0.2937062937062937,0.723404255319149,0.0,1.0,1.0,0.0,1
3,0.3333333333333333,-0.08791208791208792,14,0.6098807495741057,-0.07692307692307693,0.048,0.7832167832167832,1.0851063829787233,1.0,0.0,0.0,1.0,0
0,0.0,-0.007326007326007326,14,-0.14991482112436116,0.5934065934065934,-0.416,-0.16083916083916083,0.3191489361702128,0.0,1.0,0.0,1.0,0
3,-0.020833333333333332,0.21978021978021978,8,-1.0221465076660987,0.07692307692307693,0.944,-0.1258741258741259,0.5106382978723404,1.0,0.0,1.0,0.0,1
3,0.08333333333333333,0.43223443223443225,12,0.10562180579216354,-0.5274725274725275,0.784,0.2727272727272727,0.7872340425531915,0.0,1.0,1.0,0.0,0
1,0.041666666666666664,0.2857142857142857,6,-0.3475298126064736,0.12087912087912088,0.784,0.13986013986013987,-0.0425531914893617,0.0,1.0,0.0,1.0,1
5,-0.5833333333333334,-0.5787545787545788,16,0.030664395229982964,0.12087912087912088,-0.064,-0.40559440559440557,-0.5319148936170213,1.0,0.0,0.0,1.0,0
3,-0.625,-0.6227106227106227,8,-0.8756388415672913,-0.01098901098901099,-0.496,-0.7062937062937062,-0.3404255319148936,0.0,1.0,0.0,1.0,1
4,0.9791666666666666,1.0842490842490842,8,-0.03747870528109029,2.5824175824175826,2.08,1.4895104895104896,0.9574468085106383,0.0,1.0,1.0,0.0,0
2,0.20833333333333334,0.5641025641025641,8,0.3100511073253833,1.164835164835165,1.152,0.5804195804195804,0.574468085106383,1.0,0.0,0.0,1.0,0
1,-0.08333333333333333,0.30036630036630035,20,-0.5383304940374787,-0.38461538461538464,-0.592,-0.24475524475524477,-0.10638297872340426,0.0,1.0,0.0,1.0,1
3,-0.10416666666666667,-0.07326007326007326,20,0.4293015332197615,-0.4725274725274725,0.832,0.18181818181818182,0.2978723404255319,0.0,1.0,0.0,1.0,0
0,-0.4583333333333333,-0.3443223443223443,8,-0.9914821124361158,-0.4175824175824176,0.128,-0.23776223776223776,-0.1702127659574468,1.0,0.0,0.0,1.0,1
5,-0.5208333333333334,-0.6666666666666666,8,0.24872231686541738,0.12087912087912088,-0.464,-0.5174825174825175,-0.6808510638297872,1.0,0.0,0.0,1.0,0
5,-0.625,-0.7106227106227107,12,0.1635434412265758,-0.34065934065934067,-0.256,-0.5944055944055944,-0.574468085106383,0.0,1.0,0.0,1.0,0
1,-0.8541666666666666,-0.7985347985347986,14,0.6643952299829642,-0.3956043956043956,-0.56,-0.7552447552447552,-0.6595744680851063,1.0,0.0,0.0,1.0,0
1,0.3125,0.4468864468864469,4,-0.030664395229982964,-0.08791208791208792,-0.56,0.8251748251748252,0.9361702127659575,1.0,0.0,0.0,1.0,0
1,-0.4791666666666667,-0.40293040293040294,14,-0.31686541737649065,-0.3516483516483517,0.08,-0.2937062937062937,-0.3191489361702128,0.0,1.0,0.0,1.0,1
1,-0.9375,-0.9230769230769231,10,-0.9437819420783645,-0.5714285714285714,-0.432,-0.8531468531468531,-0.8085106382978723,1.0,0.0,0.0,1.0,1
3,0.20833333333333334,0.4468864468864469,4,0.7257240204429302,1.021978021978022,0.272,0.6713286713286714,0.2978723404255319,1.0,0.0,1.0,0.0,0
0,0.7291666666666666,1.3186813186813187,8,0.596252129471891,1.7472527472527473,1.664,1.3286713286713288,1.3829787234042554,0.0,1.0,0.0,1.0,0
2,0.6875,0.4542124542124542,12,-0.9131175468483816,0.12087912087912088,1.376,0.2727272727272727,1.1914893617021276,0.0,1.0,0.0,1.0,1
5,0.2708333333333333,0.6813186813186813,6,-0.6712095400340715,1.0,1.392,0.7552447552447552,-0.0425531914893617,1.0,0.0,0.0,1.0,1
1,0.020833333333333332,0.4468864468864469,12,0.030664395229982964,-0.37362637362637363,-0.176,0.13286713286713286,-0.2765957446808511,0.0,1.0,0.0,1.0,0
5,0.041666666666666664,0.0,16,0.858603066439523,-0.15384615384615385,-0.336,-0.23776223776223776,0.6170212765957447,0.0,1.0,1.0,0.0,0
2,-0.4791666666666667,-0.32967032967032966,16,-0.2453151618398637,-0.2967032967032967,-0.128,-0.5174825174825175,-0.0851063829787234,0.0,1.0,0.0,1.0,1
0,0.3958333333333333,0.6593406593406593,14,0.20442930153321975,0.9010989010989011,0.864,0.46853146853146854,0.574468085106383,0.0,1.0,1.0,0.0,0
1,0.4791666666666667,0.06593406593406594,2,0.30664395229982966,-0.2857142857142857,1.456,0.5034965034965035,1.0212765957446808,1.0,0.0,1.0,0.0,0
5,0.3958333333333333,0.9010989010989011,4,0.9744463373083475,-0.46153846153846156,0.08,0.5454545454545454,0.6170212765957447,0.0,1.0,0.0,1.0,0
3,0.0625,0.007326007326007326,4,-0.8313458262350937,0.7362637362637363,0.992,0.03496503496503497,0.3404255319148936,0.0,1.0,0.0,1.0,1
1,0.5833333333333334,0.32967032967032966,2,-0.034071550255536626,1.6703296703296704,1.36,0.8041958041958042,0.7021276595744681,0.0,1.0,0.0,1.0,0
2,-0.020833333333333332,0.0,10,0.6984667802385008,-0.13186813186813187,-0.032,0.1888111888111888,-0.2978723404255319,0.0,1.0,0.0,1.0,0
3,0.5625,0.717948717948718,20,-0.3850085178875639,0.12087912087912088,0.224,0.21678321678321677,-0.0851063829787234,0.0,1.0,0.0,1.0,1
1,0.125,0.06593406593406594,8,-0.2010221465076661,0.5384615384615384,0.8,0.4405594405594406,0.5319148936170213,1.0,0.0,1.0,0.0,1
0,0.4583333333333333,0.5860805860805861,12,0.8449744463373083,-0.25274725274725274,-0.048,0.7132867132867133,0.1702127659574468,0.0,1.0,0.0,1.0,0
3,-0.3541666666666667,-0.08058608058608059,10,-0.868824531516184,0.25274725274725274,0.0,-0.44755244755244755,0.0425531914893617,0.0,1.0,1.0,0.0,1
5,0.3541666666666667,0.32234432234432236,8,0.8926746166950597,0.42857142857142855,0.56,0.7272727272727273,0.3829787234042553,0.0,1.0,0.0,1.0,0
5,0.6666666666666666,1.26007326007326,16,0.868824531516184,2.087912087912088,1.184,0.8181818181818182,0.851063829787234,1.0,0.0,1.0,0.0,0
0,0.6458333333333334,1.0402930402930404,4,0.054514480408858604,0.37362637362637363,-0.416,0.5874125874125874,0.3829787234042553,0.0,1.0,0.0,1.0,0
0,0.4583333333333333,0.6886446886446886,18,0.1635434412265758,1.2087912087912087,-0.576,0.34965034965034963,0.0,0.0,1.0,0.0,1.0,0
4,0.375,0.41025641025641024,18,-0.5621805792163543,0.43956043956043955,0.4,0.8531468531468531,0.2553191489361702,1.0,0.0,0.0,1.0,1
3,0.4166666666666667,0.9743589743589743,8,-0.06814310051107325,0.3626373626373626,0.624,0.34965034965034963,0.3829787234042553,0.0,1.0,1.0,0.0,0
2,-0.6875,-0.652014652014652,14,-0.3441226575809199,-0.46153846153846156,-0.416,-0.7132867132867133,-0.6808510638297872,1.0,0.0,1.0,0.0,1
4,-0.7083333333333334,-0.5934065934065934,20,0.11243611584327087,-0.42857142857142855,-0.448,-0.5874125874125874,-0.46808510638297873,1.0,0.0,0.0,1.0,0
0,-0.6875,-0.652014652014652,18,-1.0119250425894377,-0.5604395604395604,-0.48,-0.6293706293706294,-0.5957446808510638,1.0,0.0,1.0,0.0,1
0,0.3541666666666667,0.1978021978021978,18,0.8109028960817717,0.5384615384615384,0.784,0.0979020979020979,0.8936170212765957,0.0,1.0,0.0,1.0,0
4,0.7708333333333334,0.5567765567765568,10,-0.3100511073253833,0.13186813186813187,0.048,1.2097902097902098,1.148936170212766,0.0,1.0,0.0,1.0,1
5,-0.0625,0.17582417582417584,10,0.21465076660988075,0.13186813186813187,0.272,-0.15384615384615385,-0.3404255319148936,0.0,1.0,0.0,1.0,0
0,-0.5625,-0.5421245421245421,20,-0.303236797274276,-0.16483516483516483,-0.256,-0.5524475524475524,-0.574468085106383,1.0,0.0,0.0,1.0,1
3,0.0,-0.007326007326007326,12,-1.0119250425894377,-0.5384615384615384,0.816,-0.2097902097902098,-0.3404255319148936,0.0,1.0,1.0,0.0,1
3,0.020833333333333332,0.12454212454212454,8,-0.9131175468483816,0.42857142857142855,0.528,-0.06993006993006994,0.5957446808510638,0.0,1.0,0.0,1.0,1
3,0.625,0.6373626373626373,20,0.1839863713798978,1.10989010989011,-0.128,0.9440559440559441,0.3617021276595745,0.0,1.0,0.0,1.0,0
3,0.7083333333333334,1.0036630036630036,2,0.7052810902896082,2.1538461538461537,0.096,0.2727272727272727,1.3191489361702127,0.0,1.0,0.0,1.0,0
0,0.3125,0.6373626373626373,12,-0.9028960817717206,-0.3516483516483517,-0.464,0.3006993006993007,1.0212765957446808,0.0,1.0,0.0,1.0,1
1,0.020833333333333332,0.12454212454212454,6,-0.26916524701873934,0.5934065934065934,-0.048,0.42657342657342656,0.02127659574468085,1.0,0.0,0.0,1.0,1
1,0.3333333333333333,0.30036630036630035,8,-0.06814310051107325,0.4065934065934066,0.064,0.17482517482517482,0.5106382978723404,1.0,0.0,1.0,0.0,0
2,-0.3333333333333333,-0.04395604395604396,2,-0.8449744463373083,0.34065934065934067,-0.336,-0.1958041958041958,-0.3404255319148936,0.0,1.0,1.0,0.0,0
0,0.9583333333333334,1.2454212454212454,18,0.013628620102214651,2.0549450549450547,0.672,1.2447552447552448,0.6382978723404256,1.0,0.0,1.0,0.0,0
1,0.5625,0.11721611721611722,2,-0.9131175468483816,-0.07692307692307693,0.672,0.986013986013986,0.40425531914893614,1.0,0.0,0.0,1.0,1
3,0.5625,0.09523809523809523,2,0.21124361158432708,0.967032967032967,-0.448,0.8811188811188811,0.19148936170212766,1.0,0.0,1.0,0.0,0
2,0.3333333333333333,0.41025641025641024,6,0.3339011925042589,0.3516483516483517,1.36,-0.04895104895104895,0.7872340425531915,0.0,1.0,0.0,1.0,0
4,-0.5,-0.5714285714285714,10,-0.504258943781942,-0.0989010989010989,-0.176,-0.5034965034965035,-0.3829787234042553,0.0,1.0,0.0,1.0,1
4,0.08333333333333333,0.26373626373626374,16,0.6609880749574105,-0.6263736263736264,0.192,0.27972027972027974,0.06382978723404255,0.0,1.0,0.0,1.0,0
0,0.9375,0.608058608058608,8,-0.29982964224872233,-0.14285714285714285,1.76,1.3076923076923077,0.7021276595744681,0.0,1.0,0.0,1.0,1
1,0.4166666666666667,0.4542124542124542,20,-0.565587734241908,0.43956043956043955,0.576,0.7062937062937062,0.9148936170212766,1.0,0.0,0.0,1.0,1
0,0.8541666666666666,0.9963369963369964,12,-0.504258943781942,1.4945054945054945,0.432,1.4055944055944056,0.2978723404255319,1.0,0.0,1.0,0.0,1
3,0.8541666666666666,1.4945054945054945,4,0.3850085178875639,-0.4945054945054945,1.04,1.3286713286713288,1.4680851063829787,0.0,1.0,0.0,1.0,0
1,-0.10416666666666667,-0.08058608058608059,20,0.797274275979557,0.0,0.64,-0.1888111888111888,-0.425531914893617,1.0,0.0,0.0,1.0,0
0,0.5833333333333334,1.2380952380952381,14,0.838160136286201,1.5164835164835164,1.056,0.8391608391608392,1.297872340425532,0.0,1.0,1.0,0.0,0
3,-0.20833333333333334,0.05128205128205128,6,-0.555366269165247,0.2087912087912088,0.224,-0.44755244755244755,-0.5319148936170213,1.0,0.0,1.0,0.0,1
2,0.041666666666666664,0.3443223443223443,16,-0.8006814310051107,1.0,-0.528,-0.2097902097902098,-0.1702127659574468,1.0,0.0,1.0,0.0,1
5,0.9791666666666666,1.706959706959707,18,-1.028960817717206,0.12087912087912088,0.192,1.3776223776223777,0.3617021276595745,0.0,1.0,0.0,1.0,1
1,0.7291666666666666,0.3663003663003663,16,-0.3577512776831346,1.010989010989011,-0.112,0.44755244755244755,0.1702127659574468,1.0,0.0,0.0,1.0,1
2,-0.125,-0.007326007326007326,18,-0.3577512776831346,0.25274725274725274,-0.56,-0.07692307692307693,0.06382978723404255,0.0,1.0,1.0,0.0,1
2,-0.3958333333333333,-0.43956043956043955,18,0.11925042589437819,-0.5054945054945055,0.192,-0.4195804195804196,-0.2127659574468085,0.0,1.0,1.0,0.0,0
3,0.7083333333333334,0.8424908424908425,2,0.272572402044293,0.10989010989010989,1.072,0.6643356643356644,0.2553191489361702,0.0,1.0,0.0,1.0,0
0,0.6458333333333334,0.32967032967032966,2,0.5485519591141397,1.901098901098901,0.832,0.4125874125874126,-0.10638297872340426,0.0,1.0,0.0,1.0,0
0,0.6458333333333334,0.336996336996337,16,-0.3781942078364566,1.1978021978021978,0.88,0.3776223776223776,0.574468085106383,1.0,0.0,0.0,1.0,1
5,0.6875,0.21978021978021978,12,-0.7018739352640545,0.8571428571428571,1.728,0.6923076923076923,0.723404255319149,0.0,1.0,0.0,1.0,1
4,-0.3125,-0.37362637362637363,2,0.8109028960817717,-0.07692307692307693,0.112,-0.07692307692307693,-0.5106382978723404,0.0,1.0,0.0,1.0,0
0,-0.875,-0.9157509157509157,6,-0.27938671209540034,-0.6043956043956044,-0.32,-0.8741258741258742,-0.8085106382978723,0.0,1.0,0.0,1.0,1
5,0.5208333333333334,0.3956043956043956,10,-0.27597955706984667,1.7472527472527473,-0.368,0.40559440559440557,-0.0425531914893617,1.0,0.0,0.0,1.0,1
4,-1.0,-1.032967032967033,14,-0.5281090289608177,-0.5384615384615384,-0.576,-0.965034965034965,-0.9361702127659575,1.0,0.0,0.0,1.0,1
3,0.8125,1.1575091575091576,6,0.11925042589437819,1.2307692307692308,1.168,0.8601398601398601,1.0,1.0,0.0,0.0,1.0,0
4,0.4375,0.1684981684981685,4,0.3373083475298126,1.1318681318681318,0.544,0.5174825174825175,1.0851063829787233,1.0,0.0,1.0,0.0,0
3,-0.4375,-0.5494505494505495,6,-0.6405451448040886,-0.3956043956043956,0.32,-0.35664335664335667,-0.425531914893617,1.0,0.0,0.0,1.0,1
0,-1.0,-1.032967032967033,18,-0.7734241908006815,-0.5824175824175825,-0.592,-0.965034965034965,-0.8936170212765957,0.0,1.0,1.0,0.0,1
0,-1.0208333333333333,-1.0476190476190477,18,-0.282793867120954,-0.6043956043956044,-0.544,-0.9790209790209791,-0.9361702127659575,1.0,0.0,0.0,1.0,1
4,-0.22916666666666666,0.03663003663003663,8,0.6712095400340715,0.34065934065934067,0.512,-0.16783216783216784,-0.02127659574468085,0.0,1.0,1.0,0.0,0
4,0.375,0.12454212454212454,8,0.010221465076660987,0.02197802197802198,-0.448,0.6363636363636364,-0.19148936170212766,1.0,0.0,0.0,1.0,0
1,0.10416666666666667,-0.21245421245421245,6,0.3543441226575809,-0.12087912087912088,-0.464,0.3076923076923077,-0.1276595744680851,1.0,0.0,0.0,1.0,0
0,-0.08333333333333333,0.04395604395604396,10,0.6235093696763203,0.6043956043956044,0.688,-0.34965034965034963,-0.2765957446808511,1.0,0.0,1.0,0.0,0
3,0.16666666666666666,0.43956043956043955,10,0.5928449744463373,-0.4065934065934066,0.144,0.46153846153846156,0.40425531914893614,0.0,1.0,0.0,1.0,0
0,-0.375,-0.3663003663003663,8,-0.47018739352640543,0.054945054945054944,-0.48,-0.34265734265734266,-0.5319148936170213,0.0,1.0,0.0,1.0,1
4,-0.16666666666666666,0.029304029304029304,8,-0.7495741056218058,-0.0989010989010989,-0.576,-0.3916083916083916,0.0851063829787234,0.0,1.0,0.0,1.0,1
3,0.2916666666666667,0.5714285714285714,6,-0.39182282793867124,1.2307692307692308,1.28,0.4965034965034965,0.48936170212765956,1.0,0.0,0.0,1.0,1
2,0.4791666666666667,0.9304029304029304,18,-0.14310051107325383,0.7692307692307693,-0.528,0.8741258741258742,1.0851063829787233,1.0,0.0,0.0,1.0,0
5,0.20833333333333334,0.652014652014652,16,-1.0323679727427597,-0.5824175824175825,-0.48,0.5734265734265734,0.06382978723404255,1.0,0.0,1.0,0.0,1
1,-0.7291666666666666,-0.7472527472527473,4,-0.8143100511073254,-0.34065934065934067,-0.48,-0.7202797202797203,-0.44680851063829785,0.0,1.0,0.0,1.0,1
0,0.1875,0.6813186813186813,4,-0.7120954003407155,0.12087912087912088,0.336,0.5104895104895105,0.0,1.0,0.0,0.0,1.0,0
3,0.5416666666666666,1.0769230769230769,10,-0.8313458262350937,0.13186813186813187,0.384,0.5104895104895105,-0.06382978723404255,0.0,1.0,0.0,1.0,1
5,-0.9791666666666666,-0.967032967032967,4,-0.4088586030664395,-0.4945054945054945,-0.48,-0.965034965034965,-0.9361702127659575,0.0,1.0,0.0,1.0,0
5,-0.8541666666666666,-0.8791208791208791,8,0.20783645655877342,-0.5164835164835165,-0.4,-0.7762237762237763,-0.7659574468085106,1.0,0.0,0.0,1.0,0
5,0.5208333333333334,0.6153846153846154,10,0.7700170357751278,-0.27472527472527475,0.576,0.2097902097902098,0.5957446808510638,0.0,1.0,0.0,1.0,0
2,0.2916666666666667,0.11721611721611722,10,0.7018739352640545,0.9230769230769231,0.16,-0.0979020979020979,0.8723404255319149,1.0,0.0,1.0,0.0,0
1,-0.5625,-0.4249084249084249,18,-0.6439522998296422,-0.21978021978021978,-0.24,-0.5244755244755245,-0.425531914893617,0.0,1.0,0.0,1.0,1
3,-0.9375,-0.8937728937728938,12,0.9574105621805792,-0.5494505494505495,-0.464,-0.9230769230769231,-0.8297872340425532,0.0,1.0,0.0,1.0,0
0,0.375,0.4908424908424908,18,0.8245315161839863,1.2967032967032968,0.304,0.4755244755244755,0.44680851063829785,0.0,1.0,0.0,1.0,0
4,0.8125,1.2087912087912087,8,0.9982964224872232,0.16483516483516483,0.112,0.6153846153846154,1.8297872340425532,0.0,1.0,0.0,1.0,0
3,0.5625,0.9597069597069597,6,-0.5894378194207837,-0.3956043956043956,0.688,0.8041958041958042,0.1702127659574468,1.0,0.0,0.0,1.0,1
1,0.5416666666666666,0.32967032967032966,10,-0.8449744463373083,0.6263736263736264,0.192,0.5104895104895105,0.44680851063829785,0.0,1.0,0.0,1.0,1
1,-0.7291666666666666,-0.8131868131868132,18,0.054514480408858604,-0.26373626373626374,-0.576,-0.5804195804195804,-0.6382978723404256,1.0,0.0,1.0,0.0,0
3,-0.25,-0.04395604395604396,18,0.7700170357751278,-0.04395604395604396,0.048,-0.2097902097902098,-0.3829787234042553,1.0,0.0,0.0,1.0,0
4,0.10416666666666667,-0.03663003663003663,14,0.31686541737649065,0.37362637362637363,0.88,0.13286713286713286,0.48936170212765956,1.0,0.0,0.0,1.0,0
0,0.041666666666666664,-0.29304029304029305,2,0.7666098807495741,0.27472527472527475,0.48,0.1958041958041958,0.2765957446808511,1.0,0.0,0.0,1.0,0
3,0.7708333333333334,1.465201465201465,8,-0.7393526405451448,1.010989010989011,2.048,0.26573426573426573,0.3191489361702128,0.0,1.0,0.0,1.0,1
2,-0.4166666666666667,-0.2857142857142857,4,-0.6984667802385008,-0.27472527472527475,-0.112,-0.5034965034965035,-0.5319148936170213,1.0,0.0,0.0,1.0,0
0,0.8125,0.7106227106227107,10,-0.013628620102214651,0.8021978021978022,-0.048,0.8601398601398601,0.40425531914893614,0.0,1.0,0.0,1.0,0
4,0.4791666666666667,0.24175824175824176,6,-0.7461669505962522,0.8571428571428571,1.376,0.5454545454545454,0.0425531914893617,0.0,1.0,1.0,0.0,1
0,-0.8333333333333334,-0.7692307692307693,18,0.9676320272572402,-0.5714285714285714,-0.384,-0.8391608391608392,-0.6808510638297872,0.0,1.0,1.0,0.0,0
5,-0.1875,-0.15384615384615385,18,0.4088586030664395,-0.4835164835164835,-0.544,-0.11888111888111888,0.3404255319148936,1.0,0.0,1.0,0.0,0
3,0.4791666666666667,0.26373626373626374,14,-1.0255536626916524,0.0,-0.096,0.23076923076923078,0.10638297872340426,1.0,0.0,0.0,1.0,1
2,-0.020833333333333332,-0.2857142857142857,2,0.5110732538330494,0.7692307692307693,0.848,-0.21678321678321677,0.2553191489361702,0.0,1.0,0.0,1.0,0
3,0.0,-0.26373626373626374,6,-0.909710391822828,-0.6263736263736264,0.336,-0.2097902097902098,0.6382978723404256,1.0,0.0,1.0,0.0,1
0,0.6666666666666666,0.21245421245421245,20,0.1362862010221465,2.10989010989011,0.832,0.2937062937062937,0.1276595744680851,0.0,1.0,0.0,1.0,0
1,-0.22916666666666666,-0.27106227106227104,14,-0.017035775127768313,-0.21978021978021978,0.464,-0.06993006993006994,-0.02127659574468085,1.0,0.0,0.0,1.0,0
2,0.2708333333333333,0.6813186813186813,18,0.4838160136286201,1.010989010989011,0.048,0.11888111888111888,0.5319148936170213,0.0,1.0,1.0,0.0,0
0,0.625,0.21978021978021978,16,-0.7461669505962522,1.054945054945055,1.536,1.1958041958041958,1.2127659574468086,1.0,0.0,0.0,1.0,1
4,-0.2916666666666667,-0.1684981684981685,6,-0.8143100511073254,0.03296703296703297,0.08,-0.06293706293706294,-0.02127659574468085,1.0,0.0,1.0,0.0,1
3,0.7708333333333334,1.0256410256410255,10,0.58603066439523,-0.04395604395604396,0.208,1.2167832167832169,1.0851063829787233,0.0,1.0,0.0,1.0,0
1,-0.9166666666666666,-0.967032967032967,6,0.5315161839863713,-0.5054945054945055,-0.512,-0.8391608391608392,-0.8085106382978723,1.0,0.0,1.0,0.0,0
2,0.6458333333333334,0.5787545787545788,18,0.8654173764906303,0.8571428571428571,1.696,0.965034965034965,0.8297872340425532,1.0,0.0,1.0,0.0,0
5,0.8333333333333334,0.967032967032967,16,-0.19080068143100512,1.7912087912087913,0.528,1.2097902097902098,1.0425531914893618,0.0,1.0,1.0,0.0,1
3,0.5625,0.2271062271062271,6,0.9301533219761499,1.098901098901099,1.84,0.7342657342657343,1.3404255319148937,0.0,1.0,0.0,1.0,0
4,0.5416666666666666,0.7252747252747253,20,-0.07155025553662692,0.46153846153846156,0.464,1.013986013986014,0.425531914893617,0.0,1.0,1.0,0.0,0
5,0.8541666666666666,1.5897435897435896,2,0.17717206132879046,-0.2857142857142857,-0.4,1.2307692307692308,0.8936170212765957,0.0,1.0,0.0,1.0,0
5,-0.875,-0.8644688644688645,16,0.6984667802385008,-0.38461538461538464,-0.448,-0.8041958041958042,-0.7872340425531915,0.0,1.0,1.0,0.0,0
1,-1.0,-0.9963369963369964,14,-0.9505962521294719,-0.6043956043956044,-0.576,-0.9440559440559441,-0.9361702127659575,1.0,0.0,0.0,1.0,1
4,0.5208333333333334,0.3956043956043956,18,0.29982964224872233,-0.06593406593406594,0.8,0.6153846153846154,1.425531914893617,0.0,1.0,0.0,1.0,0
0,-0.75,-0.7545787545787546,12,0.6746166950596252,-0.13186813186813187,-0.24,-0.7902097902097902,-0.723404255319149,1.0,0.0,1.0,0.0,0
0,-0.14583333333333334,-0.03663003663003663,2,-0.8654173764906303,-0.25274725274725274,-0.384,-0.40559440559440557,0.3617021276595745,1.0,0.0,1.0,0.0,0
3,-0.7291666666666666,-0.6666666666666666,12,-0.606473594548552,-0.5494505494505495,-0.464,-0.6433566433566433,-0.7659574468085106,1.0,0.0,1.0,0.0,1
2,-0.7291666666666666,-0.6886446886446886,16,-0.2657580919931857,-0.5824175824175825,-0.128,-0.6293706293706294,-0.6170212765957447,0.0,1.0,1.0,0.0,1
0,0.7083333333333334,0.7838827838827839,20,-0.1567291311754685,0.8131868131868132,0.224,0.6503496503496503,0.5531914893617021,1.0,0.0,0.0,1.0,0
1,0.4375,0.46886446886446886,14,-0.6201022146507666,-0.23076923076923078,1.264,0.5034965034965035,0.02127659574468085,1.0,0.0,1.0,0.0,1
0,0.7083333333333334,0.46886446886446886,6,0.21124361158432708,-0.21978021978021978,0.944,0.9020979020979021,1.446808510638298,1.0,0.0,1.0,0.0,0
4,0.1875,0.30036630036630035,2,0.06814310051107325,-0.14285714285714285,0.048,0.3146853146853147,0.2553191489361702,0.0,1.0,1.0,0.0,0
1,0.6041666666666666,0.9816849816849816,20,0.7734241908006815,1.8461538461538463,1.424,0.7692307692307693,1.297872340425532,0.0,1.0,0.0,1.0,0
5,0.1875,-0.1978021978021978,2,0.08858603066439523,-0.34065934065934067,-0.592,0.32167832167832167,-0.06382978723404255,1.0,0.0,0.0,1.0,0
0,-0.5416666666666666,-0.6446886446886447,20,0.23168654173764908,0.1978021978021978,-0.512,-0.4965034965034965,-0.5319148936170213,0.0,1.0,1.0,0.0,0
4,0.2916666666666667,0.8131868131868132,18,-0.9948892674616695,0.8241758241758241,-0.32,0.34265734265734266,0.851063829787234,1.0,0.0,0.0,1.0,1
5,0.020833333333333332,-0.06593406593406594,16,-0.2453151618398637,0.3516483516483517,0.128,0.07692307692307693,-0.3404255319148936,0.0,1.0,1.0,0.0,1
4,-0.5208333333333334,-0.6373626373626373,6,-0.4497444633730835,-0.23076923076923078,-0.288,-0.5104895104895105,-0.23404255319148937,1.0,0.0,0.0,1.0,1
2,-0.75,-0.73992673992674,14,0.7597955706984668,-0.26373626373626374,-0.32,-0.6993006993006993,-0.6170212765957447,0.0,1.0,0.0,1.0,0
5,-0.8333333333333334,-0.8717948717948718,4,0.9744463373083475,-0.4065934065934066,-0.432,-0.8671328671328671,-0.851063829787234,0.0,1.0,0.0,1.0,0
2,0.7708333333333334,1.1868131868131868,20,0.7393526405451448,-0.5384615384615384,0.176,0.7902097902097902,1.7446808510638299,1.0,0.0,0.0,1.0,0
3,-0.7083333333333334,-0.673992673992674,6,0.3645655877342419,-0.08791208791208792,-0.48,-0.6153846153846154,-0.5957446808510638,1.0,0.0,1.0,0.0,0
4,0.4375,0.8351648351648352,6,-0.10902896081771721,-0.0989010989010989,-0.592,0.5594405594405595,-0.06382978723404255,1.0,0.0,0.0,1.0,0
1,0.0625,0.4981684981684982,8,-0.8620102214650767,-0.32967032967032966,-0.432,0.35664335664335667,0.48936170212765956,1.0,0.0,0.0,1.0,1
2,-0.1875,0.16117216117216118,2,-0.5792163543441227,-0.25274725274725274,-0.592,-0.03496503496503497,-0.1702127659574468,1.0,0.0,0.0,1.0,0
1,0.75,1.0036630036630036,8,-0.6848381601362862,1.6263736263736264,1.584,0.9300699300699301,1.2127659574468086,0.0,1.0,0.0,1.0,1
2,0.0,-0.26373626373626374,14,-0.9574105621805792,0.25274725274725274,-0.128,-0.2727272727272727,0.2978723404255319,1.0,0.0,1.0,0.0,1
5,-0.8541666666666666,-0.9010989010989011,16,-0.6132879045996593,-0.42857142857142855,-0.48,-0.8181818181818182,-0.6595744680851063,0.0,1.0,1.0,0.0,1
0,-0.4791666666666667,-0.4981684981684982,10,-0.6746166950596252,0.24175824175824176,-0.192,-0.5244755244755245,-0.23404255319148937,1.0,0.0,0.0,1.0,1
4,-0.7291666666666666,-0.7472527472527473,20,-0.7529812606473595,-0.42857142857142855,-0.544,-0.6573426573426573,-0.5531914893617021,0.0,1.0,0.0,1.0,1
2,-0.6666666666666666,-0.5714285714285714,6,0.9846678023850085,-0.32967032967032966,-0.24,-0.5734265734265734,-0.7659574468085106,0.0,1.0,0.0,1.0,0
0,0.08333333333333333,0.26373626373626374,4,-0.9233390119250426,0.27472527472527475,0.048,0.1258741258741259,0.23404255319148937,1.0,0.0,0.0,1.0,0
3,-0.8541666666666666,-0.8351648351648352,14,0.637137989778535,-0.4065934065934066,-0.576,-0.7692307692307693,-0.723404255319149,0.0,1.0,0.0,1.0,0
4,-0.4583333333333333,-0.43223443223443225,6,-0.6609880749574105,-0.2087912087912088,0.288,-0.44755244755244755,-0.48936170212765956,0.0,1.0,1.0,0.0,1
3,0.9166666666666666,0.5567765567765568,8,-0.10902896081771721,-0.13186813186813187,0.784,0.6853146853146853,1.2765957446808511,0.0,1.0,1.0,0.0,0
0,-0.9375,-0.9377289377289377,12,-0.313458262350937,-0.5824175824175825,-0.56,-0.8671328671328671,-0.8723404255319149,0.0,1.0,0.0,1.0,1
2,-0.7083333333333334,-0.7545787545787546,6,0.5519591141396933,-0.06593406593406594,-0.352,-0.7832167832167832,-0.7659574468085106,1.0,0.0,0.0,1.0,0
3,0.3541666666666667,0.24175824175824176,6,0.6132879045996593,1.5824175824175823,0.976,0.6293706293706294,0.2127659574468085,0.0,1.0,1.0,0.0,0
5,0.4791666666666667,0.18315018315018314,2,-0.5519591141396933,1.0,-0.336,0.4195804195804196,1.3404255319148937,1.0,0.0,0.0,1.0,1
1,-0.22916666666666666,-0.18315018315018314,12,-0.8415672913117547,0.5384615384615384,-0.192,0.06993006993006994,0.10638297872340426,1.0,0.0,0.0,1.0,1
2,0.6041666666666666,1.2673992673992673,16,0.6916524701873935,1.5714285714285714,-0.304,0.6013986013986014,0.19148936170212766,1.0,0.0,1.0,0.0,0
2,0.9791666666666666,1.728937728937729,10,0.47700170357751276,-0.02197802197802198,1.776,0.6783216783216783,0.1702127659574468,0.0,1.0,0.0,1.0,0
1,0.3125,0.37362637362637363,12,0.5281090289608177,1.1428571428571428,0.112,0.2937062937062937,1.0638297872340425,0.0,1.0,1.0,0.0,0
0,-0.375,-0.358974358974359,14,-0.8415672913117547,0.46153846153846156,0.176,-0.36363636363636365,-0.5531914893617021,1.0,0.0,0.0,1.0,1
3,0.4375,0.4542124542124542,16,-0.1465076660988075,-0.38461538461538464,1.12,0.45454545454545453,-0.19148936170212766,0.0,1.0,1.0,0.0,0
3,-0.6666666666666666,-0.6813186813186813,12,-0.5689948892674617,-0.3626373626373626,-0.032,-0.6713286713286714,-0.40425531914893614,1.0,0.0,0.0,1.0,1
3,0.7916666666666666,1.5091575091575091,10,0.9914821124361158,1.2637362637362637,0.304,0.916083916083916,1.127659574468085,0.0,1.0,1.0,0.0,0
0,0.125,-0.11721611721611722,6,-0.9369676320272572,0.24175824175824176,0.608,0.42657342657342656,0.7872340425531915,0.0,1.0,1.0,0.0,1
0,-0.16666666666666666,-0.26373626373626374,4,-0.7802385008517888,0.16483516483516483,0.576,-0.3706293706293706,0.0425531914893617,0.0,1.0,1.0,0.0,1
1,0.14583333333333334,-0.11721611721611722,12,0.8824531516183987,0.6263736263736264,0.752,-0.18181818181818182,-0.1276595744680851,1.0,0.0,0.0,1.0,0
1,0.6666666666666666,1.1282051282051282,18,-0.8620102214650767,0.7912087912087912,1.136,0.6433566433566433,1.0425531914893618,1.0,0.0,1.0,0.0,1
1,0.8125,0.3076923076923077,8,0.6609880749574105,-0.16483516483516483,0.912,0.5804195804195804,0.6382978723404256,1.0,0.0,0.0,1.0,0
0,0.16666666666666666,0.6373626373626373,16,-0.07495741056218058,-0.37362637362637363,0.704,0.02097902097902098,0.2765957446808511,0.0,1.0,1.0,0.0,0
1,-0.2916666666666667,-0.07326007326007326,16,0.017035775127768313,-0.5714285714285714,-0.24,-0.08391608391608392,-0.3617021276595745,1.0,0.0,1.0,0.0,0
4,-0.7708333333333334,-0.7545787545787546,16,-0.5315161839863713,-0.21978021978021978,-0.4,-0.6503496503496503,-0.7446808510638298,0.0,1.0,0.0,1.0,1
0,-0.10416666666666667,0.03663003663003663,2,-0.6337308347529813,0.0,0.032,-0.1958041958041958,0.44680851063829785,0.0,1.0,0.0,1.0,0
1,0.0625,0.24175824175824176,14,0.42248722316865417,0.8241758241758241,-0.592,-0.16083916083916083,0.0425531914893617,1.0,0.0,1.0,0.0,0
2,0.0625,-0.05860805860805861,20,-0.09880749574105621,-0.5164835164835165,0.88,-0.25874125874125875,-0.1702127659574468,0.0,1.0,1.0,0.0,0
2,-0.9583333333333334,-0.945054945054945,10,-0.9505962521294719,-0.5824175824175825,-0.544,-0.8951048951048951,-0.8085106382978723,1.0,0.0,1.0,0.0,1
1,-0.8333333333333334,-0.7985347985347986,2,-0.32367972742759793,-0.5934065934065934,-0.592,-0.8671328671328671,-0.6808510638297872,0.0,1.0,1.0,0.0,0
4,0.125,0.5347985347985348,2,0.9131175468483816,-0.26373626373626374,-0.32,-0.013986013986013986,0.3404255319148936,1.0,0.0,1.0,0.0,0
2,-0.8958333333333334,-0.8351648351648352,8,-0.9744463373083475,-0.5824175824175825,-0.432,-0.8811188811188811,-0.7659574468085106,1.0,0.0,1.0,0.0,1
1,-0.6666666666666666,-0.7619047619047619,12,0.7427597955706985,-0.04395604395604396,-0.352,-0.6713286713286714,-0.3829787234042553,1.0,0.0,1.0,0.0,0
4,-0.5625,-0.4835164835164835,18,-0.7155025553662692,-0.6263736263736264,-0.56,-0.48951048951048953,-0.3191489361702128,0.0,1.0,1.0,0.0,1
2,0.3541666666666667,0.014652014652014652,14,0.6814310051107325,0.6263736263736264,-0.064,0.34965034965034963,0.44680851063829785,0.0,1.0,1.0,0.0,0
2,0.6041666666666666,1.010989010989011,10,0.013628620102214651,0.6373626373626373,0.016,1.006993006993007,1.5106382978723405,1.0,0.0,0.0,1.0,0
5,0.9166666666666666,0.336996336996337,2,-0.272572402044293,0.8681318681318682,-0.352,0.44755244755244755,0.46808510638297873,1.0,0.0,1.0,0.0,1
2,-0.2708333333333333,-0.336996336996337,12,-0.29642248722316866,-0.3516483516483517,0.08,-0.027972027972027972,0.1276595744680851,0.0,1.0,0.0,1.0,1
1,-0.20833333333333334,-0.4542124542124542,20,0.017035775127768313,-0.46153846153846156,0.688,-0.32167832167832167,-0.02127659574468085,1.0,0.0,1.0,0.0,0
2,-0.4166666666666667,-0.43223443223443225,18,-0.2010221465076661,-0.03296703296703297,-0.416,-0.16783216783216784,-0.6382978723404256,1.0,0.0,1.0,0.0,1
2,-0.10416666666666667,0.029304029304029304,4,0.7291311754684838,0.17582417582417584,-0.208,-0.11188811188811189,0.44680851063829785,1.0,0.0,1.0,0.0,0
2,0.5208333333333334,0.2564102564102564,14,-0.9642248722316865,1.0,-0.176,0.9440559440559441,0.851063829787234,1.0,0.0,0.0,1.0,1
0,0.7083333333333334,0.19047619047619047,12,0.07155025553662692,0.0989010989010989,0.752,0.27972027972027974,0.1276595744680851,0.0,1.0,1.0,0.0,0
5,0.2916666666666667,0.315018315018315,12,-0.5996592844974447,-0.054945054945054944,-0.288,0.2517482517482518,0.7021276595744681,0.0,1.0,0.0,1.0,1
1,-0.5833333333333334,-0.46886446886446886,8,0.616695059625213,-0.3956043956043956,-0.592,-0.48951048951048953,-0.723404255319149,0.0,1.0,1.0,0.0,0
3,-0.5416666666666666,-0.3516483516483517,16,-0.6098807495741057,-0.0989010989010989,-0.08,-0.6153846153846154,-0.6808510638297872,0.0,1.0,0.0,1.0,1
2,0.0625,-0.007326007326007326,8,-0.8654173764906303,0.5714285714285714,0.176,0.45454545454545453,0.44680851063829785,1.0,0.0,1.0,0.0,1
3,0.7708333333333334,0.4249084249084249,8,-0.4088586030664395,-0.26373626373626374,1.232,0.951048951048951,1.553191489361702,1.0,0.0,1.0,0.0,1
3,0.14583333333333334,0.40293040293040294,18,0.6405451448040886,-0.46153846153846156,1.136,0.11888111888111888,0.23404255319148937,0.0,1.0,1.0,0.0,0
3,0.6666666666666666,0.6959706959706959,14,0.7495741056218058,0.03296703296703297,-0.48,0.6573426573426573,0.6808510638297872,0.0,1.0,1.0,0.0,0
1,0.75,0.43223443223443225,6,-0.272572402044293,1.5054945054945055,0.448,0.6363636363636364,0.06382978723404255,0.0,1.0,0.0,1.0,1
5,0.3333333333333333,0.21978021978021978,14,0.817717206132879,0.7802197802197802,-0.56,0.34265734265734266,0.23404255319148937,0.0,1.0,0.0,1.0,0
5,-0.2916666666666667,-0.40293040293040294,18,-0.8006814310051107,-0.24175824175824176,-0.208,-0.43356643356643354,-0.2553191489361702,0.0,1.0,1.0,0.0,1
0,0.4375,0.07326007326007326,2,-0.8211243611584327,-0.31868131868131866,-0.208,0.43356643356643354,0.2978723404255319,0.0,1.0,0.0,1.0,1
4,-0.9375,-0.9010989010989011,6,-0.3679727427597956,-0.42857142857142855,-0.496,-0.8811188811188811,-0.8936170212765957,1.0,0.0,0.0,1.0,1
3,0.3333333333333333,0.08791208791208792,4,-0.5383304940374787,0.5384615384615384,0.624,-0.03496503496503497,0.9787234042553191,0.0,1.0,0.0,1.0,1
0,0.4791666666666667,0.12454212454212454,16,0.0919931856899489,0.6153846153846154,1.52,0.965034965034965,0.1702127659574468,1.0,0.0,0.0,1.0,0
3,0.9583333333333334,0.37362637362637363,4,0.20442930153321975,1.2197802197802199,-0.24,1.5104895104895104,0.14893617021276595,1.0,0.0,0.0,1.0,0
5,0.5625,0.9084249084249084,6,0.42589437819420783,-0.13186813186813187,1.504,0.2727272727272727,0.6170212765957447,0.0,1.0,1.0,0.0,0
4,-0.8541666666666666,-0.7912087912087912,2,0.027257240204429302,-0.42857142857142855,-0.304,-0.8461538461538461,-0.8297872340425532,0.0,1.0,1.0,0.0,0
3,-0.3541666666666667,-0.5421245421245421,12,0.44293015332197616,-0.08791208791208792,-0.16,-0.45454545454545453,-0.48936170212765956,1.0,0.0,0.0,1.0,0
1,-0.7291666666666666,-0.7692307692307693,6,-0.7223168654173765,-0.14285714285714285,-0.368,-0.6223776223776224,-0.8085106382978723,1.0,0.0,0.0,1.0,1
4,0.875,0.8424908424908425,16,0.06814310051107325,0.6703296703296703,1.088,0.45454545454545453,1.3191489361702127,1.0,0.0,1.0,0.0,0
4,-0.3541666666666667,-0.20512820512820512,20,0.044293015332197615,-0.06593406593406594,-0.064,-0.32867132867132864,-0.3404255319148936,1.0,0.0,0.0,1.0,0
5,-0.25,-0.1391941391941392,8,0.9642248722316865,-0.23076923076923078,0.336,0.02097902097902098,0.19148936170212766,1.0,0.0,0.0,1.0,0
4,0.020833333333333332,-0.23443223443223443,10,-0.6712095400340715,1.0,-0.272,-0.11188811188811189,-0.02127659574468085,0.0,1.0,0.0,1.0,1
0,0.4375,0.08791208791208792,12,-0.7632027257240205,0.7802197802197802,1.36,0.4825174825174825,-0.19148936170212766,0.0,1.0,1.0,0.0,1
2,0.6875,0.63003663003663,16,-0.43270868824531517,1.054945054945055,0.272,0.2867132867132867,0.8723404255319149,0.0,1.0,1.0,0.0,1
3,-0.4166666666666667,-0.2490842490842491,14,0.575809199318569,-0.24175824175824176,0.336,-0.4405594405594406,-0.5106382978723404,1.0,0.0,0.0,1.0,0
4,0.8333333333333334,1.5091575091575091,6,-0.8926746166950597,-0.5054945054945055,-0.544,0.5944055944055944,0.7872340425531915,0.0,1.0,0.0,1.0,1
5,0.3333333333333333,0.19047619047619047,18,0.034071550255536626,0.45054945054945056,0.496,0.6993006993006993,0.5531914893617021,1.0,0.0,1.0,0.0,0
3,-0.3333333333333333,-0.19047619047619047,2,0.6235093696763203,-0.5494505494505495,0.432,-0.2727272727272727,-0.5957446808510638,0.0,1.0,0.0,1.0,0
3,0.6875,0.3663003663003663,2,0.47018739352640543,1.7472527472527473,-0.56,0.2867132867132867,0.8085106382978723,1.0,0.0,0.0,1.0,0
0,0.6875,0.3663003663003663,18,-0.24872231686541738,1.2527472527472527,-0.016,0.6713286713286714,1.6595744680851063,0.0,1.0,1.0,0.0,1
4,0.08333333333333333,-0.1684981684981685,6,0.4735945485519591,0.8021978021978022,-0.16,0.36363636363636365,-0.0425531914893617,0.0,1.0,1.0,0.0,0
5,0.5208333333333334,0.30036630036630035,14,-0.3202725724020443,0.31868131868131866,0.768,0.5314685314685315,-0.1702127659574468,0.0,1.0,0.0,1.0,1
0,-0.14583333333333334,0.007326007326007326,16,0.11925042589437819,-0.17582417582417584,-0.16,-0.013986013986013986,-0.3829787234042553,1.0,0.0,1.0,0.0,0
1,0.9166666666666666,1.164835164835165,12,-0.5894378194207837,-0.02197802197802198,0.688,1.132867132867133,1.2765957446808511,0.0,1.0,0.0,1.0,1
0,-0.8333333333333334,-0.8351648351648352,20,0.3850085178875639,-0.4175824175824176,-0.368,-0.7692307692307693,-0.6382978723404256,1.0,0.0,1.0,0.0,0
5,-0.375,-0.40293040293040294,18,0.3202725724020443,0.3516483516483517,-0.304,-0.23076923076923078,-0.40425531914893614,1.0,0.0,1.0,0.0,0
1,-0.8333333333333334,-0.8717948717948718,16,-0.8756388415672913,-0.4065934065934066,-0.544,-0.8671328671328671,-0.7872340425531915,0.0,1.0,0.0,1.0,1
2,-0.6666666666666666,-0.5787545787545788,16,0.9880749574105622,0.0,-0.016,-0.5804195804195804,-0.6170212765957447,0.0,1.0,0.0,1.0,0
4,0.75,1.1282051282051282,4,-0.7938671209540034,1.3186813186813187,1.904,1.3986013986013985,1.6170212765957446,0.0,1.0,0.0,1.0,0
4,-1.0,-0.989010989010989,4,-0.49744463373083475,-0.5384615384615384,-0.576,-0.9440559440559441,-0.8723404255319149,1.0,0.0,0.0,1.0,0
1,0.8958333333333334,1.1135531135531136,10,-0.7700170357751278,2.032967032967033,2.368,1.1398601398601398,1.5319148936170213,0.0,1.0,0.0,1.0,1
5,0.625,0.8571428571428571,4,-0.5928449744463373,-0.21978021978021978,0.768,0.5314685314685315,0.5106382978723404,0.0,1.0,1.0,0.0,0
0,-0.16666666666666666,0.07326007326007326,18,-0.555366269165247,0.06593406593406594,-0.384,-0.32167832167832167,0.0425531914893617,0.0,1.0,0.0,1.0,1
5,0.4583333333333333,0.8498168498168498,10,0.504258943781942,-0.46153846153846156,1.36,0.8461538461538461,1.2553191489361701,1.0,0.0,1.0,0.0,0
2,-0.25,-0.5054945054945055,10,-0.6201022146507666,0.45054945054945056,0.608,-0.03496503496503497,-0.5106382978723404,0.0,1.0,0.0,1.0,1
2,0.6458333333333334,0.9230769230769231,10,-0.606473594548552,0.6373626373626373,0.192,1.027972027972028,0.0,1.0,0.0,1.0,0.0,1
3,-0.8333333333333334,-0.7912087912087912,20,0.7189097103918228,-0.46153846153846156,-0.352,-0.7972027972027972,-0.723404255319149,1.0,0.0,0.0,1.0,0
1,-0.7708333333333334,-0.7619047619047619,4,0.9471890971039182,-0.3076923076923077,-0.4,-0.6643356643356644,-0.6808510638297872,1.0,0.0,0.0,1.0,0
0,-0.5208333333333334,-0.5128205128205128,18,-0.45315161839863716,-0.5384615384615384,-0.48,-0.6363636363636364,-0.3404255319148936,0.0,1.0,0.0,1.0,1
1,0.9166666666666666,0.3956043956043956,16,0.8620102214650767,2.120879120879121,-0.592,1.4755244755244756,0.3617021276595745,0.0,1.0,1.0,0.0,0
2,-0.9166666666666666,-0.8791208791208791,20,-0.38841567291311757,-0.6043956043956044,-0.56,-0.8531468531468531,-0.7659574468085106,1.0,0.0,1.0,0.0,1
4,-0.9166666666666666,-0.9010989010989011,16,0.28960817717206133,-0.45054945054945056,-0.544,-0.8881118881118881,-0.8723404255319149,1.0,0.0,1.0,0.0,0
3,-0.08333333333333333,0.20512820512820512,10,-0.7155025553662692,0.7472527472527473,0.256,0.2867132867132867,0.1702127659574468,1.0,0.0,1.0,0.0,1
2,0.3958333333333333,0.5787545787545788,12,0.09880749574105621,0.7582417582417582,0.144,0.40559440559440557,0.0851063829787234,0.0,1.0,0.0,1.0,0
2,-0.5416666666666666,-0.5421245421245421,16,-0.9812606473594548,-0.01098901098901099,-0.064,-0.6783216783216783,-0.3617021276595745,0.0,1.0,0.0,1.0,1
3,0.3333333333333333,0.06593406593406594,18,-0.3781942078364566,-0.38461538461538464,-0.272,0.8181818181818182,1.0425531914893618,1.0,0.0,1.0,0.0,1
4,-0.6666666666666666,-0.7912087912087912,20,0.6201022146507666,-0.5054945054945055,-0.496,-0.5944055944055944,-0.6382978723404256,0.0,1.0,1.0,0.0,0
2,0.375,0.30036630036630035,10,0.3270868824531516,0.7912087912087912,0.32,0.46153846153846156,0.14893617021276595,0.0,1.0,1.0,0.0,0
4,-0.4583333333333333,-0.46153846153846156,10,-0.9710391822827938,0.34065934065934067,0.064,-0.25874125874125875,-0.5106382978723404,1.0,0.0,0.0,1.0,1
0,0.6875,0.4542124542124542,20,-0.044293015332197615,-0.054945054945054944,0.832,1.2237762237762237,1.3404255319148937,0.0,1.0,1.0,0.0,0
5,-0.5208333333333334,-0.40293040293040294,4,-1.0017035775127767,0.08791208791208792,-0.368,-0.6083916083916084,-0.23404255319148937,0.0,1.0,1.0,0.0,0
3,0.8958333333333334,0.5347985347985348,16,0.27938671209540034,0.27472527472527475,0.304,1.3916083916083917,0.10638297872340426,1.0,0.0,1.0,0.0,0
0,0.6458333333333334,1.2380952380952381,8,-0.6814310051107325,0.6483516483516484,0.816,0.3076923076923077,0.3404255319148936,0.0,1.0,0.0,1.0,1
4,-0.7083333333333334,-0.7765567765567766,6,0.7700170357751278,-0.6153846153846154,-0.336,-0.6573426573426573,-0.5957446808510638,0.0,1.0,1.0,0.0,0
2,0.8958333333333334,0.7692307692307693,20,0.7802385008517888,1.5164835164835164,-0.256,0.5384615384615384,0.2978723404255319,1.0,0.0,1.0,0.0,0
2,0.6458333333333334,1.032967032967033,14,-0.9778534923339012,1.945054945054945,1.984,0.21678321678321677,-0.0425531914893617,0.0,1.0,0.0,1.0,1
2,0.8333333333333334,0.46153846153846156,20,0.09880749574105621,-0.15384615384615385,-0.528,1.0769230769230769,1.851063829787234,1.0,0.0,0.0,1.0,0
1,-0.875,-0.8791208791208791,4,-0.8756388415672913,-0.5714285714285714,-0.48,-0.8181818181818182,-0.7659574468085106,1.0,0.0,1.0,0.0,1
1,-0.9791666666666666,-0.9743589743589743,18,0.6746166950596252,-0.6043956043956044,-0.592,-0.916083916083916,-0.8297872340425532,0.0,1.0,0.0,1.0,0
4,-0.875,-0.8278388278388278,10,0.1567291311754685,-0.6153846153846154,-0.528,-0.8951048951048951,-0.7021276595744681,0.0,1.0,1.0,0.0,0
5,-0.9375,-0.9816849816849816,8,-0.8858603066439523,-0.6043956043956044,-0.48,-0.9090909090909091,-0.8297872340425532,0.0,1.0,0.0,1.0,1
2,-0.4583333333333333,-0.32234432234432236,10,-0.9812606473594548,0.27472527472527475,-0.528,-0.5664335664335665,-0.6170212765957447,0.0,1.0,0.0,1.0,1
0,0.625,0.8717948717948718,20,-0.889267461669506,0.02197802197802198,0.304,0.6363636363636364,0.2765957446808511,0.0,1.0,1.0,0.0,1
2,0.041666666666666664,-0.10989010989010989,14,-0.6337308347529813,-0.07692307692307693,0.4,0.2517482517482518,0.48936170212765956,0.0,1.0,1.0,0.0,1
1,0.7916666666666666,1.2747252747252746,16,0.3679727427597956,-0.14285714285714285,-0.4,0.5244755244755245,0.14893617021276595,0.0,1.0,0.0,1.0,0
1,-0.9791666666666666,-1.0183150183150182,10,0.626916524701874,-0.5054945054945055,-0.56,-0.9090909090909091,-0.851063829787234,1.0,0.0,0.0,1.0,0
2,0.4166666666666667,0.9084249084249084,10,-0.5894378194207837,1.6593406593406594,0.736,0.6923076923076923,-0.06382978723404255,0.0,1.0,1.0,0.0,1
2,0.2916666666666667,0.46153846153846156,14,-0.9403747870528109,0.2857142857142857,-0.576,0.5734265734265734,0.0425531914893617,1.0,0.0,0.0,1.0,1
4,0.5833333333333334,1.2380952380952381,20,-0.23509369676320271,0.7472527472527473,0.768,0.48951048951048953,0.40425531914893614,1.0,0.0,1.0,0.0,1
2,0.875,0.4835164835164835,2,-0.3202725724020443,-0.3076923076923077,-0.176,1.4825174825174825,0.44680851063829785,1.0,0.0,1.0,0.0,1
5,-0.8333333333333334,-0.7912087912087912,18,-0.7359454855195912,-0.4725274725274725,-0.4,-0.7552447552447552,-0.6170212765957447,0.0,1.0,0.0,1.0,1
0,-0.20833333333333334,-0.4249084249084249,18,-1.0323679727427597,0.5824175824175825,0.432,-0.4195804195804196,-0.2127659574468085,0.0,1.0,1.0,0.0,1
0,0.5,0.14652014652014653,14,-0.555366269165247,1.2747252747252746,1.728,0.6643356643356644,1.2340425531914894,1.0,0.0,0.0,1.0,1
3,0.8541666666666666,1.531135531135531,2,0.38160136286201024,0.6043956043956044,1.296,0.36363636363636365,1.5319148936170213,0.0,1.0,1.0,0.0,0
1,-0.10416666666666667,0.15384615384615385,16,-0.6678023850085179,0.8131868131868132,0.368,-0.3356643356643357,-0.3617021276595745,1.0,0.0,1.0,0.0,1
1,-0.625,-0.7619047619047619,18,-0.16695059625212946,-0.24175824175824176,-0.464,-0.5734265734265734,-0.6382978723404256,0.0,1.0,0.0,1.0,0
5,0.2916666666666667,-0.05860805860805861,10,0.11243611584327087,0.8131868131868132,0.288,0.3356643356643357,0.7659574468085106,0.0,1.0,0.0,1.0,0
4,0.3958333333333333,0.315018315018315,6,-0.43611584327086883,-0.4725274725274725,0.384,0.006993006993006993,0.14893617021276595,1.0,0.0,1.0,0.0,1
3,-0.6875,-0.652014652014652,2,-0.616695059625213,-0.08791208791208792,-0.592,-0.7622377622377622,-0.46808510638297873,0.0,1.0,1.0,0.0,0
2,0.7083333333333334,1.0842490842490842,12,-0.0919931856899489,1.3186813186813187,0.304,0.7412587412587412,0.9574468085106383,0.0,1.0,1.0,0.0,0
2,0.5833333333333334,0.2857142857142857,18,0.42248722316865417,1.6043956043956045,1.392,0.34965034965034963,0.5531914893617021,1.0,0.0,1.0,0.0,0
3,-0.08333333333333333,0.13186813186813187,10,-0.9710391822827938,0.6373626373626373,0.704,0.11188811188811189,-0.0425531914893617,1.0,0.0,0.0,1.0,1
5,0.9791666666666666,0.8791208791208791,12,0.20783645655877342,-0.04395604395604396,-0.128,0.5524475524475524,2.0425531914893615,0.0,1.0,1.0,0.0,0
2,0.0625,-0.1978021978021978,6,-1.0221465076660987,1.032967032967033,0.88,0.055944055944055944,0.5106382978723404,0.0,1.0,1.0,0.0,1
2,-0.20833333333333334,-0.13186813186813187,16,-0.8824531516183987,0.5164835164835165,0.528,0.08391608391608392,-0.0851063829787234,1.0,0.0,1.0,0.0,1
1,-0.3541666666666667,-0.43956043956043955,6,0.1260647359454855,0.23076923076923078,-0.432,-0.4755244755244755,-0.02127659574468085,1.0,0.0,1.0,0.0,0
0,0.8333333333333334,0.47619047619047616,20,-0.08517887563884156,0.03296703296703297,0.4,1.3356643356643356,0.23404255319148937,1.0,0.0,1.0,0.0,0
2,-0.125,-0.14652014652014653,2,-0.11925042589437819,0.14285714285714285,0.032,0.22377622377622378,-0.3404255319148936,1.0,0.0,0.0,1.0,0
5,0.5,0.08791208791208792,18,-0.4940374787052811,0.24175824175824176,0.448,0.5454545454545454,0.8297872340425532,1.0,0.0,1.0,0.0,1
2,0.9791666666666666,1.304029304029304,2,-0.20442930153321975,2.043956043956044,2.208,0.7762237762237763,0.6808510638297872,1.0,0.0,1.0,0.0,0
0,0.7708333333333334,1.3406593406593406,18,-0.0919931856899489,-0.4725274725274725,0.8,1.2587412587412588,0.23404255319148937,1.0,0.0,1.0,0.0,0
3,-0.9375,-0.9816849816849816,2,0.5076660988074957,-0.4945054945054945,-0.512,-0.8601398601398601,-0.8085106382978723,1.0,0.0,1.0,0.0,0
3,0.5625,0.8058608058608059,6,-0.272572402044293,0.8791208791208791,0.544,0.43356643356643354,1.0,1.0,0.0,0.0,1.0,1
4,0.4583333333333333,0.19047619047619047,18,0.7768313458262351,1.4175824175824177,0.096,0.5874125874125874,0.14893617021276595,1.0,0.0,0.0,1.0,0
2,-0.2916666666666667,-0.27106227106227104,12,0.6303236797274276,-0.42857142857142855,-0.48,-0.16783216783216784,-0.40425531914893614,0.0,1.0,1.0,0.0,0
4,0.16666666666666666,0.029304029304029304,14,0.07836456558773425,1.1868131868131868,0.144,0.2097902097902098,0.7872340425531915,0.0,1.0,0.0,1.0,0
5,-0.14583333333333334,-0.15384615384615385,6,0.46678023850085176,0.2857142857142857,-0.224,-0.32867132867132864,0.19148936170212766,0.0,1.0,0.0,1.0,0
1,-0.20833333333333334,-0.40293040293040294,20,-0.18057921635434412,0.4725274725274725,0.24,-0.26573426573426573,0.06382978723404255,1.0,0.0,1.0,0.0,0
2,0.375,0.26373626373626374,20,-0.7052810902896082,1.098901098901099,0.096,0.5804195804195804,0.19148936170212766,1.0,0.0,1.0,0.0,1
3,-0.4583333333333333,-0.608058608058608,8,0.15332197614991483,-0.24175824175824176,-0.048,-0.48951048951048953,-0.6595744680851063,0.0,1.0,1.0,0.0,0
1,-1.0208333333333333,-1.0402930402930404,8,-0.11584327086882454,-0.5934065934065934,-0.56,-0.972027972027972,-0.8936170212765957,1.0,0.0,0.0,1.0,0
4,0.6041666666666666,1.216117216117216,6,-0.4122657580919932,1.5604395604395604,1.248,0.5314685314685315,0.2553191489361702,1.0,0.0,0.0,1.0,1
0,-0.4375,-0.5934065934065934,2,0.030664395229982964,0.3516483516483517,-0.048,-0.5524475524475524,-0.5957446808510638,0.0,1.0,1.0,0.0,0
5,0.22916666666666666,0.6593406593406593,10,-0.9267461669505963,1.4175824175824177,1.056,0.6433566433566433,0.8936170212765957,0.0,1.0,0.0,1.0,1
1,0.75,1.4065934065934067,18,-0.15332197614991483,1.3956043956043955,1.248,1.1818181818181819,0.2978723404255319,0.0,1.0,0.0,1.0,0
2,-0.9375,-0.945054945054945,2,-0.3679727427597956,-0.42857142857142855,-0.56,-0.9370629370629371,-0.851063829787234,0.0,1.0,0.0,1.0,1
3,0.14583333333333334,0.15384615384615385,18,0.10221465076660988,0.27472527472527475,0.752,0.006993006993006993,-0.1702127659574468,1.0,0.0,0.0,1.0,0
1,0.1875,0.4175824175824176,14,0.8245315161839863,-0.06593406593406594,0.656,0.6363636363636364,0.8936170212765957,0.0,1.0,0.0,1.0,0
2,-1.0208333333333333,-1.0183150183150182,16,0.12947189097103917,-0.5494505494505495,-0.56,-0.9790209790209791,-0.9361702127659575,0.0,1.0,0.0,1.0,0
3,0.5416666666666666,0.7838827838827839,18,0.2010221465076661,-0.24175824175824176,1.232,0.3146853146853147,1.148936170212766,1.0,0.0,1.0,0.0,0
5,-0.25,-0.41025641025641024,8,-0.8960817717206133,-0.07692307692307693,0.496,-0.3916083916083916,0.14893617021276595,1.0,0.0,0.0,1.0,1
3,-0.625,-0.5274725274725275,4,-0.9642248722316865,-0.25274725274725274,-0.16,-0.5804195804195804,-0.48936170212765956,0.0,1.0,0.0,1.0,0
4,-0.8333333333333334,-0.7765567765567766,14,0.9676320272572402,-0.3516483516483517,-0.352,-0.7272727272727273,-0.6170212765957447,1.0,0.0,1.0,0.0,0
4,-0.5625,-0.5347985347985348,4,-0.21465076660988075,-0.34065934065934067,-0.544,-0.4755244755244755,-0.48936170212765956,0.0,1.0,1.0,0.0,0
2,-0.9791666666666666,-0.9597069597069597,4,0.47700170357751276,-0.5384615384615384,-0.512,-0.9370629370629371,-0.8936170212765957,0.0,1.0,1.0,0.0,0
5,0.041666666666666664,0.23443223443223443,16,-0.3339011925042589,0.3956043956043956,0.768,0.0,-0.0851063829787234,1.0,0.0,0.0,1.0,1
4,0.5625,0.8058608058608059,4,0.21124361158432708,-0.5054945054945055,-0.224,0.8881118881118881,0.7872340425531915,1.0,0.0,0.0,1.0,0
2,0.2708333333333333,0.1684981684981685,16,-0.4463373083475298,0.6043956043956044,0.368,0.11888111888111888,0.0,1.0,0.0,1.0,0.0,1
2,0.8125,1.5457875457875458,12,-0.899488926746167,1.054945054945055,0.752,0.34265734265734266,0.9574468085106383,1.0,0.0,1.0,0.0,1
4,0.8333333333333334,1.010989010989011,12,0.6984667802385008,2.21978021978022,1.296,0.32867132867132864,1.1063829787234043,1.0,0.0,0.0,1.0,0
1,-0.3958333333333333,-0.47619047619047616,10,0.2282793867120954,0.38461538461538464,0.016,-0.3776223776223776,-0.5531914893617021,0.0,1.0,0.0,1.0,0
2,-0.6458333333333334,-0.6153846153846154,16,0.31686541737649065,-0.16483516483516483,-0.496,-0.6433566433566433,-0.6808510638297872,1.0,0.0,1.0,0.0,0
4,0.25,0.6813186813186813,6,1.008517887563884,-0.6263736263736264,1.232,0.4195804195804196,0.46808510638297873,1.0,0.0,0.0,1.0,0
0,0.375,0.8937728937728938,20,-0.29982964224872233,0.5714285714285714,-0.192,0.14685314685314685,0.8085106382978723,1.0,0.0,0.0,1.0,1
1,0.9166666666666666,1.5238095238095237,14,-0.5587734241908007,-0.5714285714285714,-0.4,0.3916083916083916,1.9148936170212767,1.0,0.0,0.0,1.0,1
3,0.2708333333333333,0.08791208791208792,18,0.08517887563884156,0.14285714285714285,-0.16,0.7132867132867133,0.1702127659574468,1.0,0.0,0.0,1.0,0
2,-0.3958333333333333,-0.14652014652014653,18,0.6575809199318569,0.06593406593406594,-0.032,-0.34965034965034963,-0.5319148936170213,1.0,0.0,1.0,0.0,0
3,0.20833333333333334,0.46153846153846156,18,-0.45315161839863716,-0.5604395604395604,0.768,0.23776223776223776,0.6382978723404256,0.0,1.0,0.0,1.0,1
1,-0.5208333333333334,-0.3443223443223443,6,-0.030664395229982964,-0.2967032967032967,0.096,-0.5524475524475524,-0.425531914893617,1.0,0.0,1.0,0.0,0
5,-0.10416666666666667,-0.014652014652014652,6,0.6201022146507666,0.0989010989010989,0.416,0.006993006993006993,0.3617021276595745,1.0,0.0,1.0,0.0,0
2,-0.14583333333333334,-0.29304029304029305,20,-0.39182282793867124,0.5714285714285714,-0.208,-0.0979020979020979,0.02127659574468085,0.0,1.0,1.0,0.0,1
2,-0.875,-0.8131868131868132,6,0.545144804088586,-0.3626373626373626,-0.544,-0.8811188811188811,-0.8297872340425532,1.0,0.0,0.0,1.0,0
2,0.6875,1.0036630036630036,10,0.7461669505962522,-0.4175824175824176,1.968,1.2867132867132867,-0.02127659574468085,0.0,1.0,1.0,0.0,0
0,-1.0,-1.032967032967033,18,0.3373083475298126,-0.5824175824175825,-0.528,-0.9370629370629371,-0.9361702127659575,1.0,0.0,1.0,0.0,0
5,-0.625,-0.5934065934065934,10,0.6575809199318569,-0.3516483516483517,-0.144,-0.5104895104895105,-0.3829787234042553,0.0,1.0,0.0,1.0,0
3,0.8333333333333334,1.1355311355311355,14,-0.13287904599659284,2.3076923076923075,0.576,0.5664335664335665,0.7872340425531915,1.0,0.0,0.0,1.0,0
2,0.7083333333333334,1.326007326007326,18,-0.4497444633730835,0.7692307692307693,0.912,1.3496503496503496,1.702127659574468,0.0,1.0,1.0,0.0,1
3,0.5625,0.8571428571428571,20,0.807495741056218,-0.4835164835164835,1.216,0.6643356643356644,0.1702127659574468,1.0,0.0,0.0,1.0,0
1,0.4166666666666667,0.8351648351648352,16,0.42248722316865417,-0.14285714285714285,0.928,0.3006993006993007,0.9361702127659575,1.0,0.0,1.0,0.0,0
0,0.0625,0.4981684981684982,8,0.4020442930153322,0.2857142857142857,0.432,0.14685314685314685,0.6170212765957447,1.0,0.0,0.0,1.0,0
1,-1.0,-0.9816849816849816,18,0.4906303236797274,-0.6043956043956044,-0.592,-0.972027972027972,-0.9148936170212766,1.0,0.0,1.0,0.0,1
2,1.0,1.2454212454212454,16,0.9846678023850085,-0.15384615384615385,2.208,1.1748251748251748,1.7446808510638299,0.0,1.0,1.0,0.0,0
0,0.9375,0.673992673992674,12,-0.7291311754684838,2.1538461538461537,1.936,0.8671328671328671,0.8085106382978723,0.0,1.0,0.0,1.0,1
3,-0.7291666666666666,-0.6593406593406593,6,0.3645655877342419,-0.27472527472527475,-0.464,-0.6013986013986014,-0.6170212765957447,0.0,1.0,1.0,0.0,0
3,-0.16666666666666666,0.12454212454212454,10,-0.807495741056218,0.14285714285714285,0.48,-0.16083916083916083,0.2127659574468085,1.0,0.0,1.0,0.0,1
1,0.375,-0.014652014652014652,10,0.7666098807495741,-0.10989010989010989,1.488,0.8461538461538461,0.9574468085106383,0.0,1.0,1.0,0.0,0
2,-0.041666666666666664,-0.08058608058608059,8,-0.9369676320272572,0.5384615384615384,0.704,0.25874125874125875,-0.23404255319148937,0.0,1.0,1.0,0.0,1
5,0.4791666666666667,0.6886446886446886,16,0.8551959114139693,-0.14285714285714285,0.48,0.4195804195804196,0.8936170212765957,0.0,1.0,0.0,1.0,0
2,-0.625,-0.73992673992674,2,0.626916524701874,-0.08791208791208792,-0.144,-0.6013986013986014,-0.5106382978723404,0.0,1.0,0.0,1.0,0
3,0.9583333333333334,1.1868131868131868,18,-0.4497444633730835,0.7802197802197802,0.016,1.5874125874125875,1.2553191489361701,0.0,1.0,0.0,1.0,1
0,-0.0625,0.29304029304029305,6,0.05110732538330494,0.7362637362637363,0.352,0.15384615384615385,-0.10638297872340426,1.0,0.0,1.0,0.0,0
2,0.0,-0.06593406593406594,6,-0.14991482112436116,0.24175824175824176,0.976,-0.13286713286713286,0.1276595744680851,0.0,1.0,0.0,1.0,0
1,1.0,1.8241758241758241,12,0.6984667802385008,0.6813186813186813,0.0,1.0909090909090908,1.9148936170212767,1.0,0.0,0.0,1.0,0
2,-0.10416666666666667,-0.14652014652014653,2,-0.8449744463373083,0.07692307692307693,0.512,0.013986013986013986,0.425531914893617,1.0,0.0,0.0,1.0,1
5,-0.9166666666666666,-0.9743589743589743,16,-0.8211243611584327,-0.38461538461538464,-0.384,-0.8811188811188811,-0.7446808510638298,1.0,0.0,0.0,1.0,1
1,0.16666666666666666,-0.11721611721611722,6,0.5996592844974447,0.5714285714285714,1.264,-0.1048951048951049,0.44680851063829785,0.0,1.0,1.0,0.0,0
0,0.3958333333333333,0.7326007326007326,6,-0.20783645655877342,0.08791208791208792,-0.176,0.6923076923076923,0.0425531914893617,0.0,1.0,0.0,1.0,1
5,-0.7291666666666666,-0.7765567765567766,18,-0.252129471890971,-0.5824175824175825,-0.4,-0.6503496503496503,-0.5319148936170213,1.0,0.0,1.0,0.0,1
0,-0.5208333333333334,-0.673992673992674,2,-0.7700170357751278,-0.6043956043956044,0.192,-0.5944055944055944,-0.3829787234042553,0.0,1.0,0.0,1.0,1
2,0.7083333333333334,1.1941391941391941,14,-0.313458262350937,1.945054945054945,0.112,0.5104895104895105,0.2127659574468085,0.0,1.0,0.0,1.0,1
3,-0.041666666666666664,-0.13186813186813187,14,0.17035775127768313,0.18681318681318682,-0.432,-0.11188811188811189,0.574468085106383,1.0,0.0,1.0,0.0,0
4,-0.4583333333333333,-0.30036630036630035,8,0.013628620102214651,-0.13186813186813187,0.288,-0.48951048951048953,-0.14893617021276595,1.0,0.0,0.0,1.0,0
4,0.22916666666666666,0.27106227106227104,4,1.0119250425894377,1.2417582417582418,-0.048,0.04895104895104895,0.40425531914893614,0.0,1.0,0.0,1.0,0
3,0.7916666666666666,0.46153846153846156,6,0.8722316865417377,0.43956043956043955,2.048,1.027972027972028,1.4042553191489362,0.0,1.0,0.0,1.0,0
4,0.16666666666666666,-0.014652014652014652,6,0.4838160136286201,1.065934065934066,0.224,0.13286713286713286,-0.3191489361702128,1.0,0.0,1.0,0.0,0
2,-0.7291666666666666,-0.7545787545787546,20,-0.3100511073253833,-0.26373626373626374,-0.192,-0.5804195804195804,-0.7659574468085106,0.0,1.0,0.0,1.0,1
3,0.25,0.673992673992674,10,0.534923339011925,0.7802197802197802,-0.384,0.26573426573426573,0.9148936170212766,0.0,1.0,1.0,0.0,0
1,0.0,-0.029304029304029304,6,-0.5178875638841567,0.054945054945054944,0.624,-0.22377622377622378,0.23404255319148937,0.0,1.0,1.0,0.0,1
1,0.9375,1.4285714285714286,20,0.7666098807495741,2.2527472527472527,2.448,0.43356643356643354,1.6808510638297873,1.0,0.0,0.0,1.0,0
3,-0.20833333333333334,-0.27106227106227104,8,-0.18739352640545145,0.3516483516483517,0.24,-0.0979020979020979,-0.0425531914893617,0.0,1.0,0.0,1.0,1
0,-0.3333333333333333,-0.05128205128205128,16,-1.028960817717206,0.5164835164835165,-0.576,-0.4125874125874126,-0.3829787234042553,1.0,0.0,0.0,1.0,1
4,-0.22916666666666666,-0.007326007326007326,6,0.3679727427597956,-0.3516483516483517,0.32,-0.25874125874125875,-0.0851063829787234,0.0,1.0,0.0,1.0,0
0,0.8125,0.30036630036630035,18,0.8926746166950597,2.32967032967033,-0.592,0.4405594405594406,1.446808510638298,0.0,1.0,0.0,1.0,0
2,-0.375,-0.3663003663003663,18,0.9982964224872232,0.4725274725274725,-0.448,-0.17482517482517482,0.0851063829787234,0.0,1.0,0.0,1.0,0
3,-0.5833333333333334,-0.6593406593406593,18,-0.6235093696763203,-0.4725274725274725,-0.496,-0.5524475524475524,-0.5106382978723404,1.0,0.0,1.0,0.0,1
2,0.7708333333333334,1.4505494505494505,2,0.37137989778534924,0.5384615384615384,1.408,1.027972027972028,0.2978723404255319,1.0,0.0,0.0,1.0,0
5,-0.5833333333333334,-0.6593406593406593,8,0.13287904599659284,-0.32967032967032966,-0.288,-0.4195804195804196,-0.425531914893617,1.0,0.0,0.0,1.0,0
3,0.8333333333333334,0.3076923076923077,20,-1.0051107325383304,0.978021978021978,1.04,0.4125874125874126,0.06382978723404255,1.0,0.0,0.0,1.0,1
3,-0.8125,-0.8937728937728938,12,-0.4190800681431005,-0.2857142857142857,-0.576,-0.8041958041958042,-0.5957446808510638,0.0,1.0,1.0,0.0,1
4,-0.9791666666666666,-1.0036630036630036,12,-0.42589437819420783,-0.5384615384615384,-0.576,-0.9370629370629371,-0.9361702127659575,0.0,1.0,1.0,0.0,1
1,0.5625,0.6373626373626373,6,0.05792163543441227,-0.23076923076923078,-0.256,0.5314685314685315,0.6595744680851063,1.0,0.0,0.0,1.0,0
3,0.4583333333333333,0.3956043956043956,18,0.3986371379897785,1.0879120879120878,0.992,0.5874125874125874,1.127659574468085,0.0,1.0,0.0,1.0,0
0,-0.25,-0.13186813186813187,18,-0.054514480408858604,-0.12087912087912088,0.256,-0.13986013986013987,0.10638297872340426,1.0,0.0,0.0,1.0,0
3,-0.10416666666666667,-0.27106227106227104,12,0.8620102214650767,0.8681318681318682,0.224,-0.36363636363636365,-0.2553191489361702,1.0,0.0,0.0,1.0,0
3,-0.3958333333333333,-0.3956043956043956,14,-0.545144804088586,-0.25274725274725274,-0.416,-0.5174825174825175,0.0,0.0,1.0,1.0,0.0,1
1,-0.3958333333333333,-0.4175824175824176,12,0.8960817717206133,-0.054945054945054944,-0.48,-0.32867132867132864,-0.44680851063829785,1.0,0.0,1.0,0.0,0
4,-0.3541666666666667,-0.30036630036630035,16,-0.20442930153321975,-0.27472527472527475,0.128,-0.24475524475524477,0.0,0.0,1.0,1.0,0.0,1
1,-0.25,-0.1684981684981685,10,0.272572402044293,-0.5054945054945055,-0.48,-0.20279720279720279,-0.44680851063829785,0.0,1.0,1.0,0.0,0
3,-0.5,-0.4981684981684982,14,0.909710391822828,-0.02197802197802198,0.256,-0.6223776223776224,-0.5106382978723404,1.0,0.0,1.0,0.0,0
1,0.3541666666666667,0.9230769230769231,2,0.3373083475298126,-0.10989010989010989,-0.208,0.8741258741258742,0.3829787234042553,1.0,0.0,0.0,1.0,0
3,0.9166666666666666,0.8131868131868132,18,-0.534923339011925,1.2417582417582418,1.584,1.027972027972028,1.1914893617021276,1.0,0.0,0.0,1.0,1
5,0.16666666666666666,-0.08791208791208792,6,-0.504258943781942,-0.26373626373626374,1.2,0.48951048951048953,0.5106382978723404,1.0,0.0,1.0,0.0,1
4,0.4166666666666667,0.9963369963369964,14,-0.3645655877342419,0.07692307692307693,1.152,0.916083916083916,0.02127659574468085,0.0,1.0,1.0,0.0,1
5,0.8541666666666666,1.0402930402930404,20,0.05110732538330494,0.9560439560439561,1.136,1.3496503496503496,1.297872340425532,1.0,0.0,0.0,1.0,0
2,-0.5625,-0.5054945054945055,6,0.39522998296422485,0.04395604395604396,-0.32,-0.5524475524475524,-0.6170212765957447,1.0,0.0,1.0,0.0,0
2,-0.041666666666666664,-0.14652014652014653,2,0.5587734241908007,-0.4945054945054945,0.592,-0.11188811188811189,-0.14893617021276595,1.0,0.0,0.0,1.0,0
1,0.625,0.9523809523809523,16,-0.5621805792163543,-0.5054945054945055,1.088,1.2307692307692308,0.7446808510638298,0.0,1.0,0.0,1.0,1
0,-0.3333333333333333,-0.14652014652014653,10,-0.5281090289608177,-0.4835164835164835,-0.192,-0.2937062937062937,-0.19148936170212766,0.0,1.0,0.0,1.0,1
3,0.375,0.07326007326007326,20,-0.9982964224872232,-0.12087912087912088,-0.016,0.40559440559440557,0.06382978723404255,0.0,1.0,1.0,0.0,1
4,0.0625,0.5054945054945055,14,-0.1635434412265758,-0.14285714285714285,-0.352,-0.02097902097902098,0.6382978723404256,1.0,0.0,0.0,1.0,0
3,-0.8333333333333334,-0.8424908424908425,16,-0.8415672913117547,-0.4725274725274725,-0.576,-0.8111888111888111,-0.6170212765957447,0.0,1.0,0.0,1.0,1
3,0.1875,0.4908424908424908,4,0.6780238500851788,-0.0989010989010989,0.832,0.1888111888111888,0.6595744680851063,0.0,1.0,0.0,1.0,0
0,0.8958333333333334,1.531135531135531,16,-0.03747870528109029,0.4065934065934066,1.296,1.1118881118881119,0.2765957446808511,0.0,1.0,0.0,1.0,0
0,-0.5625,-0.5641025641025641,4,-0.07495741056218058,-0.054945054945054944,0.128,-0.6013986013986014,-0.23404255319148937,1.0,0.0,0.0,1.0,0
1,-0.14583333333333334,-0.18315018315018314,4,0.9574105621805792,0.46153846153846156,0.448,0.027972027972027972,0.3191489361702128,0.0,1.0,1.0,0.0,0
0,0.041666666666666664,0.24175824175824176,6,0.2555366269165247,-0.0989010989010989,0.032,-0.013986013986013986,-0.19148936170212766,1.0,0.0,1.0,0.0,0
0,0.4166666666666667,0.40293040293040294,16,0.5212947189097104,0.26373626373626374,0.208,0.2097902097902098,0.19148936170212766,1.0,0.0,0.0,1.0,0
2,0.8541666666666666,0.7838827838827839,4,0.7632027257240205,2.230769230769231,1.952,0.32867132867132864,1.3829787234042554,1.0,0.0,0.0,1.0,0
4,0.2708333333333333,0.014652014652014652,6,-0.22487223168654175,-0.3626373626373626,0.0,0.27972027972027974,0.425531914893617,0.0,1.0,1.0,0.0,1
0,0.3958333333333333,0.7838827838827839,14,0.3202725724020443,1.043956043956044,1.072,-0.02097902097902098,0.46808510638297873,0.0,1.0,1.0,0.0,0
3,0.1875,0.30036630036630035,18,0.6132879045996593,-0.3076923076923077,0.768,0.3986013986013986,0.9148936170212766,0.0,1.0,0.0,1.0,0
0,0.10416666666666667,-0.08791208791208792,2,-0.48722316865417375,-0.24175824175824176,0.064,0.013986013986013986,-0.0851063829787234,1.0,0.0,1.0,0.0,1
4,-0.5208333333333334,-0.4468864468864469,4,-0.7189097103918228,-0.01098901098901099,-0.576,-0.40559440559440557,-0.3404255319148936,0.0,1.0,0.0,1.0,0
0,-0.375,-0.24175824175824176,20,-0.14991482112436116,-0.15384615384615385,-0.128,-0.2517482517482518,-0.5531914893617021,0.0,1.0,0.0,1.0,0
2,0.041666666666666664,0.41025641025641024,10,-0.868824531516184,0.3956043956043956,0.928,0.1888111888111888,0.3404255319148936,0.0,1.0,1.0,0.0,1
4,0.5208333333333334,1.1135531135531136,20,-0.8245315161839863,0.9010989010989011,0.336,0.04895104895104895,0.2978723404255319,1.0,0.0,1.0,0.0,1
1,-0.9791666666666666,-0.967032967032967,12,-0.4599659284497445,-0.5384615384615384,-0.592,-0.916083916083916,-0.8723404255319149,0.0,1.0,0.0,1.0,1
4,-0.16666666666666666,0.10989010989010989,18,0.838160136286201,-0.1978021978021978,0.464,0.17482517482517482,0.40425531914893614,0.0,1.0,0.0,1.0,0
1,-0.7291666666666666,-0.673992673992674,4,-0.9676320272572402,-0.15384615384615385,-0.24,-0.7272727272727273,-0.6170212765957447,1.0,0.0,1.0,0.0,0
3,-0.75,-0.8351648351648352,4,0.5587734241908007,-0.3956043956043956,-0.528,-0.7622377622377622,-0.6595744680851063,1.0,0.0,1.0,0.0,0
0,0.9166666666666666,1.010989010989011,18,-0.08858603066439523,0.06593406593406594,1.056,1.0909090909090908,2.0425531914893615,1.0,0.0,1.0,0.0,0
4,0.3958333333333333,0.9157509157509157,12,0.9471890971039182,0.2967032967032967,0.912,0.18181818181818182,1.0638297872340425,1.0,0.0,0.0,1.0,0
2,-0.2916666666666667,-0.05128205128205128,2,-0.6746166950596252,0.03296703296703297,-0.08,-0.38461538461538464,0.2127659574468085,0.0,1.0,0.0,1.0,0
5,0.1875,0.007326007326007326,18,-0.4804088586030664,1.0769230769230769,0.96,-0.055944055944055944,-0.2127659574468085,0.0,1.0,0.0,1.0,1
2,0.4166666666666667,0.37362637362637363,20,0.9778534923339012,0.9120879120879121,0.032,0.5314685314685315,-0.10638297872340426,0.0,1.0,0.0,1.0,0
1,-0.9375,-0.9377289377289377,8,0.6678023850085179,-0.5054945054945055,-0.48,-0.8671328671328671,-0.7872340425531915,1.0,0.0,0.0,1.0,0
0,-0.3125,-0.4981684981684982,14,-0.7734241908006815,0.46153846153846156,0.512,-0.1888111888111888,-0.3191489361702128,0.0,1.0,1.0,0.0,1
2,0.10416666666666667,-0.06593406593406594,2,-0.15332197614991483,0.2087912087912088,0.896,-0.17482517482517482,0.46808510638297873,0.0,1.0,1.0,0.0,0
4,0.7708333333333334,0.4468864468864469,18,-0.21465076660988075,1.4945054945054945,-0.08,0.5454545454545454,1.7446808510638299,1.0,0.0,1.0,0.0,1
3,-0.25,-0.02197802197802198,18,0.6201022146507666,0.5824175824175825,0.624,-0.04895104895104895,0.0851063829787234,1.0,0.0,0.0,1.0,0
0,0.3125,0.40293040293040294,16,-0.7018739352640545,1.4945054945054945,0.528,0.18181818181818182,0.8297872340425532,1.0,0.0,1.0,0.0,1
2,-0.020833333333333332,-0.16117216117216118,8,0.36115843270868825,0.6263736263736264,0.496,-0.09090909090909091,-0.06382978723404255,0.0,1.0,1.0,0.0,0
4,0.7291666666666666,0.9743589743589743,8,-0.4940374787052811,1.8461538461538463,-0.304,1.3566433566433567,1.5319148936170213,1.0,0.0,0.0,1.0,1
3,-0.6041666666666666,-0.6007326007326007,20,0.21805792163543442,0.07692307692307693,0.032,-0.4405594405594406,-0.3404255319148936,0.0,1.0,1.0,0.0,0
1,-0.5208333333333334,-0.5860805860805861,20,0.5519591141396933,-0.38461538461538464,-0.56,-0.6573426573426573,-0.6808510638297872,0.0,1.0,0.0,1.0,0
1,-0.7291666666666666,-0.7106227106227107,16,-0.39522998296422485,-0.14285714285714285,-0.416,-0.7482517482517482,-0.5319148936170213,1.0,0.0,0.0,1.0,1
2,-0.25,-0.07326007326007326,10,-0.7836456558773425,0.6593406593406593,-0.432,-0.43356643356643354,-0.19148936170212766,1.0,0.0,1.0,0.0,1
3,-0.6041666666666666,-0.6007326007326007,2,-0.9710391822827938,-0.46153846153846156,-0.256,-0.7202797202797203,-0.6382978723404256,1.0,0.0,1.0,0.0,1
2,0.75,0.3882783882783883,10,0.7700170357751278,0.2087912087912088,1.088,0.3916083916083916,0.8297872340425532,0.0,1.0,0.0,1.0,0
3,0.6041666666666666,0.7838827838827839,4,-1.0119250425894377,1.835164835164835,0.576,0.6853146853146853,0.44680851063829785,1.0,0.0,0.0,1.0,0
4,-0.10416666666666667,-0.15384615384615385,6,-0.6712095400340715,0.5714285714285714,-0.56,-0.04195804195804196,0.48936170212765956,1.0,0.0,1.0,0.0,1
3,-0.7708333333333334,-0.8717948717948718,14,0.3100511073253833,-0.1978021978021978,-0.56,-0.7692307692307693,-0.5957446808510638,1.0,0.0,0.0,1.0,0
2,1.0,0.3882783882783883,6,-0.9914821124361158,1.7362637362637363,-0.24,1.1748251748251748,1.3829787234042554,0.0,1.0,1.0,0.0,1
0,-1.0208333333333333,-1.0183150183150182,20,0.4122657580919932,-0.5494505494505495,-0.592,-0.986013986013986,-0.8936170212765957,0.0,1.0,0.0,1.0,0
3,0.9791666666666666,1.15018315018315,2,0.030664395229982964,0.5604395604395604,0.144,1.2237762237762237,0.23404255319148937,1.0,0.0,1.0,0.0,0
3,-0.625,-0.5054945054945055,6,0.34071550255536626,-0.5384615384615384,0.048,-0.44755244755244755,-0.6808510638297872,1.0,0.0,1.0,0.0,0
1,-0.9583333333333334,-0.9743589743589743,14,0.054514480408858604,-0.45054945054945056,-0.576,-0.8811188811188811,-0.851063829787234,1.0,0.0,1.0,0.0,0
0,-0.5416666666666666,-0.6446886446886447,18,-0.37137989778534924,-0.054945054945054944,0.112,-0.42657342657342656,-0.46808510638297873,1.0,0.0,0.0,1.0,1
0,0.5208333333333334,1.032967032967033,6,-0.7018739352640545,0.5934065934065934,1.52,0.6993006993006993,-0.14893617021276595,1.0,0.0,1.0,0.0,1
1,0.3541666666666667,0.21978021978021978,14,-0.8824531516183987,-0.01098901098901099,0.304,0.24475524475524477,0.6808510638297872,1.0,0.0,0.0,1.0,1
3,-0.20833333333333334,0.06593406593406594,6,0.21805792163543442,-0.3076923076923077,-0.336,0.006993006993006993,-0.10638297872340426,1.0,0.0,0.0,1.0,0
3,-0.2916666666666667,-0.27106227106227104,16,-1.028960817717206,0.24175824175824176,-0.224,-0.34965034965034963,-0.23404255319148937,0.0,1.0,1.0,0.0,1
1,0.9791666666666666,1.706959706959707,4,0.7257240204429302,1.7802197802197801,1.36,0.8041958041958042,0.851063829787234,1.0,0.0,1.0,0.0,0
2,-0.0625,0.2857142857142857,20,0.0068143100511073255,0.01098901098901099,0.288,0.006993006993006993,0.2765957446808511,1.0,0.0,1.0,0.0,0
0,-0.6041666666666666,-0.46153846153846156,10,-0.06132879045996593,-0.21978021978021978,-0.32,-0.7202797202797203,-0.5531914893617021,1.0,0.0,0.0,1.0,0
5,1.0,1.3919413919413919,20,-0.07836456558773425,0.15384615384615385,1.136,1.5944055944055944,2.1702127659574466,0.0,1.0,1.0,0.0,0
1,0.25,0.32234432234432236,20,0.23850085178875638,0.989010989010989,0.704,0.0979020979020979,-0.06382978723404255,1.0,0.0,1.0,0.0,0
2,-0.6458333333333334,-0.6813186813186813,10,0.2657580919931857,-0.07692307692307693,-0.368,-0.7202797202797203,-0.3404255319148936,0.0,1.0,0.0,1.0,0
4,-0.020833333333333332,0.2490842490842491,14,-1.008517887563884,-0.03296703296703297,0.304,-0.1258741258741259,-0.2553191489361702,0.0,1.0,0.0,1.0,1
5,0.5,0.4542124542124542,6,0.04770017035775128,-0.6043956043956044,1.68,0.32867132867132864,0.7872340425531915,0.0,1.0,0.0,1.0,0
3,-0.2916666666666667,-0.4468864468864469,20,0.8517887563884157,0.2967032967032967,0.32,-0.4965034965034965,0.0851063829787234,0.0,1.0,1.0,0.0,0
0,-0.3333333333333333,-0.29304029304029305,4,-0.7291311754684838,0.2967032967032967,0.176,-0.38461538461538464,-0.425531914893617,1.0,0.0,0.0,1.0,0
5,-0.5208333333333334,-0.3882783882783883,16,0.3202725724020443,-0.054945054945054944,-0.4,-0.4825174825174825,-0.1702127659574468,0.0,1.0,0.0,1.0,0
3,-0.1875,-0.15384615384615385,20,-0.7768313458262351,-0.4725274725274725,0.224,-0.25874125874125875,-0.44680851063829785,1.0,0.0,1.0,0.0,1
3,-0.6875,-0.6813186813186813,14,-0.555366269165247,-0.3956043956043956,-0.576,-0.7622377622377622,-0.7446808510638298,0.0,1.0,0.0,1.0,1
0,-0.5416666666666666,-0.5641025641025641,12,-0.4497444633730835,0.16483516483516483,0.048,-0.6573426573426573,-0.6382978723404256,0.0,1.0,1.0,0.0,1
0,-0.9583333333333334,-0.9304029304029304,2,0.8654173764906303,-0.4945054945054945,-0.512,-0.8951048951048951,-0.8936170212765957,0.0,1.0,1.0,0.0,0
0,-0.16666666666666666,0.1684981684981685,8,0.9574105621805792,0.0989010989010989,0.272,-0.18181818181818182,-0.1702127659574468,1.0,0.0,1.0,0.0,0
2,0.08333333333333333,0.2783882783882784,10,-0.29982964224872233,0.13186813186813187,0.112,0.2727272727272727,-0.0851063829787234,0.0,1.0,0.0,1.0,1
1,0.4375,0.03663003663003663,8,-0.7632027257240205,-0.32967032967032966,0.736,0.4965034965034965,0.7872340425531915,1.0,0.0,1.0,0.0,1
1,0.3125,0.7472527472527473,4,-0.35093696763202725,0.32967032967032966,0.064,0.14685314685314685,0.3404255319148936,1.0,0.0,1.0,0.0,0
4,-0.0625,-0.19047619047619047,6,-0.5519591141396933,0.3076923076923077,-0.384,0.2517482517482518,-0.2765957446808511,1.0,0.0,1.0,0.0,1
2,-0.0625,0.315018315018315,4,0.8960817717206133,0.5054945054945055,0.368,-0.04895104895104895,0.2978723404255319,1.0,0.0,1.0,0.0,0
1,-0.4583333333333333,-0.2271062271062271,20,-0.58603066439523,-0.21978021978021978,0.016,-0.6083916083916084,-0.2978723404255319,0.0,1.0,1.0,0.0,1
0,-1.0208333333333333,-1.0256410256410255,8,0.848381601362862,-0.5604395604395604,-0.592,-0.993006993006993,-0.9148936170212766,1.0,0.0,0.0,1.0,0
3,0.6875,0.9230769230769231,12,0.0034071550255536627,1.7362637362637363,0.816,0.6363636363636364,0.0425531914893617,0.0,1.0,1.0,0.0,0
4,-0.3958333333333333,-0.2857142857142857,4,-0.5212947189097104,0.18681318681318682,-0.112,-0.44755244755244755,-0.574468085106383,1.0,0.0,0.0,1.0,0
3,-0.3541666666666667,-0.4175824175824176,6,0.9982964224872232,-0.15384615384615385,0.176,-0.3076923076923077,-0.06382978723404255,1.0,0.0,1.0,0.0,0
5,0.4791666666666667,0.9157509157509157,4,-0.9642248722316865,1.5604395604395604,1.744,0.7412587412587412,1.0425531914893618,1.0,0.0,1.0,0.0,0
2,-0.041666666666666664,-0.17582417582417584,18,-0.8517887563884157,0.15384615384615385,-0.56,-0.013986013986013986,-0.19148936170212766,1.0,0.0,0.0,1.0,1
4,0.8958333333333334,1.3186813186813187,4,1.0051107325383304,1.3846153846153846,0.048,0.5174825174825175,1.2127659574468086,1.0,0.0,1.0,0.0,0
0,0.041666666666666664,0.21978021978021978,4,0.637137989778535,-0.3956043956043956,1.04,0.35664335664335667,0.6808510638297872,1.0,0.0,0.0,1.0,0
1,-0.6875,-0.6666666666666666,10,-0.6030664395229983,-0.06593406593406594,-0.352,-0.6083916083916084,-0.6170212765957447,0.0,1.0,0.0,1.0,1
1,0.020833333333333332,-0.30036630036630035,20,-0.9744463373083475,-0.2857142857142857,0.688,0.32867132867132864,0.1702127659574468,0.0,1.0,1.0,0.0,1
2,0.7708333333333334,1.2087912087912087,12,0.4293015332197615,0.7362637362637363,-0.208,0.5104895104895105,1.0425531914893618,0.0,1.0,0.0,1.0,0
2,0.4583333333333333,1.0183150183150182,10,0.6678023850085179,1.7472527472527473,-0.096,0.08391608391608392,-0.0425531914893617,0.0,1.0,0.0,1.0,0
3,-0.875,-0.9010989010989011,12,1.0119250425894377,-0.4725274725274725,-0.592,-0.7902097902097902,-0.723404255319149,0.0,1.0,0.0,1.0,0
2,0.20833333333333334,0.5274725274725275,4,-0.6678023850085179,0.46153846153846156,-0.576,0.3916083916083916,0.2765957446808511,0.0,1.0,1.0,0.0,0
4,-0.9375,-0.9377289377289377,6,0.8449744463373083,-0.6043956043956044,-0.416,-0.8741258741258742,-0.7872340425531915,1.0,0.0,1.0,0.0,0
1,0.2916666666666667,0.6227106227106227,20,0.47018739352640543,0.6373626373626373,0.768,0.7762237762237763,0.723404255319149,1.0,0.0,1.0,0.0,0
2,0.8333333333333334,0.7545787545787546,16,0.7461669505962522,1.835164835164835,1.344,1.1468531468531469,0.14893617021276595,0.0,1.0,1.0,0.0,0
2,0.4375,0.5347985347985348,12,0.1260647359454855,-0.6153846153846154,1.232,0.0,-0.14893617021276595,0.0,1.0,0.0,1.0,0
0,-0.8958333333333334,-0.8571428571428571,2,-0.5587734241908007,-0.6043956043956044,-0.448,-0.8321678321678322,-0.7021276595744681,0.0,1.0,1.0,0.0,0
1,0.9375,1.304029304029304,20,-0.5315161839863713,1.0769230769230769,2.352,0.36363636363636365,0.0425531914893617,0.0,1.0,1.0,0.0,1
0,0.020833333333333332,-0.08791208791208792,2,-0.3339011925042589,0.7032967032967034,0.672,0.40559440559440557,0.3617021276595745,1.0,0.0,1.0,0.0,1
1,0.6458333333333334,1.304029304029304,18,0.7768313458262351,1.89010989010989,1.376,0.21678321678321677,0.7021276595744681,0.0,1.0,0.0,1.0,0
2,0.08333333333333333,0.4249084249084249,12,0.9676320272572402,0.3516483516483517,0.912,-0.16083916083916083,-0.2553191489361702,0.0,1.0,1.0,0.0,0
5,0.7708333333333334,0.8791208791208791,16,-0.19761499148211242,1.4835164835164836,2.064,1.1048951048951048,0.6595744680851063,0.0,1.0,0.0,1.0,1
4,0.7708333333333334,1.435897435897436,16,0.8211243611584327,1.4395604395604396,1.168,0.42657342657342656,1.3191489361702127,1.0,0.0,0.0,1.0,0
2,0.625,0.4542124542124542,18,0.596252129471891,-0.16483516483516483,1.888,0.14685314685314685,1.297872340425532,1.0,0.0,1.0,0.0,0
0,0.3333333333333333,0.02197802197802198,16,0.11925042589437819,-0.25274725274725274,0.512,0.5384615384615384,0.7659574468085106,1.0,0.0,0.0,1.0,0
1,0.1875,0.6373626373626373,12,0.23509369676320271,-0.3956043956043956,1.216,0.34965034965034963,0.40425531914893614,1.0,0.0,0.0,1.0,0
3,0.4791666666666667,0.3663003663003663,2,0.3850085178875639,-0.16483516483516483,0.832,1.013986013986014,-0.06382978723404255,1.0,0.0,0.0,1.0,0
0,-0.6458333333333334,-0.7326007326007326,16,0.1635434412265758,-0.38461538461538464,-0.208,-0.5174825174825175,-0.6170212765957447,0.0,1.0,0.0,1.0,0
1,-0.7291666666666666,-0.7326007326007326,12,-0.6405451448040886,-0.5274725274725275,-0.496,-0.7482517482517482,-0.6382978723404256,1.0,0.0,1.0,0.0,1
0,-0.3125,-0.08791208791208792,6,-0.04770017035775128,-0.21978021978021978,-0.592,-0.23776223776223776,-0.10638297872340426,0.0,1.0,0.0,1.0,0
4,-0.9166666666666666,-0.8937728937728938,14,0.3475298126064736,-0.6153846153846154,-0.576,-0.8811188811188811,-0.8085106382978723,1.0,0.0,0.0,1.0,0
4,0.3958333333333333,0.38095238095238093,16,0.26916524701873934,0.4065934065934066,0.256,-0.006993006993006993,0.5957446808510638,0.0,1.0,0.0,1.0,0
3,-0.2916666666666667,-0.05860805860805861,10,0.06132879045996593,-0.17582417582417584,-0.464,-0.1888111888111888,0.1702127659574468,0.0,1.0,0.0,1.0,0
1,0.9791666666666666,0.4835164835164835,4,0.9608177172061328,1.3626373626373627,2.032,1.5874125874125875,1.3404255319148937,1.0,0.0,0.0,1.0,0
5,-0.7708333333333334,-0.7032967032967034,2,-0.47018739352640543,-0.6153846153846154,-0.176,-0.6503496503496503,-0.6382978723404256,1.0,0.0,0.0,1.0,0
5,-1.0208333333333333,-1.0476190476190477,8,-0.6507666098807495,-0.6263736263736264,-0.576,-0.986013986013986,-0.9361702127659575,0.0,1.0,0.0,1.0,1
4,0.125,-0.09523809523809523,2,-0.919931856899489,0.4175824175824176,-0.112,-0.1958041958041958,0.7872340425531915,0.0,1.0,1.0,0.0,1
0,0.875,1.0842490842490842,10,-0.858603066439523,2.043956043956044,0.496,1.4825174825174825,0.3404255319148936,0.0,1.0,0.0,1.0,1
4,-0.5833333333333334,-0.6446886446886447,8,-0.4565587734241908,0.054945054945054944,0.08,-0.46853146853146854,-0.44680851063829785,0.0,1.0,0.0,1.0,1
3,-0.3541666666666667,-0.27106227106227104,14,0.524701873935264,-0.02197802197802198,-0.336,-0.4825174825174825,-0.3191489361702128,1.0,0.0,1.0,0.0,0
2,0.3541666666666667,0.652014652014652,12,-0.8926746166950597,1.5054945054945055,1.296,-0.02097902097902098,0.851063829787234,0.0,1.0,1.0,0.0,1
1,1.0,1.7435897435897436,12,-0.02385008517887564,0.4835164835164835,0.896,1.5314685314685315,0.48936170212765956,0.0,1.0,0.0,1.0,0
0,-0.625,-0.7106227106227107,10,-0.8313458262350937,-0.5054945054945055,-0.464,-0.5944055944055944,-0.7446808510638298,0.0,1.0,0.0,1.0,1
4,-0.5,-0.32234432234432236,4,-0.2555366269165247,0.24175824175824176,-0.24,-0.32167832167832167,-0.6170212765957447,1.0,0.0,1.0,0.0,0
5,0.4583333333333333,0.5494505494505495,18,0.9403747870528109,1.5274725274725274,1.104,0.32867132867132864,1.127659574468085,0.0,1.0,0.0,1.0,0
0,-0.25,-0.03663003663003663,20,0.7086882453151618,0.01098901098901099,-0.016,-0.2867132867132867,0.1702127659574468,0.0,1.0,0.0,1.0,0
4,0.6666666666666666,1.1794871794871795,6,-0.7563884156729132,1.7692307692307692,-0.224,0.8461538461538461,0.02127659574468085,0.0,1.0,1.0,0.0,1
2,0.2708333333333333,0.7619047619047619,12,0.21805792163543442,0.8681318681318682,0.288,0.7622377622377622,0.19148936170212766,1.0,0.0,1.0,0.0,0
1,0.041666666666666664,-0.19047619047619047,10,0.848381601362862,-0.5714285714285714,1.072,0.3006993006993007,0.10638297872340426,0.0,1.0,0.0,1.0,0
2,-0.20833333333333334,-0.2490842490842491,6,-0.5485519591141397,0.7252747252747253,0.064,-0.32167832167832167,0.0,1.0,0.0,0.0,1.0,1
1,0.1875,-0.07326007326007326,12,-0.04770017035775128,0.37362637362637363,-0.544,-0.13986013986013987,0.5531914893617021,0.0,1.0,1.0,0.0,0
3,0.7916666666666666,0.32967032967032966,6,0.6950596252129472,-0.3626373626373626,2.048,1.06993006993007,1.2553191489361701,1.0,0.0,1.0,0.0,0
4,0.9791666666666666,1.1062271062271063,4,-0.7836456558773425,0.6043956043956044,0.288,1.6223776223776223,1.1702127659574468,1.0,0.0,0.0,1.0,0
4,0.7291666666666666,0.5860805860805861,14,0.4293015332197615,-0.5824175824175825,2.0,0.4125874125874126,1.574468085106383,0.0,1.0,1.0,0.0,0
4,-0.6041666666666666,-0.4468864468864469,16,0.8960817717206133,-0.17582417582417584,-0.288,-0.5454545454545454,-0.3617021276595745,0.0,1.0,1.0,0.0,0
1,-0.8541666666666666,-0.9157509157509157,6,0.38160136286201024,-0.37362637362637363,-0.432,-0.8671328671328671,-0.723404255319149,1.0,0.0,1.0,0.0,0
3,-0.5416666666666666,-0.3882783882783883,4,0.7052810902896082,-0.31868131868131866,-0.064,-0.36363636363636365,-0.1702127659574468,1.0,0.0,1.0,0.0,0
5,0.4791666666666667,0.6373626373626373,20,-0.4122657580919932,1.10989010989011,-0.016,1.013986013986014,0.48936170212765956,1.0,0.0,0.0,1.0,1
2,0.5,1.0622710622710623,20,0.7223168654173765,0.7472527472527473,0.928,0.7482517482517482,0.9787234042553191,0.0,1.0,1.0,0.0,0
5,0.6875,0.358974358974359,6,0.7223168654173765,-0.03296703296703297,-0.192,0.6573426573426573,0.574468085106383,0.0,1.0,1.0,0.0,0
0,0.14583333333333334,0.5274725274725275,2,-0.14310051107325383,-0.13186813186813187,0.56,0.027972027972027972,-0.06382978723404255,1.0,0.0,0.0,1.0,0
4,0.5833333333333334,1.1794871794871795,10,-0.9574105621805792,0.5494505494505495,1.52,1.097902097902098,0.3829787234042553,1.0,0.0,0.0,1.0,1
2,-0.08333333333333333,0.0,20,-0.020442930153321975,0.2857142857142857,0.368,-0.03496503496503497,0.48936170212765956,0.0,1.0,1.0,0.0,0
0,0.9791666666666666,1.47985347985348,14,-0.36115843270868825,-0.2857142857142857,-0.24,0.6433566433566433,1.0851063829787233,1.0,0.0,1.0,0.0,1
4,0.9583333333333334,1.2527472527472527,10,-0.889267461669506,-0.5384615384615384,-0.576,1.5454545454545454,1.5957446808510638,0.0,1.0,1.0,0.0,1
4,0.375,0.1391941391941392,8,-0.6030664395229983,-0.18681318681318682,0.24,0.25874125874125875,0.9574468085106383,1.0,0.0,1.0,0.0,1
1,-0.7083333333333334,-0.63003663003663,16,0.514480408858603,-0.18681318681318682,-0.352,-0.5734265734265734,-0.574468085106383,1.0,0.0,0.0,1.0,0
5,-0.3541666666666667,-0.5641025641025641,14,-0.9914821124361158,-0.4175824175824176,-0.528,-0.3006993006993007,-0.14893617021276595,1.0,0.0,1.0,0.0,1
5,-0.9583333333333334,-0.9597069597069597,12,-0.25894378194207834,-0.6043956043956044,-0.496,-0.9440559440559441,-0.9148936170212766,0.0,1.0,1.0,0.0,1
3,0.7916666666666666,1.5238095238095237,14,-0.6780238500851788,1.835164835164835,0.64,0.8251748251748252,0.2978723404255319,1.0,0.0,0.0,1.0,1
5,-0.9166666666666666,-0.945054945054945,18,0.524701873935264,-0.4065934065934066,-0.56,-0.8741258741258742,-0.8297872340425532,1.0,0.0,1.0,0.0,0
5,0.3333333333333333,0.41025641025641024,8,-0.6712095400340715,0.14285714285714285,0.192,0.04895104895104895,0.5531914893617021,1.0,0.0,0.0,1.0,1
4,0.9375,0.7985347985347986,20,-0.2010221465076661,-0.17582417582417584,1.232,0.6433566433566433,1.4042553191489362,1.0,0.0,1.0,0.0,1
3,-0.3333333333333333,-0.09523809523809523,4,0.6643952299829642,0.1978021978021978,0.256,-0.17482517482517482,-0.19148936170212766,1.0,0.0,1.0,0.0,0
1,0.4166666666666667,0.652014652014652,12,0.5621805792163543,0.08791208791208792,1.344,0.5454545454545454,0.5957446808510638,0.0,1.0,1.0,0.0,0
3,0.5416666666666666,0.30036630036630035,8,-0.4088586030664395,1.043956043956044,0.304,0.6993006993006993,1.2127659574468086,0.0,1.0,1.0,0.0,1
2,-0.4583333333333333,-0.32234432234432236,4,0.6337308347529813,-0.4835164835164835,0.064,-0.5944055944055944,-0.19148936170212766,1.0,0.0,1.0,0.0,0
2,-0.3333333333333333,-0.09523809523809523,4,-0.6235093696763203,0.08791208791208792,-0.32,-0.46153846153846156,-0.46808510638297873,0.0,1.0,0.0,1.0,0
3,-0.10416666666666667,0.24175824175824176,8,-0.7052810902896082,0.5604395604395604,0.048,-0.16083916083916083,-0.40425531914893614,0.0,1.0,1.0,0.0,1
1,0.6041666666666666,1.1721611721611722,10,0.3986371379897785,1.989010989010989,0.768,0.7202797202797203,1.1063829787234043,1.0,0.0,0.0,1.0,0
5,0.3125,0.3076923076923077,4,0.12265758091993186,-0.26373626373626374,-0.416,0.7342657342657343,-0.0425531914893617,1.0,0.0,1.0,0.0,0
4,-0.7083333333333334,-0.73992673992674,12,0.7427597955706985,-0.26373626373626374,-0.288,-0.6783216783216783,-0.6382978723404256,0.0,1.0,1.0,0.0,0
5,-0.020833333333333332,0.13186813186813187,14,-0.2657580919931857,0.8131868131868132,0.864,0.04895104895104895,-0.2553191489361702,1.0,0.0,0.0,1.0,1
0,-0.125,-0.3663003663003663,14,-0.4497444633730835,-0.26373626373626374,0.64,-0.2517482517482518,-0.19148936170212766,1.0,0.0,0.0,1.0,1
2,0.375,0.1391941391941392,16,0.6201022146507666,1.5384615384615385,0.784,0.8741258741258742,-0.19148936170212766,0.0,1.0,1.0,0.0,0
5,0.5208333333333334,0.21245421245421245,6,-0.31686541737649065,0.38461538461538464,-0.032,0.07692307692307693,1.127659574468085,0.0,1.0,1.0,0.0,1
0,-0.7916666666666666,-0.717948717948718,4,0.7904599659284497,-0.5604395604395604,-0.576,-0.7902097902097902,-0.7872340425531915,1.0,0.0,0.0,1.0,1
3,0.5416666666666666,0.315018315018315,2,-0.06814310051107325,0.4065934065934066,-0.112,0.14685314685314685,1.0212765957446808,1.0,0.0,0.0,1.0,0
5,0.2916666666666667,-0.05860805860805861,10,-0.889267461669506,1.065934065934066,-0.224,-0.013986013986013986,0.5957446808510638,0.0,1.0,1.0,0.0,1
1,0.1875,0.40293040293040294,6,-0.43270868824531517,0.9120879120879121,1.008,0.04195804195804196,0.2127659574468085,1.0,0.0,1.0,0.0,1
2,-0.9166666666666666,-0.945054945054945,10,0.8040885860306644,-0.6043956043956044,-0.48,-0.8811188811188811,-0.7659574468085106,0.0,1.0,1.0,0.0,0
5,0.0625,0.03663003663003663,12,-0.27597955706984667,-0.04395604395604396,0.16,-0.04895104895104895,0.2553191489361702,0.0,1.0,1.0,0.0,1
3,0.6041666666666666,0.8498168498168498,16,0.9778534923339012,1.120879120879121,0.096,0.7272727272727273,-0.10638297872340426,1.0,0.0,1.0,0.0,0
1,0.6875,1.3113553113553114,14,0.32367972742759793,1.6483516483516483,0.352,0.1888111888111888,1.6382978723404256,0.0,1.0,1.0,0.0,0
2,-0.6875,-0.6813186813186813,2,0.25894378194207834,-0.5054945054945055,-0.368,-0.6153846153846154,-0.7659574468085106,1.0,0.0,1.0,0.0,0
2,-0.625,-0.7032967032967034,4,-0.20783645655877342,-0.5384615384615384,-0.496,-0.5594405594405595,-0.2978723404255319,0.0,1.0,1.0,0.0,1
5,-0.4375,-0.20512820512820512,10,0.23509369676320271,0.34065934065934067,-0.016,-0.3356643356643357,-0.0851063829787234,1.0,0.0,0.0,1.0,0
5,0.3333333333333333,0.63003663003663,18,0.23509369676320271,-0.43956043956043955,0.48,0.43356643356643354,0.19148936170212766,0.0,1.0,1.0,0.0,0
2,0.3125,0.608058608058608,16,-0.20442930153321975,-0.34065934065934067,1.168,0.8181818181818182,0.851063829787234,0.0,1.0,1.0,0.0,1
5,-0.041666666666666664,-0.03663003663003663,2,0.6780238500851788,-0.25274725274725274,0.608,0.1048951048951049,-0.3829787234042553,0.0,1.0,1.0,0.0,0
3,-0.8541666666666666,-0.7985347985347986,8,0.41567291311754684,-0.2857142857142857,-0.384,-0.7412587412587412,-0.6808510638297872,0.0,1.0,0.0,1.0,0
2,-0.2708333333333333,-0.4835164835164835,12,0.8960817717206133,0.04395604395604396,-0.496,-0.43356643356643354,-0.5531914893617021,0.0,1.0,0.0,1.0,0
1,0.6458333333333334,0.8058608058608059,4,0.282793867120954,-0.3956043956043956,0.352,0.1888111888111888,-0.02127659574468085,1.0,0.0,1.0,0.0,0
2,-1.0208333333333333,-1.010989010989011,6,-0.9028960817717206,-0.6043956043956044,-0.592,-0.993006993006993,-0.9361702127659575,0.0,1.0,1.0,0.0,1
0,0.9791666666666666,1.0842490842490842,20,0.05110732538330494,-0.4835164835164835,1.744,1.3426573426573427,0.8085106382978723,0.0,1.0,1.0,0.0,0
0,-0.375,-0.2783882783882784,12,0.6609880749574105,-0.5494505494505495,0.368,-0.4825174825174825,-0.2553191489361702,0.0,1.0,0.0,1.0,0
3,0.10416666666666667,0.46153846153846156,14,0.1567291311754685,-0.17582417582417584,1.12,-0.11188811188811189,0.7872340425531915,0.0,1.0,0.0,1.0,0
1,-0.6041666666666666,-0.43223443223443225,20,-0.21805792163543442,-0.5054945054945055,0.048,-0.44755244755244755,-0.40425531914893614,1.0,0.0,0.0,1.0,1
0,-0.4375,-0.5567765567765568,10,0.606473594548552,0.17582417582417584,-0.496,-0.20279720279720279,-0.3829787234042553,1.0,0.0,1.0,0.0,0
1,0.4583333333333333,0.6666666666666666,16,0.848381601362862,0.4175824175824176,0.496,0.5594405594405595,0.851063829787234,0.0,1.0,1.0,0.0,0
5,-0.5,-0.3076923076923077,2,0.4088586030664395,-0.3076923076923077,-0.48,-0.3006993006993007,-0.6595744680851063,1.0,0.0,0.0,1.0,0
2,-0.3333333333333333,-0.47619047619047616,4,-0.04770017035775128,-0.1978021978021978,0.48,-0.14685314685314685,-0.3829787234042553,1.0,0.0,0.0,1.0,0
3,0.7083333333333334,1.1868131868131868,20,-0.5281090289608177,1.9120879120879122,-0.368,0.5804195804195804,0.723404255319149,1.0,0.0,0.0,1.0,1
4,0.5833333333333334,1.2307692307692308,10,0.1737649063032368,1.1978021978021978,1.84,0.7552447552447552,0.10638297872340426,0.0,1.0,0.0,1.0,0
2,-1.0208333333333333,-1.032967032967033,6,0.48722316865417375,-0.5714285714285714,-0.592,-0.986013986013986,-0.9574468085106383,0.0,1.0,0.0,1.0,0
3,-0.3541666666666667,-0.16117216117216118,2,0.43270868824531517,-0.34065934065934067,0.032,-0.16783216783216784,0.02127659574468085,0.0,1.0,0.0,1.0,0
3,-0.020833333333333332,0.15384615384615385,20,-0.6235093696763203,-0.4945054945054945,0.208,0.2867132867132867,0.5106382978723404,0.0,1.0,0.0,1.0,1
0,0.3958333333333333,0.967032967032967,16,0.1260647359454855,0.6483516483516484,0.0,0.0979020979020979,0.7872340425531915,1.0,0.0,1.0,0.0,0
0,-0.4166666666666667,-0.5934065934065934,2,-0.7223168654173765,-0.6043956043956044,0.016,-0.32867132867132864,-0.44680851063829785,1.0,0.0,1.0,0.0,1
5,0.875,1.164835164835165,18,0.8109028960817717,1.5054945054945055,1.056,1.3986013986013985,0.8936170212765957,1.0,0.0,0.0,1.0,0
3,0.20833333333333334,0.014652014652014652,10,-0.3781942078364566,0.12087912087912088,-0.032,0.23076923076923078,0.3404255319148936,0.0,1.0,1.0,0.0,1
2,-0.16666666666666666,-0.20512820512820512,20,0.3339011925042589,0.6593406593406593,0.144,-0.027972027972027972,-0.2553191489361702,0.0,1.0,1.0,0.0,0
4,0.5625,0.8937728937728938,2,-0.4395229982964225,0.3626373626373626,1.2,0.26573426573426573,0.23404255319148937,0.0,1.0,0.0,1.0,0
2,-0.7708333333333334,-0.7252747252747253,20,-0.1362862010221465,-0.5714285714285714,-0.224,-0.8251748251748252,-0.6595744680851063,1.0,0.0,1.0,0.0,0
3,0.5416666666666666,0.5274725274725275,18,0.27597955706984667,-0.6043956043956044,-0.496,0.06993006993006994,0.2127659574468085,1.0,0.0,0.0,1.0,0
1,0.041666666666666664,-0.2271062271062271,14,0.8347529812606473,-0.4725274725274725,-0.016,0.006993006993006993,0.2553191489361702,1.0,0.0,0.0,1.0,0
0,-0.3333333333333333,-0.21245421245421245,14,0.1567291311754685,-0.31868131868131866,-0.48,-0.22377622377622378,0.06382978723404255,1.0,0.0,0.0,1.0,0
4,0.16666666666666666,0.1391941391941392,2,0.5519591141396933,0.8131868131868132,0.912,0.3776223776223776,-0.2127659574468085,0.0,1.0,0.0,1.0,0
3,0.3125,0.5567765567765568,12,0.5315161839863713,0.3626373626373626,-0.24,0.2867132867132867,0.851063829787234,1.0,0.0,1.0,0.0,0
3,-0.14583333333333334,-0.27106227106227104,18,0.027257240204429302,0.32967032967032966,0.416,-0.40559440559440557,-0.3191489361702128,0.0,1.0,0.0,1.0,0
5,-0.8333333333333334,-0.7765567765567766,16,-0.3577512776831346,-0.5714285714285714,-0.576,-0.8601398601398601,-0.8085106382978723,1.0,0.0,1.0,0.0,1
1,0.9166666666666666,1.032967032967033,16,-0.262350936967632,2.087912087912088,0.192,1.2027972027972027,0.44680851063829785,0.0,1.0,0.0,1.0,1
5,-0.5833333333333334,-0.7252747252747253,18,-0.03747870528109029,-0.43956043956043955,0.032,-0.5874125874125874,-0.3617021276595745,0.0,1.0,0.0,1.0,0
2,0.6875,1.3186813186813187,10,-0.7461669505962522,0.9120879120879121,-0.336,0.48951048951048953,0.5319148936170213,1.0,0.0,0.0,1.0,1
1,-0.20833333333333334,-0.38095238095238093,6,0.3747870528109029,-0.6153846153846154,-0.432,-0.24475524475524477,-0.2978723404255319,1.0,0.0,1.0,0.0,0
2,0.2708333333333333,0.1391941391941392,8,-0.2010221465076661,0.7142857142857143,0.416,0.04195804195804196,0.19148936170212766,1.0,0.0,1.0,0.0,1
4,0.6041666666666666,0.7985347985347986,4,0.40545144804088584,1.2747252747252746,1.632,0.8111888111888111,0.0851063829787234,1.0,0.0,1.0,0.0,0
1,0.0,0.3956043956043956,4,-0.33049403747870526,0.25274725274725274,0.832,0.3986013986013986,0.46808510638297873,0.0,1.0,1.0,0.0,0
3,0.7708333333333334,0.8864468864468864,10,-0.7632027257240205,0.4945054945054945,1.888,0.8671328671328671,1.1063829787234043,0.0,1.0,0.0,1.0,1
3,-0.0625,-0.029304029304029304,12,-0.19080068143100512,0.5274725274725275,-0.48,-0.3356643356643357,-0.44680851063829785,1.0,0.0,0.0,1.0,1
4,0.20833333333333334,0.05128205128205128,14,-0.10221465076660988,-0.4945054945054945,0.992,-0.09090909090909091,0.8297872340425532,1.0,0.0,0.0,1.0,0
2,-0.2708333333333333,-0.014652014652014652,2,-1.028960817717206,-0.3626373626373626,-0.368,-0.48951048951048953,-0.44680851063829785,1.0,0.0,0.0,1.0,1
1,-0.6041666666666666,-0.673992673992674,16,0.12947189097103917,0.03296703296703297,-0.592,-0.6853146853146853,-0.7021276595744681,0.0,1.0,0.0,1.0,0
2,-0.7708333333333334,-0.7326007326007326,4,0.6848381601362862,-0.4065934065934066,-0.24,-0.6573426573426573,-0.8085106382978723,1.0,0.0,0.0,1.0,0
0,-0.4375,-0.3663003663003663,12,0.05792163543441227,0.25274725274725274,-0.592,-0.4195804195804196,-0.19148936170212766,1.0,0.0,1.0,0.0,0
5,0.3958333333333333,0.27106227106227104,4,-0.6303236797274276,1.4065934065934067,1.28,0.4825174825174825,0.6595744680851063,0.0,1.0,1.0,0.0,1
5,0.041666666666666664,-0.06593406593406594,18,0.3577512776831346,0.21978021978021978,-0.448,0.32167832167832167,0.2978723404255319,0.0,1.0,0.0,1.0,0
5,-0.1875,-0.14652014652014653,18,-0.10902896081771721,0.3626373626373626,-0.08,-0.20279720279720279,0.3617021276595745,0.0,1.0,1.0,0.0,0
4,0.4375,0.6227106227106227,12,0.09880749574105621,-0.10989010989010989,0.768,0.3356643356643357,-0.02127659574468085,1.0,0.0,1.0,0.0,0
2,-0.9375,-0.989010989010989,8,0.9608177172061328,-0.5384615384615384,-0.592,-0.9370629370629371,-0.8936170212765957,0.0,1.0,0.0,1.0,0
5,0.14583333333333334,0.14652014652014653,18,-0.7734241908006815,-0.34065934065934067,0.608,0.45454545454545453,-0.3617021276595745,1.0,0.0,0.0,1.0,1
1,0.22916666666666666,0.37362637362637363,18,0.7393526405451448,0.6153846153846154,-0.048,0.06993006993006994,0.0425531914893617,1.0,0.0,0.0,1.0,0
2,0.5625,0.5567765567765568,10,0.4497444633730835,0.45054945054945056,0.144,0.5874125874125874,0.5106382978723404,1.0,0.0,1.0,0.0,0
2,0.625,0.8131868131868132,8,-0.504258943781942,1.835164835164835,1.248,0.36363636363636365,1.0638297872340425,1.0,0.0,0.0,1.0,1
4,0.4375,0.9377289377289377,8,0.4497444633730835,0.9340659340659341,1.68,0.3356643356643357,1.0638297872340425,0.0,1.0,1.0,0.0,0
5,0.4166666666666667,0.37362637362637363,4,0.42248722316865417,0.23076923076923078,1.472,0.6293706293706294,0.2765957446808511,1.0,0.0,0.0,1.0,0
1,0.625,1.098901098901099,4,0.23509369676320271,0.2857142857142857,0.224,0.45454545454545453,0.19148936170212766,1.0,0.0,1.0,0.0,0
3,-0.9583333333333334,-1.0036630036630036,12,-0.22146507666098808,-0.6153846153846154,-0.48,-0.916083916083916,-0.8936170212765957,1.0,0.0,0.0,1.0,1
0,0.7916666666666666,0.46153846153846156,18,-0.11925042589437819,1.4505494505494505,-0.48,1.2657342657342658,0.1702127659574468,1.0,0.0,0.0,1.0,0
0,0.625,0.4908424908424908,2,-0.7189097103918228,0.945054945054945,0.464,1.1818181818181819,1.3829787234042554,1.0,0.0,1.0,0.0,1
1,-0.6875,-0.608058608058608,12,0.49744463373083475,-0.15384615384615385,-0.56,-0.7552447552447552,-0.3829787234042553,1.0,0.0,0.0,1.0,0
1,0.25,0.5421245421245421,20,0.1465076660988075,0.42857142857142855,0.672,-0.07692307692307693,0.2127659574468085,1.0,0.0,1.0,0.0,0
3,-0.041666666666666664,0.21245421245421245,20,0.7495741056218058,0.7692307692307693,0.8,-0.02097902097902098,0.06382978723404255,0.0,1.0,0.0,1.0,0
0,-0.125,-0.2271062271062271,14,-0.3202725724020443,0.8571428571428571,-0.224,0.055944055944055944,0.2978723404255319,0.0,1.0,0.0,1.0,1
4,0.3333333333333333,0.10256410256410256,4,0.6405451448040886,-0.6153846153846154,1.488,0.42657342657342656,0.14893617021276595,1.0,0.0,1.0,0.0,0
3,-0.08333333333333333,0.15384615384615385,12,0.58603066439523,-0.17582417582417584,-0.32,0.1888111888111888,-0.2127659574468085,0.0,1.0,1.0,0.0,0
2,-0.22916666666666666,-0.38095238095238093,8,0.9233390119250426,-0.13186813186813187,0.0,-0.3076923076923077,0.06382978723404255,0.0,1.0,1.0,0.0,0
5,-0.2708333333333333,-0.40293040293040294,18,0.1737649063032368,0.37362637362637363,0.048,-0.3076923076923077,-0.3191489361702128,0.0,1.0,0.0,1.0,0
4,0.0,-0.04395604395604396,12,-0.4906303236797274,0.46153846153846156,-0.592,-0.2937062937062937,0.48936170212765956,1.0,0.0,0.0,1.0,1
0,-0.3333333333333333,-0.1978021978021978,12,0.282793867120954,-0.13186813186813187,0.176,-0.3146853146853147,-0.425531914893617,0.0,1.0,1.0,0.0,0
2,0.4791666666666667,0.10256410256410256,20,-0.8347529812606473,1.2197802197802199,0.288,0.8531468531468531,-0.0425531914893617,1.0,0.0,1.0,0.0,1
0,-0.8333333333333334,-0.7545787545787546,18,0.7666098807495741,-0.5384615384615384,-0.464,-0.8181818181818182,-0.7659574468085106,0.0,1.0,1.0,0.0,0
1,0.8125,1.120879120879121,2,0.22146507666098808,1.8131868131868132,0.56,0.6853146853146853,0.0425531914893617,0.0,1.0,0.0,1.0,0
1,-0.9583333333333334,-0.9304029304029304,12,0.9028960817717206,-0.5934065934065934,-0.512,-0.8951048951048951,-0.8936170212765957,0.0,1.0,0.0,1.0,0
5,-0.3125,-0.16117216117216118,8,-0.919931856899489,0.3516483516483517,-0.432,-0.2727272727272727,-0.10638297872340426,0.0,1.0,0.0,1.0,1
4,0.6666666666666666,0.7545787545787546,16,-0.33049403747870526,1.0769230769230769,0.304,0.8461538461538461,0.5319148936170213,1.0,0.0,1.0,0.0,1
0,0.9166666666666666,1.5164835164835164,6,0.0068143100511073255,0.4835164835164835,1.44,1.1538461538461537,0.5319148936170213,0.0,1.0,1.0,0.0,0
0,-0.7916666666666666,-0.8205128205128205,10,-0.4735945485519591,-0.4835164835164835,-0.56,-0.7762237762237763,-0.6595744680851063,0.0,1.0,1.0,0.0,1
4,-0.7291666666666666,-0.8351648351648352,16,0.1839863713798978,-0.5934065934065934,-0.576,-0.6223776223776224,-0.7021276595744681,0.0,1.0,1.0,0.0,0
5,0.2708333333333333,0.07326007326007326,8,-0.17035775127768313,0.945054945054945,-0.128,0.40559440559440557,0.7446808510638298,1.0,0.0,0.0,1.0,0
4,-0.041666666666666664,0.09523809523809523,10,0.22146507666098808,0.5714285714285714,0.736,0.02097902097902098,-0.3617021276595745,0.0,1.0,0.0,1.0,0
1,0.9166666666666666,0.32967032967032966,16,0.2010221465076661,-0.6043956043956044,1.088,1.6153846153846154,1.5319148936170213,0.0,1.0,0.0,1.0,0
4,-0.7291666666666666,-0.8351648351648352,20,-0.7904599659284497,-0.43956043956043955,-0.224,-0.6993006993006993,-0.7446808510638298,0.0,1.0,0.0,1.0,1
4,0.14583333333333334,0.08791208791208792,14,-0.2555366269165247,0.07692307692307693,-0.576,0.4755244755244755,0.8936170212765957,1.0,0.0,0.0,1.0,1
1,-0.5625,-0.6153846153846154,12,-0.9063032367972743,-0.24175824175824176,-0.256,-0.36363636363636365,-0.46808510638297873,0.0,1.0,0.0,1.0,1
1,0.22916666666666666,0.358974358974359,20,-0.5281090289608177,-0.25274725274725274,0.544,0.5454545454545454,0.7446808510638298,0.0,1.0,1.0,0.0,1
2,-0.22916666666666666,-0.4468864468864469,6,-0.9540034071550255,0.6153846153846154,-0.432,-0.02097902097902098,-0.0851063829787234,0.0,1.0,0.0,1.0,1
0,-0.3333333333333333,-0.4249084249084249,12,0.6814310051107325,-0.02197802197802198,-0.544,-0.43356643356643354,-0.23404255319148937,1.0,0.0,1.0,0.0,0
0,-0.1875,0.014652014652014652,20,-0.31686541737649065,0.3956043956043956,0.32,-0.1888111888111888,-0.40425531914893614,0.0,1.0,1.0,0.0,1
1,0.5208333333333334,1.1282051282051282,16,0.9574105621805792,0.8461538461538461,-0.016,0.18181818181818182,1.3404255319148937,1.0,0.0,0.0,1.0,0
5,0.8125,0.4908424908424908,14,-0.0034071550255536627,-0.24175824175824176,0.64,1.4545454545454546,1.3829787234042554,1.0,0.0,1.0,0.0,0
1,-0.4166666666666667,-0.2271062271062271,4,0.9131175468483816,-0.45054945054945056,-0.208,-0.5244755244755245,-0.19148936170212766,1.0,0.0,0.0,1.0,0
1,0.5625,0.4908424908424908,10,-0.9437819420783645,1.89010989010989,1.12,0.2727272727272727,0.0,0.0,1.0,1.0,0.0,1
4,-0.4375,-0.27106227106227104,2,0.6235093696763203,0.21978021978021978,-0.064,-0.46153846153846156,-0.2765957446808511,0.0,1.0,0.0,1.0,0
3,-0.6041666666666666,-0.7472527472527473,2,0.879045996592845,-0.4725274725274725,-0.176,-0.7062937062937062,-0.46808510638297873,1.0,0.0,0.0,1.0,0
1,-0.7291666666666666,-0.6959706959706959,12,-0.18739352640545145,-0.37362637362637363,-0.16,-0.7692307692307693,-0.7872340425531915,0.0,1.0,1.0,0.0,1
1,0.020833333333333332,0.029304029304029304,12,0.6507666098807495,-0.26373626373626374,0.56,0.13286713286713286,0.1276595744680851,1.0,0.0,1.0,0.0,0
0,-0.0625,0.03663003663003663,6,0.8347529812606473,-0.4725274725274725,-0.544,0.2937062937062937,-0.2127659574468085,1.0,0.0,1.0,0.0,0
3,0.3958333333333333,0.336996336996337,4,0.5621805792163543,0.32967032967032966,1.6,0.32167832167832167,0.6808510638297872,0.0,1.0,0.0,1.0,0
3,-0.6458333333333334,-0.7619047619047619,16,-0.10902896081771721,-0.42857142857142855,0.032,-0.6153846153846154,-0.6808510638297872,0.0,1.0,0.0,1.0,0
4,0.20833333333333334,-0.07326007326007326,4,-0.6882453151618398,0.5604395604395604,-0.272,0.4125874125874126,-0.1276595744680851,1.0,0.0,0.0,1.0,1
2,-0.2708333333333333,-0.007326007326007326,16,-0.12265758091993186,-0.3516483516483517,-0.176,-0.2867132867132867,-0.3191489361702128,0.0,1.0,0.0,1.0,0
5,0.9583333333333334,1.010989010989011,4,-0.37137989778534924,-0.03296703296703297,1.328,0.6853146853146853,1.1702127659574468,0.0,1.0,1.0,0.0,1
4,0.625,0.9816849816849816,8,0.20442930153321975,0.3516483516483517,1.216,0.7972027972027972,0.2127659574468085,0.0,1.0,1.0,0.0,0
3,0.7708333333333334,1.1794871794871795,12,0.3543441226575809,1.032967032967033,-0.576,1.2727272727272727,0.7446808510638298,0.0,1.0,1.0,0.0,0
2,-0.375,-0.21245421245421245,14,-0.5587734241908007,-0.17582417582417584,0.416,-0.4405594405594406,-0.5957446808510638,0.0,1.0,1.0,0.0,1
2,0.9375,1.1135531135531136,16,-0.3543441226575809,2.5164835164835164,0.416,1.2027972027972027,0.6170212765957447,0.0,1.0,0.0,1.0,1
0,-0.2708333333333333,-0.21245421245421245,2,-0.858603066439523,-0.6043956043956044,0.48,-0.14685314685314685,-0.2978723404255319,1.0,0.0,0.0,1.0,0
0,-0.125,-0.30036630036630035,20,-0.6337308347529813,0.46153846153846156,-0.272,-0.34965034965034963,0.2765957446808511,1.0,0.0,0.0,1.0,1
4,0.14583333333333334,-0.09523809523809523,14,0.4735945485519591,1.1538461538461537,0.896,0.11888111888111888,0.5319148936170213,0.0,1.0,0.0,1.0,0
5,-0.1875,-0.43223443223443225,6,-0.06814310051107325,0.04395604395604396,-0.464,-0.42657342657342656,-0.425531914893617,1.0,0.0,0.0,1.0,0
1,0.5625,0.7545787545787546,6,-0.35093696763202725,1.065934065934066,1.008,0.13286713286713286,0.0,0.0,1.0,1.0,0.0,1
3,0.0,0.2490842490842491,6,-0.31686541737649065,0.8571428571428571,0.464,0.18181818181818182,0.6595744680851063,0.0,1.0,0.0,1.0,1
2,-0.14583333333333334,-0.029304029304029304,18,0.6678023850085179,0.07692307692307693,0.656,-0.26573426573426573,-0.44680851063829785,0.0,1.0,1.0,0.0,0
2,-0.25,0.02197802197802198,6,-0.6405451448040886,-0.37362637362637363,0.096,-0.35664335664335667,0.02127659574468085,0.0,1.0,1.0,0.0,1
5,1.0,1.5457875457875458,10,-0.7189097103918228,0.25274725274725274,0.096,1.7202797202797202,1.8085106382978724,1.0,0.0,1.0,0.0,1
1,-0.9791666666666666,-1.0036630036630036,8,0.7666098807495741,-0.5494505494505495,-0.512,-0.916083916083916,-0.8936170212765957,0.0,1.0,0.0,1.0,0
0,0.9375,0.673992673992674,12,0.6303236797274276,0.4725274725274725,1.712,0.46153846153846156,1.2553191489361701,0.0,1.0,0.0,1.0,0
2,-0.20833333333333334,-0.23443223443223443,14,-0.3339011925042589,0.27472527472527475,0.608,-0.3146853146853147,0.2127659574468085,0.0,1.0,0.0,1.0,1
4,-0.7291666666666666,-0.6153846153846154,18,-0.16695059625212946,-0.26373626373626374,-0.464,-0.6363636363636364,-0.723404255319149,0.0,1.0,1.0,0.0,0
0,-0.08333333333333333,0.06593406593406594,16,-0.9948892674616695,0.7912087912087912,-0.56,0.20279720279720279,-0.3829787234042553,0.0,1.0,1.0,0.0,1
3,0.625,1.1575091575091576,12,0.010221465076660987,-0.5164835164835165,-0.416,1.2097902097902098,1.5106382978723405,0.0,1.0,1.0,0.0,0
4,-0.6041666666666666,-0.43956043956043955,6,-0.0068143100511073255,-0.31868131868131866,-0.128,-0.5524475524475524,-0.2553191489361702,1.0,0.0,1.0,0.0,0
1,-0.10416666666666667,-0.1391941391941392,8,-0.4599659284497445,0.5274725274725275,-0.592,-0.006993006993006993,-0.1276595744680851,1.0,0.0,1.0,0.0,1
2,-0.5416666666666666,-0.38095238095238093,10,0.42248722316865417,0.10989010989010989,0.064,-0.35664335664335667,-0.2553191489361702,0.0,1.0,0.0,1.0,0
4,-0.8125,-0.7545787545787546,8,-0.017035775127768313,-0.43956043956043955,-0.304,-0.7972027972027972,-0.6808510638297872,0.0,1.0,1.0,0.0,0
3,0.9166666666666666,0.7032967032967034,8,0.9403747870528109,-0.27472527472527475,2.16,0.8251748251748252,1.7446808510638299,0.0,1.0,0.0,1.0,0
1,0.5833333333333334,0.4542124542124542,18,-0.22146507666098808,0.4835164835164835,0.96,1.06993006993007,1.297872340425532,0.0,1.0,1.0,0.0,1
4,1.0,0.5934065934065934,12,-0.12265758091993186,2.4945054945054945,0.992,1.055944055944056,0.19148936170212766,0.0,1.0,1.0,0.0,0
4,0.375,0.5421245421245421,10,-0.3100511073253833,0.054945054945054944,0.864,0.4195804195804196,-0.1276595744680851,0.0,1.0,0.0,1.0,1
3,0.8541666666666666,0.63003663003663,8,-0.7597955706984668,0.8241758241758241,1.888,0.3006993006993007,0.3404255319148936,0.0,1.0,0.0,1.0,1
0,0.22916666666666666,0.11721611721611722,6,-0.32367972742759793,0.0,0.32,0.4825174825174825,-0.19148936170212766,0.0,1.0,0.0,1.0,1
1,0.7916666666666666,0.3956043956043956,2,0.17035775127768313,0.7802197802197802,-0.496,0.22377622377622378,1.148936170212766,0.0,1.0,1.0,0.0,0
5,0.9583333333333334,1.1355311355311355,12,-0.575809199318569,1.5384615384615385,2.272,0.44755244755244755,0.5106382978723404,1.0,0.0,0.0,1.0,1
5,0.8541666666666666,1.0842490842490842,8,-0.9710391822827938,1.3626373626373627,0.352,1.3426573426573427,0.19148936170212766,1.0,0.0,0.0,1.0,1
2,-0.5416666666666666,-0.5567765567765568,20,-0.19080068143100512,-0.5274725274725275,-0.4,-0.6573426573426573,-0.46808510638297873,1.0,0.0,1.0,0.0,1
3,-0.4791666666666667,-0.6373626373626373,4,-0.4838160136286201,-0.43956043956043955,-0.528,-0.3986013986013986,-0.3617021276595745,0.0,1.0,1.0,0.0,1
4,-0.041666666666666664,-0.2857142857142857,20,-0.9608177172061328,-0.4835164835164835,-0.528,-0.24475524475524477,0.425531914893617,0.0,1.0,1.0,0.0,1
1,-0.7291666666666666,-0.8278388278388278,2,-0.30664395229982966,-0.5714285714285714,-0.384,-0.6993006993006993,-0.48936170212765956,1.0,0.0,1.0,0.0,1
4,-0.9166666666666666,-0.9377289377289377,18,0.42589437819420783,-0.5714285714285714,-0.384,-0.8671328671328671,-0.8297872340425532,1.0,0.0,1.0,0.0,0
0,-0.625,-0.7252747252747253,2,-0.4906303236797274,-0.17582417582417584,-0.384,-0.45454545454545453,-0.7021276595744681,0.0,1.0,1.0,0.0,1
1,-0.020833333333333332,0.16117216117216118,6,0.3679727427597956,0.07692307692307693,0.624,0.0979020979020979,-0.2765957446808511,0.0,1.0,0.0,1.0,0
3,-0.041666666666666664,-0.12454212454212454,18,0.9335604770017035,-0.4175824175824176,0.528,0.23076923076923078,-0.2553191489361702,0.0,1.0,1.0,0.0,0
2,0.0625,0.43956043956043955,18,0.06132879045996593,0.6153846153846154,-0.24,-0.2097902097902098,0.2127659574468085,1.0,0.0,1.0,0.0,0
2,0.8958333333333334,1.663003663003663,14,-0.7495741056218058,0.24175824175824176,1.952,0.8741258741258742,0.6808510638297872,1.0,0.0,0.0,1.0,1
4,0.8958333333333334,1.4945054945054945,10,-0.293015332197615,0.5604395604395604,1.824,0.9020979020979021,0.46808510638297873,0.0,1.0,0.0,1.0,1
4,-0.3333333333333333,-0.4175824175824176,20,0.7018739352640545,0.16483516483516483,-0.352,-0.06293706293706294,-0.2765957446808511,1.0,0.0,1.0,0.0,0
2,-0.0625,-0.12454212454212454,8,0.46678023850085176,0.4065934065934066,-0.448,-0.2517482517482518,-0.1702127659574468,1.0,0.0,0.0,1.0,0
4,-0.6041666666666666,-0.4981684981684982,20,0.10221465076660988,-0.6153846153846154,0.032,-0.43356643356643354,-0.5531914893617021,1.0,0.0,1.0,0.0,0
0,0.16666666666666666,0.04395604395604396,16,-0.6950596252129472,1.054945054945055,-0.08,-0.16783216783216784,0.425531914893617,1.0,0.0,0.0,1.0,1
3,0.14583333333333334,0.14652014652014653,10,-0.5417376490630323,0.8461538461538461,0.352,0.027972027972027972,0.851063829787234,0.0,1.0,0.0,1.0,1
4,-0.5625,-0.5274725274725275,18,0.9710391822827938,-0.31868131868131866,-0.336,-0.48951048951048953,-0.2765957446808511,1.0,0.0,0.0,1.0,0
4,-0.9166666666666666,-0.9377289377289377,8,0.9233390119250426,-0.43956043956043955,-0.432,-0.9300699300699301,-0.8936170212765957,1.0,0.0,1.0,0.0,0
1,-0.8958333333333334,-0.8498168498168498,4,-0.9028960817717206,-0.5164835164835165,-0.432,-0.8391608391608392,-0.8723404255319149,1.0,0.0,1.0,0.0,0
3,0.9375,1.6996336996336996,10,-0.6303236797274276,0.12087912087912088,0.288,1.4195804195804196,1.446808510638298,1.0,0.0,1.0,0.0,1
1,-0.7083333333333334,-0.6593406593406593,2,0.9505962521294719,-0.27472527472527475,-0.176,-0.5524475524475524,-0.6170212765957447,0.0,1.0,0.0,1.0,0
5,0.8541666666666666,0.6593406593406593,12,0.18057921635434412,-0.46153846153846156,1.2,1.5244755244755244,0.0851063829787234,0.0,1.0,0.0,1.0,0
4,-0.5833333333333334,-0.673992673992674,16,-0.3850085178875639,0.06593406593406594,0.0,-0.6363636363636364,-0.5106382978723404,1.0,0.0,1.0,0.0,1
1,0.4583333333333333,0.336996336996337,14,-0.013628620102214651,1.4065934065934067,0.272,0.09090909090909091,-0.1702127659574468,0.0,1.0,1.0,0.0,0
1,0.375,0.8498168498168498,4,-0.23509369676320271,0.978021978021978,1.312,0.02097902097902098,1.0425531914893618,0.0,1.0,1.0,0.0,0
1,0.20833333333333334,0.32967032967032966,6,-0.8926746166950597,0.01098901098901099,0.352,-0.15384615384615385,0.3829787234042553,1.0,0.0,1.0,0.0,1
1,0.9166666666666666,1.164835164835165,18,-0.35093696763202725,-0.4725274725274725,-0.064,0.4125874125874126,0.2127659574468085,1.0,0.0,0.0,1.0,1
3,-0.14583333333333334,-0.336996336996337,8,0.9267461669505963,0.03296703296703297,0.24,-0.20279720279720279,-0.0851063829787234,1.0,0.0,0.0,1.0,0
0,-0.6458333333333334,-0.6373626373626373,12,1.0119250425894377,-0.1978021978021978,-0.208,-0.5244755244755245,-0.3191489361702128,0.0,1.0,0.0,1.0,0
3,-0.9375,-0.945054945054945,14,-0.27938671209540034,-0.6153846153846154,-0.432,-0.9020979020979021,-0.8297872340425532,0.0,1.0,0.0,1.0,1
3,-0.9375,-0.9377289377289377,4,0.817717206132879,-0.46153846153846156,-0.544,-0.9020979020979021,-0.8723404255319149,0.0,1.0,0.0,1.0,0
3,-0.75,-0.6446886446886447,18,-0.6235093696763203,-0.5274725274725275,-0.288,-0.7342657342657343,-0.6595744680851063,1.0,0.0,0.0,1.0,1
1,-1.0,-1.0036630036630036,20,-0.626916524701874,-0.5274725274725275,-0.592,-0.9790209790209791,-0.8936170212765957,0.0,1.0,0.0,1.0,1
3,-0.4583333333333333,-0.5567765567765568,4,0.6916524701873935,0.01098901098901099,0.304,-0.6083916083916084,-0.3191489361702128,0.0,1.0,0.0,1.0,0
2,-0.5,-0.315018315018315,10,0.45315161839863716,-0.5054945054945055,-0.592,-0.5874125874125874,-0.2553191489361702,1.0,0.0,1.0,0.0,0
3,-0.125,-0.15384615384615385,12,-0.4565587734241908,-0.16483516483516483,0.624,-0.027972027972027972,-0.23404255319148937,1.0,0.0,1.0,0.0,1
3,-0.5625,-0.3956043956043956,14,0.07836456558773425,-0.5824175824175825,-0.016,-0.42657342657342656,-0.5319148936170213,1.0,0.0,0.0,1.0,0
1,-1.0,-0.989010989010989,12,-0.545144804088586,-0.5494505494505495,-0.528,-0.9370629370629371,-0.9148936170212766,0.0,1.0,1.0,0.0,1
1,-0.625,-0.6813186813186813,20,-0.4838160136286201,-0.45054945054945056,0.016,-0.45454545454545453,-0.5957446808510638,0.0,1.0,1.0,0.0,1
4,-0.08333333333333333,-0.19047619047619047,2,-0.637137989778535,0.02197802197802198,0.72,-0.11188811188811189,0.48936170212765956,1.0,0.0,0.0,1.0,1
1,0.75,1.1794871794871795,6,0.3577512776831346,1.6483516483516483,0.128,0.9090909090909091,1.0212765957446808,0.0,1.0,0.0,1.0,0
0,0.14583333333333334,-0.1391941391941392,12,-0.2555366269165247,0.3076923076923077,0.576,0.34965034965034963,0.6595744680851063,1.0,0.0,0.0,1.0,1
5,0.08333333333333333,0.4835164835164835,4,-0.07155025553662692,0.7142857142857143,0.736,0.17482517482517482,-0.2978723404255319,0.0,1.0,1.0,0.0,0
1,-0.3125,-0.10256410256410256,20,-0.19420783645655879,0.3626373626373626,-0.016,-0.04895104895104895,-0.3404255319148936,0.0,1.0,0.0,1.0,1
3,-0.5833333333333334,-0.4835164835164835,14,-0.4463373083475298,-0.13186813186813187,-0.064,-0.4825174825174825,-0.574468085106383,1.0,0.0,0.0,1.0,1
1,0.7916666666666666,0.5860805860805861,18,0.04770017035775128,0.3076923076923077,1.888,0.9300699300699301,1.5319148936170213,1.0,0.0,1.0,0.0,0
2,0.6666666666666666,0.4542124542124542,6,0.21805792163543442,1.5054945054945055,0.064,0.7552447552447552,0.48936170212765956,0.0,1.0,1.0,0.0,0
2,-0.625,-0.5641025641025641,2,-0.1260647359454855,-0.5384615384615384,-0.352,-0.45454545454545453,-0.7446808510638298,0.0,1.0,0.0,1.0,0
1,0.2708333333333333,-0.05128205128205128,12,-0.9880749574105622,1.4285714285714286,0.416,0.27972027972027974,0.0851063829787234,1.0,0.0,0.0,1.0,1
3,-0.4166666666666667,-0.608058608058608,18,0.9948892674616695,-0.3626373626373626,-0.048,-0.2867132867132867,-0.06382978723404255,0.0,1.0,0.0,1.0,0
2,-0.041666666666666664,-0.19047619047619047,20,-0.30664395229982966,0.945054945054945,0.704,0.25874125874125875,0.06382978723404255,1.0,0.0,0.0,1.0,1
2,-0.16666666666666666,-0.007326007326007326,10,-0.030664395229982964,0.6373626373626373,-0.48,-0.04195804195804196,0.1702127659574468,0.0,1.0,1.0,0.0,0
2,0.9583333333333334,1.5018315018315018,20,0.030664395229982964,0.8571428571428571,1.568,1.6503496503496504,0.425531914893617,1.0,0.0,0.0,1.0,0
0,-0.5208333333333334,-0.6959706959706959,14,0.2555366269165247,-0.5604395604395604,-0.4,-0.6013986013986014,-0.2978723404255319,1.0,0.0,1.0,0.0,0
0,0.041666666666666664,0.41025641025641024,2,0.879045996592845,-0.5604395604395604,-0.464,0.13286713286713286,0.3617021276595745,1.0,0.0,0.0,1.0,0
5,-0.9166666666666666,-0.8937728937728938,20,-0.9301533219761499,-0.4725274725274725,-0.48,-0.8461538461538461,-0.851063829787234,0.0,1.0,1.0,0.0,1
1,0.625,1.1941391941391941,12,-0.4735945485519591,0.8791208791208791,0.976,0.23076923076923078,0.6382978723404256,0.0,1.0,0.0,1.0,1
2,0.9791666666666666,1.465201465201465,16,0.514480408858603,0.7472527472527473,1.792,1.4055944055944056,0.3404255319148936,0.0,1.0,0.0,1.0,0
5,0.375,0.37362637362637363,6,-0.05110732538330494,0.46153846153846156,0.608,0.17482517482517482,0.5957446808510638,1.0,0.0,1.0,0.0,0
3,0.6041666666666666,0.29304029304029305,20,-0.12947189097103917,-0.43956043956043955,0.784,0.5524475524475524,1.0425531914893618,1.0,0.0,1.0,0.0,0
0,0.2916666666666667,0.6959706959706959,20,-0.39182282793867124,-0.25274725274725274,0.368,0.5804195804195804,1.1063829787234043,1.0,0.0,1.0,0.0,1
1,0.6666666666666666,0.16117216117216118,2,-0.807495741056218,1.8021978021978022,0.464,0.8881118881118881,0.0,1.0,0.0,0.0,1.0,1
2,0.3541666666666667,0.4835164835164835,16,-0.5587734241908007,1.2637362637362637,0.16,0.6083916083916084,-0.19148936170212766,1.0,0.0,1.0,0.0,1
4,-0.5625,-0.5494505494505495,16,0.9131175468483816,0.15384615384615385,-0.544,-0.42657342657342656,-0.2127659574468085,1.0,0.0,0.0,1.0,0
5,0.9375,0.9157509157509157,8,-0.030664395229982964,2.1868131868131866,0.144,0.8531468531468531,1.872340425531915,0.0,1.0,1.0,0.0,0
5,-0.75,-0.7106227106227107,6,0.05110732538330494,-0.24175824175824176,-0.432,-0.7972027972027972,-0.7659574468085106,1.0,0.0,0.0,1.0,0
2,0.3958333333333333,0.32234432234432236,6,-0.272572402044293,-0.03296703296703297,0.896,0.7832167832167832,1.0638297872340425,1.0,0.0,0.0,1.0,1
3,0.9791666666666666,0.8058608058608059,10,-0.6780238500851788,2.065934065934066,0.48,1.5664335664335665,1.4893617021276595,1.0,0.0,1.0,0.0,1
2,-0.9166666666666666,-0.8791208791208791,12,-0.5928449744463373,-0.43956043956043955,-0.384,-0.8321678321678322,-0.7872340425531915,0.0,1.0,0.0,1.0,1
1,0.2708333333333333,-0.03663003663003663,20,-0.17035775127768313,0.6703296703296703,0.128,0.3776223776223776,-0.19148936170212766,0.0,1.0,1.0,0.0,0
5,0.041666666666666664,0.3516483516483517,6,-0.31686541737649065,1.0,0.528,-0.06993006993006994,-0.1702127659574468,1.0,0.0,1.0,0.0,1
3,-0.8541666666666666,-0.9010989010989011,10,-1.0221465076660987,-0.5054945054945055,-0.528,-0.8461538461538461,-0.7446808510638298,1.0,0.0,0.0,1.0,1
3,-0.0625,-0.32967032967032966,4,-0.8006814310051107,0.38461538461538464,0.224,0.13286713286713286,-0.2127659574468085,1.0,0.0,0.0,1.0,1
0,0.9791666666666666,0.40293040293040294,16,0.010221465076660987,0.06593406593406594,-0.464,1.5874125874125875,0.8936170212765957,0.0,1.0,1.0,0.0,0
5,-0.08333333333333333,-0.32234432234432236,16,0.9233390119250426,0.5714285714285714,0.64,-0.24475524475524477,0.5319148936170213,1.0,0.0,1.0,0.0,0
3,-0.7708333333333334,-0.7692307692307693,8,-0.504258943781942,-0.2857142857142857,-0.368,-0.8181818181818182,-0.5106382978723404,0.0,1.0,1.0,0.0,1
2,-0.4166666666666667,-0.2857142857142857,16,-0.838160136286201,0.3956043956043956,-0.288,-0.4825174825174825,-0.14893617021276595,0.0,1.0,0.0,1.0,1
1,0.3541666666666667,0.16117216117216118,10,0.45315161839863716,-0.3956043956043956,-0.176,0.6433566433566433,0.23404255319148937,0.0,1.0,0.0,1.0,0
0,-0.9166666666666666,-0.9304029304029304,18,-0.10562180579216354,-0.46153846153846156,-0.432,-0.8811188811188811,-0.8936170212765957,1.0,0.0,1.0,0.0,0
4,0.20833333333333334,0.4835164835164835,6,0.6984667802385008,-0.5384615384615384,0.56,0.5384615384615384,0.3404255319148936,0.0,1.0,0.0,1.0,0
0,-0.7708333333333334,-0.8717948717948718,2,0.27938671209540034,-0.24175824175824176,-0.464,-0.6433566433566433,-0.6808510638297872,1.0,0.0,1.0,0.0,0
4,-0.16666666666666666,-0.23443223443223443,2,-0.1465076660988075,0.4835164835164835,0.032,-0.3986013986013986,-0.2553191489361702,0.0,1.0,0.0,1.0,0
3,-0.9166666666666666,-0.9230769230769231,18,-0.2010221465076661,-0.5274725274725275,-0.384,-0.916083916083916,-0.8723404255319149,0.0,1.0,0.0,1.0,1
2,0.0625,0.014652014652014652,6,0.4122657580919932,-0.5054945054945055,-0.528,-0.1048951048951049,0.19148936170212766,0.0,1.0,0.0,1.0,0
4,-0.9375,-0.967032967032967,4,-0.3270868824531516,-0.5934065934065934,-0.544,-0.9020979020979021,-0.8723404255319149,1.0,0.0,1.0,0.0,1
3,-0.1875,-0.007326007326007326,20,0.807495741056218,-0.12087912087912088,0.352,-0.3986013986013986,0.02127659574468085,0.0,1.0,1.0,0.0,0
1,0.3958333333333333,0.6153846153846154,10,0.9642248722316865,0.9230769230769231,0.0,0.8461538461538461,-0.19148936170212766,0.0,1.0,1.0,0.0,0
0,0.5,0.16117216117216118,16,-0.3781942078364566,1.7472527472527473,0.176,0.7552447552447552,1.4042553191489362,1.0,0.0,0.0,1.0,1
1,0.375,0.5641025641025641,16,0.23850085178875638,1.2967032967032968,-0.576,0.46853146853146854,0.9574468085106383,1.0,0.0,0.0,1.0,0
4,-0.6875,-0.6446886446886447,14,-1.0153321976149914,-0.5494505494505495,-0.064,-0.7692307692307693,-0.5319148936170213,1.0,0.0,0.0,1.0,1
2,-0.2916666666666667,-0.08791208791208792,16,-0.7155025553662692,0.08791208791208792,-0.496,-0.027972027972027972,-0.2127659574468085,1.0,0.0,1.0,0.0,1
2,0.3958333333333333,0.7032967032967034,6,0.9846678023850085,1.6483516483516483,-0.512,0.4755244755244755,1.0,0.0,1.0,1.0,0.0,0
1,0.5208333333333334,0.6813186813186813,12,0.303236797274276,-0.5604395604395604,1.36,0.8671328671328671,0.10638297872340426,1.0,0.0,0.0,1.0,0
3,-0.7708333333333334,-0.673992673992674,20,-1.018739352640545,-0.42857142857142855,-0.384,-0.8181818181818182,-0.7872340425531915,1.0,0.0,0.0,1.0,1
3,-0.4375,-0.23443223443223443,10,-0.6098807495741057,-0.4175824175824176,0.08,-0.25874125874125875,-0.6382978723404256,0.0,1.0,0.0,1.0,1
0,0.0,0.3882783882783883,18,0.17717206132879046,-0.13186813186813187,-0.592,0.17482517482517482,0.5531914893617021,1.0,0.0,1.0,0.0,0
1,0.375,0.5787545787545788,18,-0.6814310051107325,-0.5274725274725275,0.752,0.16083916083916083,0.3829787234042553,1.0,0.0,1.0,0.0,1
4,-0.9791666666666666,-0.967032967032967,2,-0.3645655877342419,-0.5714285714285714,-0.56,-0.9440559440559441,-0.8723404255319149,1.0,0.0,0.0,1.0,0
0,0.20833333333333334,0.3882783882783883,20,0.5383304940374787,-0.12087912087912088,0.0,-0.13286713286713286,0.5531914893617021,1.0,0.0,0.0,1.0,0
0,0.6666666666666666,0.4981684981684982,2,0.2010221465076661,0.054945054945054944,1.376,0.6923076923076923,1.2127659574468086,1.0,0.0,1.0,0.0,0
1,0.7291666666666666,1.2380952380952381,16,0.2555366269165247,1.5494505494505495,1.552,0.5314685314685315,0.1702127659574468,0.0,1.0,1.0,0.0,0
3,-0.125,-0.21245421245421245,18,0.58603066439523,0.34065934065934067,-0.144,-0.13286713286713286,0.0,0.0,1.0,1.0,0.0,0
5,-0.9375,-0.9743589743589743,14,-0.6643952299829642,-0.5054945054945055,-0.544,-0.9090909090909091,-0.7659574468085106,1.0,0.0,1.0,0.0,1
3,0.7916666666666666,0.7912087912087912,8,-0.05110732538330494,1.5164835164835164,1.344,0.2937062937062937,0.0,1.0,0.0,1.0,0.0,0
0,0.125,0.3516483516483517,8,-0.2010221465076661,-0.14285714285714285,0.432,0.3706293706293706,0.2765957446808511,0.0,1.0,0.0,1.0,1
1,-0.375,-0.21245421245421245,4,0.26916524701873934,-0.23076923076923078,0.288,-0.16083916083916083,-0.6170212765957447,1.0,0.0,0.0,1.0,0
4,0.6875,0.37362637362637363,14,0.9744463373083475,1.8461538461538463,0.336,0.5174825174825175,1.6170212765957446,0.0,1.0,0.0,1.0,0
0,0.7083333333333334,1.3992673992673992,10,-0.4088586030664395,1.4505494505494505,0.832,1.006993006993007,1.6382978723404256,1.0,0.0,0.0,1.0,1
4,-0.10416666666666667,0.14652014652014653,16,0.6882453151618398,-0.08791208791208792,0.688,-0.21678321678321677,-0.3617021276595745,1.0,0.0,1.0,0.0,0
5,-0.6875,-0.5714285714285714,18,-0.49744463373083475,-0.37362637362637363,-0.416,-0.7552447552447552,-0.6595744680851063,1.0,0.0,1.0,0.0,1
2,0.375,0.6813186813186813,12,0.7189097103918228,0.8131868131868132,-0.288,0.8391608391608392,0.3191489361702128,0.0,1.0,1.0,0.0,0
4,-0.9375,-0.945054945054945,12,-0.5689948892674617,-0.5714285714285714,-0.592,-0.9020979020979021,-0.8085106382978723,0.0,1.0,1.0,0.0,1
4,0.041666666666666664,-0.2857142857142857,12,-0.19080068143100512,-0.5054945054945055,1.04,-0.2097902097902098,0.2553191489361702,1.0,0.0,0.0,1.0,1
5,-0.125,-0.21978021978021978,20,-1.0119250425894377,-0.08791208791208792,-0.288,-0.1888111888111888,0.2553191489361702,1.0,0.0,0.0,1.0,1
5,0.6041666666666666,1.1135531135531136,18,0.899488926746167,1.3296703296703296,1.664,0.5734265734265734,1.0,1.0,0.0,0.0,1.0,0
0,0.3125,-0.06593406593406594,20,0.4906303236797274,-0.21978021978021978,-0.208,0.6503496503496503,0.3191489361702128,1.0,0.0,1.0,0.0,0
5,-0.7083333333333334,-0.6446886446886447,4,-0.06814310051107325,-0.3956043956043956,-0.304,-0.6013986013986014,-0.46808510638297873,1.0,0.0,0.0,1.0,0
4,-0.875,-0.9304029304029304,20,-0.6337308347529813,-0.5054945054945055,-0.464,-0.8251748251748252,-0.7659574468085106,0.0,1.0,1.0,0.0,1
2,0.14583333333333334,0.6007326007326007,14,0.31686541737649065,0.7142857142857143,-0.56,0.43356643356643354,0.06382978723404255,0.0,1.0,0.0,1.0,0
4,-0.0625,-0.32967032967032966,12,0.10562180579216354,0.3956043956043956,-0.544,0.027972027972027972,0.5106382978723404,0.0,1.0,1.0,0.0,0
4,-0.14583333333333334,-0.3516483516483517,18,0.4395229982964225,-0.3516483516483517,-0.208,0.03496503496503497,-0.02127659574468085,0.0,1.0,1.0,0.0,0
1,0.5208333333333334,0.7326007326007326,12,0.7052810902896082,-0.4725274725274725,1.088,1.097902097902098,0.14893617021276595,0.0,1.0,1.0,0.0,0
4,-0.08333333333333333,0.17582417582417584,4,-0.8143100511073254,-0.2967032967032967,0.144,0.2937062937062937,0.3617021276595745,1.0,0.0,1.0,0.0,0
5,-0.1875,-0.08791208791208792,16,-0.19761499148211242,0.46153846153846156,0.72,-0.14685314685314685,-0.2127659574468085,0.0,1.0,1.0,0.0,1
4,0.8541666666666666,0.989010989010989,12,0.534923339011925,1.934065934065934,0.96,0.5384615384615384,1.7872340425531914,0.0,1.0,0.0,1.0,0
5,-0.1875,-0.38095238095238093,6,0.2555366269165247,-0.0989010989010989,0.288,-0.32867132867132864,0.2553191489361702,1.0,0.0,0.0,1.0,0
0,0.8333333333333334,0.5567765567765568,6,-0.626916524701874,0.1978021978021978,-0.496,0.2517482517482518,1.127659574468085,1.0,0.0,1.0,0.0,1
0,1.0,1.728937728937729,6,-0.10221465076660988,1.2747252747252746,1.008,0.38461538461538464,0.2978723404255319,0.0,1.0,0.0,1.0,0
0,0.5833333333333334,0.5934065934065934,18,-0.32367972742759793,0.10989010989010989,0.528,1.1888111888111887,0.9361702127659575,1.0,0.0,1.0,0.0,1
1,0.8125,0.6007326007326007,10,-0.6507666098807495,-0.6153846153846154,1.904,1.2167832167832169,0.0425531914893617,1.0,0.0,0.0,1.0,1
1,0.020833333333333332,-0.02197802197802198,18,0.16013628620102216,-0.02197802197802198,-0.224,0.2097902097902098,-0.19148936170212766,1.0,0.0,0.0,1.0,0
1,0.9583333333333334,1.413919413919414,10,0.7836456558773425,2.087912087912088,2.0,0.958041958041958,0.44680851063829785,1.0,0.0,1.0,0.0,0
3,-0.7083333333333334,-0.6446886446886447,10,-0.26916524701873934,-0.16483516483516483,-0.128,-0.5594405594405595,-0.7872340425531915,1.0,0.0,0.0,1.0,1
2,0.7708333333333334,0.8864468864468864,16,0.31686541737649065,0.8021978021978022,1.856,0.3986013986013986,1.3617021276595744,1.0,0.0,1.0,0.0,0
2,0.6666666666666666,0.43956043956043955,12,0.4293015332197615,1.8461538461538463,0.848,1.1748251748251748,0.8297872340425532,0.0,1.0,0.0,1.0,0
0,-0.10416666666666667,0.2564102564102564,14,-0.5485519591141397,-0.3076923076923077,-0.56,0.06993006993006994,-0.2553191489361702,1.0,0.0,1.0,0.0,1
5,0.5833333333333334,0.967032967032967,16,0.8654173764906303,1.945054945054945,1.408,0.18181818181818182,1.297872340425532,0.0,1.0,1.0,0.0,0
0,0.7708333333333334,0.7619047619047619,4,-0.6916524701873935,0.6263736263736264,0.048,0.6293706293706294,1.0425531914893618,0.0,1.0,0.0,1.0,1
1,-0.25,-0.4835164835164835,6,-0.5281090289608177,-0.6043956043956044,-0.288,-0.3356643356643357,-0.10638297872340426,1.0,0.0,1.0,0.0,1
5,0.3541666666666667,0.5860805860805861,2,0.6848381601362862,-0.23076923076923078,1.408,0.2517482517482518,1.148936170212766,1.0,0.0,0.0,1.0,0
4,-0.6041666666666666,-0.5567765567765568,20,0.5212947189097104,-0.21978021978021978,0.032,-0.6223776223776224,-0.7021276595744681,0.0,1.0,1.0,0.0,0
5,0.20833333333333334,0.4468864468864469,20,-0.4122657580919932,0.4175824175824176,-0.272,0.16083916083916083,0.2978723404255319,1.0,0.0,1.0,0.0,1
1,0.9375,1.120879120879121,18,-0.42589437819420783,1.4175824175824177,1.84,1.6503496503496504,1.0425531914893618,1.0,0.0,0.0,1.0,1
1,0.6666666666666666,1.2820512820512822,16,0.7189097103918228,1.4175824175824177,-0.16,1.0,0.6382978723404256,1.0,0.0,0.0,1.0,0
4,-0.22916666666666666,-0.26373626373626374,8,0.6405451448040886,-0.5604395604395604,0.16,-0.3006993006993007,-0.3191489361702128,0.0,1.0,0.0,1.0,0
5,-0.3541666666666667,-0.38095238095238093,16,-0.23168654173764908,-0.27472527472527475,0.304,-0.11888111888111888,-0.2765957446808511,0.0,1.0,0.0,1.0,1
3,0.5208333333333334,1.032967032967033,18,0.606473594548552,1.7252747252747254,1.392,1.048951048951049,0.7446808510638298,1.0,0.0,1.0,0.0,0
2,-0.3125,-0.13186813186813187,18,0.7189097103918228,0.32967032967032966,0.064,-0.3006993006993007,-0.0851063829787234,0.0,1.0,0.0,1.0,0
3,0.8125,0.32234432234432236,8,0.30664395229982966,1.3956043956043955,0.128,1.048951048951049,0.574468085106383,0.0,1.0,1.0,0.0,0
3,-0.2708333333333333,-0.18315018315018314,20,-0.8143100511073254,-0.16483516483516483,0.224,-0.2097902097902098,-0.3191489361702128,1.0,0.0,1.0,0.0,1
3,-0.08333333333333333,-0.13186813186813187,16,0.46678023850085176,-0.37362637362637363,0.784,-0.20279720279720279,0.3404255319148936,0.0,1.0,0.0,1.0,0
1,-0.10416666666666667,-0.07326007326007326,18,-0.39522998296422485,0.6153846153846154,0.768,0.06293706293706294,0.19148936170212766,0.0,1.0,0.0,1.0,1
5,-0.14583333333333334,0.08791208791208792,4,0.3339011925042589,-0.16483516483516483,0.416,0.17482517482517482,-0.0851063829787234,1.0,0.0,1.0,0.0,0
0,-0.125,-0.16117216117216118,18,0.39522998296422485,0.5164835164835165,-0.56,-0.3776223776223776,-0.2978723404255319,0.0,1.0,0.0,1.0,0
4,-0.8958333333333334,-0.8644688644688645,16,0.14310051107325383,-0.5164835164835165,-0.368,-0.8601398601398601,-0.8297872340425532,0.0,1.0,0.0,1.0,0
0,-0.5208333333333334,-0.46886446886446886,8,0.40545144804088584,-0.23076923076923078,0.08,-0.5244755244755245,-0.2765957446808511,1.0,0.0,0.0,1.0,0
2,-0.10416666666666667,-0.08058608058608059,16,-0.054514480408858604,0.23076923076923078,0.352,-0.27972027972027974,0.10638297872340426,1.0,0.0,1.0,0.0,0
2,0.8333333333333334,1.47985347985348,20,0.7938671209540034,1.7252747252747254,1.152,1.118881118881119,1.148936170212766,1.0,0.0,0.0,1.0,0
2,-0.20833333333333334,0.07326007326007326,12,0.8006814310051107,-0.01098901098901099,0.176,0.03496503496503497,-0.3829787234042553,1.0,0.0,1.0,0.0,0
3,-0.3333333333333333,-0.11721611721611722,6,-0.7223168654173765,0.054945054945054944,-0.032,-0.09090909090909091,-0.0425531914893617,1.0,0.0,0.0,1.0,1
2,-0.2708333333333333,-0.27106227106227104,10,0.555366269165247,-0.4065934065934066,0.032,-0.4195804195804196,-0.3191489361702128,1.0,0.0,0.0,1.0,0
0,-0.3958333333333333,-0.608058608058608,6,0.9369676320272572,0.12087912087912088,0.24,-0.45454545454545453,-0.19148936170212766,1.0,0.0,1.0,0.0,0
1,-0.625,-0.608058608058608,16,0.9505962521294719,-0.18681318681318682,-0.24,-0.4825174825174825,-0.3404255319148936,1.0,0.0,1.0,0.0,0
5,-0.7083333333333334,-0.6886446886446886,16,0.7393526405451448,-0.42857142857142855,-0.4,-0.7412587412587412,-0.7446808510638298,0.0,1.0,0.0,1.0,0
0,0.6041666666666666,0.47619047619047616,6,-1.0119250425894377,1.1538461538461537,1.296,0.951048951048951,0.8936170212765957,0.0,1.0,0.0,1.0,1
3,0.16666666666666666,0.336996336996337,10,-0.5485519591141397,0.42857142857142855,-0.512,0.25874125874125875,0.0425531914893617,0.0,1.0,0.0,1.0,1
1,0.8125,0.7912087912087912,16,0.17717206132879046,1.8021978021978022,0.816,1.013986013986014,0.574468085106383,0.0,1.0,0.0,1.0,0
1,0.6875,0.7619047619047619,12,0.3100511073253833,-0.03296703296703297,1.792,0.5874125874125874,0.6808510638297872,1.0,0.0,1.0,0.0,0
0,0.1875,-0.10989010989010989,6,-0.7427597955706985,1.2087912087912087,0.624,0.5174825174825175,0.6170212765957447,0.0,1.0,1.0,0.0,1
2,-0.4375,-0.5274725274725275,10,0.37137989778534924,-0.054945054945054944,-0.432,-0.2097902097902098,-0.14893617021276595,0.0,1.0,0.0,1.0,0
1,-0.8125,-0.7326007326007326,20,-0.9540034071550255,-0.3956043956043956,-0.32,-0.8391608391608392,-0.6595744680851063,0.0,1.0,1.0,0.0,1
1,-0.9583333333333334,-0.967032967032967,10,0.9540034071550255,-0.5164835164835165,-0.592,-0.9020979020979021,-0.8936170212765957,0.0,1.0,0.0,1.0,0
1,-0.9583333333333334,-0.967032967032967,6,-0.4735945485519591,-0.4945054945054945,-0.592,-0.8881118881118881,-0.851063829787234,0.0,1.0,1.0,0.0,1
1,0.0,-0.2271062271062271,4,0.4906303236797274,-0.06593406593406594,0.832,-0.03496503496503497,0.5319148936170213,1.0,0.0,0.0,1.0,0
1,0.3958333333333333,0.4175824175824176,14,0.797274275979557,0.23076923076923078,-0.24,0.35664335664335667,0.2127659574468085,0.0,1.0,0.0,1.0,0
2,0.0625,-0.02197802197802198,14,-0.4293015332197615,0.5054945054945055,-0.48,-0.24475524475524477,0.2127659574468085,1.0,0.0,0.0,1.0,1
5,0.125,0.43223443223443225,16,-0.5928449744463373,-0.3076923076923077,-0.288,0.5454545454545454,-0.1276595744680851,1.0,0.0,0.0,1.0,1
1,-0.5625,-0.5128205128205128,12,-0.787052810902896,0.01098901098901099,0.112,-0.5594405594405595,-0.6595744680851063,0.0,1.0,1.0,0.0,1
5,-0.9166666666666666,-0.9743589743589743,20,0.3441226575809199,-0.43956043956043955,-0.592,-0.8671328671328671,-0.8297872340425532,1.0,0.0,0.0,1.0,0
2,-0.1875,-0.32234432234432236,14,-0.6678023850085179,0.03296703296703297,0.128,-0.18181818181818182,-0.425531914893617,1.0,0.0,1.0,0.0,1
0,-0.08333333333333333,-0.2271062271062271,18,-0.14991482112436116,0.2087912087912088,-0.592,0.2867132867132867,-0.40425531914893614,0.0,1.0,1.0,0.0,0
5,-0.0625,0.06593406593406594,10,0.7120954003407155,0.42857142857142855,-0.352,0.22377622377622378,-0.2127659574468085,0.0,1.0,1.0,0.0,0
4,-0.375,-0.358974358974359,14,0.6098807495741057,-0.34065934065934067,-0.592,-0.2937062937062937,-0.48936170212765956,0.0,1.0,1.0,0.0,0
1,0.5208333333333334,0.967032967032967,6,-0.5315161839863713,-0.4725274725274725,-0.48,0.38461538461538464,1.3617021276595744,0.0,1.0,0.0,1.0,1
1,-0.9583333333333334,-0.9377289377289377,8,0.9335604770017035,-0.6043956043956044,-0.56,-0.9440559440559441,-0.8297872340425532,1.0,0.0,0.0,1.0,0
2,-0.0625,0.08791208791208792,20,0.8756388415672913,-0.42857142857142855,-0.064,-0.08391608391608392,0.1276595744680851,0.0,1.0,1.0,0.0,0
1,-0.3125,-0.315018315018315,12,-0.2282793867120954,0.13186813186813187,-0.512,-0.16783216783216784,-0.3829787234042553,0.0,1.0,0.0,1.0,1
3,-0.7916666666666666,-0.7545787545787546,18,-0.6507666098807495,-0.5494505494505495,-0.448,-0.6573426573426573,-0.7021276595744681,1.0,0.0,0.0,1.0,1
1,0.5208333333333334,0.8351648351648352,6,-0.7461669505962522,-0.32967032967032966,-0.4,0.3776223776223776,0.723404255319149,0.0,1.0,0.0,1.0,1
2,0.3125,-0.10989010989010989,20,0.9608177172061328,0.5824175824175825,0.096,0.4195804195804196,0.3617021276595745,1.0,0.0,1.0,0.0,0
0,0.20833333333333334,0.0,18,0.14310051107325383,0.978021978021978,-0.56,0.5874125874125874,0.02127659574468085,1.0,0.0,0.0,1.0,0
4,0.16666666666666666,0.16117216117216118,8,-0.41567291311754684,0.14285714285714285,1.232,0.34265734265734266,-0.2553191489361702,1.0,0.0,1.0,0.0,1
1,-0.6666666666666666,-0.7106227106227107,20,0.14991482112436116,-0.16483516483516483,-0.256,-0.5454545454545454,-0.5957446808510638,0.0,1.0,1.0,0.0,0
4,-0.9791666666666666,-0.9597069597069597,4,0.82793867120954,-0.5824175824175825,-0.592,-0.9090909090909091,-0.8297872340425532,1.0,0.0,1.0,0.0,0
3,0.75,1.2087912087912087,16,0.534923339011925,-0.5714285714285714,-0.304,0.32867132867132864,0.06382978723404255,1.0,0.0,1.0,0.0,1
5,0.8125,1.0769230769230769,4,-0.2453151618398637,0.5274725274725275,0.928,1.4615384615384615,0.2765957446808511,0.0,1.0,1.0,0.0,0
3,0.125,0.3516483516483517,2,-0.9131175468483816,0.1978021978021978,1.104,0.4195804195804196,0.5531914893617021,0.0,1.0,1.0,0.0,0
0,0.08333333333333333,0.05128205128205128,4,0.8722316865417377,-0.10989010989010989,0.928,0.4755244755244755,-0.3404255319148936,0.0,1.0,0.0,1.0,0
3,0.0,-0.26373626373626374,16,0.7597955706984668,0.6813186813186813,-0.128,-0.11888111888111888,-0.3829787234042553,0.0,1.0,1.0,0.0,0
4,0.125,0.3663003663003663,8,0.29982964224872233,0.3516483516483517,-0.24,-0.17482517482517482,-0.3191489361702128,0.0,1.0,1.0,0.0,0
5,0.8541666666666666,0.6813186813186813,10,-0.9131175468483816,0.02197802197802198,1.856,1.4545454545454546,1.3191489361702127,0.0,1.0,1.0,0.0,1
4,0.3541666666666667,0.17582417582417584,2,0.49744463373083475,1.3626373626373627,0.016,0.8741258741258742,1.0425531914893618,0.0,1.0,1.0,0.0,0
5,-0.20833333333333334,-0.3663003663003663,2,-1.008517887563884,0.3516483516483517,0.656,-0.42657342657342656,-0.2978723404255319,0.0,1.0,0.0,1.0,1
4,0.16666666666666666,0.1978021978021978,20,0.1839863713798978,-0.45054945054945056,0.304,-0.11188811188811189,-0.0851063829787234,1.0,0.0,0.0,1.0,0
5,0.625,0.5787545787545788,2,0.6984667802385008,-0.08791208791208792,0.384,0.16083916083916083,0.3191489361702128,1.0,0.0,0.0,1.0,0
3,-0.22916666666666666,-0.3076923076923077,14,0.020442930153321975,-0.38461538461538464,0.512,-0.20279720279720279,0.02127659574468085,0.0,1.0,0.0,1.0,0
2,0.8333333333333334,1.2380952380952381,14,0.25894378194207834,0.5714285714285714,2.064,0.4405594405594406,0.10638297872340426,1.0,0.0,0.0,1.0,0
4,0.8125,1.4725274725274726,4,0.5724020442930153,-0.08791208791208792,0.928,1.3636363636363635,0.6808510638297872,1.0,0.0,1.0,0.0,0
3,0.14583333333333334,-0.13186813186813187,20,-0.9131175468483816,-0.13186813186813187,-0.112,0.04895104895104895,0.7446808510638298,0.0,1.0,1.0,0.0,1
4,0.5833333333333334,0.8278388278388278,14,-0.7836456558773425,0.5824175824175825,1.696,0.916083916083916,0.6595744680851063,1.0,0.0,0.0,1.0,1
5,0.10416666666666667,-0.07326007326007326,4,-0.524701873935264,0.03296703296703297,0.32,0.2937062937062937,-0.0425531914893617,0.0,1.0,1.0,0.0,1
5,-0.4375,-0.20512820512820512,6,0.8313458262350937,0.2857142857142857,-0.24,-0.5244755244755245,-0.46808510638297873,0.0,1.0,1.0,0.0,0
3,-0.8333333333333334,-0.7692307692307693,20,0.8858603066439523,-0.5274725274725275,-0.416,-0.7622377622377622,-0.8297872340425532,1.0,0.0,0.0,1.0,0
2,0.8958333333333334,0.5934065934065934,14,-0.3339011925042589,-0.17582417582417584,2.112,0.7062937062937062,1.4893617021276595,1.0,0.0,0.0,1.0,1
0,0.4166666666666667,0.05860805860805861,18,0.3543441226575809,0.5164835164835165,1.136,0.34965034965034963,0.2765957446808511,1.0,0.0,1.0,0.0,0
0,0.3125,0.2857142857142857,16,0.6780238500851788,0.989010989010989,-0.416,0.5034965034965035,1.1063829787234043,0.0,1.0,0.0,1.0,0
0,0.4791666666666667,0.46153846153846156,6,0.10902896081771721,1.098901098901099,1.648,0.44755244755244755,0.574468085106383,1.0,0.0,1.0,0.0,0
3,-0.9166666666666666,-0.9084249084249084,8,0.04770017035775128,-0.43956043956043955,-0.528,-0.8531468531468531,-0.7659574468085106,1.0,0.0,0.0,1.0,0
0,-0.3125,-0.1684981684981685,2,-1.0323679727427597,-0.04395604395604396,-0.112,-0.02097902097902098,0.19148936170212766,1.0,0.0,1.0,0.0,0
2,0.7291666666666666,1.3113553113553114,4,0.5281090289608177,1.6813186813186813,-0.496,0.23776223776223776,0.5106382978723404,1.0,0.0,0.0,1.0,0
3,0.22916666666666666,0.02197802197802198,14,-0.12265758091993186,-0.4835164835164835,0.864,0.43356643356643354,0.9148936170212766,1.0,0.0,1.0,0.0,0
5,-0.4166666666666667,-0.27106227106227104,12,0.9574105621805792,0.054945054945054944,0.0,-0.16083916083916083,-0.0851063829787234,0.0,1.0,0.0,1.0,0
2,0.5,0.05860805860805861,8,-0.9233390119250426,0.2967032967032967,-0.096,0.6363636363636364,0.19148936170212766,0.0,1.0,1.0,0.0,1
0,-0.4166666666666667,-0.32967032967032966,14,-0.7734241908006815,0.08791208791208792,-0.176,-0.2097902097902098,-0.0425531914893617,0.0,1.0,1.0,0.0,1
0,-0.4375,-0.5934065934065934,2,0.29982964224872233,0.24175824175824176,0.128,-0.3986013986013986,-0.425531914893617,0.0,1.0,1.0,0.0,0
5,-0.08333333333333333,0.20512820512820512,2,-0.272572402044293,0.5494505494505495,0.528,-0.25874125874125875,0.14893617021276595,0.0,1.0,1.0,0.0,0
5,-0.10416666666666667,0.11721611721611722,12,0.9812606473594548,0.03296703296703297,-0.4,-0.26573426573426573,-0.1702127659574468,0.0,1.0,1.0,0.0,0
3,-0.25,-0.30036630036630035,20,0.7427597955706985,-0.43956043956043955,0.416,-0.2517482517482518,-0.1276595744680851,0.0,1.0,1.0,0.0,0
3,0.4375,0.9743589743589743,12,-0.44293015332197616,1.7032967032967032,0.816,0.9230769230769231,0.8936170212765957,1.0,0.0,1.0,0.0,1
3,0.14583333333333334,0.43956043956043955,20,-0.575809199318569,0.3076923076923077,-0.16,0.5594405594405595,0.5319148936170213,0.0,1.0,1.0,0.0,1
0,0.5833333333333334,1.0256410256410255,18,-0.21124361158432708,-0.5714285714285714,0.032,0.5384615384615384,0.46808510638297873,1.0,0.0,1.0,0.0,1
1,0.6875,1.120879120879121,16,-0.43270868824531517,1.1538461538461537,-0.208,1.2657342657342658,0.6382978723404256,0.0,1.0,1.0,0.0,1
4,-0.9791666666666666,-1.010989010989011,16,0.27938671209540034,-0.5604395604395604,-0.544,-0.9300699300699301,-0.8297872340425532,1.0,0.0,1.0,0.0,0
2,-0.5625,-0.7106227106227107,4,0.9710391822827938,0.08791208791208792,0.096,-0.6643356643356644,-0.23404255319148937,0.0,1.0,0.0,1.0,0
2,-0.4166666666666667,-0.5347985347985348,14,-0.3373083475298126,-0.26373626373626374,-0.592,-0.5174825174825175,-0.6382978723404256,1.0,0.0,1.0,0.0,1
4,0.16666666666666666,-0.20512820512820512,8,-0.42248722316865417,0.5934065934065934,-0.4,0.07692307692307693,-0.1276595744680851,1.0,0.0,0.0,1.0,1
4,0.3958333333333333,0.7252747252747253,18,-0.9710391822827938,-0.14285714285714285,-0.32,0.11888111888111888,-0.19148936170212766,1.0,0.0,1.0,0.0,1
4,-0.8333333333333334,-0.8058608058608059,14,0.3679727427597956,-0.34065934065934067,-0.512,-0.7692307692307693,-0.8297872340425532,1.0,0.0,0.0,1.0,0
4,0.0625,-0.14652014652014653,18,0.6235093696763203,-0.5824175824175825,-0.192,0.44755244755244755,0.44680851063829785,0.0,1.0,1.0,0.0,0
3,-0.1875,-0.358974358974359,16,0.8109028960817717,0.24175824175824176,-0.544,0.14685314685314685,0.1276595744680851,0.0,1.0,0.0,1.0,0
0,0.08333333333333333,0.15384615384615385,18,0.7700170357751278,-0.01098901098901099,-0.384,-0.1258741258741259,0.2978723404255319,1.0,0.0,0.0,1.0,0
2,-0.10416666666666667,0.014652014652014652,6,-0.6575809199318569,0.8021978021978022,0.496,0.1048951048951049,0.2765957446808511,1.0,0.0,1.0,0.0,1
5,0.2916666666666667,0.2564102564102564,10,-0.82793867120954,1.10989010989011,1.104,0.3916083916083916,0.3404255319148936,1.0,0.0,0.0,1.0,1
1,-0.3333333333333333,-0.3663003663003663,4,-0.6984667802385008,-0.42857142857142855,0.368,-0.46853146853146854,0.02127659574468085,0.0,1.0,0.0,1.0,1
1,-0.8333333333333334,-0.7912087912087912,8,0.5996592844974447,-0.5494505494505495,-0.304,-0.7412587412587412,-0.6170212765957447,0.0,1.0,0.0,1.0,0
3,-0.6458333333333334,-0.7619047619047619,6,0.7768313458262351,-0.4725274725274725,-0.32,-0.5384615384615384,-0.7021276595744681,1.0,0.0,1.0,0.0,0
4,0.3333333333333333,0.3076923076923077,2,0.49744463373083475,1.098901098901099,0.672,0.3706293706293706,0.8723404255319149,0.0,1.0,1.0,0.0,0
1,0.22916666666666666,0.47619047619047616,10,-0.46337308347529815,1.098901098901099,1.088,0.6223776223776224,0.1702127659574468,0.0,1.0,1.0,0.0,1
3,-0.9583333333333334,-0.9304029304029304,18,0.05110732538330494,-0.6263736263736264,-0.496,-0.951048951048951,-0.8723404255319149,1.0,0.0,0.0,1.0,0
5,0.6041666666666666,0.6227106227106227,20,-0.4838160136286201,0.03296703296703297,-0.208,1.027972027972028,0.574468085106383,1.0,0.0,1.0,0.0,1
0,-0.20833333333333334,-0.17582417582417584,8,-0.6337308347529813,-0.31868131868131866,-0.24,-0.40559440559440557,-0.2553191489361702,0.0,1.0,0.0,1.0,1
4,-0.375,-0.20512820512820512,2,0.8313458262350937,0.24175824175824176,-0.208,-0.17482517482517482,-0.3191489361702128,0.0,1.0,1.0,0.0,0
2,-0.2916666666666667,-0.08058608058608059,4,0.7393526405451448,-0.0989010989010989,-0.336,-0.04195804195804196,0.1702127659574468,0.0,1.0,1.0,0.0,0
0,-0.5416666666666666,-0.5787545787545788,16,-0.11584327086882454,-0.12087912087912088,-0.048,-0.5874125874125874,-0.6808510638297872,0.0,1.0,0.0,1.0,0
3,-0.4166666666666667,-0.2490842490842491,16,0.8926746166950597,-0.21978021978021978,0.144,-0.5594405594405595,-0.06382978723404255,1.0,0.0,1.0,0.0,0
4,0.25,-0.007326007326007326,10,-0.8654173764906303,-0.1978021978021978,1.376,0.13286713286713286,0.2553191489361702,1.0,0.0,0.0,1.0,1
1,0.4791666666666667,0.336996336996337,20,-0.6405451448040886,-0.37362637362637363,0.176,1.020979020979021,0.5319148936170213,1.0,0.0,1.0,0.0,1
4,0.16666666666666666,0.02197802197802198,14,0.8654173764906303,-0.32967032967032966,0.928,0.0979020979020979,-0.2127659574468085,0.0,1.0,1.0,0.0,0
0,-0.6875,-0.5934065934065934,12,0.42589437819420783,-0.23076923076923078,-0.592,-0.5944055944055944,-0.5531914893617021,0.0,1.0,0.0,1.0,0
5,-0.75,-0.7765567765567766,12,-0.8620102214650767,-0.2967032967032967,-0.288,-0.7132867132867133,-0.7021276595744681,0.0,1.0,0.0,1.0,1
0,0.5833333333333334,0.652014652014652,20,0.5008517887563884,1.2307692307692308,1.856,0.46153846153846156,-0.10638297872340426,1.0,0.0,0.0,1.0,0
0,0.16666666666666666,0.03663003663003663,10,0.6507666098807495,0.04395604395604396,0.096,0.02097902097902098,0.19148936170212766,1.0,0.0,0.0,1.0,0
2,-0.25,-0.46153846153846156,18,-0.272572402044293,-0.5274725274725275,-0.544,-0.32867132867132864,-0.46808510638297873,0.0,1.0,0.0,1.0,1
5,-0.6666666666666666,-0.5201465201465202,20,0.38160136286201024,-0.054945054945054944,-0.144,-0.5664335664335665,-0.3617021276595745,0.0,1.0,1.0,0.0,0
1,-0.5625,-0.46153846153846156,6,0.27597955706984667,-0.01098901098901099,-0.032,-0.6503496503496503,-0.46808510638297873,1.0,0.0,0.0,1.0,0
1,-0.625,-0.47619047619047616,6,0.7291311754684838,-0.10989010989010989,-0.128,-0.6783216783216783,-0.3404255319148936,1.0,0.0,1.0,0.0,0
4,-0.3125,-0.16117216117216118,14,-0.5996592844974447,0.5274725274725275,-0.208,-0.38461538461538464,-0.40425531914893614,0.0,1.0,1.0,0.0,1
0,-0.1875,-0.4175824175824176,14,0.6575809199318569,-0.2857142857142857,-0.336,-0.09090909090909091,0.06382978723404255,0.0,1.0,0.0,1.0,0
1,0.10416666666666667,-0.21245421245421245,10,0.5826235093696763,0.5934065934065934,0.096,-0.1048951048951049,0.425531914893617,1.0,0.0,1.0,0.0,0
4,-0.0625,-0.2783882783882784,12,0.7836456558773425,-0.2857142857142857,0.048,0.1258741258741259,0.5531914893617021,1.0,0.0,1.0,0.0,0
5,0.16666666666666666,0.5860805860805861,18,0.0919931856899489,-0.3626373626373626,0.08,0.13286713286713286,0.48936170212765956,0.0,1.0,0.0,1.0,0
2,0.10416666666666667,0.3956043956043956,10,-0.8040885860306644,0.8901098901098901,0.208,0.3146853146853147,0.3191489361702128,0.0,1.0,0.0,1.0,1
4,0.4166666666666667,1.0036630036630036,6,0.8415672913117547,0.0,0.544,0.7972027972027972,1.1063829787234043,1.0,0.0,1.0,0.0,0
2,0.1875,-0.05128205128205128,4,-0.23850085178875638,-0.2857142857142857,0.944,0.0,-0.0851063829787234,1.0,0.0,1.0,0.0,1
3,-0.16666666666666666,-0.43956043956043955,8,0.9471890971039182,0.38461538461538464,0.24,0.027972027972027972,0.2127659574468085,1.0,0.0,1.0,0.0,0
0,-0.4375,-0.24175824175824176,16,-0.42589437819420783,0.0,-0.272,-0.3356643356643357,-0.5319148936170213,1.0,0.0,1.0,0.0,1
1,0.8333333333333334,1.216117216117216,4,-0.32367972742759793,0.7912087912087912,1.28,1.1538461538461537,0.7021276595744681,1.0,0.0,1.0,0.0,0
1,0.5833333333333334,0.6886446886446886,12,0.899488926746167,1.6373626373626373,1.008,1.1258741258741258,1.0425531914893618,1.0,0.0,1.0,0.0,0
1,0.16666666666666666,0.15384615384615385,16,-1.0051107325383304,0.02197802197802198,0.816,0.3146853146853147,0.1702127659574468,1.0,0.0,0.0,1.0,1
5,0.041666666666666664,0.29304029304029305,4,-0.7393526405451448,-0.31868131868131866,0.96,-0.1888111888111888,-0.06382978723404255,1.0,0.0,0.0,1.0,0
3,0.3958333333333333,0.04395604395604396,2,0.36115843270868825,0.5164835164835165,1.408,0.42657342657342656,-0.10638297872340426,0.0,1.0,0.0,1.0,0
4,-0.6041666666666666,-0.46886446886446886,14,0.4565587734241908,0.02197802197802198,-0.144,-0.44755244755244755,-0.6595744680851063,0.0,1.0,0.0,1.0,0
3,-0.3125,-0.10256410256410256,16,-0.1567291311754685,0.46153846153846156,0.048,-0.32867132867132864,-0.5106382978723404,0.0,1.0,0.0,1.0,0
0,-0.5625,-0.6373626373626373,10,0.16013628620102216,-0.054945054945054944,0.0,-0.6503496503496503,-0.46808510638297873,1.0,0.0,0.0,1.0,0
3,-0.625,-0.46886446886446886,6,0.514480408858603,-0.5164835164835165,-0.128,-0.6783216783216783,-0.7446808510638298,1.0,0.0,1.0,0.0,0
1,1.0,0.8131868131868132,2,-0.8960817717206133,1.098901098901099,2.416,1.0419580419580419,1.553191489361702,0.0,1.0,0.0,1.0,1
3,0.041666666666666664,0.24175824175824176,2,-0.07836456558773425,0.5054945054945055,0.432,-0.2097902097902098,-0.19148936170212766,1.0,0.0,0.0,1.0,0
4,-0.9583333333333334,-0.9743589743589743,18,0.5417376490630323,-0.46153846153846156,-0.592,-0.9090909090909091,-0.8936170212765957,0.0,1.0,0.0,1.0,0
1,0.9791666666666666,1.5677655677655677,12,0.08858603066439523,2.4615384615384617,0.064,1.062937062937063,1.425531914893617,0.0,1.0,0.0,1.0,0
0,-0.6458333333333334,-0.6153846153846154,14,0.034071550255536626,-0.6043956043956044,-0.304,-0.6433566433566433,-0.6808510638297872,1.0,0.0,1.0,0.0,0
1,-0.9375,-0.9304029304029304,8,-0.5383304940374787,-0.4835164835164835,-0.576,-0.9090909090909091,-0.8936170212765957,1.0,0.0,0.0,1.0,1
2,-0.6875,-0.7912087912087912,4,0.5928449744463373,-0.054945054945054944,-0.16,-0.6993006993006993,-0.6595744680851063,1.0,0.0,1.0,0.0,0
0,-0.5833333333333334,-0.4908424908424908,10,-0.5894378194207837,0.10989010989010989,-0.144,-0.45454545454545453,-0.5531914893617021,1.0,0.0,0.0,1.0,1
0,-0.5625,-0.7032967032967034,14,-0.07836456558773425,0.03296703296703297,0.112,-0.6363636363636364,-0.2765957446808511,0.0,1.0,1.0,0.0,0
4,0.9166666666666666,0.652014652014652,14,-0.7597955706984668,1.901098901098901,0.48,0.7342657342657343,0.5957446808510638,1.0,0.0,0.0,1.0,1
1,0.5,1.1135531135531136,18,0.5689948892674617,-0.46153846153846156,0.24,0.9370629370629371,0.8936170212765957,1.0,0.0,0.0,1.0,0
4,0.6875,0.6446886446886447,12,-0.8620102214650767,1.4395604395604396,0.864,0.9020979020979021,0.46808510638297873,1.0,0.0,1.0,0.0,1
0,0.6875,0.7106227106227107,4,0.6201022146507666,0.6923076923076923,1.024,0.8391608391608392,0.851063829787234,1.0,0.0,1.0,0.0,0
0,0.5,0.09523809523809523,2,-0.23168654173764908,1.3076923076923077,0.32,0.6293706293706294,0.0,1.0,0.0,1.0,0.0,1
0,-0.6458333333333334,-0.5567765567765568,6,0.21465076660988075,-0.6153846153846154,-0.4,-0.7202797202797203,-0.6595744680851063,0.0,1.0,1.0,0.0,1
3,-0.375,-0.3076923076923077,12,0.7257240204429302,0.16483516483516483,0.416,-0.1958041958041958,0.0851063829787234,1.0,0.0,0.0,1.0,0
2,-0.6458333333333334,-0.7765567765567766,14,-0.3441226575809199,-0.07692307692307693,-0.352,-0.6433566433566433,-0.6808510638297872,0.0,1.0,1.0,0.0,1
4,0.25,0.029304029304029304,18,0.5008517887563884,-0.5274725274725275,0.448,0.055944055944055944,0.6808510638297872,1.0,0.0,1.0,0.0,0
0,-0.5416666666666666,-0.4249084249084249,14,-0.7291311754684838,0.18681318681318682,-0.368,-0.42657342657342656,-0.19148936170212766,0.0,1.0,0.0,1.0,1
4,-0.25,-0.29304029304029305,2,-0.5587734241908007,-0.5824175824175825,0.624,0.013986013986013986,-0.425531914893617,1.0,0.0,0.0,1.0,1
2,-0.9583333333333334,-0.9743589743589743,4,-0.5996592844974447,-0.46153846153846156,-0.512,-0.8951048951048951,-0.8297872340425532,1.0,0.0,0.0,1.0,1
1,-0.6458333333333334,-0.6593406593406593,14,-0.11584327086882454,-0.06593406593406594,-0.416,-0.46853146853146854,-0.6170212765957447,1.0,0.0,0.0,1.0,0
0,-0.7916666666666666,-0.7838827838827839,16,0.29642248722316866,-0.21978021978021978,-0.32,-0.6923076923076923,-0.7872340425531915,0.0,1.0,1.0,0.0,0
2,0.7291666666666666,0.5201465201465202,4,-0.5928449744463373,-0.01098901098901099,1.136,1.1398601398601398,0.3191489361702128,0.0,1.0,1.0,0.0,1
0,-0.875,-0.8424908424908425,4,-0.8449744463373083,-0.42857142857142855,-0.576,-0.8111888111888111,-0.851063829787234,1.0,0.0,0.0,1.0,0
0,-0.041666666666666664,0.12454212454212454,14,-0.42248722316865417,-0.43956043956043955,0.432,0.27972027972027974,-0.3829787234042553,1.0,0.0,1.0,0.0,1
4,-0.25,-0.336996336996337,10,-0.24872231686541738,0.5824175824175825,-0.56,-0.16083916083916083,-0.5531914893617021,0.0,1.0,1.0,0.0,1
0,-0.4583333333333333,-0.2783882783882784,20,0.3100511073253833,0.08791208791208792,-0.56,-0.27972027972027974,-0.5106382978723404,1.0,0.0,0.0,1.0,0
4,0.875,1.531135531135531,6,-0.19080068143100512,-0.3076923076923077,2.256,0.8671328671328671,2.0,1.0,0.0,0.0,1.0,1
4,0.25,-0.08791208791208792,2,-0.3373083475298126,0.5384615384615384,1.152,-0.006993006993006993,1.0425531914893618,1.0,0.0,1.0,0.0,1
4,-0.8333333333333334,-0.8058608058608059,8,0.30664395229982966,-0.3516483516483517,-0.384,-0.7552447552447552,-0.6382978723404256,1.0,0.0,1.0,0.0,0
4,-0.08333333333333333,-0.11721611721611722,6,-0.1737649063032368,0.0,0.736,-0.1888111888111888,-0.44680851063829785,1.0,0.0,0.0,1.0,0
1,-0.8541666666666666,-0.8351648351648352,2,0.3645655877342419,-0.6043956043956044,-0.56,-0.7902097902097902,-0.7659574468085106,0.0,1.0,0.0,1.0,0
1,0.5,0.7619047619047619,18,0.08517887563884156,-0.23076923076923078,-0.24,0.4965034965034965,0.0425531914893617,1.0,0.0,0.0,1.0,0
0,0.7708333333333334,0.6593406593406593,8,0.37137989778534924,-0.5714285714285714,1.216,0.32867132867132864,1.4042553191489362,1.0,0.0,0.0,1.0,0
2,0.9166666666666666,0.7912087912087912,16,-0.5178875638841567,1.4725274725274726,-0.128,1.3426573426573427,1.4680851063829787,0.0,1.0,1.0,0.0,1
2,0.5,0.5714285714285714,14,0.313458262350937,0.27472527472527475,0.032,0.04895104895104895,1.0425531914893618,0.0,1.0,1.0,0.0,0
1,0.0,0.05128205128205128,4,0.4020442930153322,0.15384615384615385,0.384,0.04895104895104895,0.2978723404255319,0.0,1.0,1.0,0.0,0
3,-0.3125,-0.43956043956043955,20,0.034071550255536626,0.4175824175824176,-0.544,-0.3006993006993007,-0.2553191489361702,1.0,0.0,1.0,0.0,0
5,-0.020833333333333332,-0.16117216117216118,14,-0.9812606473594548,0.1978021978021978,0.784,0.16783216783216784,-0.10638297872340426,0.0,1.0,1.0,0.0,1
2,-0.25,0.007326007326007326,16,-0.82793867120954,-0.32967032967032966,-0.56,-0.4405594405594406,-0.3404255319148936,1.0,0.0,1.0,0.0,1
2,-0.020833333333333332,0.3516483516483517,12,-0.9812606473594548,0.42857142857142855,-0.336,0.23776223776223776,0.3404255319148936,1.0,0.0,1.0,0.0,1
5,-0.2708333333333333,-0.30036630036630035,10,0.5315161839863713,-0.4175824175824176,0.48,-0.45454545454545453,0.1702127659574468,0.0,1.0,1.0,0.0,0
1,0.5208333333333334,0.3443223443223443,20,0.7904599659284497,0.02197802197802198,-0.224,0.5174825174825175,0.7872340425531915,1.0,0.0,0.0,1.0,0
2,-0.6666666666666666,-0.7032967032967034,14,0.12947189097103917,-0.5054945054945055,-0.448,-0.6363636363636364,-0.44680851063829785,1.0,0.0,0.0,1.0,0
1,-0.4166666666666667,-0.5128205128205128,20,-0.8756388415672913,-0.5384615384615384,0.144,-0.45454545454545453,-0.02127659574468085,1.0,0.0,1.0,0.0,1
4,0.9583333333333334,0.9010989010989011,10,-0.48722316865417375,0.6373626373626373,0.032,1.1748251748251748,1.0212765957446808,1.0,0.0,1.0,0.0,1
3,0.041666666666666664,0.1684981684981685,2,-0.8620102214650767,1.120879120879121,-0.096,-0.02097902097902098,0.48936170212765956,1.0,0.0,0.0,1.0,0
5,0.10416666666666667,0.4175824175824176,4,0.575809199318569,0.5494505494505495,0.368,-0.06993006993006994,0.6595744680851063,1.0,0.0,1.0,0.0,0
5,-0.14583333333333334,-0.4175824175824176,4,0.5383304940374787,0.27472527472527475,-0.432,-0.027972027972027972,-0.3191489361702128,0.0,1.0,0.0,1.0,0
0,-0.5625,-0.6813186813186813,16,-0.4122657580919932,-0.01098901098901099,0.08,-0.43356643356643354,-0.40425531914893614,1.0,0.0,1.0,0.0,1
5,0.6041666666666666,1.0622710622710623,4,0.18739352640545145,0.5494505494505495,0.784,0.993006993006993,0.02127659574468085,0.0,1.0,0.0,1.0,0
3,-1.0208333333333333,-1.0183150183150182,18,-0.262350936967632,-0.5714285714285714,-0.576,-0.986013986013986,-0.9574468085106383,0.0,1.0,0.0,1.0,1
2,0.20833333333333334,-0.1684981684981685,18,0.3202725724020443,0.9340659340659341,0.864,-0.13986013986013987,-0.2127659574468085,0.0,1.0,0.0,1.0,0
2,-0.875,-0.8864468864468864,16,-0.4940374787052811,-0.6263736263736264,-0.576,-0.7972027972027972,-0.723404255319149,1.0,0.0,0.0,1.0,1
2,-0.20833333333333334,-0.2564102564102564,8,-0.7257240204429302,-0.5274725274725275,-0.096,-0.3146853146853147,-0.23404255319148937,0.0,1.0,1.0,0.0,1
4,-0.22916666666666666,-0.4542124542124542,8,0.38841567291311757,0.1978021978021978,0.192,-0.1888111888111888,-0.10638297872340426,1.0,0.0,0.0,1.0,0
2,0.9583333333333334,1.1428571428571428,14,0.565587734241908,1.989010989010989,1.584,0.8251748251748252,0.6382978723404256,0.0,1.0,1.0,0.0,0
4,0.10416666666666667,0.4175824175824176,20,-0.02385008517887564,-0.054945054945054944,1.152,-0.13286713286713286,0.723404255319149,1.0,0.0,1.0,0.0,0
2,0.2708333333333333,0.6959706959706959,6,-0.03747870528109029,-0.34065934065934067,0.416,0.3916083916083916,0.3191489361702128,1.0,0.0,0.0,1.0,0
3,-0.9583333333333334,-0.9597069597069597,6,-0.7189097103918228,-0.46153846153846156,-0.56,-0.8951048951048951,-0.8297872340425532,1.0,0.0,1.0,0.0,1
2,0.5833333333333334,0.5787545787545788,6,-0.10902896081771721,0.27472527472527475,0.256,0.23076923076923078,0.7659574468085106,0.0,1.0,0.0,1.0,0
0,-0.1875,-0.315018315018315,10,-0.33049403747870526,0.4065934065934066,0.128,-0.15384615384615385,0.3191489361702128,1.0,0.0,1.0,0.0,1
1,-0.5833333333333334,-0.5860805860805861,18,-0.30664395229982966,-0.10989010989010989,-0.448,-0.3916083916083916,-0.6170212765957447,0.0,1.0,1.0,0.0,1
3,0.5,0.24175824175824176,2,0.262350936967632,0.15384615384615385,1.296,0.7272727272727273,0.3829787234042553,1.0,0.0,0.0,1.0,0
1,0.10416666666666667,-0.06593406593406594,8,-0.38160136286201024,0.4945054945054945,0.0,0.2727272727272727,-0.06382978723404255,0.0,1.0,0.0,1.0,1
5,-0.25,-0.04395604395604396,4,0.3577512776831346,-0.5384615384615384,-0.304,0.06993006993006994,0.14893617021276595,0.0,1.0,1.0,0.0,0
0,-0.6875,-0.7838827838827839,2,0.5485519591141397,-0.37362637362637363,-0.48,-0.7762237762237763,-0.7021276595744681,0.0,1.0,0.0,1.0,0
0,-0.4375,-0.4542124542124542,10,-0.8245315161839863,0.23076923076923078,-0.56,-0.5104895104895105,-0.574468085106383,1.0,0.0,1.0,0.0,1
5,0.8541666666666666,1.47985347985348,12,0.6780238500851788,1.8021978021978022,1.168,0.36363636363636365,1.702127659574468,1.0,0.0,1.0,0.0,0
4,-0.6458333333333334,-0.7545787545787546,8,-0.7836456558773425,-0.3956043956043956,-0.16,-0.4825174825174825,-0.48936170212765956,1.0,0.0,1.0,0.0,1
4,0.5833333333333334,0.9010989010989011,14,-0.534923339011925,1.3516483516483517,0.576,0.13286713286713286,0.7872340425531915,1.0,0.0,0.0,1.0,1
2,0.5625,0.1684981684981685,6,0.504258943781942,1.2967032967032968,0.416,0.40559440559440557,1.5319148936170213,0.0,1.0,1.0,0.0,0
4,0.14583333333333334,-0.04395604395604396,16,-0.24872231686541738,-0.1978021978021978,1.216,0.5314685314685315,0.19148936170212766,1.0,0.0,1.0,0.0,1
2,0.020833333333333332,-0.08058608058608059,2,0.5928449744463373,0.15384615384615385,0.24,0.06293706293706294,0.3404255319148936,1.0,0.0,1.0,0.0,0
5,-1.0,-1.0256410256410255,4,-0.6303236797274276,-0.5604395604395604,-0.56,-0.972027972027972,-0.9148936170212766,0.0,1.0,1.0,0.0,1
1,-0.75,-0.6373626373626373,16,-0.6916524701873935,-0.15384615384615385,-0.208,-0.6853146853146853,-0.6382978723404256,0.0,1.0,0.0,1.0,1
4,-0.4583333333333333,-0.4175824175824176,18,0.7632027257240205,-0.5714285714285714,-0.048,-0.23776223776223776,-0.6170212765957447,0.0,1.0,0.0,1.0,0
0,-0.7708333333333334,-0.673992673992674,8,-0.03747870528109029,-0.16483516483516483,-0.528,-0.7202797202797203,-0.7872340425531915,1.0,0.0,1.0,0.0,0
2,-0.7291666666666666,-0.6007326007326007,4,0.626916524701874,-0.5054945054945055,-0.544,-0.6363636363636364,-0.723404255319149,0.0,1.0,0.0,1.0,0
1,0.625,1.010989010989011,6,0.4804088586030664,1.6153846153846154,1.088,0.5034965034965035,0.6808510638297872,1.0,0.0,1.0,0.0,0
3,-0.5416666666666666,-0.4249084249084249,12,-0.22146507666098808,-0.07692307692307693,-0.304,-0.38461538461538464,-0.2553191489361702,0.0,1.0,0.0,1.0,1
3,0.375,0.5934065934065934,4,0.16013628620102216,-0.5164835164835165,1.552,0.06293706293706294,0.40425531914893614,0.0,1.0,1.0,0.0,0
4,-0.4791666666666667,-0.6666666666666666,8,0.9267461669505963,0.14285714285714285,0.048,-0.6013986013986014,-0.2553191489361702,1.0,0.0,0.0,1.0,0
0,-0.75,-0.7106227106227107,12,0.1635434412265758,-0.43956043956043955,-0.144,-0.6993006993006993,-0.7872340425531915,0.0,1.0,1.0,0.0,0
3,-0.8958333333333334,-0.8571428571428571,10,0.13969335604770017,-0.5494505494505495,-0.512,-0.8181818181818182,-0.8723404255319149,0.0,1.0,0.0,1.0,0
5,0.1875,-0.18315018315018314,20,0.8347529812606473,0.9120879120879121,0.176,0.23776223776223776,-0.19148936170212766,0.0,1.0,0.0,1.0,0
0,-0.6875,-0.5860805860805861,10,0.4565587734241908,-0.06593406593406594,-0.272,-0.6013986013986014,-0.6382978723404256,0.0,1.0,1.0,0.0,0
3,0.75,1.3919413919413919,14,-0.9846678023850085,0.23076923076923078,1.008,0.4965034965034965,0.3617021276595745,1.0,0.0,0.0,1.0,1
0,-0.08333333333333333,0.21245421245421245,2,0.3339011925042589,-0.02197802197802198,-0.224,-0.20279720279720279,0.5319148936170213,1.0,0.0,1.0,0.0,0
2,0.7916666666666666,1.2893772893772895,12,-0.7529812606473595,-0.6153846153846154,1.216,0.4125874125874126,0.19148936170212766,0.0,1.0,0.0,1.0,1
2,0.5208333333333334,1.0036630036630036,12,0.6712095400340715,1.5494505494505495,1.776,0.06993006993006994,0.7021276595744681,1.0,0.0,1.0,0.0,0
5,-0.25,-0.46153846153846156,18,-0.010221465076660987,-0.18681318681318682,-0.496,-0.2937062937062937,0.23404255319148937,0.0,1.0,0.0,1.0,0
5,0.9166666666666666,0.5201465201465202,16,-1.008517887563884,2.4065934065934065,-0.16,0.972027972027972,1.1063829787234043,1.0,0.0,0.0,1.0,1
0,-0.6666666666666666,-0.652014652014652,18,0.3270868824531516,-0.01098901098901099,-0.56,-0.5664335664335665,-0.5319148936170213,0.0,1.0,0.0,1.0,0
3,-0.875,-0.9230769230769231,18,0.575809199318569,-0.3626373626373626,-0.48,-0.7762237762237763,-0.7872340425531915,0.0,1.0,0.0,1.0,0
0,-0.7083333333333334,-0.652014652014652,12,-0.616695059625213,-0.24175824175824176,-0.416,-0.5664335664335665,-0.7659574468085106,0.0,1.0,1.0,0.0,1
0,-0.14583333333333334,-0.29304029304029305,20,0.17035775127768313,0.13186813186813187,0.144,0.15384615384615385,0.19148936170212766,1.0,0.0,1.0,0.0,0
0,-1.0208333333333333,-1.0476190476190477,6,-0.4463373083475298,-0.5714285714285714,-0.576,-0.972027972027972,-0.9574468085106383,0.0,1.0,1.0,0.0,1
4,0.9583333333333334,0.8498168498168498,4,-0.28960817717206133,2.2637362637362637,-0.592,0.5524475524475524,2.021276595744681,0.0,1.0,1.0,0.0,1
1,0.7291666666666666,0.9743589743589743,20,-0.6405451448040886,0.7252747252747253,1.776,0.8741258741258742,0.723404255319149,1.0,0.0,0.0,1.0,1
0,0.0,-0.21978021978021978,10,-1.0051107325383304,0.34065934065934067,-0.384,-0.2727272727272727,0.5319148936170213,0.0,1.0,0.0,1.0,1
0,-0.10416666666666667,-0.19047619047619047,12,-0.3747870528109029,-0.12087912087912088,-0.48,0.11188811188811189,-0.19148936170212766,1.0,0.0,0.0,1.0,1
0,0.20833333333333334,0.6593406593406593,20,0.8620102214650767,-0.25274725274725274,0.24,0.21678321678321677,0.40425531914893614,1.0,0.0,1.0,0.0,0
0,-0.9583333333333334,-0.9523809523809523,18,0.8926746166950597,-0.46153846153846156,-0.528,-0.951048951048951,-0.9148936170212766,1.0,0.0,1.0,0.0,0
3,-0.7916666666666666,-0.8571428571428571,8,0.44293015332197616,-0.1978021978021978,-0.288,-0.7552447552447552,-0.574468085106383,1.0,0.0,1.0,0.0,0
4,-0.8333333333333334,-0.8717948717948718,18,-1.028960817717206,-0.3076923076923077,-0.336,-0.7902097902097902,-0.6382978723404256,1.0,0.0,0.0,1.0,1
2,0.875,1.2967032967032968,4,-0.05792163543441227,0.9560439560439561,0.432,1.5664335664335665,1.2553191489361701,0.0,1.0,1.0,0.0,0
1,-0.8541666666666666,-0.8351648351648352,4,0.9710391822827938,-0.3956043956043956,-0.352,-0.8671328671328671,-0.6808510638297872,1.0,0.0,0.0,1.0,0
5,0.4583333333333333,0.3663003663003663,10,-0.7836456558773425,0.5274725274725275,0.16,0.34265734265734266,1.297872340425532,1.0,0.0,0.0,1.0,1
0,0.7708333333333334,0.41025641025641024,4,-0.5792163543441227,1.1428571428571428,0.08,1.1118881118881119,1.6808510638297873,1.0,0.0,1.0,0.0,1
1,1.0,1.4285714285714286,14,-0.7904599659284497,2.065934065934066,0.544,1.027972027972028,0.3617021276595745,1.0,0.0,0.0,1.0,1
1,-0.2916666666666667,-0.16117216117216118,12,-0.9301533219761499,-0.24175824175824176,-0.432,-0.2937062937062937,-0.3617021276595745,1.0,0.0,0.0,1.0,1
5,-0.8333333333333334,-0.8644688644688645,10,0.14991482112436116,-0.31868131868131866,-0.272,-0.7202797202797203,-0.6595744680851063,0.0,1.0,0.0,1.0,0
1,0.875,0.945054945054945,6,-0.8143100511073254,0.7252747252747253,1.616,0.7482517482517482,1.3404255319148937,0.0,1.0,1.0,0.0,1
2,-1.0,-1.010989010989011,18,0.7359454855195912,-0.5824175824175825,-0.544,-0.958041958041958,-0.8723404255319149,1.0,0.0,1.0,0.0,0
5,0.3333333333333333,0.7912087912087912,14,0.7393526405451448,0.5164835164835165,0.704,0.2727272727272727,-0.1276595744680851,1.0,0.0,0.0,1.0,0
3,0.8125,0.8864468864468864,14,0.11925042589437819,-0.03296703296703297,-0.592,1.167832167832168,0.14893617021276595,0.0,1.0,1.0,0.0,0
0,-0.8333333333333334,-0.8644688644688645,18,-0.58603066439523,-0.5604395604395604,-0.544,-0.7202797202797203,-0.6595744680851063,1.0,0.0,0.0,1.0,1
5,0.2916666666666667,0.5128205128205128,10,-0.626916524701874,-0.43956043956043955,1.152,0.5384615384615384,0.44680851063829785,0.0,1.0,1.0,0.0,1
2,0.10416666666666667,0.32967032967032966,8,-0.8620102214650767,-0.31868131868131866,-0.4,-0.027972027972027972,-0.06382978723404255,1.0,0.0,0.0,1.0,1
4,0.9583333333333334,1.2967032967032968,18,-0.7359454855195912,0.6593406593406593,1.696,0.3776223776223776,0.19148936170212766,0.0,1.0,0.0,1.0,1
5,0.6666666666666666,0.4468864468864469,2,-0.22487223168654175,0.3076923076923077,1.696,0.35664335664335667,0.7021276595744681,0.0,1.0,1.0,0.0,1
1,-0.4166666666666667,-0.5860805860805861,20,0.797274275979557,-0.17582417582417584,0.08,-0.16083916083916083,-0.0425531914893617,0.0,1.0,1.0,0.0,0
4,0.6875,1.032967032967033,14,0.9369676320272572,1.956043956043956,0.736,0.6503496503496503,0.8723404255319149,1.0,0.0,1.0,0.0,0
3,-1.0,-1.0256410256410255,6,0.9982964224872232,-0.5824175824175825,-0.528,-0.9790209790209791,-0.8723404255319149,0.0,1.0,1.0,0.0,0
4,-0.14583333333333334,0.19047619047619047,4,-0.1362862010221465,-0.16483516483516483,0.0,-0.13286713286713286,-0.3404255319148936,0.0,1.0,1.0,0.0,0
3,-0.8333333333333334,-0.8424908424908425,14,-0.8313458262350937,-0.45054945054945056,-0.432,-0.7412587412587412,-0.7446808510638298,1.0,0.0,1.0,0.0,1
2,-0.625,-0.6593406593406593,16,-0.6030664395229983,-0.5714285714285714,-0.544,-0.5244755244755245,-0.7021276595744681,0.0,1.0,0.0,1.0,1
1,-0.5416666666666666,-0.5641025641025641,20,-0.3679727427597956,-0.08791208791208792,-0.064,-0.6223776223776224,-0.1702127659574468,1.0,0.0,1.0,0.0,1
3,0.875,1.6117216117216118,6,-0.58603066439523,1.8021978021978022,1.744,1.2797202797202798,0.9148936170212766,0.0,1.0,1.0,0.0,1
2,-0.16666666666666666,-0.4249084249084249,6,-0.3100511073253833,0.17582417582417584,0.448,0.16083916083916083,-0.3829787234042553,0.0,1.0,1.0,0.0,1
4,0.6666666666666666,0.6373626373626373,20,-0.6984667802385008,1.4175824175824177,1.248,0.17482517482517482,1.148936170212766,0.0,1.0,1.0,0.0,1
4,0.7708333333333334,0.9157509157509157,2,-0.6712095400340715,1.1758241758241759,0.4,0.8041958041958042,0.2765957446808511,1.0,0.0,0.0,1.0,0
1,-0.4791666666666667,-0.6373626373626373,20,0.42589437819420783,-0.5054945054945055,-0.08,-0.3006993006993007,-0.6595744680851063,0.0,1.0,0.0,1.0,0
5,0.375,0.08058608058608059,14,0.9676320272572402,0.9010989010989011,0.256,0.7412587412587412,0.0,0.0,1.0,0.0,1.0,0
4,-0.4166666666666667,-0.43956043956043955,14,-0.5996592844974447,-0.27472527472527475,0.016,-0.32867132867132864,-0.1702127659574468,0.0,1.0,0.0,1.0,1
5,-0.7708333333333334,-0.8205128205128205,6,0.3202725724020443,-0.3956043956043956,-0.512,-0.6993006993006993,-0.6170212765957447,1.0,0.0,1.0,0.0,0
0,0.1875,0.6593406593406593,6,0.5894378194207837,0.9010989010989011,-0.16,0.6153846153846154,0.9148936170212766,1.0,0.0,1.0,0.0,0
4,-0.5,-0.2857142857142857,6,0.8654173764906303,0.1978021978021978,0.08,-0.44755244755244755,-0.3617021276595745,0.0,1.0,1.0,0.0,0
0,0.0625,0.358974358974359,16,0.5281090289608177,-0.32967032967032966,-0.16,0.25874125874125875,0.3191489361702128,1.0,0.0,0.0,1.0,0
5,0.375,0.29304029304029305,18,-1.008517887563884,-0.23076923076923078,0.176,0.7482517482517482,-0.06382978723404255,1.0,0.0,0.0,1.0,1
1,0.9166666666666666,0.6153846153846154,10,0.0817717206132879,2.5164835164835164,1.248,0.4965034965034965,0.9787234042553191,1.0,0.0,1.0,0.0,0
5,-0.8125,-0.8937728937728938,14,-0.3679727427597956,-0.4175824175824176,-0.304,-0.7342657342657343,-0.6808510638297872,1.0,0.0,1.0,0.0,1
3,-0.3541666666666667,-0.47619047619047616,12,-0.7427597955706985,0.054945054945054944,0.048,-0.2727272727272727,-0.10638297872340426,0.0,1.0,1.0,0.0,1
1,-0.5208333333333334,-0.43956043956043955,6,0.43270868824531517,-0.5274725274725275,-0.128,-0.6013986013986014,-0.2978723404255319,1.0,0.0,0.0,1.0,0
3,-0.6041666666666666,-0.46153846153846156,18,-0.9846678023850085,-0.4945054945054945,-0.448,-0.6153846153846154,-0.5319148936170213,0.0,1.0,1.0,0.0,1
1,-0.9375,-0.9816849816849816,10,-0.14310051107325383,-0.5164835164835165,-0.544,-0.9230769230769231,-0.8297872340425532,1.0,0.0,1.0,0.0,0
3,-0.22916666666666666,-0.21978021978021978,6,-0.21805792163543442,0.03296703296703297,-0.176,-0.17482517482517482,0.0425531914893617,0.0,1.0,0.0,1.0,1
1,0.6666666666666666,1.0476190476190477,12,-0.252129471890971,1.3956043956043955,0.032,1.2517482517482517,0.2765957446808511,1.0,0.0,1.0,0.0,1
3,-0.6458333333333334,-0.6446886446886447,8,0.6678023850085179,-0.2857142857142857,-0.096,-0.6363636363636364,-0.7446808510638298,0.0,1.0,1.0,0.0,0
3,-0.14583333333333334,0.08791208791208792,18,0.5996592844974447,0.17582417582417584,0.272,0.02097902097902098,-0.19148936170212766,1.0,0.0,0.0,1.0,0
4,0.20833333333333334,0.5714285714285714,18,-0.858603066439523,0.6813186813186813,0.208,0.6853146853146853,0.06382978723404255,0.0,1.0,1.0,0.0,1
4,0.375,0.32234432234432236,14,-0.9301533219761499,0.4065934065934066,0.544,0.2937062937062937,0.8297872340425532,1.0,0.0,0.0,1.0,1
4,-0.7916666666666666,-0.7326007326007326,10,-0.9914821124361158,-0.4175824175824176,-0.496,-0.8041958041958042,-0.7872340425531915,1.0,0.0,1.0,0.0,1
0,0.3541666666666667,0.9084249084249084,4,-0.5928449744463373,1.2637362637362637,0.624,0.4755244755244755,1.0425531914893618,1.0,0.0,1.0,0.0,0
0,0.5,0.9304029304029304,20,-0.17035775127768313,0.6593406593406593,-0.144,0.8111888111888111,0.3404255319148936,1.0,0.0,1.0,0.0,0
2,0.041666666666666664,0.15384615384615385,18,-0.899488926746167,-0.10989010989010989,-0.064,-0.18181818181818182,-0.0851063829787234,1.0,0.0,1.0,0.0,1
2,-1.0,-1.0256410256410255,2,-0.7495741056218058,-0.5494505494505495,-0.544,-0.9440559440559441,-0.8723404255319149,0.0,1.0,1.0,0.0,1
1,-0.020833333333333332,0.3076923076923077,14,-0.9471890971039182,0.8241758241758241,0.32,-0.1258741258741259,-0.0425531914893617,1.0,0.0,1.0,0.0,1
0,-0.4583333333333333,-0.358974358974359,2,0.7393526405451448,0.12087912087912088,-0.336,-0.38461538461538464,-0.1276595744680851,1.0,0.0,0.0,1.0,0
5,0.6041666666666666,0.9230769230769231,6,-0.868824531516184,0.08791208791208792,-0.544,0.14685314685314685,0.5531914893617021,1.0,0.0,0.0,1.0,1
0,-0.020833333333333332,0.2783882783882784,12,0.5076660988074957,0.989010989010989,0.048,-0.2867132867132867,0.425531914893617,1.0,0.0,0.0,1.0,0
4,-0.0625,-0.04395604395604396,2,0.313458262350937,0.6263736263736264,-0.32,0.055944055944055944,0.02127659574468085,1.0,0.0,1.0,0.0,0
2,-0.5416666666666666,-0.43956043956043955,8,0.7904599659284497,-0.34065934065934067,0.048,-0.4825174825174825,-0.6808510638297872,0.0,1.0,1.0,0.0,0
0,0.8958333333333334,0.336996336996337,20,0.3577512776831346,1.7142857142857142,2.016,0.6153846153846154,1.851063829787234,1.0,0.0,0.0,1.0,0
5,-0.5416666666666666,-0.3663003663003663,6,-0.879045996592845,-0.4065934065934066,-0.288,-0.5454545454545454,-0.40425531914893614,0.0,1.0,0.0,1.0,1
3,-0.75,-0.6959706959706959,6,-0.8551959114139693,-0.6043956043956044,-0.56,-0.6293706293706294,-0.7659574468085106,0.0,1.0,0.0,1.0,1
0,-0.4583333333333333,-0.5641025641025641,10,-0.9642248722316865,-0.054945054945054944,-0.512,-0.4825174825174825,-0.6382978723404256,0.0,1.0,1.0,0.0,1
0,0.5,1.0476190476190477,10,0.09880749574105621,1.7692307692307692,1.12,0.7062937062937062,1.148936170212766,1.0,0.0,0.0,1.0,0
0,-0.0625,0.21245421245421245,2,-0.7904599659284497,0.6703296703296703,0.496,0.2867132867132867,-0.2127659574468085,0.0,1.0,0.0,1.0,0
2,-0.10416666666666667,0.07326007326007326,2,0.5485519591141397,0.23076923076923078,-0.352,0.0979020979020979,0.2765957446808511,1.0,0.0,1.0,0.0,0
2,-0.08333333333333333,0.11721611721611722,12,0.6780238500851788,-0.3626373626373626,0.272,0.013986013986013986,0.46808510638297873,1.0,0.0,0.0,1.0,0
3,0.8125,0.29304029304029305,16,-0.28960817717206133,1.4065934065934067,2.224,1.0,1.2340425531914894,1.0,0.0,0.0,1.0,1
3,-0.9583333333333334,-0.945054945054945,4,0.7529812606473595,-0.5604395604395604,-0.496,-0.9230769230769231,-0.8723404255319149,0.0,1.0,0.0,1.0,0
4,0.9583333333333334,1.5970695970695972,4,0.575809199318569,0.9010989010989011,1.216,1.6433566433566433,1.9148936170212767,1.0,0.0,1.0,0.0,0
2,-0.3958333333333333,-0.3076923076923077,10,-0.16013628620102216,0.2857142857142857,0.304,-0.21678321678321677,0.0,1.0,0.0,1.0,0.0,0
4,0.25,0.04395604395604396,16,-0.6405451448040886,1.0879120879120878,-0.304,0.42657342657342656,0.723404255319149,0.0,1.0,0.0,1.0,1
1,-0.2708333333333333,-0.3516483516483517,8,-0.9131175468483816,-0.6043956043956044,0.224,-0.027972027972027972,-0.574468085106383,0.0,1.0,1.0,0.0,1
5,-0.9583333333333334,-0.9597069597069597,6,-0.5792163543441227,-0.6263736263736264,-0.48,-0.8881118881118881,-0.8085106382978723,0.0,1.0,1.0,0.0,1
1,-0.4583333333333333,-0.27106227106227104,20,-0.5383304940374787,0.10989010989010989,-0.144,-0.3706293706293706,-0.40425531914893614,1.0,0.0,1.0,0.0,1
3,0.6875,0.9084249084249084,8,0.48722316865417375,1.032967032967033,0.752,0.8671328671328671,1.702127659574468,0.0,1.0,0.0,1.0,0
1,-0.6666666666666666,-0.63003663003663,20,-0.21465076660988075,-0.4945054945054945,-0.368,-0.7202797202797203,-0.6808510638297872,1.0,0.0,1.0,0.0,1
4,0.875,0.7545787545787546,14,-0.504258943781942,2.4175824175824174,0.16,1.4335664335664335,2.0,1.0,0.0,1.0,0.0,1
2,-0.7291666666666666,-0.6959706959706959,6,0.616695059625213,-0.46153846153846156,-0.208,-0.7062937062937062,-0.6595744680851063,0.0,1.0,1.0,0.0,0
3,-0.22916666666666666,-0.29304029304029305,10,-0.9710391822827938,-0.45054945054945056,0.224,-0.46153846153846156,0.0851063829787234,1.0,0.0,0.0,1.0,1
3,0.8333333333333334,1.1062271062271063,20,-0.33049403747870526,0.16483516483516483,0.128,1.3076923076923077,1.7659574468085106,1.0,0.0,1.0,0.0,1
0,0.2708333333333333,-0.04395604395604396,8,-0.3986371379897785,-0.054945054945054944,1.44,0.6503496503496503,-0.1702127659574468,1.0,0.0,1.0,0.0,1
5,0.125,-0.13186813186813187,14,-0.39182282793867124,0.8791208791208791,-0.432,-0.0979020979020979,0.2127659574468085,1.0,0.0,0.0,1.0,1
1,0.8541666666666666,0.3076923076923077,2,-0.858603066439523,1.8461538461538463,-0.24,1.1818181818181819,1.8085106382978724,1.0,0.0,1.0,0.0,1
3,-0.20833333333333334,0.0,16,0.534923339011925,-0.0989010989010989,0.464,0.02097902097902098,-0.3191489361702128,1.0,0.0,0.0,1.0,0
3,0.25,0.6813186813186813,16,0.18057921635434412,0.7802197802197802,0.896,0.04195804195804196,0.1276595744680851,0.0,1.0,0.0,1.0,0
1,0.625,0.9010989010989011,6,-0.27597955706984667,1.9120879120879122,-0.256,0.2867132867132867,-0.06382978723404255,0.0,1.0,0.0,1.0,1
5,0.5,0.17582417582417584,8,-1.0323679727427597,0.24175824175824176,0.736,0.3006993006993007,0.46808510638297873,0.0,1.0,0.0,1.0,1
5,0.14583333333333334,-0.06593406593406594,6,-0.797274275979557,0.5384615384615384,-0.16,-0.17482517482517482,-0.3191489361702128,1.0,0.0,1.0,0.0,1
2,0.14583333333333334,-0.09523809523809523,4,0.9369676320272572,0.3076923076923077,0.272,0.27972027972027974,0.0,1.0,0.0,1.0,0.0,0
4,-0.16666666666666666,0.1391941391941392,4,-0.21805792163543442,0.5494505494505495,0.384,-0.3706293706293706,-0.5106382978723404,0.0,1.0,1.0,0.0,0
5,-0.22916666666666666,-0.03663003663003663,18,0.17035775127768313,0.02197802197802198,0.064,-0.36363636363636365,0.19148936170212766,0.0,1.0,1.0,0.0,0
1,0.6875,0.6153846153846154,12,0.1839863713798978,1.0769230769230769,1.776,1.2097902097902098,0.7872340425531915,0.0,1.0,0.0,1.0,0
3,-0.5833333333333334,-0.5714285714285714,10,-0.6303236797274276,-0.3076923076923077,-0.16,-0.5804195804195804,-0.6595744680851063,1.0,0.0,1.0,0.0,1
1,0.5,0.10256410256410256,10,-0.21124361158432708,1.1758241758241759,0.128,0.5454545454545454,0.1276595744680851,1.0,0.0,1.0,0.0,1
3,-0.7708333333333334,-0.8351648351648352,8,0.5110732538330494,-0.37362637362637363,-0.272,-0.7692307692307693,-0.5319148936170213,1.0,0.0,1.0,0.0,0
5,0.3958333333333333,0.2783882783882784,12,-0.282793867120954,-0.0989010989010989,1.312,0.16783216783216784,-0.14893617021276595,1.0,0.0,1.0,0.0,1
1,-0.3541666666666667,-0.5421245421245421,8,0.47018739352640543,-0.14285714285714285,0.464,-0.21678321678321677,-0.1276595744680851,0.0,1.0,0.0,1.0,0
4,-0.5416666666666666,-0.4835164835164835,8,-0.4735945485519591,-0.17582417582417584,-0.112,-0.3916083916083916,-0.3191489361702128,1.0,0.0,0.0,1.0,1
0,0.125,0.07326007326007326,16,0.4735945485519591,-0.5384615384615384,0.336,-0.22377622377622378,0.48936170212765956,0.0,1.0,1.0,0.0,0
3,-0.5625,-0.46886446886446886,10,-0.2453151618398637,0.13186813186813187,-0.288,-0.6223776223776224,-0.5319148936170213,0.0,1.0,1.0,0.0,1
5,-0.10416666666666667,-0.2271062271062271,16,0.22146507666098808,0.0989010989010989,-0.096,-0.3076923076923077,0.2127659574468085,0.0,1.0,1.0,0.0,0
1,0.125,0.5274725274725275,18,0.1839863713798978,0.9340659340659341,-0.08,0.5034965034965035,-0.2765957446808511,0.0,1.0,1.0,0.0,0
2,-0.5625,-0.5201465201465202,4,0.8449744463373083,-0.27472527472527475,-0.48,-0.6293706293706294,-0.44680851063829785,1.0,0.0,0.0,1.0,0
0,-0.3333333333333333,-0.2783882783882784,14,0.8006814310051107,-0.0989010989010989,0.496,-0.04895104895104895,-0.5957446808510638,1.0,0.0,0.0,1.0,0
3,0.7708333333333334,1.1428571428571428,8,0.013628620102214651,0.8791208791208791,1.44,0.4825174825174825,0.2978723404255319,1.0,0.0,0.0,1.0,0
2,0.75,0.5934065934065934,4,-0.8109028960817717,0.2857142857142857,1.776,1.0909090909090908,0.574468085106383,0.0,1.0,1.0,0.0,1
3,-0.0625,-0.029304029304029304,12,-0.797274275979557,-0.26373626373626374,-0.56,-0.04195804195804196,-0.3191489361702128,0.0,1.0,0.0,1.0,1
4,0.375,-0.05860805860805861,16,0.38160136286201024,-0.38461538461538464,0.384,0.4405594405594406,0.7872340425531915,1.0,0.0,0.0,1.0,0
4,0.9791666666666666,0.673992673992674,8,0.10562180579216354,0.7912087912087912,0.896,1.6083916083916083,0.3404255319148936,0.0,1.0,0.0,1.0,0
5,0.9375,1.098901098901099,4,-0.534923339011925,1.901098901098901,-0.032,1.5384615384615385,1.851063829787234,0.0,1.0,0.0,1.0,0
4,0.1875,-0.10256410256410256,6,-0.504258943781942,0.18681318681318682,0.352,0.13286713286713286,0.5531914893617021,0.0,1.0,0.0,1.0,1
5,0.4583333333333333,0.5787545787545788,2,0.82793867120954,0.46153846153846156,0.16,0.3986013986013986,0.2553191489361702,0.0,1.0,0.0,1.0,0
2,-0.9791666666666666,-0.967032967032967,2,-0.4190800681431005,-0.5934065934065934,-0.48,-0.9090909090909091,-0.9148936170212766,0.0,1.0,0.0,1.0,0
0,0.7083333333333334,1.413919413919414,4,0.21124361158432708,0.31868131868131866,1.456,0.23076923076923078,0.0,0.0,1.0,1.0,0.0,0
2,-0.8125,-0.7692307692307693,8,-0.36115843270868825,-0.31868131868131866,-0.48,-0.7622377622377622,-0.6808510638297872,0.0,1.0,1.0,0.0,1
0,0.6041666666666666,1.1135531135531136,12,0.45315161839863716,-0.5494505494505495,1.92,1.132867132867133,0.8297872340425532,1.0,0.0,1.0,0.0,0
4,0.375,0.007326007326007326,2,-0.3645655877342419,0.7032967032967034,0.528,0.06293706293706294,-0.10638297872340426,1.0,0.0,1.0,0.0,1
0,0.8333333333333334,1.1355311355311355,8,-0.9574105621805792,2.2637362637362637,0.928,0.2937062937062937,0.2978723404255319,0.0,1.0,1.0,0.0,1
3,0.5,0.5567765567765568,8,0.47018739352640543,0.10989010989010989,0.512,0.2097902097902098,1.3829787234042554,1.0,0.0,1.0,0.0,0
2,-0.20833333333333334,0.11721611721611722,6,-0.19420783645655879,-0.23076923076923078,-0.096,0.03496503496503497,-0.1702127659574468,0.0,1.0,1.0,0.0,1
0,-0.020833333333333332,-0.014652014652014652,4,0.9233390119250426,-0.2857142857142857,0.896,-0.03496503496503497,-0.1276595744680851,1.0,0.0,1.0,0.0,0
2,0.6875,0.8278388278388278,16,0.06132879045996593,0.32967032967032966,1.552,1.3216783216783217,-0.06382978723404255,0.0,1.0,1.0,0.0,0
0,0.8125,1.3553113553113554,20,0.4463373083475298,-0.3076923076923077,0.352,0.7482517482517482,1.2340425531914894,1.0,0.0,0.0,1.0,0
2,0.0,0.32967032967032966,8,-0.49744463373083475,0.8351648351648352,0.224,0.1258741258741259,0.6595744680851063,1.0,0.0,1.0,0.0,1
5,-0.7916666666666666,-0.7545787545787546,2,-0.027257240204429302,-0.4725274725274725,-0.512,-0.8181818181818182,-0.6382978723404256,1.0,0.0,0.0,1.0,0
1,-0.8333333333333334,-0.8131868131868132,8,-0.13969335604770017,-0.3626373626373626,-0.4,-0.7972027972027972,-0.851063829787234,1.0,0.0,1.0,0.0,0
3,-0.3125,-0.2857142857142857,16,-0.9914821124361158,-0.3626373626373626,-0.336,-0.1048951048951049,0.14893617021276595,1.0,0.0,0.0,1.0,1
4,-0.75,-0.8205128205128205,10,0.596252129471891,-0.1978021978021978,-0.544,-0.7412587412587412,-0.48936170212765956,1.0,0.0,1.0,0.0,0
5,-0.9375,-0.9597069597069597,14,-0.20442930153321975,-0.5824175824175825,-0.448,-0.8741258741258742,-0.8936170212765957,0.0,1.0,1.0,0.0,1
4,-0.25,-0.02197802197802198,20,-0.4293015332197615,-0.5054945054945055,0.144,-0.38461538461538464,-0.3404255319148936,1.0,0.0,0.0,1.0,1
5,-0.3958333333333333,-0.20512820512820512,16,-0.12947189097103917,0.27472527472527475,-0.16,-0.3776223776223776,-0.574468085106383,0.0,1.0,0.0,1.0,0
4,-0.9583333333333334,-0.9816849816849816,4,0.0817717206132879,-0.6153846153846154,-0.512,-0.8951048951048951,-0.8085106382978723,1.0,0.0,0.0,1.0,0
1,0.0625,0.4468864468864469,8,0.5110732538330494,-0.4065934065934066,-0.464,0.3076923076923077,-0.19148936170212766,0.0,1.0,0.0,1.0,0
4,0.625,0.3516483516483517,6,-0.8756388415672913,0.24175824175824176,0.896,1.027972027972028,0.0,0.0,1.0,0.0,1.0,1
4,-0.6875,-0.7692307692307693,8,0.5928449744463373,-0.37362637362637363,-0.192,-0.7692307692307693,-0.5531914893617021,1.0,0.0,1.0,0.0,0
1,0.6458333333333334,0.21245421245421245,4,0.020442930153321975,-0.12087912087912088,0.304,0.6643356643356644,0.6808510638297872,1.0,0.0,1.0,0.0,0
1,-0.5,-0.38095238095238093,18,0.3441226575809199,-0.03296703296703297,-0.224,-0.5734265734265734,-0.44680851063829785,0.0,1.0,1.0,0.0,0
1,-0.3125,-0.08791208791208792,16,0.4395229982964225,-0.04395604395604396,0.48,-0.5104895104895105,-0.2553191489361702,0.0,1.0,0.0,1.0,0
0,0.6666666666666666,0.3516483516483517,18,0.1567291311754685,-0.34065934065934067,1.984,0.6783216783216783,1.446808510638298,1.0,0.0,1.0,0.0,0
3,0.20833333333333334,0.6007326007326007,18,0.1260647359454855,1.2307692307692308,0.576,0.34965034965034963,0.3191489361702128,0.0,1.0,0.0,1.0,0
2,0.5625,0.7912087912087912,10,-0.30664395229982966,1.8131868131868132,-0.496,0.6223776223776224,1.127659574468085,1.0,0.0,0.0,1.0,1
0,0.5625,0.32234432234432236,12,-0.919931856899489,1.0769230769230769,1.792,1.118881118881119,1.0851063829787233,0.0,1.0,0.0,1.0,1
5,0.8958333333333334,0.9743589743589743,4,0.909710391822828,-0.4945054945054945,-0.56,1.0419580419580419,1.2553191489361701,1.0,0.0,1.0,0.0,0
2,-0.8333333333333334,-0.9084249084249084,4,0.9233390119250426,-0.4065934065934066,-0.384,-0.8741258741258742,-0.7659574468085106,0.0,1.0,0.0,1.0,0
0,-0.4375,-0.5567765567765568,12,-0.6609880749574105,0.08791208791208792,0.192,-0.46153846153846156,-0.2127659574468085,0.0,1.0,1.0,0.0,1
2,-0.625,-0.6959706959706959,12,0.24190800681431004,-0.37362637362637363,-0.08,-0.5734265734265734,-0.44680851063829785,0.0,1.0,1.0,0.0,0
1,-0.14583333333333334,-0.2783882783882784,12,0.24190800681431004,0.43956043956043955,-0.16,0.18181818181818182,0.1702127659574468,1.0,0.0,1.0,0.0,0
4,-0.20833333333333334,-0.08058608058608059,18,-0.3850085178875639,-0.0989010989010989,0.4,-0.04895104895104895,-0.5319148936170213,0.0,1.0,1.0,0.0,1
4,-0.7708333333333334,-0.8571428571428571,6,0.4088586030664395,-0.1978021978021978,-0.592,-0.6923076923076923,-0.6170212765957447,1.0,0.0,0.0,1.0,0
4,-0.25,-0.4175824175824176,10,0.21124361158432708,0.4065934065934066,0.048,-0.3776223776223776,0.1702127659574468,0.0,1.0,0.0,1.0,0
1,0.4375,0.989010989010989,14,0.5587734241908007,0.4835164835164835,1.072,0.9020979020979021,-0.10638297872340426,0.0,1.0,1.0,0.0,0
5,0.9583333333333334,1.5970695970695972,16,-0.2010221465076661,-0.23076923076923078,1.808,1.167832167832168,0.14893617021276595,0.0,1.0,0.0,1.0,1
0,-0.9583333333333334,-0.9377289377289377,2,0.1635434412265758,-0.5384615384615384,-0.592,-0.9020979020979021,-0.9148936170212766,0.0,1.0,1.0,0.0,0
1,-1.0,-1.0183150183150182,10,0.4838160136286201,-0.6153846153846154,-0.592,-0.958041958041958,-0.9361702127659575,0.0,1.0,1.0,0.0,0
3,0.6041666666666666,0.8571428571428571,12,-0.43270868824531517,1.7692307692307692,0.464,0.1258741258741259,0.9574468085106383,1.0,0.0,0.0,1.0,1
0,-0.10416666666666667,0.014652014652014652,6,-0.5792163543441227,0.7142857142857143,0.144,-0.24475524475524477,0.46808510638297873,0.0,1.0,0.0,1.0,1
2,0.041666666666666664,-0.27106227106227104,6,0.14991482112436116,0.989010989010989,-0.032,0.2867132867132867,-0.2765957446808511,0.0,1.0,1.0,0.0,0
0,-0.1875,0.13186813186813187,20,-0.21805792163543442,0.42857142857142855,-0.256,-0.22377622377622378,-0.2978723404255319,0.0,1.0,0.0,1.0,1
5,0.2916666666666667,0.7472527472527473,8,0.5996592844974447,0.15384615384615385,0.944,0.07692307692307693,0.9148936170212766,1.0,0.0,1.0,0.0,0
3,0.8958333333333334,0.43223443223443225,6,0.14310051107325383,1.2967032967032968,1.488,0.6923076923076923,1.2127659574468086,1.0,0.0,0.0,1.0,0
4,-0.6458333333333334,-0.5201465201465202,14,0.8654173764906303,-0.14285714285714285,-0.352,-0.7272727272727273,-0.5106382978723404,1.0,0.0,1.0,0.0,0
3,0.2708333333333333,0.717948717948718,4,-0.4088586030664395,0.24175824175824176,-0.208,0.3146853146853147,0.0,0.0,1.0,1.0,0.0,0
0,1.0,0.9084249084249084,16,-0.1260647359454855,-0.23076923076923078,2.176,1.5594405594405594,1.4893617021276595,0.0,1.0,1.0,0.0,0
5,0.14583333333333334,0.5567765567765568,16,0.9574105621805792,-0.4835164835164835,0.176,0.34265734265734266,0.851063829787234,0.0,1.0,1.0,0.0,0
3,0.0,0.17582417582417584,10,-0.4293015332197615,-0.42857142857142855,-0.064,-0.06293706293706294,0.3829787234042553,1.0,0.0,0.0,1.0,1
5,-0.08333333333333333,-0.2857142857142857,10,0.6507666098807495,0.01098901098901099,0.032,0.1258741258741259,-0.02127659574468085,0.0,1.0,1.0,0.0,0
1,-0.7083333333333334,-0.5787545787545788,16,-0.22487223168654175,-0.14285714285714285,-0.128,-0.7762237762237763,-0.723404255319149,1.0,0.0,1.0,0.0,1
1,0.22916666666666666,0.26373626373626374,18,-0.9505962521294719,-0.27472527472527475,1.328,0.32167832167832167,-0.23404255319148937,0.0,1.0,1.0,0.0,1
4,0.4583333333333333,0.608058608058608,12,0.8347529812606473,0.07692307692307693,-0.128,0.972027972027972,-0.0851063829787234,0.0,1.0,0.0,1.0,0
4,0.125,-0.014652014652014652,12,0.14310051107325383,0.978021978021978,0.784,-0.11888111888111888,0.0425531914893617,0.0,1.0,0.0,1.0,0
3,0.3541666666666667,0.9010989010989011,16,0.7325383304940375,1.0,1.072,0.8181818181818182,0.5957446808510638,0.0,1.0,0.0,1.0,0
0,-0.4791666666666667,-0.3443223443223443,8,0.4735945485519591,-0.07692307692307693,-0.384,-0.5524475524475524,-0.5957446808510638,0.0,1.0,1.0,0.0,0
4,0.8125,0.5054945054945055,14,-0.32367972742759793,1.2087912087912087,2.176,0.6783216783216783,1.8297872340425532,0.0,1.0,0.0,1.0,1
1,-1.0208333333333333,-1.0476190476190477,12,0.3202725724020443,-0.5494505494505495,-0.544,-0.972027972027972,-0.9361702127659575,1.0,0.0,1.0,0.0,0
0,-1.0208333333333333,-1.032967032967033,20,0.04088586030664395,-0.5604395604395604,-0.56,-0.9790209790209791,-0.9148936170212766,0.0,1.0,1.0,0.0,0
3,0.7083333333333334,1.1868131868131868,14,0.4838160136286201,0.5934065934065934,0.72,0.3356643356643357,0.574468085106383,0.0,1.0,1.0,0.0,0
3,-0.3333333333333333,-0.32234432234432236,12,0.14310051107325383,0.5274725274725275,0.32,-0.32167832167832167,-0.44680851063829785,1.0,0.0,0.0,1.0,0
0,0.2708333333333333,0.5347985347985348,12,0.42248722316865417,1.0769230769230769,1.024,0.6573426573426573,0.1702127659574468,1.0,0.0,0.0,1.0,0
1,0.4791666666666667,0.24175824175824176,6,-0.48722316865417375,-0.32967032967032966,-0.384,0.7902097902097902,0.10638297872340426,1.0,0.0,1.0,0.0,1
1,0.22916666666666666,0.358974358974359,12,0.8245315161839863,0.38461538461538464,-0.128,0.04895104895104895,-0.10638297872340426,1.0,0.0,1.0,0.0,0
0,-0.16666666666666666,0.17582417582417584,8,0.054514480408858604,-0.16483516483516483,0.464,0.17482517482517482,-0.1276595744680851,0.0,1.0,1.0,0.0,0
5,-0.2916666666666667,-0.5347985347985348,18,-0.899488926746167,0.4065934065934066,-0.576,-0.04895104895104895,0.1702127659574468,1.0,0.0,1.0,0.0,1
3,0.5833333333333334,1.0695970695970696,4,-0.6950596252129472,1.934065934065934,0.288,1.0909090909090908,0.5106382978723404,1.0,0.0,0.0,1.0,0
1,-0.4791666666666667,-0.40293040293040294,12,-0.5689948892674617,-0.21978021978021978,-0.512,-0.4755244755244755,-0.19148936170212766,0.0,1.0,1.0,0.0,1
0,0.375,0.4468864468864469,16,0.8654173764906303,1.2637362637362637,1.6,0.0,0.9148936170212766,1.0,0.0,1.0,0.0,0
1,0.25,0.26373626373626374,18,0.838160136286201,-0.14285714285714285,0.336,0.06293706293706294,0.14893617021276595,1.0,0.0,1.0,0.0,0
0,-0.22916666666666666,-0.2271062271062271,8,-0.575809199318569,-0.12087912087912088,-0.144,-0.43356643356643354,0.2978723404255319,1.0,0.0,1.0,0.0,1
1,-0.20833333333333334,-0.17582417582417584,6,-0.848381601362862,0.18681318681318682,0.304,0.11888111888111888,-0.2127659574468085,0.0,1.0,1.0,0.0,1
1,-0.7291666666666666,-0.673992673992674,12,0.3543441226575809,-0.5494505494505495,-0.32,-0.5874125874125874,-0.7872340425531915,1.0,0.0,1.0,0.0,0
0,-0.3333333333333333,-0.336996336996337,14,0.36115843270868825,-0.03296703296703297,-0.304,-0.3776223776223776,0.10638297872340426,1.0,0.0,0.0,1.0,0
2,-0.10416666666666667,0.15384615384615385,2,0.6235093696763203,-0.5934065934065934,0.352,-0.04895104895104895,0.3404255319148936,0.0,1.0,1.0,0.0,0
2,-0.125,-0.15384615384615385,12,-0.6303236797274276,-0.5714285714285714,0.096,-0.15384615384615385,-0.0425531914893617,0.0,1.0,0.0,1.0,1
3,-0.3958333333333333,-0.43956043956043955,2,-0.5996592844974447,-0.18681318681318682,-0.304,-0.5244755244755245,0.0425531914893617,1.0,0.0,0.0,1.0,1
0,0.4375,0.38095238095238093,12,0.18739352640545145,0.7802197802197802,0.704,0.7272727272727273,0.5957446808510638,0.0,1.0,0.0,1.0,0
1,-0.20833333333333334,-0.2564102564102564,6,-0.6746166950596252,0.7032967032967034,-0.128,-0.3916083916083916,0.2978723404255319,0.0,1.0,1.0,0.0,1
4,0.8541666666666666,0.7912087912087912,14,0.5519591141396933,1.7142857142857142,0.464,0.7342657342657343,0.23404255319148937,1.0,0.0,0.0,1.0,0
4,-1.0208333333333333,-1.032967032967033,16,0.5519591141396933,-0.5494505494505495,-0.576,-0.9790209790209791,-0.9361702127659575,0.0,1.0,1.0,0.0,0
0,0.375,0.29304029304029305,10,-0.9301533219761499,1.5384615384615385,0.912,0.1258741258741259,0.0,1.0,0.0,0.0,1.0,1
5,-0.9375,-0.9010989010989011,4,-0.8722316865417377,-0.6153846153846154,-0.592,-0.8881118881118881,-0.9148936170212766,0.0,1.0,1.0,0.0,1
5,0.5416666666666666,0.4175824175824176,12,0.6916524701873935,1.7252747252747254,1.536,0.3006993006993007,1.0851063829787233,0.0,1.0,1.0,0.0,0
4,-0.6458333333333334,-0.6886446886446886,16,0.4122657580919932,-0.04395604395604396,0.016,-0.6993006993006993,-0.3617021276595745,0.0,1.0,0.0,1.0,0
4,-0.4166666666666667,-0.47619047619047616,12,0.43270868824531517,0.07692307692307693,0.128,-0.3916083916083916,0.0,1.0,0.0,0.0,1.0,0
1,0.020833333333333332,0.43223443223443225,10,-0.6678023850085179,-0.4945054945054945,-0.048,0.2517482517482518,-0.14893617021276595,0.0,1.0,0.0,1.0,1
5,-0.3958333333333333,-0.17582417582417584,6,-0.3747870528109029,0.23076923076923078,0.4,-0.5524475524475524,-0.5106382978723404,1.0,0.0,1.0,0.0,1
1,-0.7291666666666666,-0.608058608058608,2,0.4020442930153322,-0.2857142857142857,-0.496,-0.6573426573426573,-0.7659574468085106,1.0,0.0,1.0,0.0,0
0,-0.6875,-0.7619047619047619,6,0.7938671209540034,-0.4725274725274725,-0.288,-0.5454545454545454,-0.5319148936170213,0.0,1.0,1.0,0.0,0
2,-0.7291666666666666,-0.7912087912087912,10,0.797274275979557,-0.1978021978021978,-0.416,-0.6363636363636364,-0.6170212765957447,1.0,0.0,1.0,0.0,0
1,-1.0208333333333333,-1.0402930402930404,18,0.8722316865417377,-0.5824175824175825,-0.576,-0.993006993006993,-0.9148936170212766,1.0,0.0,0.0,1.0,0
4,-0.08333333333333333,-0.37362637362637363,18,0.9301533219761499,0.6813186813186813,0.464,0.23776223776223776,-0.0851063829787234,1.0,0.0,0.0,1.0,0
0,-0.5833333333333334,-0.63003663003663,16,0.5212947189097104,-0.2967032967032967,-0.256,-0.4965034965034965,-0.7021276595744681,0.0,1.0,0.0,1.0,0
2,-0.16666666666666666,-0.3516483516483517,2,-0.3543441226575809,-0.13186813186813187,0.128,-0.13986013986013987,0.1276595744680851,1.0,0.0,1.0,0.0,1
4,0.2708333333333333,0.5201465201465202,10,-0.7461669505962522,1.1978021978021978,0.72,0.03496503496503497,0.2553191489361702,1.0,0.0,0.0,1.0,1
0,-0.2916666666666667,-0.1391941391941392,14,0.6609880749574105,-0.4725274725274725,-0.416,-0.16083916083916083,-0.1702127659574468,0.0,1.0,1.0,0.0,0
3,0.3541666666666667,0.1684981684981685,18,0.08517887563884156,-0.21978021978021978,-0.448,0.06993006993006994,0.0851063829787234,0.0,1.0,0.0,1.0,0
3,0.375,0.13186813186813187,4,0.626916524701874,0.6043956043956044,0.384,0.8251748251748252,-0.14893617021276595,1.0,0.0,0.0,1.0,0
2,0.6666666666666666,0.9743589743589743,18,0.807495741056218,0.7692307692307693,-0.032,0.3146853146853147,1.0,1.0,0.0,0.0,1.0,0
4,0.6666666666666666,0.7912087912087912,4,0.07155025553662692,1.901098901098901,0.048,0.7132867132867133,0.19148936170212766,1.0,0.0,0.0,1.0,0
0,-0.7708333333333334,-0.8717948717948718,2,0.1567291311754685,-0.32967032967032966,-0.432,-0.6363636363636364,-0.723404255319149,1.0,0.0,1.0,0.0,0
3,0.6666666666666666,0.8278388278388278,8,0.31686541737649065,0.967032967032967,1.36,0.6223776223776224,0.5531914893617021,0.0,1.0,0.0,1.0,0
5,0.8125,0.8278388278388278,4,-0.22146507666098808,0.6043956043956044,1.184,1.167832167832168,0.7659574468085106,1.0,0.0,1.0,0.0,1
4,0.7291666666666666,0.4981684981684982,14,-0.43270868824531517,0.06593406593406594,-0.16,0.9370629370629371,1.7659574468085106,0.0,1.0,0.0,1.0,1
5,-1.0208333333333333,-1.0476190476190477,10,0.3441226575809199,-0.5604395604395604,-0.576,-0.965034965034965,-0.9148936170212766,0.0,1.0,0.0,1.0,0
3,0.625,0.5641025641025641,10,0.282793867120954,1.6263736263736264,0.8,0.32167832167832167,0.3617021276595745,0.0,1.0,1.0,0.0,0
2,-1.0,-0.989010989010989,2,0.3373083475298126,-0.5824175824175825,-0.56,-0.986013986013986,-0.9148936170212766,0.0,1.0,0.0,1.0,0
4,-0.7916666666666666,-0.7838827838827839,16,-0.1260647359454855,-0.5384615384615384,-0.56,-0.7832167832167832,-0.6170212765957447,1.0,0.0,0.0,1.0,0
0,-0.6666666666666666,-0.7692307692307693,18,0.6746166950596252,-0.5714285714285714,-0.464,-0.6853146853146853,-0.7021276595744681,0.0,1.0,1.0,0.0,0
0,-0.5,-0.29304029304029305,6,-0.04088586030664395,-0.4725274725274725,-0.16,-0.32867132867132864,-0.574468085106383,1.0,0.0,1.0,0.0,0
5,0.4583333333333333,0.30036630036630035,16,0.7155025553662692,0.10989010989010989,0.72,0.3776223776223776,0.2765957446808511,1.0,0.0,0.0,1.0,0
3,-0.4375,-0.5201465201465202,6,0.9471890971039182,-0.46153846153846156,0.128,-0.5944055944055944,-0.46808510638297873,1.0,0.0,0.0,1.0,0
3,-0.20833333333333334,-0.46153846153846156,16,-0.858603066439523,0.04395604395604396,-0.576,-0.24475524475524477,-0.48936170212765956,1.0,0.0,0.0,1.0,1
5,0.9583333333333334,0.73992673992674,18,0.15332197614991483,1.043956043956044,-0.496,0.7412587412587412,0.48936170212765956,1.0,0.0,0.0,1.0,0
0,-0.4583333333333333,-0.5201465201465202,18,0.303236797274276,-0.26373626373626374,-0.544,-0.4965034965034965,-0.10638297872340426,1.0,0.0,0.0,1.0,0
2,-0.6666666666666666,-0.6886446886446886,6,0.9982964224872232,-0.14285714285714285,-0.576,-0.5874125874125874,-0.44680851063829785,1.0,0.0,1.0,0.0,0
2,0.9583333333333334,1.4578754578754578,10,0.1567291311754685,0.5494505494505495,0.624,0.7132867132867133,0.2978723404255319,1.0,0.0,1.0,0.0,0
0,0.020833333333333332,0.23443223443223443,18,-0.15332197614991483,0.2967032967032967,0.272,-0.11188811188811189,-0.2978723404255319,1.0,0.0,1.0,0.0,0
0,0.4791666666666667,0.7985347985347986,6,-0.47700170357751276,-0.3626373626373626,0.304,0.8531468531468531,0.8297872340425532,0.0,1.0,1.0,0.0,1
2,0.08333333333333333,-0.19047619047619047,2,-0.12265758091993186,0.17582417582417584,0.16,-0.21678321678321677,0.5319148936170213,1.0,0.0,0.0,1.0,0
3,0.6041666666666666,1.0402930402930404,10,-0.0919931856899489,1.4505494505494505,0.608,0.11888111888111888,1.574468085106383,0.0,1.0,0.0,1.0,0
4,-0.20833333333333334,-0.3076923076923077,12,0.42248722316865417,0.6923076923076923,0.352,0.1258741258741259,-0.02127659574468085,1.0,0.0,0.0,1.0,0
2,-0.4583333333333333,-0.24175824175824176,12,0.8040885860306644,-0.5384615384615384,0.224,-0.45454545454545453,-0.40425531914893614,1.0,0.0,1.0,0.0,0
3,-0.3958333333333333,-0.5421245421245421,6,0.42589437819420783,-0.08791208791208792,-0.272,-0.46153846153846156,0.02127659574468085,0.0,1.0,0.0,1.0,0
2,-0.4375,-0.5494505494505495,4,0.7359454855195912,-0.02197802197802198,0.176,-0.6013986013986014,-0.5106382978723404,0.0,1.0,0.0,1.0,0
2,-0.8541666666666666,-0.7985347985347986,18,0.9846678023850085,-0.37362637362637363,-0.464,-0.8111888111888111,-0.851063829787234,1.0,0.0,1.0,0.0,0
5,0.22916666666666666,-0.13186813186813187,2,-0.21805792163543442,0.0,0.976,0.5384615384615384,0.06382978723404255,1.0,0.0,0.0,1.0,1
0,0.041666666666666664,0.029304029304029304,2,1.0119250425894377,-0.42857142857142855,-0.256,0.44755244755244755,0.2765957446808511,1.0,0.0,0.0,1.0,0
5,0.3541666666666667,0.6007326007326007,14,-0.7529812606473595,1.3186813186813187,-0.48,0.4965034965034965,0.2765957446808511,0.0,1.0,0.0,1.0,1
1,-0.8541666666666666,-0.8205128205128205,18,-0.08517887563884156,-0.3626373626373626,-0.528,-0.8041958041958042,-0.7021276595744681,0.0,1.0,1.0,0.0,0
5,-0.375,-0.4542124542124542,18,-0.282793867120954,-0.5604395604395604,0.416,-0.2517482517482518,-0.10638297872340426,0.0,1.0,1.0,0.0,1
2,0.75,1.010989010989011,12,0.9437819420783645,0.26373626373626374,-0.304,0.3356643356643357,-0.02127659574468085,0.0,1.0,0.0,1.0,0
1,-0.20833333333333334,-0.13186813186813187,8,0.6030664395229983,0.2857142857142857,-0.48,-0.03496503496503497,0.2765957446808511,0.0,1.0,1.0,0.0,0
3,0.8541666666666666,0.358974358974359,12,0.4735945485519591,1.3956043956043955,0.992,0.34265734265734266,1.9574468085106382,0.0,1.0,1.0,0.0,0
4,0.16666666666666666,0.4468864468864469,10,0.7563884156729132,0.6703296703296703,0.672,0.44755244755244755,0.851063829787234,0.0,1.0,0.0,1.0,0
2,-0.6875,-0.652014652014652,4,0.7018739352640545,-0.4835164835164835,-0.288,-0.5804195804195804,-0.44680851063829785,0.0,1.0,0.0,1.0,0
0,-0.7708333333333334,-0.6666666666666666,6,-0.7155025553662692,-0.5604395604395604,-0.352,-0.6433566433566433,-0.574468085106383,1.0,0.0,1.0,0.0,1
1,-0.8125,-0.8717948717948718,14,0.5996592844974447,-0.5494505494505495,-0.24,-0.8531468531468531,-0.8297872340425532,0.0,1.0,1.0,0.0,0
5,-0.9375,-0.967032967032967,10,0.9335604770017035,-0.46153846153846156,-0.528,-0.8811188811188811,-0.8085106382978723,1.0,0.0,0.0,1.0,0
4,-0.3125,-0.16117216117216118,18,-0.37137989778534924,-0.03296703296703297,-0.576,-0.3076923076923077,-0.5531914893617021,0.0,1.0,0.0,1.0,1
2,0.75,0.7619047619047619,20,0.879045996592845,1.0,0.768,0.6013986013986014,0.5957446808510638,0.0,1.0,1.0,0.0,0
0,-0.020833333333333332,0.315018315018315,6,0.12947189097103917,-0.14285714285714285,0.768,0.34965034965034963,0.46808510638297873,1.0,0.0,0.0,1.0,0
4,0.6458333333333334,0.6886446886446886,20,0.7768313458262351,1.9120879120879122,-0.112,0.7132867132867133,0.19148936170212766,1.0,0.0,0.0,1.0,0
1,-0.7083333333333334,-0.7032967032967034,10,0.9710391822827938,-0.2967032967032967,-0.448,-0.7342657342657343,-0.48936170212765956,0.0,1.0,0.0,1.0,0
1,0.6875,0.5274725274725275,2,-0.3781942078364566,-0.17582417582417584,1.168,0.2517482517482518,0.44680851063829785,1.0,0.0,1.0,0.0,1
5,-0.8541666666666666,-0.8131868131868132,18,0.9505962521294719,-0.5164835164835165,-0.512,-0.8181818181818182,-0.8297872340425532,1.0,0.0,0.0,1.0,0
2,0.3125,0.17582417582417584,2,-0.49744463373083475,-0.6043956043956044,-0.304,0.6083916083916084,0.46808510638297873,0.0,1.0,0.0,1.0,1
5,-0.3541666666666667,-0.3516483516483517,8,-0.14991482112436116,-0.23076923076923078,-0.128,-0.4405594405594406,-0.48936170212765956,1.0,0.0,0.0,1.0,0
0,-0.041666666666666664,-0.1978021978021978,16,0.36115843270868825,0.989010989010989,-0.448,0.2727272727272727,-0.14893617021276595,0.0,1.0,0.0,1.0,0
5,0.3958333333333333,0.6886446886446886,6,-0.909710391822828,-0.3626373626373626,1.312,0.9020979020979021,1.1063829787234043,0.0,1.0,0.0,1.0,1
0,-0.6458333333333334,-0.6886446886446886,18,-0.6916524701873935,-0.4065934065934066,-0.352,-0.6713286713286714,-0.6382978723404256,0.0,1.0,0.0,1.0,1
4,-0.6875,-0.5421245421245421,20,-0.3645655877342419,-0.2857142857142857,-0.416,-0.5174825174825175,-0.5319148936170213,0.0,1.0,1.0,0.0,1
1,0.4375,0.73992673992674,6,-0.02385008517887564,0.3516483516483517,-0.368,0.4965034965034965,0.2765957446808511,0.0,1.0,1.0,0.0,0
4,0.3125,0.10256410256410256,16,-0.7632027257240205,0.0989010989010989,1.424,0.7062937062937062,0.0,1.0,0.0,0.0,1.0,1
1,-0.020833333333333332,0.3516483516483517,10,-0.6575809199318569,0.6593406593406593,0.4,-0.20279720279720279,0.0,1.0,0.0,0.0,1.0,1
0,-0.4166666666666667,-0.5494505494505495,10,-0.3577512776831346,-0.1978021978021978,-0.416,-0.16783216783216784,-0.0425531914893617,1.0,0.0,0.0,1.0,1
2,-0.25,-0.3882783882783883,8,-0.04088586030664395,0.5824175824175825,-0.16,-0.34965034965034963,-0.2553191489361702,0.0,1.0,0.0,1.0,0
2,-0.6041666666666666,-0.47619047619047616,8,0.3645655877342419,-0.5604395604395604,-0.128,-0.5104895104895105,-0.7446808510638298,1.0,0.0,0.0,1.0,0
1,-0.6041666666666666,-0.7106227106227107,8,-0.3202725724020443,-0.1978021978021978,-0.592,-0.6433566433566433,-0.3404255319148936,1.0,0.0,1.0,0.0,1
1,-0.5625,-0.3882783882783883,20,-0.20442930153321975,-0.5384615384615384,-0.464,-0.6713286713286714,-0.23404255319148937,0.0,1.0,0.0,1.0,1
2,-0.6875,-0.7252747252747253,8,0.6439522998296422,-0.12087912087912088,-0.4,-0.7342657342657343,-0.48936170212765956,1.0,0.0,1.0,0.0,0
1,0.10416666666666667,0.47619047619047616,10,-0.4906303236797274,0.45054945054945056,-0.368,-0.04895104895104895,0.7659574468085106,0.0,1.0,0.0,1.0,1
3,-0.20833333333333334,-0.03663003663003663,8,-0.8040885860306644,-0.5164835164835165,-0.464,-0.3986013986013986,0.1702127659574468,0.0,1.0,1.0,0.0,1
0,-0.6458333333333334,-0.717948717948718,20,-0.9063032367972743,-0.4725274725274725,-0.24,-0.6363636363636364,-0.5957446808510638,0.0,1.0,1.0,0.0,1
4,0.6666666666666666,0.24175824175824176,20,0.82793867120954,0.7802197802197802,-0.384,0.8531468531468531,1.6382978723404256,0.0,1.0,1.0,0.0,0
1,-0.6875,-0.5934065934065934,6,-0.21465076660988075,-0.34065934065934067,-0.08,-0.6713286713286714,-0.723404255319149,1.0,0.0,1.0,0.0,1
3,0.14583333333333334,0.3663003663003663,16,-0.9880749574105622,0.6043956043956044,0.704,0.5664335664335665,0.3829787234042553,1.0,0.0,1.0,0.0,1
1,-0.7708333333333334,-0.7472527472527473,14,0.626916524701874,-0.43956043956043955,-0.4,-0.7272727272727273,-0.7872340425531915,0.0,1.0,1.0,0.0,0
1,-0.7291666666666666,-0.717948717948718,14,-0.2010221465076661,-0.37362637362637363,-0.56,-0.5874125874125874,-0.7021276595744681,0.0,1.0,0.0,1.0,1
2,-0.2708333333333333,-0.5128205128205128,20,0.6303236797274276,-0.42857142857142855,0.24,-0.3776223776223776,0.23404255319148937,0.0,1.0,0.0,1.0,0
3,0.8125,1.3406593406593406,6,0.1839863713798978,0.4725274725274725,-0.496,1.020979020979021,1.5957446808510638,1.0,0.0,0.0,1.0,0
5,-0.8333333333333334,-0.7912087912087912,18,-0.32367972742759793,-0.5934065934065934,-0.304,-0.8601398601398601,-0.7659574468085106,1.0,0.0,1.0,0.0,1
3,-0.041666666666666664,-0.02197802197802198,14,-0.5587734241908007,0.5164835164835165,0.304,0.1958041958041958,0.1276595744680851,1.0,0.0,0.0,1.0,1
0,0.16666666666666666,0.21978021978021978,16,0.14310051107325383,0.8131868131868132,-0.096,0.6153846153846154,0.8723404255319149,0.0,1.0,1.0,0.0,0
2,0.2916666666666667,-0.03663003663003663,14,-0.08858603066439523,-0.10989010989010989,1.328,0.7342657342657343,-0.1276595744680851,1.0,0.0,1.0,0.0,0
3,0.75,0.9230769230769231,18,-0.5076660988074957,0.38461538461538464,0.896,1.1398601398601398,1.5957446808510638,0.0,1.0,0.0,1.0,1
0,-0.125,0.21245421245421245,10,-0.3679727427597956,0.5164835164835165,-0.032,-0.34265734265734266,0.3617021276595745,0.0,1.0,1.0,0.0,1
0,-0.8958333333333334,-0.8791208791208791,2,0.05110732538330494,-0.5824175824175825,-0.4,-0.8811188811188811,-0.851063829787234,0.0,1.0,0.0,1.0,0
2,0.3958333333333333,0.38095238095238093,10,-0.1362862010221465,-0.18681318681318682,0.912,0.5734265734265734,0.7446808510638298,1.0,0.0,1.0,0.0,0
0,0.041666666666666664,-0.09523809523809523,12,-0.10562180579216354,-0.15384615384615385,-0.192,0.23776223776223776,0.5531914893617021,1.0,0.0,0.0,1.0,0
1,0.0625,0.3443223443223443,12,0.616695059625213,-0.06593406593406594,-0.304,0.3986013986013986,0.425531914893617,1.0,0.0,0.0,1.0,0
1,-0.8125,-0.717948717948718,6,-0.8824531516183987,-0.2967032967032967,-0.32,-0.7972027972027972,-0.6808510638297872,0.0,1.0,0.0,1.0,1
4,0.2708333333333333,0.06593406593406594,2,-0.9505962521294719,1.4065934065934067,1.184,-0.04895104895104895,0.0,0.0,1.0,0.0,1.0,1
5,0.9375,1.304029304029304,2,1.0017035775127767,-0.23076923076923078,1.872,0.8531468531468531,0.3617021276595745,1.0,0.0,0.0,1.0,0
1,-0.2916666666666667,-0.43223443223443225,20,0.9608177172061328,0.06593406593406594,-0.032,-0.25874125874125875,-0.40425531914893614,1.0,0.0,1.0,0.0,0
4,0.2916666666666667,-0.007326007326007326,4,-0.05110732538330494,0.5164835164835165,0.928,0.5734265734265734,0.40425531914893614,1.0,0.0,1.0,0.0,0
3,0.6875,1.0915750915750915,20,0.19761499148211242,0.989010989010989,-0.048,1.0,1.3617021276595744,0.0,1.0,0.0,1.0,0
2,0.25,0.63003663003663,12,-0.16013628620102216,0.15384615384615385,0.736,0.6713286713286714,0.1702127659574468,1.0,0.0,0.0,1.0,0
4,0.625,0.989010989010989,12,0.23509369676320271,0.0,0.88,0.18181818181818182,1.0638297872340425,1.0,0.0,1.0,0.0,0
2,0.8958333333333334,0.7472527472527473,14,-0.30664395229982966,2.043956043956044,2.32,1.5804195804195804,0.6382978723404256,1.0,0.0,0.0,1.0,1
3,-0.875,-0.8131868131868132,4,0.5689948892674617,-0.5384615384615384,-0.592,-0.8811188811188811,-0.8297872340425532,1.0,0.0,0.0,1.0,1
0,-0.5833333333333334,-0.7106227106227107,12,-0.6609880749574105,-0.25274725274725274,-0.208,-0.6923076923076923,-0.2765957446808511,1.0,0.0,0.0,1.0,1
3,0.4375,0.4835164835164835,4,0.3679727427597956,0.5714285714285714,0.08,0.7202797202797203,0.2553191489361702,0.0,1.0,1.0,0.0,0
4,0.10416666666666667,0.014652014652014652,20,0.18057921635434412,0.43956043956043955,0.88,-0.2097902097902098,0.425531914893617,0.0,1.0,1.0,0.0,0
4,0.5416666666666666,0.6446886446886447,6,-0.6916524701873935,-0.18681318681318682,-0.048,0.43356643356643354,1.3191489361702127,0.0,1.0,0.0,1.0,1
0,-0.08333333333333333,-0.014652014652014652,14,0.9471890971039182,0.5934065934065934,0.384,0.2097902097902098,-0.44680851063829785,1.0,0.0,1.0,0.0,0
0,0.5208333333333334,1.1355311355311355,2,0.47700170357751276,1.6593406593406594,0.8,0.9090909090909091,1.0851063829787233,1.0,0.0,1.0,0.0,0
5,0.8125,0.2490842490842491,18,-0.3202725724020443,2.087912087912088,0.24,0.3776223776223776,0.3404255319148936,1.0,0.0,1.0,0.0,1
0,-0.4166666666666667,-0.47619047619047616,18,0.5621805792163543,-0.5714285714285714,-0.336,-0.2097902097902098,-0.44680851063829785,1.0,0.0,1.0,0.0,0
4,0.5833333333333334,0.8131868131868132,18,-0.04770017035775128,-0.14285714285714285,-0.544,0.7482517482517482,1.127659574468085,0.0,1.0,1.0,0.0,0
5,-0.8958333333333334,-0.9084249084249084,6,-0.3747870528109029,-0.5164835164835165,-0.512,-0.8251748251748252,-0.7446808510638298,1.0,0.0,1.0,0.0,1
2,-0.125,0.19047619047619047,18,-0.6712095400340715,-0.16483516483516483,0.416,-0.055944055944055944,-0.2553191489361702,1.0,0.0,1.0,0.0,1
5,0.8958333333333334,0.8791208791208791,20,0.5724020442930153,0.5054945054945055,1.424,1.5594405594405594,1.5319148936170213,0.0,1.0,0.0,1.0,0
1,0.2708333333333333,0.13186813186813187,6,-0.596252129471891,0.7472527472527473,1.152,0.6503496503496503,0.9361702127659575,0.0,1.0,1.0,0.0,1
3,0.041666666666666664,0.4175824175824176,14,-0.5826235093696763,1.032967032967033,-0.592,0.18181818181818182,0.2978723404255319,1.0,0.0,0.0,1.0,1
0,-0.08333333333333333,0.17582417582417584,18,0.6780238500851788,-0.21978021978021978,-0.336,0.22377622377622378,-0.3829787234042553,0.0,1.0,0.0,1.0,0
2,-0.20833333333333334,0.02197802197802198,12,-0.10902896081771721,-0.6263736263736264,0.24,-0.11188811188811189,-0.23404255319148937,1.0,0.0,1.0,0.0,0
4,-0.9791666666666666,-0.967032967032967,10,0.21124361158432708,-0.5824175824175825,-0.544,-0.916083916083916,-0.9148936170212766,0.0,1.0,0.0,1.0,0
0,0.08333333333333333,0.12454212454212454,10,0.4122657580919932,0.6923076923076923,-0.352,-0.1888111888111888,0.3617021276595745,0.0,1.0,0.0,1.0,0
2,-0.020833333333333332,0.358974358974359,14,0.58603066439523,-0.27472527472527475,0.16,-0.32867132867132864,0.425531914893617,0.0,1.0,0.0,1.0,0
1,-0.9791666666666666,-0.9523809523809523,16,0.616695059625213,-0.5274725274725275,-0.48,-0.972027972027972,-0.9361702127659575,0.0,1.0,1.0,0.0,0
0,-0.5,-0.5274725274725275,10,0.596252129471891,0.13186813186813187,-0.464,-0.6293706293706294,-0.3617021276595745,1.0,0.0,1.0,0.0,0
0,-0.6458333333333334,-0.7252747252747253,2,0.7393526405451448,-0.0989010989010989,-0.512,-0.46853146853146854,-0.7021276595744681,0.0,1.0,1.0,0.0,0
3,-0.25,-0.1978021978021978,6,0.013628620102214651,0.10989010989010989,0.368,-0.40559440559440557,-0.5319148936170213,0.0,1.0,1.0,0.0,0
0,-0.0625,0.3076923076923077,16,-0.17717206132879046,0.25274725274725274,0.912,0.1888111888111888,0.2127659574468085,0.0,1.0,1.0,0.0,0
3,0.3958333333333333,0.315018315018315,2,0.29982964224872233,0.07692307692307693,0.592,0.04195804195804196,-0.1276595744680851,1.0,0.0,1.0,0.0,0
5,-0.3958333333333333,-0.3882783882783883,6,0.18057921635434412,0.15384615384615385,-0.08,-0.13286713286713286,-0.06382978723404255,0.0,1.0,1.0,0.0,0
3,-0.2916666666666667,-0.1391941391941392,18,-0.054514480408858604,0.5934065934065934,-0.096,-0.40559440559440557,-0.0851063829787234,0.0,1.0,0.0,1.0,0
5,0.7083333333333334,0.8205128205128205,14,0.6235093696763203,0.9120879120879121,1.168,1.2447552447552448,1.446808510638298,0.0,1.0,0.0,1.0,0
5,0.875,1.0036630036630036,12,0.47018739352640543,0.21978021978021978,1.472,1.2447552447552448,0.14893617021276595,0.0,1.0,1.0,0.0,0
5,-0.9583333333333334,-0.9816849816849816,16,-0.3543441226575809,-0.5494505494505495,-0.496,-0.916083916083916,-0.9148936170212766,0.0,1.0,1.0,0.0,1
3,-0.3541666666666667,-0.358974358974359,20,0.42589437819420783,-0.45054945054945056,-0.352,-0.5104895104895105,-0.44680851063829785,1.0,0.0,0.0,1.0,0
0,0.7708333333333334,1.216117216117216,4,0.7597955706984668,-0.2967032967032967,-0.512,1.3076923076923077,0.8723404255319149,0.0,1.0,1.0,0.0,0
4,0.041666666666666664,-0.007326007326007326,4,-0.8551959114139693,0.7692307692307693,0.192,-0.2867132867132867,-0.2127659574468085,1.0,0.0,0.0,1.0,1
1,1.0,1.750915750915751,2,0.9267461669505963,1.5384615384615385,-0.128,0.3916083916083916,0.425531914893617,0.0,1.0,0.0,1.0,0
4,0.75,0.7765567765567766,18,0.637137989778535,2.131868131868132,0.864,0.26573426573426573,0.8297872340425532,1.0,0.0,1.0,0.0,0
2,-0.9166666666666666,-0.9230769230769231,8,0.6916524701873935,-0.4065934065934066,-0.416,-0.8671328671328671,-0.8723404255319149,1.0,0.0,1.0,0.0,0
3,0.8125,0.5934065934065934,16,0.6473594548551959,0.6703296703296703,1.136,1.4265734265734267,0.5319148936170213,1.0,0.0,1.0,0.0,0
2,-0.5833333333333334,-0.7032967032967034,16,-0.05110732538330494,-0.3956043956043956,-0.032,-0.5314685314685315,-0.6382978723404256,0.0,1.0,1.0,0.0,0
0,0.4583333333333333,0.6373626373626373,2,0.044293015332197615,1.10989010989011,0.352,0.7832167832167832,-0.0851063829787234,1.0,0.0,0.0,1.0,0
4,-1.0208333333333333,-1.0256410256410255,10,-0.6780238500851788,-0.6153846153846154,-0.576,-0.993006993006993,-0.9574468085106383,0.0,1.0,1.0,0.0,1
3,0.6041666666666666,0.8058608058608059,6,-0.9063032367972743,0.3516483516483517,-0.512,0.3006993006993007,1.127659574468085,0.0,1.0,0.0,1.0,1
4,-0.25,-0.4249084249084249,14,-0.25894378194207834,-0.10989010989010989,0.192,0.02097902097902098,-0.2978723404255319,0.0,1.0,1.0,0.0,1
5,-0.7708333333333334,-0.8571428571428571,4,0.7700170357751278,-0.5274725274725275,-0.496,-0.6433566433566433,-0.6170212765957447,1.0,0.0,1.0,0.0,0
2,0.6666666666666666,0.358974358974359,4,-0.6405451448040886,-0.3626373626373626,0.912,0.4965034965034965,0.8723404255319149,1.0,0.0,0.0,1.0,1
1,0.10416666666666667,0.16117216117216118,16,-0.2555366269165247,0.2087912087912088,0.448,-0.16083916083916083,-0.1276595744680851,1.0,0.0,0.0,1.0,1
3,-0.3958333333333333,-0.336996336996337,18,-0.24190800681431004,-0.25274725274725274,-0.576,-0.3356643356643357,-0.5106382978723404,0.0,1.0,1.0,0.0,1
4,-1.0,-0.989010989010989,4,-0.8313458262350937,-0.6043956043956044,-0.592,-0.951048951048951,-0.9148936170212766,1.0,0.0,1.0,0.0,0
0,-0.875,-0.9084249084249084,16,-0.1260647359454855,-0.6043956043956044,-0.48,-0.8811188811188811,-0.8297872340425532,1.0,0.0,0.0,1.0,0
2,0.625,0.5641025641025641,18,0.4565587734241908,1.835164835164835,1.424,0.8671328671328671,0.5957446808510638,1.0,0.0,0.0,1.0,0
2,0.20833333333333334,0.6593406593406593,2,-0.43270868824531517,-0.10989010989010989,-0.128,0.5524475524475524,-0.14893617021276595,1.0,0.0,1.0,0.0,0
5,-0.9583333333333334,-1.0036630036630036,18,0.05110732538330494,-0.46153846153846156,-0.496,-0.9370629370629371,-0.8723404255319149,1.0,0.0,0.0,1.0,0
4,-0.25,-0.19047619047619047,14,0.9880749574105622,0.04395604395604396,0.16,-0.11888111888111888,0.14893617021276595,0.0,1.0,0.0,1.0,0
2,-1.0208333333333333,-1.010989010989011,12,-0.4088586030664395,-0.6043956043956044,-0.56,-0.9790209790209791,-0.8936170212765957,1.0,0.0,0.0,1.0,1
3,0.3958333333333333,0.7032967032967034,2,-0.848381601362862,1.3846153846153846,0.528,0.09090909090909091,0.723404255319149,1.0,0.0,0.0,1.0,0
0,-0.7708333333333334,-0.7032967032967034,8,0.282793867120954,-0.4175824175824176,-0.288,-0.7972027972027972,-0.6382978723404256,1.0,0.0,1.0,0.0,0
4,-0.08333333333333333,-0.26373626373626374,4,-0.9608177172061328,0.4945054945054945,-0.576,-0.34965034965034963,0.5106382978723404,1.0,0.0,0.0,1.0,1
5,0.7916666666666666,0.7472527472527473,18,0.8143100511073254,1.164835164835165,0.208,0.3776223776223776,0.7659574468085106,0.0,1.0,0.0,1.0,0
1,-0.625,-0.6886446886446886,14,0.6780238500851788,-0.6043956043956044,-0.496,-0.5734265734265734,-0.425531914893617,1.0,0.0,0.0,1.0,0
0,-0.4791666666666667,-0.5714285714285714,12,-0.8654173764906303,-0.16483516483516483,-0.272,-0.24475524475524477,-0.6595744680851063,1.0,0.0,0.0,1.0,1
0,0.5625,1.0402930402930404,12,-0.47018739352640543,-0.0989010989010989,0.608,0.993006993006993,0.6170212765957447,0.0,1.0,1.0,0.0,1
0,-0.6041666666666666,-0.5201465201465202,10,-0.36115843270868825,-0.3626373626373626,-0.256,-0.6223776223776224,-0.574468085106383,0.0,1.0,0.0,1.0,1
1,0.3125,0.2857142857142857,8,0.37137989778534924,-0.3626373626373626,-0.08,0.6853146853146853,0.6595744680851063,1.0,0.0,1.0,0.0,0
1,-0.3333333333333333,-0.2783882783882784,14,0.09880749574105621,0.14285714285714285,-0.352,-0.25874125874125875,-0.06382978723404255,1.0,0.0,0.0,1.0,0
5,0.5833333333333334,1.0256410256410255,12,0.7120954003407155,0.7142857142857143,1.712,1.0769230769230769,1.5319148936170213,1.0,0.0,1.0,0.0,0
2,-1.0,-1.010989010989011,10,0.5076660988074957,-0.5494505494505495,-0.544,-0.951048951048951,-0.8723404255319149,1.0,0.0,0.0,1.0,0
5,0.22916666666666666,0.13186813186813187,6,-0.82793867120954,-0.5164835164835165,0.56,0.5454545454545454,0.3829787234042553,0.0,1.0,1.0,0.0,1
2,-0.6041666666666666,-0.6959706959706959,20,0.8722316865417377,-0.1978021978021978,-0.4,-0.5734265734265734,-0.2978723404255319,1.0,0.0,0.0,1.0,0
3,0.22916666666666666,0.15384615384615385,10,0.9437819420783645,1.120879120879121,0.72,0.38461538461538464,0.9787234042553191,1.0,0.0,1.0,0.0,0
3,-0.25,0.02197802197802198,4,0.42589437819420783,-0.0989010989010989,0.048,0.02097902097902098,0.2127659574468085,1.0,0.0,1.0,0.0,0
5,-0.7291666666666666,-0.6227106227106227,8,0.20442930153321975,-0.18681318681318682,-0.464,-0.5734265734265734,-0.7021276595744681,1.0,0.0,1.0,0.0,0
3,-0.020833333333333332,-0.05128205128205128,8,-0.1635434412265758,0.7362637362637363,0.48,0.24475524475524477,0.06382978723404255,1.0,0.0,0.0,1.0,0
2,0.7083333333333334,0.9010989010989011,6,-0.22146507666098808,1.7252747252747254,2.032,0.4825174825174825,0.02127659574468085,0.0,1.0,0.0,1.0,1
5,0.0625,0.15384615384615385,2,-0.848381601362862,-0.4945054945054945,0.128,0.32867132867132864,0.14893617021276595,0.0,1.0,0.0,1.0,0
1,0.625,0.5347985347985348,6,0.9574105621805792,1.043956043956044,0.272,0.9020979020979021,0.44680851063829785,0.0,1.0,1.0,0.0,0
3,0.5,0.7692307692307693,18,-0.16695059625212946,0.7582417582417582,0.672,0.972027972027972,0.0425531914893617,1.0,0.0,0.0,1.0,0
2,-0.16666666666666666,-0.38095238095238093,2,-0.4020442930153322,0.5934065934065934,0.704,-0.2517482517482518,-0.48936170212765956,1.0,0.0,1.0,0.0,1
3,0.0,-0.3076923076923077,18,-0.6950596252129472,0.26373626373626374,0.096,0.38461538461538464,0.02127659574468085,0.0,1.0,0.0,1.0,1
2,0.0,0.37362637362637363,20,-0.044293015332197615,0.1978021978021978,0.896,0.3356643356643357,-0.23404255319148937,1.0,0.0,0.0,1.0,0
4,-0.9583333333333334,-0.9743589743589743,6,0.7018739352640545,-0.5934065934065934,-0.544,-0.958041958041958,-0.851063829787234,0.0,1.0,1.0,0.0,0
0,-0.125,-0.17582417582417584,20,-0.9948892674616695,0.6153846153846154,0.208,-0.13286713286713286,-0.44680851063829785,1.0,0.0,0.0,1.0,1
4,-0.9375,-0.967032967032967,4,0.5383304940374787,-0.5274725274725275,-0.512,-0.8741258741258742,-0.8936170212765957,1.0,0.0,0.0,1.0,0
1,-0.16666666666666666,-0.32967032967032966,2,0.6609880749574105,-0.13186813186813187,0.128,0.11888111888111888,0.0425531914893617,1.0,0.0,0.0,1.0,0
0,0.2708333333333333,-0.029304029304029304,2,-0.3100511073253833,-0.43956043956043955,0.88,0.5944055944055944,-0.2127659574468085,0.0,1.0,1.0,0.0,1
1,0.8125,1.3846153846153846,18,0.42248722316865417,1.4505494505494505,1.088,0.9440559440559441,0.1702127659574468,1.0,0.0,0.0,1.0,0
5,0.8958333333333334,0.8205128205128205,14,0.07495741056218058,2.4835164835164836,1.872,1.132867132867133,1.4042553191489362,1.0,0.0,1.0,0.0,0
2,0.8125,0.9304029304029304,14,-0.8517887563884157,1.8681318681318682,0.112,0.8601398601398601,0.574468085106383,0.0,1.0,1.0,0.0,1
4,-0.3958333333333333,-0.17582417582417584,14,0.272572402044293,-0.6263736263736264,-0.416,-0.4965034965034965,-0.3404255319148936,1.0,0.0,1.0,0.0,1
3,0.3958333333333333,0.5128205128205128,12,0.46337308347529815,-0.43956043956043955,0.624,0.6923076923076923,0.8297872340425532,0.0,1.0,1.0,0.0,0
0,0.0,0.3882783882783883,12,0.899488926746167,-0.4175824175824176,0.544,0.25874125874125875,0.2553191489361702,0.0,1.0,1.0,0.0,0
4,0.041666666666666664,0.05860805860805861,8,-0.06473594548551959,-0.054945054945054944,-0.32,-0.04195804195804196,0.10638297872340426,1.0,0.0,1.0,0.0,0
3,0.041666666666666664,0.4542124542124542,6,-0.39522998296422485,0.45054945054945056,-0.048,0.2727272727272727,-0.06382978723404255,0.0,1.0,0.0,1.0,1
1,-0.08333333333333333,-0.04395604395604396,6,-0.4599659284497445,0.6263736263736264,-0.304,-0.27972027972027974,0.02127659574468085,0.0,1.0,1.0,0.0,1
1,0.7916666666666666,0.4835164835164835,8,0.3850085178875639,-0.02197802197802198,0.88,0.6433566433566433,0.723404255319149,1.0,0.0,0.0,1.0,0
4,-0.9791666666666666,-1.0036630036630036,20,0.5724020442930153,-0.5054945054945055,-0.512,-0.9090909090909091,-0.851063829787234,0.0,1.0,0.0,1.0,0
3,0.5416666666666666,0.6227106227106227,8,0.6950596252129472,-0.2967032967032967,0.976,0.40559440559440557,0.5319148936170213,1.0,0.0,0.0,1.0,0
0,0.8125,1.010989010989011,4,0.030664395229982964,-0.6153846153846154,0.56,0.8601398601398601,1.851063829787234,0.0,1.0,1.0,0.0,0
3,0.7708333333333334,0.7692307692307693,8,-0.44293015332197616,1.2747252747252746,-0.496,0.6853146853146853,1.6808510638297873,0.0,1.0,0.0,1.0,1
4,0.3541666666666667,0.7032967032967034,18,-0.8654173764906303,1.4505494505494505,-0.592,0.08391608391608392,1.0425531914893618,0.0,1.0,1.0,0.0,1
5,-0.8333333333333334,-0.8864468864468864,4,0.7632027257240205,-0.3516483516483517,-0.432,-0.7342657342657343,-0.8297872340425532,0.0,1.0,1.0,0.0,0
2,-0.375,-0.11721611721611722,16,-1.0323679727427597,-0.01098901098901099,0.352,-0.5034965034965035,-0.2978723404255319,1.0,0.0,1.0,0.0,1
0,0.4791666666666667,0.7545787545787546,20,0.15332197614991483,0.16483516483516483,0.672,0.6083916083916084,0.3617021276595745,1.0,0.0,1.0,0.0,0
5,-0.14583333333333334,0.02197802197802198,4,0.8926746166950597,0.2857142857142857,0.4,0.02097902097902098,-0.2127659574468085,0.0,1.0,1.0,0.0,0
1,-0.4166666666666667,-0.608058608058608,20,0.899488926746167,-0.4065934065934066,0.384,-0.5594405594405595,-0.10638297872340426,0.0,1.0,0.0,1.0,0
1,0.4166666666666667,0.2490842490842491,20,-0.4293015332197615,0.10989010989010989,1.52,0.32867132867132864,1.0212765957446808,0.0,1.0,0.0,1.0,1
2,-0.25,-0.24175824175824176,12,-0.29642248722316866,-0.27472527472527475,-0.592,-0.2937062937062937,0.02127659574468085,0.0,1.0,0.0,1.0,1
1,0.4791666666666667,1.0622710622710623,8,-0.020442930153321975,0.7142857142857143,0.176,0.11888111888111888,0.5319148936170213,0.0,1.0,1.0,0.0,0
4,-0.7083333333333334,-0.7106227106227107,18,0.817717206132879,-0.08791208791208792,-0.24,-0.5874125874125874,-0.574468085106383,0.0,1.0,1.0,0.0,0
1,-1.0208333333333333,-1.0256410256410255,2,-0.313458262350937,-0.5604395604395604,-0.576,-0.965034965034965,-0.9148936170212766,0.0,1.0,0.0,1.0,0
0,0.5416666666666666,0.2564102564102564,18,0.3475298126064736,0.054945054945054944,0.224,0.6433566433566433,0.3829787234042553,1.0,0.0,0.0,1.0,0
2,-0.5416666666666666,-0.5421245421245421,16,-0.5076660988074957,-0.15384615384615385,-0.432,-0.5244755244755245,-0.5106382978723404,0.0,1.0,0.0,1.0,1
5,0.7291666666666666,0.46886446886446886,8,-0.47018739352640543,0.6703296703296703,1.792,0.34265734265734266,1.148936170212766,1.0,0.0,1.0,0.0,1
3,-0.22916666666666666,-0.2564102564102564,12,-0.10562180579216354,0.45054945054945056,-0.576,-0.14685314685314685,-0.44680851063829785,1.0,0.0,1.0,0.0,0
4,-0.4791666666666667,-0.46153846153846156,14,-0.8551959114139693,-0.07692307692307693,-0.176,-0.5244755244755245,-0.1702127659574468,0.0,1.0,1.0,0.0,1
5,-0.0625,-0.315018315018315,8,0.606473594548552,-0.08791208791208792,0.496,-0.24475524475524477,-0.0425531914893617,1.0,0.0,0.0,1.0,0
1,-0.5208333333333334,-0.5860805860805861,6,-0.33049403747870526,-0.3626373626373626,-0.288,-0.34965034965034963,-0.5106382978723404,1.0,0.0,1.0,0.0,1
1,-0.14583333333333334,-0.2857142857142857,18,-0.9505962521294719,-0.37362637362637363,-0.064,-0.13286713286713286,0.19148936170212766,1.0,0.0,1.0,0.0,1
0,0.3958333333333333,-0.04395604395604396,4,0.3373083475298126,0.37362637362637363,-0.096,0.4755244755244755,0.6595744680851063,1.0,0.0,0.0,1.0,0
0,0.5208333333333334,0.37362637362637363,12,-0.19761499148211242,-0.14285714285714285,0.24,1.0419580419580419,0.5957446808510638,1.0,0.0,1.0,0.0,1
3,-0.22916666666666666,-0.46153846153846156,8,-0.2453151618398637,-0.2087912087912088,0.592,0.04195804195804196,0.2978723404255319,1.0,0.0,0.0,1.0,1
4,-0.7291666666666666,-0.717948717948718,20,0.12947189097103917,-0.15384615384615385,-0.432,-0.7342657342657343,-0.6595744680851063,0.0,1.0,0.0,1.0,0
5,0.9375,0.4468864468864469,14,-0.5485519591141397,2.21978021978022,0.976,1.2027972027972027,0.7872340425531915,0.0,1.0,1.0,0.0,1
5,-0.5833333333333334,-0.7032967032967034,10,-0.58603066439523,-0.5824175824175825,0.0,-0.4125874125874126,-0.3404255319148936,0.0,1.0,0.0,1.0,1
3,-0.8541666666666666,-0.7765567765567766,6,0.07495741056218058,-0.5384615384615384,-0.576,-0.8251748251748252,-0.851063829787234,1.0,0.0,1.0,0.0,0
1,0.6041666666666666,1.1941391941391941,2,-0.9812606473594548,1.967032967032967,-0.4,0.34265734265734266,0.5957446808510638,0.0,1.0,1.0,0.0,0
4,0.5833333333333334,0.9304029304029304,10,-0.1465076660988075,1.9230769230769231,1.712,0.972027972027972,1.3617021276595744,0.0,1.0,0.0,1.0,0
3,-0.5,-0.29304029304029305,8,0.807495741056218,-0.5604395604395604,-0.112,-0.3916083916083916,-0.5531914893617021,0.0,1.0,0.0,1.0,0
3,0.375,0.6007326007326007,16,-0.07155025553662692,1.3296703296703296,-0.24,0.6223776223776224,-0.02127659574468085,1.0,0.0,1.0,0.0,0
0,-0.20833333333333334,-0.2857142857142857,8,0.858603066439523,0.6483516483516484,-0.48,-0.23776223776223776,-0.2978723404255319,1.0,0.0,1.0,0.0,0
4,0.22916666666666666,-0.16117216117216118,20,-0.19080068143100512,0.945054945054945,1.136,0.18181818181818182,0.7446808510638298,1.0,0.0,1.0,0.0,1
0,-0.041666666666666664,-0.3516483516483517,16,-0.9505962521294719,-0.1978021978021978,0.8,-0.32167832167832167,-0.2553191489361702,0.0,1.0,1.0,0.0,1
3,0.5208333333333334,1.0769230769230769,8,0.817717206132879,1.7472527472527473,-0.112,0.5734265734265734,1.425531914893617,0.0,1.0,0.0,1.0,0
3,-0.5833333333333334,-0.4468864468864469,12,-0.1567291311754685,-0.21978021978021978,-0.368,-0.5874125874125874,-0.6808510638297872,0.0,1.0,1.0,0.0,0
3,0.8958333333333334,0.4175824175824176,10,0.1567291311754685,1.5384615384615385,0.48,1.5034965034965035,1.1702127659574468,1.0,0.0,1.0,0.0,0
2,-0.9375,-0.9010989010989011,12,-0.9131175468483816,-0.5714285714285714,-0.448,-0.9370629370629371,-0.8723404255319149,0.0,1.0,0.0,1.0,1
1,-0.7083333333333334,-0.73992673992674,20,-0.4190800681431005,-0.5934065934065934,-0.496,-0.6433566433566433,-0.5531914893617021,0.0,1.0,0.0,1.0,1
2,-0.125,0.19047619047619047,6,0.7802385008517888,-0.31868131868131866,0.768,-0.25874125874125875,0.46808510638297873,1.0,0.0,1.0,0.0,0
4,-0.7708333333333334,-0.6959706959706959,14,-0.9914821124361158,-0.17582417582417584,-0.432,-0.7972027972027972,-0.6595744680851063,0.0,1.0,0.0,1.0,1
1,0.9375,1.0036630036630036,6,-0.2282793867120954,1.4395604395604396,0.896,0.8881118881118881,0.3191489361702128,0.0,1.0,1.0,0.0,1
2,-0.08333333333333333,-0.06593406593406594,6,-0.33049403747870526,-0.4725274725274725,0.672,0.14685314685314685,-0.2127659574468085,0.0,1.0,0.0,1.0,1
2,0.6666666666666666,0.21978021978021978,2,-0.8449744463373083,-0.5054945054945055,-0.48,0.965034965034965,0.48936170212765956,0.0,1.0,0.0,1.0,1
3,-0.20833333333333334,-0.03663003663003663,10,-1.0323679727427597,0.21978021978021978,-0.256,-0.43356643356643354,-0.48936170212765956,0.0,1.0,1.0,0.0,1
3,-0.3958333333333333,-0.2783882783882784,4,0.7836456558773425,-0.32967032967032966,-0.432,-0.4125874125874126,-0.40425531914893614,0.0,1.0,1.0,0.0,0
0,-0.6666666666666666,-0.5641025641025641,4,0.49744463373083475,-0.38461538461538464,0.0,-0.7202797202797203,-0.48936170212765956,0.0,1.0,1.0,0.0,0
4,0.10416666666666667,-0.19047619047619047,4,0.39522998296422485,0.0,-0.128,-0.006993006993006993,-0.23404255319148937,1.0,0.0,1.0,0.0,0
3,0.4166666666666667,0.7912087912087912,10,0.41567291311754684,1.6483516483516483,0.256,0.0979020979020979,0.8723404255319149,0.0,1.0,0.0,1.0,0
3,-0.20833333333333334,-0.29304029304029305,14,-0.43611584327086883,-0.02197802197802198,0.096,-0.04895104895104895,0.0,1.0,0.0,0.0,1.0,1
3,-0.4791666666666667,-0.4468864468864469,20,-0.58603066439523,0.06593406593406594,-0.32,-0.4755244755244755,-0.48936170212765956,1.0,0.0,1.0,0.0,1
1,-0.08333333333333333,-0.21245421245421245,6,-1.0051107325383304,0.6813186813186813,-0.416,0.03496503496503497,-0.1702127659574468,1.0,0.0,1.0,0.0,1
0,-0.16666666666666666,-0.13186813186813187,20,-0.10562180579216354,0.32967032967032966,-0.24,-0.2517482517482518,0.3404255319148936,1.0,0.0,0.0,1.0,0
5,-0.6041666666666666,-0.47619047619047616,4,-0.6609880749574105,-0.5824175824175825,-0.592,-0.6783216783216783,-0.44680851063829785,0.0,1.0,1.0,0.0,1
2,-0.2708333333333333,-0.4175824175824176,16,-0.7291311754684838,-0.5934065934065934,0.304,-0.16783216783216784,-0.48936170212765956,0.0,1.0,0.0,1.0,1
0,-0.75,-0.8058608058608059,14,0.4906303236797274,-0.5934065934065934,-0.368,-0.8111888111888111,-0.7021276595744681,1.0,0.0,1.0,0.0,0
2,0.6458333333333334,0.6593406593406593,6,-0.3679727427597956,1.9120879120879122,1.104,0.8811188811188811,0.3404255319148936,1.0,0.0,0.0,1.0,1
2,-0.020833333333333332,0.09523809523809523,16,0.3270868824531516,0.3516483516483517,0.352,0.24475524475524477,0.574468085106383,1.0,0.0,0.0,1.0,0
3,-0.8125,-0.73992673992674,6,0.7359454855195912,-0.46153846153846156,-0.416,-0.7132867132867133,-0.7659574468085106,0.0,1.0,1.0,0.0,0
0,0.8125,1.5018315018315018,6,1.0051107325383304,-0.5604395604395604,2.0,0.42657342657342656,0.9787234042553191,0.0,1.0,1.0,0.0,0
2,-0.4791666666666667,-0.6373626373626373,6,0.9948892674616695,-0.5054945054945055,0.032,-0.25874125874125875,-0.6382978723404256,0.0,1.0,1.0,0.0,0
5,-0.875,-0.8424908424908425,20,0.787052810902896,-0.5054945054945055,-0.448,-0.8741258741258742,-0.6808510638297872,0.0,1.0,1.0,0.0,0
1,0.625,0.7912087912087912,6,-0.4293015332197615,-0.12087912087912088,1.52,0.6013986013986014,-0.02127659574468085,0.0,1.0,1.0,0.0,1
5,-0.4375,-0.4249084249084249,14,-0.6848381601362862,0.0,0.256,-0.4195804195804196,-0.06382978723404255,1.0,0.0,0.0,1.0,1
2,0.4375,0.16117216117216118,6,0.6575809199318569,0.10989010989010989,0.384,-0.013986013986013986,1.127659574468085,0.0,1.0,1.0,0.0,0
0,0.22916666666666666,-0.12454212454212454,10,0.313458262350937,-0.4065934065934066,0.0,0.5314685314685315,-0.06382978723404255,0.0,1.0,1.0,0.0,0
2,0.5833333333333334,0.46153846153846156,2,0.4088586030664395,-0.42857142857142855,-0.304,0.11888111888111888,0.5531914893617021,0.0,1.0,1.0,0.0,0
0,0.25,0.3663003663003663,6,-0.606473594548552,1.1318681318681318,1.072,-0.09090909090909091,0.2978723404255319,0.0,1.0,1.0,0.0,1
0,-0.8958333333333334,-0.8937728937728938,16,0.7563884156729132,-0.5384615384615384,-0.592,-0.8041958041958042,-0.723404255319149,0.0,1.0,0.0,1.0,0
0,0.041666666666666664,-0.06593406593406594,6,-0.9335604770017035,0.3516483516483517,0.624,-0.23776223776223776,-0.3617021276595745,1.0,0.0,0.0,1.0,1
4,0.020833333333333332,-0.12454212454212454,16,0.7359454855195912,-0.24175824175824176,0.064,0.15384615384615385,0.6382978723404256,1.0,0.0,1.0,0.0,0
2,0.020833333333333332,0.11721611721611722,12,0.9778534923339012,0.5384615384615384,0.944,0.08391608391608392,-0.1276595744680851,1.0,0.0,1.0,0.0,0
1,0.0,0.05128205128205128,4,0.08517887563884156,0.14285714285714285,-0.064,0.2097902097902098,-0.3829787234042553,1.0,0.0,0.0,1.0,0
0,-0.75,-0.6593406593406593,18,0.0034071550255536627,-0.3956043956043956,-0.208,-0.7132867132867133,-0.574468085106383,1.0,0.0,1.0,0.0,0
1,-0.0625,-0.02197802197802198,4,-0.38841567291311757,0.7472527472527473,0.672,0.21678321678321677,-0.19148936170212766,0.0,1.0,1.0,0.0,1
4,-0.9791666666666666,-1.010989010989011,10,0.8722316865417377,-0.5164835164835165,-0.512,-0.965034965034965,-0.9148936170212766,0.0,1.0,0.0,1.0,0
4,-0.9791666666666666,-0.967032967032967,18,0.7632027257240205,-0.6263736263736264,-0.592,-0.958041958041958,-0.8297872340425532,1.0,0.0,1.0,0.0,0
2,-0.5833333333333334,-0.47619047619047616,2,-0.3373083475298126,-0.4175824175824176,-0.096,-0.6993006993006993,-0.2978723404255319,0.0,1.0,0.0,1.0,0
5,0.5625,0.5421245421245421,20,-0.2555366269165247,0.02197802197802198,0.816,0.7062937062937062,0.0851063829787234,1.0,0.0,0.0,1.0,1
5,0.5208333333333334,0.6959706959706959,18,0.4020442930153322,1.7912087912087913,1.248,0.5804195804195804,0.574468085106383,0.0,1.0,1.0,0.0,0
2,1.0,1.3772893772893773,14,0.6132879045996593,1.2087912087912087,1.984,0.44755244755244755,1.0638297872340425,1.0,0.0,0.0,1.0,0
5,-0.8958333333333334,-0.8864468864468864,4,0.6030664395229983,-0.5604395604395604,-0.448,-0.9020979020979021,-0.8723404255319149,0.0,1.0,0.0,1.0,0
3,-0.3958333333333333,-0.3443223443223443,10,-0.9778534923339012,0.38461538461538464,0.288,-0.40559440559440557,-0.19148936170212766,1.0,0.0,0.0,1.0,1
1,-1.0,-0.9816849816849816,4,-0.8449744463373083,-0.5384615384615384,-0.544,-0.965034965034965,-0.9148936170212766,0.0,1.0,0.0,1.0,0
0,-0.7291666666666666,-0.8205128205128205,8,0.899488926746167,-0.6263736263736264,-0.16,-0.7202797202797203,-0.6808510638297872,0.0,1.0,0.0,1.0,0
0,-0.1875,-0.07326007326007326,4,0.787052810902896,0.34065934065934067,-0.048,-0.18181818181818182,-0.2978723404255319,1.0,0.0,0.0,1.0,0
4,-0.6666666666666666,-0.717948717948718,12,0.18057921635434412,-0.45054945054945056,-0.336,-0.6433566433566433,-0.5957446808510638,1.0,0.0,0.0,1.0,0
4,0.3333333333333333,0.73992673992674,6,-0.3577512776831346,0.8021978021978022,-0.48,0.2937062937062937,0.8297872340425532,0.0,1.0,0.0,1.0,1
1,0.8125,1.2893772893772895,16,-0.4599659284497445,-0.12087912087912088,2.032,0.9790209790209791,1.3617021276595744,0.0,1.0,0.0,1.0,1
0,0.8541666666666666,0.5787545787545788,10,-0.9744463373083475,0.945054945054945,2.192,0.972027972027972,1.3191489361702127,1.0,0.0,1.0,0.0,1
4,-0.1875,0.16117216117216118,6,-0.7563884156729132,0.43956043956043955,0.016,0.013986013986013986,0.2978723404255319,1.0,0.0,1.0,0.0,1
5,0.5208333333333334,0.8131868131868132,4,0.013628620102214651,0.8021978021978022,1.584,1.013986013986014,0.0851063829787234,0.0,1.0,0.0,1.0,0
3,0.625,1.0769230769230769,2,-0.6473594548551959,0.27472527472527475,1.824,0.7622377622377622,0.40425531914893614,0.0,1.0,0.0,1.0,0
5,0.8541666666666666,1.0695970695970696,16,-0.7495741056218058,1.3296703296703296,1.536,1.1048951048951048,0.2553191489361702,1.0,0.0,1.0,0.0,1
3,0.6666666666666666,0.5934065934065934,2,0.16013628620102216,-0.21978021978021978,1.968,0.23776223776223776,0.2765957446808511,1.0,0.0,0.0,1.0,0
0,0.6458333333333334,0.46153846153846156,14,0.555366269165247,-0.13186813186813187,1.376,0.26573426573426573,1.6170212765957446,0.0,1.0,1.0,0.0,0
4,-0.5208333333333334,-0.6153846153846154,14,-0.6201022146507666,-0.34065934065934067,-0.24,-0.3986013986013986,-0.23404255319148937,1.0,0.0,0.0,1.0,1
4,-0.4583333333333333,-0.2490842490842491,2,-0.19080068143100512,0.27472527472527475,0.16,-0.35664335664335667,-0.2978723404255319,1.0,0.0,0.0,1.0,0
1,-0.4583333333333333,-0.3443223443223443,18,0.6132879045996593,-0.4725274725274725,-0.576,-0.2517482517482518,-0.40425531914893614,0.0,1.0,0.0,1.0,0
2,-0.125,-0.3663003663003663,16,-0.6780238500851788,-0.4175824175824176,0.368,0.16783216783216784,-0.3829787234042553,1.0,0.0,1.0,0.0,1
1,-0.08333333333333333,-0.04395604395604396,2,-0.6541737649063032,-0.10989010989010989,0.224,-0.27972027972027974,-0.1702127659574468,1.0,0.0,1.0,0.0,1
2,0.16666666666666666,0.4542124542124542,14,-0.24872231686541738,0.16483516483516483,0.336,-0.1048951048951049,0.9148936170212766,0.0,1.0,1.0,0.0,1
4,0.10416666666666667,0.1391941391941392,20,0.303236797274276,0.978021978021978,0.656,0.23776223776223776,0.6170212765957447,1.0,0.0,0.0,1.0,0
1,0.0,-0.12454212454212454,14,-0.23850085178875638,0.12087912087912088,0.48,-0.013986013986013986,-0.1276595744680851,0.0,1.0,0.0,1.0,1
1,-0.4791666666666667,-0.5860805860805861,18,0.6746166950596252,-0.17582417582417584,0.192,-0.5244755244755245,-0.1702127659574468,0.0,1.0,0.0,1.0,0
2,-0.8541666666666666,-0.9230769230769231,10,-0.807495741056218,-0.4835164835164835,-0.528,-0.7972027972027972,-0.6808510638297872,1.0,0.0,1.0,0.0,1
3,-0.9791666666666666,-0.9816849816849816,12,0.879045996592845,-0.5934065934065934,-0.496,-0.9440559440559441,-0.9148936170212766,1.0,0.0,1.0,0.0,0
1,-0.3125,-0.06593406593406594,10,-0.18739352640545145,0.4725274725274725,-0.208,-0.3986013986013986,-0.0851063829787234,0.0,1.0,0.0,1.0,1
5,-0.20833333333333334,-0.1684981684981685,6,-0.07155025553662692,0.5824175824175825,0.384,-0.03496503496503497,-0.2127659574468085,0.0,1.0,1.0,0.0,0
5,0.625,0.7838827838827839,8,0.6575809199318569,1.1318681318681318,1.424,0.4825174825174825,0.7021276595744681,1.0,0.0,1.0,0.0,0
3,0.7291666666666666,0.63003663003663,12,0.9914821124361158,1.8131868131868132,1.632,1.020979020979021,0.0,0.0,1.0,0.0,1.0,0
2,0.3125,0.5054945054945055,18,-0.4497444633730835,0.8901098901098901,0.976,0.17482517482517482,0.06382978723404255,1.0,0.0,1.0,0.0,1
0,0.75,0.30036630036630035,10,-0.8756388415672913,-0.4835164835164835,-0.304,1.1258741258741258,0.7872340425531915,0.0,1.0,0.0,1.0,1
5,-0.16666666666666666,-0.03663003663003663,12,-0.24190800681431004,0.7692307692307693,0.32,-0.18181818181818182,0.02127659574468085,0.0,1.0,0.0,1.0,1
4,0.08333333333333333,-0.21978021978021978,12,-0.4395229982964225,-0.4175824175824176,-0.208,0.38461538461538464,0.23404255319148937,1.0,0.0,1.0,0.0,1
3,0.7708333333333334,0.7545787545787546,16,0.22146507666098808,1.2197802197802199,2.16,1.0769230769230769,1.2765957446808511,0.0,1.0,1.0,0.0,0
0,-0.2708333333333333,-0.47619047619047616,20,0.7768313458262351,0.0989010989010989,-0.32,-0.4825174825174825,-0.5319148936170213,1.0,0.0,0.0,1.0,0
5,-0.7708333333333334,-0.6959706959706959,4,-0.868824531516184,-0.38461538461538464,-0.448,-0.7412587412587412,-0.6808510638297872,0.0,1.0,0.0,1.0,0
3,0.7916666666666666,0.3443223443223443,12,0.5587734241908007,0.7032967032967034,-0.24,0.7062937062937062,0.6808510638297872,1.0,0.0,0.0,1.0,0
1,-0.7083333333333334,-0.5860805860805861,4,0.6609880749574105,-0.3076923076923077,-0.288,-0.5944055944055944,-0.6808510638297872,0.0,1.0,1.0,0.0,0
1,-0.125,-0.16117216117216118,6,-0.3373083475298126,0.7032967032967034,-0.08,-0.1048951048951049,-0.48936170212765956,0.0,1.0,1.0,0.0,1
0,-0.6458333333333334,-0.7106227106227107,14,-0.11243611584327087,-0.1978021978021978,-0.544,-0.5594405594405595,-0.6808510638297872,1.0,0.0,0.0,1.0,0
2,0.4583333333333333,0.32967032967032966,14,-0.1737649063032368,-0.3956043956043956,1.552,0.15384615384615385,-0.10638297872340426,1.0,0.0,1.0,0.0,0
1,-0.4583333333333333,-0.2564102564102564,20,-0.42589437819420783,-0.15384615384615385,-0.128,-0.42657342657342656,-0.3191489361702128,1.0,0.0,1.0,0.0,1
0,-0.8958333333333334,-0.8351648351648352,8,-0.46337308347529815,-0.5164835164835165,-0.528,-0.8041958041958042,-0.7872340425531915,0.0,1.0,0.0,1.0,1
3,0.6458333333333334,1.0036630036630036,2,-0.24872231686541738,1.032967032967033,1.088,0.3916083916083916,1.6170212765957446,1.0,0.0,1.0,0.0,0
3,0.8958333333333334,0.4981684981684982,10,-0.9540034071550255,-0.054945054945054944,1.888,1.048951048951049,1.446808510638298,0.0,1.0,0.0,1.0,1
4,0.08333333333333333,0.5201465201465202,14,0.899488926746167,-0.06593406593406594,0.8,0.04195804195804196,-0.2978723404255319,1.0,0.0,1.0,0.0,0
4,-0.08333333333333333,-0.2783882783882784,20,-0.3679727427597956,0.6263736263736264,0.496,0.16783216783216784,0.0,1.0,0.0,1.0,0.0,1
2,-0.2916666666666667,-0.3956043956043956,10,0.7359454855195912,0.31868131868131866,-0.272,-0.3076923076923077,-0.2978723404255319,0.0,1.0,1.0,0.0,0
1,0.9791666666666666,0.6373626373626373,12,-0.5894378194207837,-0.26373626373626374,1.424,1.1118881118881119,2.0,1.0,0.0,0.0,1.0,1
4,-0.5208333333333334,-0.5421245421245421,16,0.030664395229982964,-0.4725274725274725,-0.432,-0.6153846153846154,-0.6595744680851063,0.0,1.0,1.0,0.0,0
4,-0.125,0.05128205128205128,10,0.817717206132879,0.8351648351648352,0.512,-0.26573426573426573,-0.48936170212765956,1.0,0.0,1.0,0.0,0
2,-0.7083333333333334,-0.8131868131868132,20,0.30664395229982966,-0.37362637362637363,-0.368,-0.6853146853146853,-0.5957446808510638,0.0,1.0,0.0,1.0,0
1,0.8541666666666666,1.0695970695970696,6,0.22487223168654175,0.4725274725274725,1.472,0.6153846153846154,1.5319148936170213,1.0,0.0,0.0,1.0,0
0,0.0625,0.2783882783882784,8,0.07495741056218058,0.7142857142857143,-0.112,-0.11188811188811189,0.06382978723404255,1.0,0.0,1.0,0.0,0
1,0.6041666666666666,1.2673992673992673,12,-0.3373083475298126,2.0,-0.352,0.5244755244755245,0.3191489361702128,1.0,0.0,1.0,0.0,1
4,-0.125,-0.3443223443223443,10,-0.3202725724020443,0.6043956043956044,-0.096,-0.16783216783216784,-0.3829787234042553,1.0,0.0,1.0,0.0,1
4,0.3958333333333333,0.6959706959706959,10,0.252129471890971,1.4505494505494505,0.368,0.48951048951048953,0.3829787234042553,0.0,1.0,0.0,1.0,0
3,-1.0,-1.0183150183150182,20,0.4497444633730835,-0.5164835164835165,-0.56,-0.958041958041958,-0.8723404255319149,1.0,0.0,1.0,0.0,0
4,-0.8541666666666666,-0.9010989010989011,16,-0.20442930153321975,-0.5934065934065934,-0.576,-0.8811188811188811,-0.7446808510638298,1.0,0.0,1.0,0.0,1
3,0.3125,0.4981684981684982,10,-0.46337308347529815,1.054945054945055,0.368,0.3986013986013986,0.14893617021276595,0.0,1.0,1.0,0.0,1
0,0.3958333333333333,0.5201465201465202,20,-0.3577512776831346,0.10989010989010989,0.288,0.006993006993006993,-0.1276595744680851,1.0,0.0,0.0,1.0,1
0,0.3125,0.4175824175824176,6,-0.1839863713798978,0.5714285714285714,-0.448,0.5944055944055944,1.127659574468085,0.0,1.0,1.0,0.0,1
4,0.2708333333333333,0.7545787545787546,2,0.1260647359454855,0.4835164835164835,0.32,0.2867132867132867,0.3829787234042553,0.0,1.0,1.0,0.0,0
4,-0.625,-0.5054945054945055,8,-0.3747870528109029,-0.14285714285714285,-0.528,-0.7132867132867133,-0.6808510638297872,1.0,0.0,0.0,1.0,1
4,-0.3958333333333333,-0.4542124542124542,18,0.6780238500851788,-0.5714285714285714,-0.592,-0.38461538461538464,0.0425531914893617,1.0,0.0,1.0,0.0,0
4,-0.2708333333333333,-0.15384615384615385,18,0.8722316865417377,-0.18681318681318682,0.144,-0.44755244755244755,-0.3829787234042553,1.0,0.0,0.0,1.0,0
5,0.5,0.029304029304029304,14,0.19761499148211242,0.7142857142857143,0.336,1.06993006993007,-0.02127659574468085,0.0,1.0,0.0,1.0,0
2,0.3958333333333333,0.8131868131868132,18,-0.7802385008517888,-0.24175824175824176,1.6,0.02097902097902098,0.0,0.0,1.0,1.0,0.0,1
0,-0.375,-0.3076923076923077,4,-0.6132879045996593,0.1978021978021978,0.16,-0.2097902097902098,-0.2765957446808511,0.0,1.0,0.0,1.0,0
0,0.875,0.4175824175824176,14,0.5315161839863713,2.3516483516483517,1.264,0.8321678321678322,1.3617021276595744,1.0,0.0,1.0,0.0,0
3,0.375,0.24175824175824176,18,-0.37137989778534924,0.23076923076923078,1.2,0.055944055944055944,0.8936170212765957,0.0,1.0,0.0,1.0,1
2,0.8541666666666666,1.347985347985348,14,0.9233390119250426,-0.18681318681318682,0.96,1.1608391608391608,0.44680851063829785,0.0,1.0,0.0,1.0,0
2,0.6458333333333334,0.9230769230769231,10,0.8040885860306644,0.3956043956043956,0.432,0.7622377622377622,0.3191489361702128,0.0,1.0,0.0,1.0,0
4,-0.1875,-0.38095238095238093,4,0.4190800681431005,0.4835164835164835,0.704,0.1048951048951049,0.2127659574468085,0.0,1.0,1.0,0.0,0
0,0.9166666666666666,0.7472527472527473,2,-0.13287904599659284,1.2967032967032968,1.968,0.34965034965034963,1.5957446808510638,0.0,1.0,1.0,0.0,0
3,-0.7916666666666666,-0.8278388278388278,8,0.6541737649063032,-0.46153846153846156,-0.464,-0.6993006993006993,-0.6170212765957447,0.0,1.0,1.0,0.0,0
2,0.10416666666666667,0.46886446886446886,18,0.9540034071550255,0.46153846153846156,-0.336,0.4405594405594406,0.3191489361702128,1.0,0.0,0.0,1.0,0
0,0.08333333333333333,0.18315018315018314,8,-0.8517887563884157,-0.5714285714285714,-0.56,0.17482517482517482,0.14893617021276595,1.0,0.0,0.0,1.0,1
2,-0.5416666666666666,-0.5641025641025641,12,-0.9471890971039182,0.02197802197802198,-0.336,-0.5734265734265734,-0.19148936170212766,0.0,1.0,0.0,1.0,1
3,-0.1875,0.05860805860805861,8,-0.8211243611584327,0.4725274725274725,0.256,0.06293706293706294,0.23404255319148937,1.0,0.0,0.0,1.0,1
3,-0.6458333333333334,-0.7252747252747253,14,0.23850085178875638,-0.5274725274725275,-0.048,-0.6083916083916084,-0.6382978723404256,0.0,1.0,1.0,0.0,0
0,0.020833333333333332,0.32234432234432236,14,0.28620102214650767,0.6923076923076923,-0.512,0.3356643356643357,-0.02127659574468085,1.0,0.0,1.0,0.0,0
3,0.020833333333333332,0.1978021978021978,10,-0.6882453151618398,-0.32967032967032966,-0.368,-0.13286713286713286,0.40425531914893614,0.0,1.0,1.0,0.0,1
3,0.2708333333333333,0.6959706959706959,12,-0.10902896081771721,1.4725274725274726,1.248,-0.0979020979020979,0.6382978723404256,1.0,0.0,1.0,0.0,0
3,0.1875,0.10256410256410256,12,0.010221465076660987,-0.32967032967032966,1.264,0.32867132867132864,0.7021276595744681,0.0,1.0,0.0,1.0,0
5,-0.7916666666666666,-0.8571428571428571,12,0.22487223168654175,-0.5714285714285714,-0.32,-0.7482517482517482,-0.574468085106383,1.0,0.0,0.0,1.0,0
5,0.020833333333333332,-0.1391941391941392,16,0.39182282793867124,0.6703296703296703,-0.576,0.24475524475524477,0.574468085106383,1.0,0.0,0.0,1.0,0
2,0.4166666666666667,0.4981684981684982,12,0.3270868824531516,0.6373626373626373,1.552,0.5594405594405595,0.06382978723404255,1.0,0.0,1.0,0.0,0
1,0.75,1.4212454212454213,16,0.20442930153321975,-0.02197802197802198,1.12,0.22377622377622378,0.7659574468085106,1.0,0.0,1.0,0.0,0
3,0.75,1.0769230769230769,4,-0.9914821124361158,0.37362637362637363,-0.144,1.0769230769230769,0.0851063829787234,0.0,1.0,0.0,1.0,0
1,0.4166666666666667,0.17582417582417584,6,0.514480408858603,-0.4945054945054945,-0.512,0.8671328671328671,0.48936170212765956,0.0,1.0,1.0,0.0,0
5,0.7708333333333334,0.5860805860805861,10,-0.838160136286201,0.25274725274725274,0.784,0.2517482517482518,0.0851063829787234,1.0,0.0,1.0,0.0,1
4,-0.020833333333333332,-0.23443223443223443,6,-0.909710391822828,-0.43956043956043955,0.048,0.06293706293706294,-0.425531914893617,0.0,1.0,1.0,0.0,1
0,0.8125,1.3846153846153846,8,0.6746166950596252,0.6593406593406593,0.832,1.4545454545454546,1.4042553191489362,1.0,0.0,1.0,0.0,0
4,0.1875,0.02197802197802198,2,-0.9608177172061328,0.14285714285714285,0.64,0.23776223776223776,0.425531914893617,0.0,1.0,1.0,0.0,1
2,0.8958333333333334,0.6227106227106227,4,-0.39182282793867124,1.5934065934065933,-0.032,0.9790209790209791,1.3617021276595744,1.0,0.0,1.0,0.0,1
1,-0.1875,0.11721611721611722,14,-0.7223168654173765,0.02197802197802198,-0.256,-0.03496503496503497,-0.40425531914893614,0.0,1.0,1.0,0.0,1
1,0.22916666666666666,-0.02197802197802198,20,0.7359454855195912,0.2087912087912088,1.28,0.14685314685314685,-0.0425531914893617,1.0,0.0,1.0,0.0,0
5,-0.5208333333333334,-0.46886446886446886,4,0.838160136286201,0.1978021978021978,-0.272,-0.3986013986013986,-0.3829787234042553,0.0,1.0,1.0,0.0,0
3,-0.7708333333333334,-0.7912087912087912,16,-0.5178875638841567,-0.27472527472527475,-0.384,-0.7202797202797203,-0.6808510638297872,0.0,1.0,0.0,1.0,1
2,-0.5833333333333334,-0.673992673992674,8,-0.8143100511073254,-0.12087912087912088,-0.512,-0.5314685314685315,-0.5319148936170213,1.0,0.0,0.0,1.0,1
1,0.6666666666666666,1.010989010989011,16,0.3441226575809199,-0.46153846153846156,1.28,0.16083916083916083,1.4680851063829787,0.0,1.0,0.0,1.0,0
3,-0.8125,-0.8424908424908425,10,-0.5621805792163543,-0.45054945054945056,-0.24,-0.7482517482517482,-0.7446808510638298,0.0,1.0,1.0,0.0,1
3,-0.9166666666666666,-0.8864468864468864,14,0.7359454855195912,-0.43956043956043955,-0.432,-0.8741258741258742,-0.7659574468085106,0.0,1.0,1.0,0.0,0
2,0.10416666666666667,0.358974358974359,8,-0.5928449744463373,0.054945054945054944,-0.24,0.45454545454545453,0.574468085106383,1.0,0.0,1.0,0.0,1
1,0.6041666666666666,0.4468864468864469,6,-0.11243611584327087,-0.5054945054945055,1.28,0.6013986013986014,1.446808510638298,0.0,1.0,0.0,1.0,0
4,-0.2708333333333333,-0.4981684981684982,20,0.9812606473594548,-0.10989010989010989,0.528,-0.02097902097902098,-0.2553191489361702,1.0,0.0,0.0,1.0,0
4,0.1875,0.08791208791208792,18,-0.034071550255536626,0.13186813186813187,0.176,-0.0979020979020979,0.40425531914893614,0.0,1.0,1.0,0.0,0
2,-0.6666666666666666,-0.7326007326007326,12,-0.054514480408858604,-0.2857142857142857,-0.384,-0.6853146853146853,-0.723404255319149,0.0,1.0,1.0,0.0,0
2,-0.375,-0.2564102564102564,20,0.7495741056218058,-0.10989010989010989,-0.352,-0.20279720279720279,-0.3404255319148936,1.0,0.0,0.0,1.0,0
3,-0.08333333333333333,-0.27106227106227104,2,0.07836456558773425,0.3956043956043956,-0.224,0.0,0.14893617021276595,1.0,0.0,1.0,0.0,0
5,-0.7916666666666666,-0.7032967032967034,10,0.5178875638841567,-0.38461538461538464,-0.24,-0.6853146853146853,-0.5531914893617021,0.0,1.0,0.0,1.0,0
0,-0.7291666666666666,-0.73992673992674,18,-0.47700170357751276,-0.6043956043956044,-0.272,-0.7342657342657343,-0.574468085106383,0.0,1.0,1.0,0.0,1
5,-0.6875,-0.5567765567765568,18,-0.46678023850085176,-0.32967032967032966,-0.256,-0.6013986013986014,-0.5531914893617021,0.0,1.0,1.0,0.0,1
1,0.5625,0.6813186813186813,4,-0.9880749574105622,-0.32967032967032966,1.856,0.5874125874125874,1.3617021276595744,1.0,0.0,1.0,0.0,0
2,-0.6666666666666666,-0.7326007326007326,16,0.09540034071550256,-0.26373626373626374,-0.16,-0.7062937062937062,-0.3829787234042553,0.0,1.0,0.0,1.0,0
4,0.7916666666666666,1.4871794871794872,14,0.3100511073253833,1.0769230769230769,-0.144,0.4195804195804196,0.9787234042553191,0.0,1.0,1.0,0.0,0
5,-0.75,-0.6666666666666666,4,-0.6439522998296422,-0.5274725274725275,-0.368,-0.8181818181818182,-0.7021276595744681,0.0,1.0,0.0,1.0,0
3,-0.3958333333333333,-0.32967032967032966,20,0.3441226575809199,-0.24175824175824176,0.176,-0.3916083916083916,-0.1276595744680851,1.0,0.0,1.0,0.0,0
3,-0.7291666666666666,-0.8278388278388278,8,0.020442930153321975,-0.0989010989010989,-0.576,-0.6013986013986014,-0.7872340425531915,0.0,1.0,1.0,0.0,0
0,-0.6875,-0.652014652014652,20,-0.7189097103918228,-0.1978021978021978,-0.208,-0.7762237762237763,-0.6595744680851063,0.0,1.0,1.0,0.0,1
5,0.8958333333333334,0.5274725274725275,6,0.8415672913117547,0.8461538461538461,1.28,0.7132867132867133,0.48936170212765956,1.0,0.0,1.0,0.0,0
2,-1.0,-1.0036630036630036,8,0.4497444633730835,-0.5274725274725275,-0.528,-0.986013986013986,-0.9361702127659575,1.0,0.0,1.0,0.0,0
1,-0.3958333333333333,-0.3882783882783883,6,-0.4088586030664395,0.12087912087912088,-0.288,-0.4755244755244755,-0.19148936170212766,1.0,0.0,0.0,1.0,1
2,0.4791666666666667,0.5787545787545788,16,0.787052810902896,0.08791208791208792,1.424,0.07692307692307693,0.3191489361702128,0.0,1.0,1.0,0.0,0
1,-0.3333333333333333,-0.08058608058608059,12,0.7529812606473595,0.3076923076923077,0.032,-0.2097902097902098,-0.0851063829787234,0.0,1.0,0.0,1.0,0
0,0.4375,0.5347985347985348,4,-0.534923339011925,1.3296703296703296,1.152,0.6923076923076923,0.6595744680851063,1.0,0.0,0.0,1.0,0
3,-0.5625,-0.47619047619047616,6,0.0919931856899489,-0.054945054945054944,-0.128,-0.38461538461538464,-0.46808510638297873,0.0,1.0,1.0,0.0,0
4,0.16666666666666666,0.3663003663003663,8,0.4190800681431005,1.2967032967032968,0.496,0.38461538461538464,0.7446808510638298,1.0,0.0,0.0,1.0,0
1,0.4583333333333333,0.7032967032967034,20,-0.9505962521294719,0.8021978021978022,0.0,0.26573426573426573,0.9574468085106383,1.0,0.0,1.0,0.0,1
4,-0.0625,0.29304029304029305,14,0.5826235093696763,0.5714285714285714,0.336,-0.13286713286713286,0.425531914893617,1.0,0.0,1.0,0.0,0
1,-0.14583333333333334,-0.1684981684981685,6,-0.06814310051107325,-0.3516483516483517,0.672,0.18181818181818182,0.44680851063829785,1.0,0.0,0.0,1.0,0
1,0.7083333333333334,0.8498168498168498,8,0.7086882453151618,1.89010989010989,0.432,1.2517482517482517,1.7446808510638299,0.0,1.0,0.0,1.0,0
3,0.5625,0.3663003663003663,4,0.5587734241908007,1.3736263736263736,1.088,0.4125874125874126,0.6808510638297872,1.0,0.0,0.0,1.0,0
1,0.5208333333333334,0.7912087912087912,10,-0.027257240204429302,0.25274725274725274,-0.528,0.7202797202797203,1.3829787234042554,1.0,0.0,0.0,1.0,0
4,0.75,0.38095238095238093,14,0.38160136286201024,0.8681318681318682,1.552,1.2167832167832169,0.851063829787234,1.0,0.0,1.0,0.0,0
4,-0.5,-0.47619047619047616,4,-0.9471890971039182,-0.06593406593406594,-0.464,-0.32867132867132864,-0.23404255319148937,0.0,1.0,1.0,0.0,0
4,0.5208333333333334,0.6813186813186813,8,0.23509369676320271,-0.34065934065934067,-0.336,0.3916083916083916,0.46808510638297873,0.0,1.0,1.0,0.0,0
5,-0.3958333333333333,-0.5274725274725275,12,-0.06814310051107325,0.4175824175824176,0.288,-0.27972027972027974,-0.19148936170212766,0.0,1.0,1.0,0.0,0
1,-0.25,-0.2271062271062271,2,-0.4735945485519591,0.4065934065934066,0.32,-0.15384615384615385,0.1276595744680851,0.0,1.0,0.0,1.0,1
5,-0.4166666666666667,-0.38095238095238093,10,-0.6439522998296422,-0.5934065934065934,0.256,-0.46153846153846156,-0.3617021276595745,1.0,0.0,1.0,0.0,1
1,0.7291666666666666,0.8278388278388278,2,0.010221465076660987,-0.2087912087912088,1.792,1.2657342657342658,1.6382978723404256,0.0,1.0,1.0,0.0,0
4,0.9791666666666666,1.4285714285714286,14,0.46678023850085176,0.0989010989010989,2.112,0.8741258741258742,0.1276595744680851,1.0,0.0,0.0,1.0,0
1,0.3541666666666667,0.608058608058608,6,-0.0919931856899489,-0.5604395604395604,1.184,-0.055944055944055944,0.23404255319148937,1.0,0.0,0.0,1.0,0
3,-0.4583333333333333,-0.4468864468864469,12,-0.13287904599659284,-0.5054945054945055,-0.096,-0.4965034965034965,-0.574468085106383,0.0,1.0,0.0,1.0,0
0,0.875,0.7619047619047619,14,-0.8211243611584327,1.021978021978022,1.984,1.2377622377622377,1.3829787234042554,1.0,0.0,0.0,1.0,1
3,0.4375,0.5128205128205128,2,0.07836456558773425,0.5494505494505495,-0.336,0.8601398601398601,-0.1702127659574468,0.0,1.0,0.0,1.0,0
2,-0.5,-0.38095238095238093,14,0.3339011925042589,-0.5714285714285714,-0.048,-0.32867132867132864,-0.5531914893617021,0.0,1.0,0.0,1.0,0
4,-0.5833333333333334,-0.4981684981684982,8,-0.21465076660988075,-0.45054945054945056,-0.048,-0.6923076923076923,-0.3617021276595745,0.0,1.0,0.0,1.0,1
5,-0.4583333333333333,-0.5787545787545788,14,0.6575809199318569,-0.1978021978021978,0.0,-0.34265734265734266,-0.06382978723404255,1.0,0.0,1.0,0.0,0
5,-0.6875,-0.673992673992674,14,-0.8722316865417377,-0.1978021978021978,-0.384,-0.6783216783216783,-0.5957446808510638,0.0,1.0,1.0,0.0,1
5,0.8125,0.6813186813186813,12,0.18739352640545145,0.01098901098901099,0.144,1.2237762237762237,0.3404255319148936,0.0,1.0,1.0,0.0,0
1,0.125,-0.19047619047619047,4,-0.6405451448040886,1.10989010989011,-0.448,0.1888111888111888,0.6170212765957447,1.0,0.0,0.0,1.0,1
5,0.3125,0.4981684981684982,10,-0.5315161839863713,0.7802197802197802,1.184,0.3916083916083916,0.40425531914893614,1.0,0.0,1.0,0.0,1
5,0.4166666666666667,0.37362637362637363,8,-0.3441226575809199,0.18681318681318682,0.304,0.7482517482517482,1.127659574468085,0.0,1.0,1.0,0.0,1
4,-1.0,-0.9963369963369964,20,0.17717206132879046,-0.6153846153846154,-0.576,-0.9440559440559441,-0.8723404255319149,0.0,1.0,0.0,1.0,0
3,-0.9166666666666666,-0.945054945054945,8,0.44293015332197616,-0.4835164835164835,-0.464,-0.8531468531468531,-0.851063829787234,0.0,1.0,0.0,1.0,0
5,-0.9375,-0.9597069597069597,2,-0.9676320272572402,-0.6043956043956044,-0.416,-0.8741258741258742,-0.8297872340425532,0.0,1.0,0.0,1.0,1
3,0.9791666666666666,1.010989010989011,12,-0.39522998296422485,0.3626373626373626,1.872,1.132867132867133,1.4042553191489362,1.0,0.0,0.0,1.0,1
2,-0.625,-0.7326007326007326,4,-0.868824531516184,-0.02197802197802198,-0.592,-0.5034965034965035,-0.6595744680851063,0.0,1.0,0.0,1.0,1
4,-0.75,-0.7765567765567766,18,0.35093696763202725,-0.6153846153846154,-0.16,-0.7132867132867133,-0.5957446808510638,0.0,1.0,1.0,0.0,0
3,0.2916666666666667,0.1391941391941392,4,-0.17717206132879046,-0.03296703296703297,-0.464,0.2727272727272727,0.6595744680851063,0.0,1.0,1.0,0.0,0
4,1.0,1.010989010989011,10,0.545144804088586,1.989010989010989,1.44,1.4825174825174825,0.2765957446808511,1.0,0.0,1.0,0.0,0
0,0.5208333333333334,0.2564102564102564,16,-0.5587734241908007,0.7912087912087912,0.352,1.062937062937063,1.297872340425532,1.0,0.0,0.0,1.0,1
3,-0.3333333333333333,-0.06593406593406594,4,-0.5587734241908007,-0.04395604395604396,-0.144,-0.11188811188811189,-0.02127659574468085,0.0,1.0,1.0,0.0,0
2,0.375,0.46153846153846156,2,-1.0255536626916524,1.4395604395604396,1.12,0.8601398601398601,1.0,1.0,0.0,1.0,0.0,0
1,0.4166666666666667,0.3443223443223443,16,0.4599659284497445,0.17582417582417584,-0.592,0.6783216783216783,-0.19148936170212766,1.0,0.0,0.0,1.0,0
2,-0.9166666666666666,-0.9010989010989011,8,0.20442930153321975,-0.5384615384615384,-0.512,-0.8251748251748252,-0.7446808510638298,0.0,1.0,1.0,0.0,0
2,-0.6666666666666666,-0.73992673992674,6,0.6882453151618398,-0.37362637362637363,-0.096,-0.6853146853146853,-0.46808510638297873,0.0,1.0,1.0,0.0,0
5,0.3958333333333333,0.6153846153846154,18,0.6814310051107325,1.4395604395604396,0.416,0.9230769230769231,-0.0851063829787234,1.0,0.0,1.0,0.0,0
2,-0.0625,-0.10256410256410256,2,-0.06814310051107325,0.8901098901098901,0.336,-0.35664335664335667,0.14893617021276595,1.0,0.0,1.0,0.0,0
5,-0.14583333333333334,0.1978021978021978,20,0.807495741056218,-0.21978021978021978,0.224,-0.11888111888111888,-0.46808510638297873,1.0,0.0,0.0,1.0,0
4,0.8125,1.0476190476190477,6,0.11584327086882454,0.6263736263736264,-0.4,1.2867132867132867,0.06382978723404255,1.0,0.0,0.0,1.0,0
3,0.9375,1.435897435897436,2,0.4838160136286201,-0.34065934065934067,-0.272,1.2867132867132867,0.46808510638297873,1.0,0.0,0.0,1.0,0
1,0.125,0.32967032967032966,12,0.1567291311754685,0.4175824175824176,1.04,0.1258741258741259,0.0,0.0,1.0,1.0,0.0,0
5,-0.5,-0.29304029304029305,16,-0.3645655877342419,-0.5274725274725275,-0.128,-0.34265734265734266,-0.44680851063829785,1.0,0.0,1.0,0.0,1
3,-0.1875,-0.23443223443223443,10,0.1737649063032368,0.3516483516483517,-0.528,0.11188811188811189,0.2553191489361702,0.0,1.0,1.0,0.0,0
5,-0.20833333333333334,0.06593406593406594,10,0.7938671209540034,0.5384615384615384,-0.416,0.04195804195804196,-0.19148936170212766,1.0,0.0,0.0,1.0,0
0,-0.9375,-0.9523809523809523,6,0.14991482112436116,-0.45054945054945056,-0.496,-0.916083916083916,-0.8085106382978723,0.0,1.0,1.0,0.0,0
4,-0.041666666666666664,-0.23443223443223443,8,-0.45315161839863716,0.7032967032967034,0.608,0.006993006993006993,0.06382978723404255,0.0,1.0,1.0,0.0,1
3,0.6666666666666666,0.46153846153846156,4,0.04088586030664395,-0.13186813186813187,-0.56,0.3076923076923077,1.0851063829787233,0.0,1.0,0.0,1.0,0
3,0.6458333333333334,1.1794871794871795,8,-0.46337308347529815,1.3846153846153846,-0.064,0.6083916083916084,0.723404255319149,1.0,0.0,1.0,0.0,1
2,-0.5208333333333334,-0.4542124542124542,6,-0.37137989778534924,0.0989010989010989,0.016,-0.6293706293706294,-0.5319148936170213,0.0,1.0,1.0,0.0,1
0,-0.2916666666666667,-0.1684981684981685,16,0.7768313458262351,0.26373626373626374,-0.24,-0.23776223776223776,-0.44680851063829785,1.0,0.0,1.0,0.0,0
0,-1.0,-0.989010989010989,2,-0.4122657580919932,-0.5934065934065934,-0.576,-0.9440559440559441,-0.8723404255319149,0.0,1.0,0.0,1.0,0
0,-0.0625,-0.08058608058608059,10,-0.9676320272572402,0.13186813186813187,0.736,-0.06293706293706294,0.1276595744680851,1.0,0.0,0.0,1.0,1
1,0.5208333333333334,1.0769230769230769,14,0.29642248722316866,0.9120879120879121,0.048,1.0769230769230769,0.9787234042553191,1.0,0.0,0.0,1.0,0
0,0.7708333333333334,0.8058608058608059,10,0.38160136286201024,2.1648351648351647,-0.192,1.4195804195804196,0.8723404255319149,0.0,1.0,0.0,1.0,0
1,0.6041666666666666,1.1721611721611722,14,-1.0255536626916524,0.7802197802197802,1.504,0.6503496503496503,0.48936170212765956,1.0,0.0,0.0,1.0,1
1,0.75,0.9084249084249084,10,0.38841567291311757,2.1868131868131866,0.784,0.20279720279720279,0.9787234042553191,0.0,1.0,0.0,1.0,0
0,-0.8958333333333334,-0.945054945054945,4,0.5076660988074957,-0.3626373626373626,-0.416,-0.7972027972027972,-0.8723404255319149,1.0,0.0,0.0,1.0,0
0,-0.2916666666666667,-0.24175824175824176,6,-0.22146507666098808,0.06593406593406594,-0.528,-0.2937062937062937,0.19148936170212766,0.0,1.0,0.0,1.0,1
5,0.125,-0.12454212454212454,18,0.6950596252129472,-0.16483516483516483,-0.448,0.27972027972027974,0.2127659574468085,1.0,0.0,1.0,0.0,0
5,-0.2708333333333333,-0.19047619047619047,2,0.1567291311754685,0.06593406593406594,0.256,-0.3006993006993007,-0.06382978723404255,1.0,0.0,0.0,1.0,0
4,-0.25,-0.2783882783882784,20,-0.5792163543441227,-0.0989010989010989,-0.336,-0.006993006993006993,-0.46808510638297873,0.0,1.0,1.0,0.0,1
4,0.3958333333333333,0.652014652014652,18,-0.909710391822828,1.032967032967033,0.928,0.35664335664335667,0.7021276595744681,0.0,1.0,0.0,1.0,1
5,-0.6875,-0.63003663003663,4,-0.18739352640545145,-0.46153846153846156,-0.208,-0.5664335664335665,-0.40425531914893614,1.0,0.0,1.0,0.0,0
2,0.7708333333333334,0.5714285714285714,14,0.303236797274276,1.7692307692307692,0.224,0.27972027972027974,1.3617021276595744,0.0,1.0,1.0,0.0,0
4,-0.4166666666666667,-0.608058608058608,4,-0.7938671209540034,0.32967032967032966,0.064,-0.40559440559440557,-0.3617021276595745,1.0,0.0,1.0,0.0,1
3,0.7291666666666666,1.2747252747252746,4,-0.36115843270868825,0.6373626373626373,-0.064,0.27972027972027974,0.0851063829787234,0.0,1.0,0.0,1.0,0
0,0.4166666666666667,0.3443223443223443,6,0.6132879045996593,-0.18681318681318682,0.176,0.5034965034965035,0.10638297872340426,1.0,0.0,0.0,1.0,0
0,-0.2708333333333333,0.02197802197802198,6,1.008517887563884,0.24175824175824176,-0.496,-0.15384615384615385,-0.3617021276595745,0.0,1.0,0.0,1.0,0
0,-0.9791666666666666,-0.9816849816849816,14,0.9744463373083475,-0.4945054945054945,-0.56,-0.972027972027972,-0.9148936170212766,1.0,0.0,0.0,1.0,0
3,0.7708333333333334,0.8498168498168498,20,0.8926746166950597,1.5054945054945055,0.976,0.916083916083916,1.702127659574468,0.0,1.0,0.0,1.0,0
3,0.8333333333333334,0.3882783882783883,2,0.3679727427597956,-0.37362637362637363,2.272,0.6783216783216783,1.8085106382978724,1.0,0.0,1.0,0.0,0
0,-0.3958333333333333,-0.21978021978021978,4,-0.7155025553662692,-0.0989010989010989,-0.544,-0.46153846153846156,-0.2978723404255319,0.0,1.0,0.0,1.0,0
5,0.3333333333333333,0.6593406593406593,14,0.8551959114139693,-0.2857142857142857,-0.064,0.3356643356643357,0.6382978723404256,0.0,1.0,0.0,1.0,0
0,-0.0625,0.08058608058608059,10,-0.6984667802385008,-0.07692307692307693,0.592,0.17482517482517482,0.40425531914893614,0.0,1.0,1.0,0.0,1
1,0.8333333333333334,0.6886446886446886,20,-0.8517887563884157,2.142857142857143,0.88,0.8041958041958042,1.3617021276595744,0.0,1.0,1.0,0.0,1
0,-0.041666666666666664,0.1391941391941392,4,-0.010221465076660987,0.6043956043956044,-0.24,-0.18181818181818182,0.425531914893617,0.0,1.0,0.0,1.0,0
1,-0.8958333333333334,-0.8644688644688645,10,0.6643952299829642,-0.4725274725274725,-0.384,-0.8461538461538461,-0.8723404255319149,1.0,0.0,0.0,1.0,0
3,0.20833333333333334,0.5128205128205128,16,-0.596252129471891,-0.2967032967032967,0.384,0.03496503496503497,0.574468085106383,1.0,0.0,0.0,1.0,1
4,-0.08333333333333333,-0.315018315018315,12,0.3645655877342419,0.2087912087912088,0.64,0.16083916083916083,0.44680851063829785,0.0,1.0,1.0,0.0,0
2,0.9791666666666666,1.326007326007326,2,-1.018739352640545,-0.0989010989010989,2.448,0.6923076923076923,0.8723404255319149,0.0,1.0,0.0,1.0,0
0,-0.10416666666666667,-0.14652014652014653,16,-0.09880749574105621,-0.24175824175824176,0.4,0.03496503496503497,-0.19148936170212766,0.0,1.0,1.0,0.0,0
5,-0.041666666666666664,-0.11721611721611722,10,0.8926746166950597,0.8461538461538461,0.0,0.006993006993006993,0.425531914893617,1.0,0.0,1.0,0.0,0
4,-0.875,-0.8571428571428571,6,-0.1465076660988075,-0.45054945054945056,-0.448,-0.8041958041958042,-0.7659574468085106,1.0,0.0,0.0,1.0,0
0,-0.16666666666666666,-0.3443223443223443,4,0.31686541737649065,0.7472527472527473,-0.256,0.16783216783216784,-0.5106382978723404,1.0,0.0,1.0,0.0,0
1,-0.041666666666666664,0.2564102564102564,8,-0.7529812606473595,0.8791208791208791,-0.528,0.06293706293706294,-0.44680851063829785,1.0,0.0,1.0,0.0,1
3,-0.6666666666666666,-0.5274725274725275,18,-0.03747870528109029,-0.3626373626373626,-0.112,-0.6013986013986014,-0.574468085106383,0.0,1.0,1.0,0.0,0
0,0.4583333333333333,0.989010989010989,10,0.23850085178875638,0.8901098901098901,-0.4,0.11888111888111888,0.9361702127659575,0.0,1.0,0.0,1.0,0
4,0.041666666666666664,0.336996336996337,4,0.17717206132879046,0.945054945054945,0.512,0.22377622377622378,-0.1276595744680851,1.0,0.0,0.0,1.0,0
1,-0.08333333333333333,0.029304029304029304,20,0.7904599659284497,-0.38461538461538464,-0.192,-0.3146853146853147,-0.14893617021276595,0.0,1.0,0.0,1.0,0
0,-0.20833333333333334,-0.3956043956043956,4,0.23168654173764908,-0.24175824175824176,0.416,-0.2937062937062937,0.0851063829787234,1.0,0.0,1.0,0.0,0
0,-1.0,-0.989010989010989,8,0.596252129471891,-0.5274725274725275,-0.56,-0.958041958041958,-0.9361702127659575,0.0,1.0,1.0,0.0,0
3,0.7083333333333334,0.7545787545787546,18,0.49744463373083475,0.43956043956043955,-0.4,1.1958041958041958,1.1914893617021276,0.0,1.0,0.0,1.0,0
4,0.0,0.3076923076923077,10,0.3100511073253833,0.08791208791208792,0.256,-0.07692307692307693,-0.0851063829787234,1.0,0.0,1.0,0.0,0
1,-0.7708333333333334,-0.8424908424908425,20,-0.7461669505962522,-0.5934065934065934,-0.4,-0.7272727272727273,-0.574468085106383,1.0,0.0,1.0,0.0,1
3,0.4375,0.1391941391941392,18,-0.29982964224872233,0.24175824175824176,0.416,0.1888111888111888,1.297872340425532,1.0,0.0,0.0,1.0,1
0,-0.5,-0.5714285714285714,20,0.6575809199318569,-0.5384615384615384,0.08,-0.5314685314685315,-0.5531914893617021,0.0,1.0,0.0,1.0,0
3,0.6666666666666666,1.0622710622710623,10,0.38160136286201024,0.054945054945054944,1.312,0.6643356643356644,1.574468085106383,0.0,1.0,1.0,0.0,0
4,-0.7916666666666666,-0.8205128205128205,2,0.545144804088586,-0.1978021978021978,-0.56,-0.6643356643356644,-0.6595744680851063,0.0,1.0,0.0,1.0,0
0,-1.0,-1.032967032967033,2,0.9608177172061328,-0.5934065934065934,-0.528,-0.972027972027972,-0.9148936170212766,1.0,0.0,1.0,0.0,0
1,0.5416666666666666,0.1684981684981685,6,0.06132879045996593,1.8681318681318682,0.672,0.8951048951048951,1.2127659574468086,1.0,0.0,0.0,1.0,0
2,-0.2916666666666667,-0.03663003663003663,6,0.10221465076660988,-0.5274725274725275,-0.56,-0.23076923076923078,-0.23404255319148937,0.0,1.0,1.0,0.0,0
3,-0.625,-0.673992673992674,8,0.5724020442930153,-0.04395604395604396,0.0,-0.5874125874125874,-0.7446808510638298,1.0,0.0,1.0,0.0,0
3,-1.0208333333333333,-1.0256410256410255,16,0.7427597955706985,-0.5714285714285714,-0.576,-0.986013986013986,-0.9361702127659575,1.0,0.0,1.0,0.0,0
0,0.4166666666666667,0.4468864468864469,10,0.616695059625213,0.42857142857142855,1.232,0.9300699300699301,0.8723404255319149,1.0,0.0,1.0,0.0,0
5,0.9791666666666666,1.5457875457875458,10,0.4190800681431005,0.4175824175824176,2.432,1.1608391608391608,1.5957446808510638,0.0,1.0,0.0,1.0,0
2,0.5833333333333334,0.10989010989010989,18,-0.9710391822827938,1.2857142857142858,-0.128,1.06993006993007,1.0212765957446808,0.0,1.0,0.0,1.0,1
0,-0.875,-0.8131868131868132,6,-0.9267461669505963,-0.3516483516483517,-0.368,-0.7762237762237763,-0.723404255319149,1.0,0.0,0.0,1.0,1
0,0.125,0.19047619047619047,8,-0.7393526405451448,-0.15384615384615385,0.544,-0.013986013986013986,-0.3404255319148936,1.0,0.0,1.0,0.0,1
1,-0.7291666666666666,-0.6813186813186813,4,0.3747870528109029,-0.46153846153846156,-0.368,-0.6783216783216783,-0.6808510638297872,1.0,0.0,0.0,1.0,0
4,-0.7083333333333334,-0.6593406593406593,8,-0.7086882453151618,-0.31868131868131866,-0.464,-0.7762237762237763,-0.44680851063829785,0.0,1.0,1.0,0.0,1
3,0.0625,-0.014652014652014652,8,0.252129471890971,0.5934065934065934,0.672,0.43356643356643354,-0.2978723404255319,1.0,0.0,0.0,1.0,0
5,0.5416666666666666,0.8205128205128205,18,-0.08517887563884156,-0.06593406593406594,0.64,0.8811188811188811,1.297872340425532,0.0,1.0,0.0,1.0,0
0,-0.9583333333333334,-0.9743589743589743,4,0.7563884156729132,-0.5494505494505495,-0.592,-0.8951048951048951,-0.9148936170212766,1.0,0.0,0.0,1.0,0
4,-0.5416666666666666,-0.3443223443223443,16,-0.8415672913117547,-0.01098901098901099,-0.176,-0.5944055944055944,-0.46808510638297873,1.0,0.0,1.0,0.0,1
1,-0.625,-0.608058608058608,16,1.008517887563884,-0.3516483516483517,-0.24,-0.7132867132867133,-0.48936170212765956,1.0,0.0,0.0,1.0,0
5,0.0625,0.4981684981684982,12,-0.6950596252129472,-0.17582417582417584,0.96,-0.15384615384615385,0.48936170212765956,1.0,0.0,0.0,1.0,1
1,-0.5,-0.673992673992674,6,-0.6473594548551959,-0.08791208791208792,-0.352,-0.5944055944055944,-0.40425531914893614,0.0,1.0,0.0,1.0,1
0,0.4583333333333333,0.9963369963369964,16,-0.3986371379897785,1.065934065934066,0.816,0.1258741258741259,0.6808510638297872,0.0,1.0,1.0,0.0,1
3,-0.6875,-0.6959706959706959,8,0.637137989778535,-0.6043956043956044,-0.592,-0.7622377622377622,-0.5319148936170213,1.0,0.0,0.0,1.0,0
1,-0.08333333333333333,0.16117216117216118,12,0.14991482112436116,0.5274725274725275,0.736,-0.27972027972027974,-0.23404255319148937,1.0,0.0,1.0,0.0,0
1,0.375,0.5934065934065934,16,-0.7120954003407155,-0.1978021978021978,0.096,0.8951048951048951,0.8936170212765957,0.0,1.0,1.0,0.0,1
3,0.25,0.27106227106227104,18,-0.20442930153321975,-0.4175824175824176,0.912,0.21678321678321677,-0.2127659574468085,1.0,0.0,1.0,0.0,1
0,0.16666666666666666,0.4175824175824176,4,0.6916524701873935,-0.5824175824175825,0.0,0.1258741258741259,0.06382978723404255,0.0,1.0,1.0,0.0,0
2,-0.6666666666666666,-0.5567765567765568,14,0.7325383304940375,-0.08791208791208792,-0.032,-0.7062937062937062,-0.5106382978723404,0.0,1.0,0.0,1.0,0
3,0.5833333333333334,0.8791208791208791,12,-0.6609880749574105,1.2637362637362637,-0.368,0.5524475524475524,0.8936170212765957,1.0,0.0,0.0,1.0,1
4,-0.9583333333333334,-0.9743589743589743,8,-0.4497444633730835,-0.5604395604395604,-0.544,-0.916083916083916,-0.8085106382978723,1.0,0.0,1.0,0.0,1
4,0.5208333333333334,0.989010989010989,12,-0.9505962521294719,0.7582417582417582,0.768,0.3706293706293706,1.4042553191489362,0.0,1.0,1.0,0.0,1
4,-0.5208333333333334,-0.4249084249084249,10,0.26916524701873934,-0.12087912087912088,0.16,-0.3006993006993007,-0.6170212765957447,0.0,1.0,1.0,0.0,0
3,0.1875,0.30036630036630035,10,-0.7359454855195912,0.10989010989010989,0.4,0.6083916083916084,0.46808510638297873,0.0,1.0,1.0,0.0,1
5,-0.22916666666666666,-0.46886446886446886,2,-0.10902896081771721,-0.23076923076923078,0.64,-0.35664335664335667,-0.02127659574468085,0.0,1.0,0.0,1.0,0
2,0.75,0.9816849816849816,12,-0.20442930153321975,1.2417582417582418,0.368,0.5804195804195804,0.46808510638297873,0.0,1.0,1.0,0.0,1
4,-0.041666666666666664,-0.32234432234432236,18,-0.7938671209540034,0.5824175824175825,-0.24,-0.06293706293706294,0.44680851063829785,1.0,0.0,0.0,1.0,1
4,-0.5625,-0.6593406593406593,4,0.2010221465076661,-0.12087912087912088,0.08,-0.6433566433566433,-0.425531914893617,0.0,1.0,0.0,1.0,0
5,0.6458333333333334,0.652014652014652,12,-0.6848381601362862,1.043956043956044,-0.352,0.6783216783216783,0.2765957446808511,1.0,0.0,0.0,1.0,1
0,0.375,0.17582417582417584,20,-0.013628620102214651,1.3736263736263736,0.912,0.8391608391608392,-0.0425531914893617,1.0,0.0,0.0,1.0,0
4,-0.020833333333333332,0.30036630036630035,10,0.5178875638841567,-0.21978021978021978,-0.496,-0.11188811188811189,-0.40425531914893614,0.0,1.0,1.0,0.0,0
5,0.3333333333333333,0.7252747252747253,12,0.7325383304940375,-0.4835164835164835,0.304,0.11888111888111888,0.3617021276595745,0.0,1.0,1.0,0.0,0
1,0.020833333333333332,0.358974358974359,12,0.596252129471891,-0.04395604395604396,0.096,0.3706293706293706,0.2765957446808511,1.0,0.0,0.0,1.0,0
4,-0.6458333333333334,-0.5787545787545788,12,0.10221465076660988,-0.6043956043956044,-0.464,-0.6853146853146853,-0.5319148936170213,1.0,0.0,0.0,1.0,0
5,0.25,-0.10256410256410256,16,-0.9608177172061328,0.12087912087912088,0.048,0.04195804195804196,0.5531914893617021,1.0,0.0,0.0,1.0,1
1,0.2708333333333333,0.5054945054945055,6,-0.38841567291311757,-0.43956043956043955,0.144,0.2097902097902098,0.9361702127659575,0.0,1.0,1.0,0.0,1
5,-0.4375,-0.1978021978021978,14,-0.4906303236797274,0.04395604395604396,0.176,-0.20279720279720279,-0.06382978723404255,1.0,0.0,0.0,1.0,1
1,0.4166666666666667,-0.02197802197802198,12,0.3986371379897785,-0.10989010989010989,-0.512,0.8881118881118881,0.8297872340425532,1.0,0.0,1.0,0.0,0
5,-0.9166666666666666,-0.9157509157509157,14,0.8858603066439523,-0.6043956043956044,-0.4,-0.8321678321678322,-0.8297872340425532,1.0,0.0,0.0,1.0,0
1,-0.08333333333333333,-0.3882783882783883,8,-0.29982964224872233,-0.5054945054945055,0.16,0.0,0.2553191489361702,1.0,0.0,1.0,0.0,1
1,-0.4166666666666667,-0.5274725274725275,18,-0.39522998296422485,0.3076923076923077,-0.4,-0.3776223776223776,0.0,1.0,0.0,1.0,0.0,1
3,0.9166666666666666,1.3113553113553114,14,-0.07495741056218058,-0.3076923076923077,1.696,1.4965034965034965,0.0425531914893617,1.0,0.0,0.0,1.0,0
0,-0.8541666666666666,-0.7912087912087912,8,-0.17035775127768313,-0.34065934065934067,-0.432,-0.8741258741258742,-0.6808510638297872,1.0,0.0,0.0,1.0,0
3,0.5833333333333334,0.27106227106227104,10,0.43611584327086883,-0.15384615384615385,-0.048,0.5314685314685315,0.8297872340425532,1.0,0.0,1.0,0.0,0
1,-0.041666666666666664,0.32967032967032966,14,0.252129471890971,-0.02197802197802198,0.864,0.21678321678321677,0.425531914893617,1.0,0.0,0.0,1.0,0
4,-0.2708333333333333,-0.2564102564102564,16,0.8654173764906303,0.6263736263736264,0.592,-0.20279720279720279,0.0425531914893617,1.0,0.0,0.0,1.0,0
4,0.8125,0.2564102564102564,12,0.5485519591141397,-0.5494505494505495,2.048,0.43356643356643354,1.5106382978723405,0.0,1.0,0.0,1.0,0
3,-1.0208333333333333,-1.010989010989011,20,0.43270868824531517,-0.6153846153846154,-0.544,-0.993006993006993,-0.8936170212765957,0.0,1.0,1.0,0.0,0
2,-0.375,-0.46153846153846156,6,0.17035775127768313,-0.0989010989010989,-0.096,-0.4405594405594406,0.02127659574468085,1.0,0.0,1.0,0.0,0
4,0.4166666666666667,0.9230769230769231,16,0.7529812606473595,-0.3516483516483517,0.688,0.5454545454545454,-0.1276595744680851,1.0,0.0,1.0,0.0,0
1,0.041666666666666664,0.0,20,-0.32367972742759793,0.6153846153846154,-0.144,0.16783216783216784,0.02127659574468085,0.0,1.0,0.0,1.0,1
1,0.6875,0.7326007326007326,14,0.7291311754684838,-0.4175824175824176,1.504,1.167832167832168,0.7872340425531915,0.0,1.0,1.0,0.0,0
0,-0.6875,-0.5641025641025641,10,0.8517887563884157,-0.5164835164835165,-0.528,-0.7622377622377622,-0.5957446808510638,1.0,0.0,1.0,0.0,1
4,0.3958333333333333,0.8131868131868132,20,-0.020442930153321975,1.5714285714285714,1.568,0.9020979020979021,1.1914893617021276,1.0,0.0,1.0,0.0,0
2,0.7083333333333334,1.1941391941391941,6,0.20783645655877342,0.01098901098901099,0.992,0.36363636363636365,0.6170212765957447,0.0,1.0,0.0,1.0,0
2,0.625,0.73992673992674,6,-0.027257240204429302,-0.01098901098901099,1.696,0.8881118881118881,0.425531914893617,0.0,1.0,0.0,1.0,0
5,-0.5416666666666666,-0.4249084249084249,10,0.565587734241908,-0.2087912087912088,-0.336,-0.44755244755244755,-0.3829787234042553,0.0,1.0,1.0,0.0,0
3,0.08333333333333333,0.11721611721611722,18,0.596252129471891,-0.0989010989010989,1.12,0.04895104895104895,0.3404255319148936,0.0,1.0,1.0,0.0,0
2,-0.25,-0.21978021978021978,8,0.6984667802385008,0.02197802197802198,-0.096,-0.11888111888111888,0.10638297872340426,0.0,1.0,0.0,1.0,0
2,-0.7083333333333334,-0.6813186813186813,20,0.5383304940374787,-0.34065934065934067,-0.512,-0.7622377622377622,-0.7021276595744681,0.0,1.0,1.0,0.0,0
3,-0.20833333333333334,-0.09523809523809523,10,0.2282793867120954,-0.4065934065934066,0.288,-0.0979020979020979,0.3404255319148936,0.0,1.0,0.0,1.0,0
4,-0.75,-0.7106227106227107,16,-0.7189097103918228,-0.4175824175824176,-0.416,-0.8111888111888111,-0.5319148936170213,1.0,0.0,1.0,0.0,1
4,0.8958333333333334,0.8131868131868132,14,0.8245315161839863,2.3846153846153846,0.064,0.8321678321678322,1.6382978723404256,0.0,1.0,0.0,1.0,0
4,0.4166666666666667,0.9743589743589743,10,-0.9369676320272572,0.37362637362637363,1.552,0.8321678321678322,0.6808510638297872,0.0,1.0,0.0,1.0,1
0,-0.7083333333333334,-0.673992673992674,8,0.26916524701873934,-0.3516483516483517,-0.432,-0.7482517482517482,-0.5106382978723404,0.0,1.0,0.0,1.0,0
1,0.9583333333333334,0.652014652014652,4,0.21465076660988075,1.043956043956044,0.912,0.6083916083916084,0.7446808510638298,0.0,1.0,0.0,1.0,0
0,0.6041666666666666,1.2014652014652014,8,0.8313458262350937,-0.07692307692307693,0.928,1.048951048951049,0.2553191489361702,0.0,1.0,1.0,0.0,0
1,-0.7916666666666666,-0.8571428571428571,6,-0.4190800681431005,-0.2967032967032967,-0.544,-0.8181818181818182,-0.6595744680851063,0.0,1.0,0.0,1.0,1
4,0.5625,0.7912087912087912,18,-0.606473594548552,-0.2857142857142857,1.648,1.1118881118881119,0.574468085106383,1.0,0.0,1.0,0.0,1
0,0.7708333333333334,0.21245421245421245,4,0.8347529812606473,2.1758241758241756,0.72,1.1888111888111887,0.1276595744680851,1.0,0.0,1.0,0.0,0
4,0.10416666666666667,0.21245421245421245,10,-0.2555366269165247,0.945054945054945,-0.224,-0.17482517482517482,0.574468085106383,0.0,1.0,0.0,1.0,1
0,-0.375,-0.10989010989010989,12,0.7120954003407155,-0.08791208791208792,0.192,-0.4965034965034965,-0.0425531914893617,0.0,1.0,0.0,1.0,0
5,-0.9583333333333334,-0.9377289377289377,20,0.04088586030664395,-0.5604395604395604,-0.48,-0.9440559440559441,-0.8936170212765957,0.0,1.0,0.0,1.0,0
4,-0.6666666666666666,-0.6227106227106227,2,-0.4804088586030664,-0.38461538461538464,-0.064,-0.6433566433566433,-0.425531914893617,1.0,0.0,1.0,0.0,0
1,-0.6875,-0.673992673992674,4,-0.6405451448040886,-0.13186813186813187,-0.272,-0.6293706293706294,-0.574468085106383,1.0,0.0,1.0,0.0,0
2,0.7083333333333334,0.315018315018315,18,-0.42589437819420783,2.0,2.016,0.7902097902097902,1.4680851063829787,0.0,1.0,1.0,0.0,1
3,0.5416666666666666,0.5641025641025641,20,0.9948892674616695,1.8241758241758241,1.536,0.6503496503496503,0.9787234042553191,1.0,0.0,0.0,1.0,0
4,0.4375,0.608058608058608,18,0.1839863713798978,0.989010989010989,-0.528,0.1958041958041958,0.9148936170212766,1.0,0.0,1.0,0.0,0
4,-0.2708333333333333,-0.4175824175824176,4,0.8211243611584327,0.38461538461538464,-0.032,-0.1048951048951049,0.0425531914893617,1.0,0.0,1.0,0.0,0
2,-0.8333333333333334,-0.8205128205128205,10,-0.6030664395229983,-0.5824175824175825,-0.464,-0.7482517482517482,-0.6595744680851063,1.0,0.0,0.0,1.0,1
3,-0.6666666666666666,-0.7692307692307693,12,0.7734241908006815,-0.10989010989010989,-0.416,-0.6503496503496503,-0.5106382978723404,1.0,0.0,1.0,0.0,0
2,0.9166666666666666,1.2380952380952381,12,0.16013628620102216,1.3186813186813187,2.064,0.5314685314685315,1.4680851063829787,1.0,0.0,1.0,0.0,0
4,-0.5625,-0.38095238095238093,2,0.9131175468483816,-0.2087912087912088,-0.544,-0.5244755244755245,-0.2127659574468085,0.0,1.0,0.0,1.0,0
1,-0.875,-0.8058608058608059,14,0.3747870528109029,-0.4725274725274725,-0.432,-0.8951048951048951,-0.7021276595744681,1.0,0.0,0.0,1.0,0
1,0.6875,0.73992673992674,8,-0.28620102214650767,0.8021978021978022,2.08,0.1888111888111888,0.3191489361702128,1.0,0.0,1.0,0.0,1
5,-1.0208333333333333,-1.0402930402930404,6,0.40545144804088584,-0.5824175824175825,-0.544,-0.993006993006993,-0.9361702127659575,1.0,0.0,1.0,0.0,0
0,-0.4583333333333333,-0.37362637362637363,18,0.9608177172061328,-0.14285714285714285,-0.224,-0.5664335664335665,-0.2127659574468085,0.0,1.0,1.0,0.0,0
4,-0.4791666666666667,-0.2783882783882784,2,0.8109028960817717,-0.5384615384615384,-0.176,-0.5244755244755245,-0.0851063829787234,0.0,1.0,1.0,0.0,0
0,-0.125,0.18315018315018314,8,-1.0221465076660987,0.1978021978021978,0.72,0.1958041958041958,-0.06382978723404255,0.0,1.0,1.0,0.0,1
0,-0.8958333333333334,-0.8937728937728938,2,0.3850085178875639,-0.5384615384615384,-0.4,-0.8041958041958042,-0.8723404255319149,0.0,1.0,1.0,0.0,0
3,0.3333333333333333,0.13186813186813187,2,-0.32367972742759793,-0.13186813186813187,1.152,0.7482517482517482,1.0,1.0,0.0,0.0,1.0,1
1,-0.5416666666666666,-0.6373626373626373,12,0.22146507666098808,0.1978021978021978,-0.496,-0.5804195804195804,-0.1702127659574468,1.0,0.0,1.0,0.0,0
3,0.4791666666666667,1.0402930402930404,8,-0.7223168654173765,1.5824175824175823,0.672,0.6293706293706294,0.574468085106383,1.0,0.0,1.0,0.0,1
3,0.7916666666666666,0.46886446886446886,14,0.7223168654173765,-0.5934065934065934,1.136,0.48951048951048953,0.40425531914893614,0.0,1.0,0.0,1.0,0
2,-0.5416666666666666,-0.43223443223443225,4,0.27597955706984667,-0.6153846153846154,-0.496,-0.34265734265734266,-0.40425531914893614,1.0,0.0,1.0,0.0,0
4,0.375,0.2490842490842491,8,-0.8722316865417377,1.1868131868131868,0.896,0.25874125874125875,0.8936170212765957,0.0,1.0,1.0,0.0,1
3,-0.7708333333333334,-0.8205128205128205,6,-0.21465076660988075,-0.5934065934065934,-0.352,-0.7482517482517482,-0.7872340425531915,1.0,0.0,1.0,0.0,1
0,-0.041666666666666664,0.13186813186813187,2,-0.7495741056218058,-0.25274725274725274,-0.032,0.027972027972027972,0.2765957446808511,1.0,0.0,1.0,0.0,0
4,0.9375,1.1355311355311355,12,0.909710391822828,-0.5824175824175825,0.48,1.6503496503496504,0.23404255319148937,0.0,1.0,0.0,1.0,0
3,-0.9791666666666666,-0.989010989010989,6,0.3679727427597956,-0.6043956043956044,-0.544,-0.9230769230769231,-0.9361702127659575,1.0,0.0,0.0,1.0,0
3,-0.125,0.13186813186813187,6,-0.23850085178875638,-0.4175824175824176,0.304,-0.16783216783216784,-0.1276595744680851,0.0,1.0,1.0,0.0,1
2,-0.0625,0.05128205128205128,12,-0.34071550255536626,-0.25274725274725274,0.048,-0.18181818181818182,-0.0425531914893617,1.0,0.0,0.0,1.0,1
4,0.10416666666666667,-0.16117216117216118,4,0.5928449744463373,-0.01098901098901099,-0.096,-0.1958041958041958,0.2127659574468085,1.0,0.0,1.0,0.0,0
2,-0.4583333333333333,-0.26373626373626374,2,0.7904599659284497,-0.07692307692307693,-0.08,-0.21678321678321677,-0.6595744680851063,0.0,1.0,1.0,0.0,0
1,-0.5833333333333334,-0.6007326007326007,8,-0.08517887563884156,-0.21978021978021978,-0.304,-0.5314685314685315,-0.3191489361702128,0.0,1.0,0.0,1.0,0
4,0.5,0.2490842490842491,20,-0.7086882453151618,-0.5934065934065934,1.456,0.6223776223776224,1.1063829787234043,0.0,1.0,0.0,1.0,1
1,0.5833333333333334,0.8131868131868132,20,0.2657580919931857,1.021978021978022,-0.112,0.24475524475524477,0.9148936170212766,1.0,0.0,1.0,0.0,0
4,0.8958333333333334,0.3956043956043956,12,0.7291311754684838,-0.21978021978021978,-0.336,1.3846153846153846,0.7446808510638298,0.0,1.0,0.0,1.0,0
5,-0.6041666666666666,-0.5787545787545788,6,-0.7529812606473595,-0.13186813186813187,-0.384,-0.4195804195804196,-0.723404255319149,0.0,1.0,0.0,1.0,1
1,-0.3541666666666667,-0.358974358974359,20,0.7734241908006815,-0.23076923076923078,0.432,-0.3006993006993007,0.06382978723404255,0.0,1.0,0.0,1.0,0
4,0.16666666666666666,0.37362637362637363,10,-0.58603066439523,-0.25274725274725274,0.88,0.5664335664335665,0.1702127659574468,1.0,0.0,0.0,1.0,1
2,-0.041666666666666664,-0.05860805860805861,2,-0.05792163543441227,0.4725274725274725,-0.368,-0.32867132867132864,0.5319148936170213,0.0,1.0,0.0,1.0,0
3,-0.125,0.10989010989010989,16,0.23168654173764908,0.5384615384615384,-0.016,-0.15384615384615385,0.2765957446808511,0.0,1.0,1.0,0.0,0
3,-0.041666666666666664,-0.10989010989010989,18,-0.6882453151618398,0.01098901098901099,0.064,0.1258741258741259,-0.19148936170212766,1.0,0.0,0.0,1.0,1
3,0.8958333333333334,0.7326007326007326,10,-0.6439522998296422,0.3516483516483517,1.552,0.6433566433566433,0.23404255319148937,1.0,0.0,0.0,1.0,1
1,-0.14583333333333334,-0.029304029304029304,16,-0.6609880749574105,0.7802197802197802,-0.384,-0.13986013986013987,0.0,0.0,1.0,0.0,1.0,1
2,-0.4375,-0.4981684981684982,14,-0.1635434412265758,0.10989010989010989,-0.16,-0.34965034965034963,-0.5957446808510638,0.0,1.0,0.0,1.0,0
3,0.6041666666666666,1.216117216117216,20,-0.7189097103918228,0.18681318681318682,0.752,0.0979020979020979,0.3191489361702128,1.0,0.0,0.0,1.0,1
1,0.5208333333333334,0.3076923076923077,14,-0.6814310051107325,1.6813186813186813,0.16,0.7062937062937062,1.1702127659574468,0.0,1.0,0.0,1.0,1
0,0.125,0.09523809523809523,16,0.11925042589437819,-0.6043956043956044,0.928,0.11888111888111888,0.0,0.0,1.0,1.0,0.0,0
0,0.6875,0.43956043956043955,10,-0.4293015332197615,-0.45054945054945056,-0.352,0.7272727272727273,1.574468085106383,1.0,0.0,1.0,0.0,1
2,0.9375,1.4945054945054945,2,0.9710391822827938,0.7692307692307693,0.448,1.6293706293706294,0.2765957446808511,1.0,0.0,1.0,0.0,0
1,0.4791666666666667,1.0915750915750915,16,-0.9540034071550255,0.4835164835164835,0.112,1.034965034965035,0.7659574468085106,1.0,0.0,0.0,1.0,1
0,-0.7708333333333334,-0.6959706959706959,6,0.9778534923339012,-0.16483516483516483,-0.288,-0.6573426573426573,-0.5531914893617021,1.0,0.0,0.0,1.0,0
2,-0.4166666666666667,-0.30036630036630035,10,0.504258943781942,-0.01098901098901099,0.352,-0.3916083916083916,-0.6170212765957447,0.0,1.0,1.0,0.0,0
2,0.5,1.1135531135531136,4,-0.7189097103918228,-0.01098901098901099,-0.24,0.43356643356643354,-0.10638297872340426,1.0,0.0,1.0,0.0,0
4,-0.16666666666666666,-0.32967032967032966,2,0.010221465076660987,0.4725274725274725,-0.304,-0.3986013986013986,0.2127659574468085,0.0,1.0,1.0,0.0,0
2,0.5625,0.9230769230769231,18,0.06473594548551959,0.04395604395604396,0.368,0.8251748251748252,-0.0425531914893617,0.0,1.0,0.0,1.0,0
2,-0.375,-0.4908424908424908,20,0.7700170357751278,-0.08791208791208792,-0.256,-0.0979020979020979,-0.40425531914893614,1.0,0.0,1.0,0.0,0
1,-0.4375,-0.5714285714285714,10,-0.21124361158432708,0.02197802197802198,0.32,-0.2727272727272727,-0.3404255319148936,0.0,1.0,0.0,1.0,1
2,-0.041666666666666664,0.10256410256410256,12,0.3645655877342419,0.34065934065934067,0.544,-0.32167832167832167,0.2553191489361702,1.0,0.0,1.0,0.0,0
0,0.5416666666666666,1.0769230769230769,14,0.6746166950596252,0.06593406593406594,1.296,0.6153846153846154,0.0425531914893617,0.0,1.0,1.0,0.0,0
0,-0.8541666666666666,-0.8351648351648352,10,0.8551959114139693,-0.32967032967032966,-0.464,-0.8181818181818182,-0.7021276595744681,1.0,0.0,0.0,1.0,0
2,-0.22916666666666666,-0.11721611721611722,4,0.313458262350937,0.08791208791208792,0.512,0.055944055944055944,-0.0425531914893617,1.0,0.0,1.0,0.0,0
3,0.7708333333333334,0.2564102564102564,6,0.3270868824531516,0.08791208791208792,-0.256,0.2727272727272727,1.0425531914893618,1.0,0.0,1.0,0.0,0
2,-0.08333333333333333,0.2271062271062271,14,0.2453151618398637,0.02197802197802198,0.56,-0.1048951048951049,0.425531914893617,1.0,0.0,1.0,0.0,0
3,-0.5625,-0.43956043956043955,8,0.27597955706984667,-0.24175824175824176,-0.208,-0.5874125874125874,-0.6170212765957447,0.0,1.0,1.0,0.0,0
1,0.7708333333333334,0.2857142857142857,10,0.3441226575809199,0.967032967032967,-0.08,0.8391608391608392,1.446808510638298,1.0,0.0,1.0,0.0,0
2,-0.7916666666666666,-0.7106227106227107,8,-0.07155025553662692,-0.38461538461538464,-0.304,-0.7832167832167832,-0.5957446808510638,0.0,1.0,0.0,1.0,0
4,0.3125,0.3076923076923077,10,-0.8517887563884157,1.1978021978021978,0.928,0.3776223776223776,0.3617021276595745,1.0,0.0,0.0,1.0,1
4,-0.3333333333333333,-0.24175824175824176,16,0.9233390119250426,-0.46153846153846156,0.016,-0.3146853146853147,-0.1702127659574468,0.0,1.0,0.0,1.0,0
2,0.5,0.3882783882783883,10,0.637137989778535,-0.23076923076923078,1.488,0.3706293706293706,0.2978723404255319,1.0,0.0,1.0,0.0,0
5,-0.20833333333333334,-0.32234432234432236,12,-0.58603066439523,0.06593406593406594,-0.24,-0.06293706293706294,-0.0425531914893617,1.0,0.0,1.0,0.0,1
3,-0.875,-0.8644688644688645,10,-0.1465076660988075,-0.31868131868131866,-0.544,-0.8881118881118881,-0.6808510638297872,1.0,0.0,1.0,0.0,0
5,0.20833333333333334,-0.014652014652014652,16,-0.6916524701873935,0.3956043956043956,-0.144,0.6433566433566433,0.23404255319148937,1.0,0.0,0.0,1.0,1
2,-0.10416666666666667,0.10989010989010989,18,0.36115843270868825,0.16483516483516483,0.848,-0.055944055944055944,0.19148936170212766,1.0,0.0,1.0,0.0,0
5,0.10416666666666667,-0.007326007326007326,10,-0.49744463373083475,0.14285714285714285,0.656,0.4195804195804196,0.02127659574468085,0.0,1.0,0.0,1.0,1
4,0.75,0.9963369963369964,12,-0.18739352640545145,0.6813186813186813,0.992,0.36363636363636365,0.851063829787234,0.0,1.0,0.0,1.0,1
5,-0.16666666666666666,-0.007326007326007326,12,-1.0255536626916524,0.7582417582417582,0.096,-0.14685314685314685,0.1276595744680851,0.0,1.0,1.0,0.0,1
1,0.375,0.6446886446886447,4,-0.41567291311754684,1.4395604395604396,-0.416,0.6153846153846154,1.2127659574468086,1.0,0.0,0.0,1.0,0
3,-0.875,-0.8864468864468864,20,-0.252129471890971,-0.5164835164835165,-0.544,-0.7972027972027972,-0.8085106382978723,0.0,1.0,0.0,1.0,1
2,0.20833333333333334,0.06593406593406594,8,0.5281090289608177,0.3626373626373626,0.048,-0.09090909090909091,0.574468085106383,1.0,0.0,0.0,1.0,0
0,0.7291666666666666,0.46153846153846156,10,0.7155025553662692,0.6263736263736264,1.312,0.7972027972027972,0.06382978723404255,1.0,0.0,1.0,0.0,0
1,0.3333333333333333,0.3076923076923077,6,0.6643952299829642,0.34065934065934067,0.352,0.23776223776223776,0.3404255319148936,1.0,0.0,0.0,1.0,0
3,-0.22916666666666666,-0.13186813186813187,18,0.10902896081771721,0.04395604395604396,0.528,-0.11888111888111888,-0.06382978723404255,1.0,0.0,1.0,0.0,0
4,-0.875,-0.8864468864468864,4,-0.06814310051107325,-0.4725274725274725,-0.464,-0.8951048951048951,-0.723404255319149,1.0,0.0,0.0,1.0,0
3,-0.125,-0.23443223443223443,8,-0.7223168654173765,0.31868131868131866,0.496,-0.32867132867132864,0.0,0.0,1.0,0.0,1.0,1
1,0.14583333333333334,-0.05128205128205128,6,-0.879045996592845,-0.17582417582417584,0.896,0.4405594405594406,0.2127659574468085,0.0,1.0,0.0,1.0,1
1,-0.6666666666666666,-0.7032967032967034,6,-0.1465076660988075,-0.5054945054945055,-0.288,-0.5804195804195804,-0.6595744680851063,0.0,1.0,0.0,1.0,0
4,0.875,0.7326007326007326,16,-0.626916524701874,1.3736263736263736,-0.592,0.8461538461538461,0.1276595744680851,0.0,1.0,0.0,1.0,1
4,-0.4791666666666667,-0.336996336996337,12,0.17717206132879046,-0.07692307692307693,-0.016,-0.42657342657342656,-0.2553191489361702,0.0,1.0,0.0,1.0,0
1,-1.0208333333333333,-1.0402930402930404,20,0.9505962521294719,-0.5714285714285714,-0.576,-1.0,-0.9574468085106383,1.0,0.0,0.0,1.0,0
0,-0.6458333333333334,-0.5641025641025641,2,-0.5281090289608177,-0.31868131868131866,0.016,-0.5244755244755245,-0.6170212765957447,0.0,1.0,1.0,0.0,0
0,0.7291666666666666,0.6153846153846154,14,0.2555366269165247,1.4505494505494505,2.032,0.5804195804195804,1.5957446808510638,0.0,1.0,0.0,1.0,0
1,0.8333333333333334,0.6373626373626373,18,0.6439522998296422,-0.5274725274725275,1.424,1.2237762237762237,1.6808510638297873,0.0,1.0,1.0,0.0,0
5,-0.3125,-0.13186813186813187,4,-0.9642248722316865,-0.34065934065934067,-0.128,-0.13986013986013987,-0.3404255319148936,1.0,0.0,1.0,0.0,0
3,0.0,-0.315018315018315,12,0.8040885860306644,0.8571428571428571,0.272,-0.2727272727272727,0.6382978723404256,0.0,1.0,0.0,1.0,0
4,-0.08333333333333333,0.08058608058608059,4,0.9028960817717206,-0.25274725274725274,-0.192,-0.055944055944055944,0.06382978723404255,1.0,0.0,1.0,0.0,0
2,0.375,-0.05128205128205128,8,0.7700170357751278,0.9560439560439561,0.704,0.5454545454545454,0.02127659574468085,1.0,0.0,0.0,1.0,0
3,0.3541666666666667,0.4835164835164835,2,-0.5792163543441227,0.5604395604395604,-0.288,0.6013986013986014,0.3829787234042553,1.0,0.0,1.0,0.0,0
3,-0.7708333333333334,-0.8131868131868132,16,-0.8109028960817717,-0.32967032967032966,-0.24,-0.8181818181818182,-0.6170212765957447,1.0,0.0,1.0,0.0,1
2,0.5625,1.0476190476190477,14,0.1465076660988075,-0.4175824175824176,-0.304,0.21678321678321677,1.3829787234042554,1.0,0.0,0.0,1.0,0
5,0.625,0.4175824175824176,18,0.504258943781942,-0.43956043956043955,0.672,1.1958041958041958,0.6170212765957447,1.0,0.0,0.0,1.0,0
0,-0.22916666666666666,-0.15384615384615385,18,0.9028960817717206,0.5934065934065934,-0.464,-0.013986013986013986,-0.46808510638297873,0.0,1.0,1.0,0.0,0
0,0.22916666666666666,0.02197802197802198,8,0.858603066439523,-0.6263736263736264,0.56,-0.027972027972027972,0.7872340425531915,0.0,1.0,0.0,1.0,0
3,0.5,0.7765567765567766,8,-0.9778534923339012,-0.5054945054945055,-0.464,0.25874125874125875,0.9574468085106383,0.0,1.0,1.0,0.0,1
1,-0.3958333333333333,-0.5860805860805861,16,-0.23509369676320271,0.3516483516483517,-0.176,-0.5664335664335665,-0.574468085106383,0.0,1.0,1.0,0.0,1
2,0.7916666666666666,1.0183150183150182,6,-0.8040885860306644,1.8241758241758241,2.064,0.4825174825174825,1.0212765957446808,1.0,0.0,1.0,0.0,1
2,1.0,0.4835164835164835,16,-0.817717206132879,2.1868131868131866,1.232,0.8391608391608392,0.48936170212765956,0.0,1.0,0.0,1.0,1
2,0.3958333333333333,0.5714285714285714,6,0.1567291311754685,0.7252747252747253,0.992,0.22377622377622378,0.9361702127659575,0.0,1.0,1.0,0.0,0
1,0.20833333333333334,-0.12454212454212454,2,-1.0255536626916524,0.3626373626373626,0.608,0.06993006993006994,0.574468085106383,1.0,0.0,0.0,1.0,1
3,-0.875,-0.8937728937728938,16,0.3339011925042589,-0.5384615384615384,-0.592,-0.8811188811188811,-0.8723404255319149,0.0,1.0,1.0,0.0,0
3,0.16666666666666666,0.4835164835164835,16,-0.43270868824531517,0.6703296703296703,0.176,0.013986013986013986,0.6808510638297872,1.0,0.0,1.0,0.0,1
1,-0.20833333333333334,-0.336996336996337,6,0.9812606473594548,-0.07692307692307693,-0.544,-0.13986013986013987,-0.19148936170212766,1.0,0.0,1.0,0.0,0
1,0.9166666666666666,0.717948717948718,14,0.31686541737649065,2.1868131868131866,0.48,1.0419580419580419,0.3829787234042553,0.0,1.0,0.0,1.0,0
2,0.10416666666666667,0.19047619047619047,16,-0.05792163543441227,0.8901098901098901,-0.256,-0.02097902097902098,-0.0425531914893617,1.0,0.0,1.0,0.0,0
0,-0.6041666666666666,-0.6007326007326007,4,0.8551959114139693,-0.5164835164835165,-0.336,-0.5664335664335665,-0.6808510638297872,1.0,0.0,1.0,0.0,0
2,-0.4791666666666667,-0.4542124542124542,10,-0.23509369676320271,0.2967032967032967,0.176,-0.27972027972027974,-0.6382978723404256,1.0,0.0,0.0,1.0,1
3,0.3958333333333333,0.05860805860805861,20,-0.9812606473594548,1.5714285714285714,0.624,0.1258741258741259,0.2978723404255319,0.0,1.0,0.0,1.0,1
0,-0.5625,-0.4981684981684982,14,0.21124361158432708,-0.04395604395604396,-0.128,-0.5874125874125874,-0.3404255319148936,0.0,1.0,1.0,0.0,0
4,-0.375,-0.29304029304029305,8,-0.47018739352640543,-0.5604395604395604,0.112,-0.5104895104895105,-0.3617021276595745,0.0,1.0,0.0,1.0,1
2,-0.020833333333333332,0.007326007326007326,12,0.797274275979557,-0.37362637362637363,0.56,-0.20279720279720279,0.06382978723404255,0.0,1.0,1.0,0.0,0
3,-0.9583333333333334,-0.9963369963369964,20,-0.3475298126064736,-0.5274725274725275,-0.464,-0.958041958041958,-0.9148936170212766,1.0,0.0,1.0,0.0,1
1,-0.9791666666666666,-0.9743589743589743,6,0.313458262350937,-0.5934065934065934,-0.512,-0.965034965034965,-0.9361702127659575,0.0,1.0,1.0,0.0,0
2,-0.6041666666666666,-0.5714285714285714,20,-0.19420783645655879,-0.10989010989010989,-0.56,-0.7062937062937062,-0.48936170212765956,1.0,0.0,1.0,0.0,1
3,0.7708333333333334,1.3992673992673992,12,-0.7018739352640545,1.2857142857142858,1.968,0.5314685314685315,0.9148936170212766,1.0,0.0,1.0,0.0,1
3,-0.3333333333333333,-0.4468864468864469,18,0.020442930153321975,0.18681318681318682,-0.592,-0.13286713286713286,-0.425531914893617,1.0,0.0,1.0,0.0,0
0,0.9791666666666666,0.63003663003663,10,-0.10221465076660988,2.010989010989011,-0.064,0.6293706293706294,2.148936170212766,1.0,0.0,0.0,1.0,0
4,-0.16666666666666666,-0.05128205128205128,2,0.9914821124361158,0.4945054945054945,-0.576,-0.4195804195804196,-0.2553191489361702,0.0,1.0,1.0,0.0,0
4,0.7708333333333334,0.46153846153846156,18,0.555366269165247,0.8681318681318682,1.872,1.3916083916083917,1.8297872340425532,1.0,0.0,0.0,1.0,0
5,-0.16666666666666666,-0.05860805860805861,18,0.05110732538330494,0.43956043956043955,-0.464,-0.04195804195804196,-0.44680851063829785,1.0,0.0,0.0,1.0,0
0,-0.5208333333333334,-0.46886446886446886,8,0.0919931856899489,0.04395604395604396,0.192,-0.4965034965034965,-0.5319148936170213,0.0,1.0,0.0,1.0,0
4,-0.6041666666666666,-0.4908424908424908,18,0.8347529812606473,-0.054945054945054944,-0.32,-0.42657342657342656,-0.6170212765957447,1.0,0.0,0.0,1.0,0
5,0.7708333333333334,1.0476190476190477,6,-0.8109028960817717,2.065934065934066,0.784,0.8951048951048951,0.0425531914893617,0.0,1.0,0.0,1.0,1
2,0.3125,0.029304029304029304,16,-0.6882453151618398,0.8791208791208791,0.464,0.6223776223776224,-0.2553191489361702,0.0,1.0,1.0,0.0,1
1,0.125,-0.16117216117216118,14,-0.7052810902896082,-0.02197802197802198,0.608,0.2097902097902098,0.23404255319148937,1.0,0.0,1.0,0.0,1
0,0.375,0.358974358974359,20,0.282793867120954,-0.3626373626373626,0.8,0.1258741258741259,0.3617021276595745,0.0,1.0,1.0,0.0,0
4,0.25,0.1684981684981685,16,-0.07155025553662692,1.1428571428571428,-0.016,0.6363636363636364,0.3191489361702128,0.0,1.0,0.0,1.0,0
2,-0.6041666666666666,-0.4908424908424908,6,0.19080068143100512,-0.24175824175824176,-0.304,-0.4195804195804196,-0.44680851063829785,1.0,0.0,0.0,1.0,0
4,-0.10416666666666667,-0.26373626373626374,2,-0.38160136286201024,0.37362637362637363,0.048,0.1048951048951049,-0.2127659574468085,1.0,0.0,0.0,1.0,1
0,0.5625,0.6373626373626373,10,-0.054514480408858604,0.7582417582417582,0.896,0.9020979020979021,1.1063829787234043,1.0,0.0,0.0,1.0,0
3,0.4791666666666667,0.21245421245421245,20,-0.9744463373083475,1.3296703296703296,1.648,0.8671328671328671,1.0638297872340425,1.0,0.0,1.0,0.0,1
4,0.8541666666666666,0.7985347985347986,10,1.0119250425894377,0.4175824175824176,1.088,0.8951048951048951,1.7659574468085106,0.0,1.0,0.0,1.0,0
1,0.08333333333333333,0.02197802197802198,2,-0.6814310051107325,0.1978021978021978,0.832,0.35664335664335667,-0.0851063829787234,1.0,0.0,0.0,1.0,1
1,-0.7291666666666666,-0.6593406593406593,6,0.82793867120954,-0.5494505494505495,-0.144,-0.6993006993006993,-0.7021276595744681,0.0,1.0,1.0,0.0,0
3,-0.5833333333333334,-0.4835164835164835,8,-1.0323679727427597,-0.15384615384615385,0.016,-0.5104895104895105,-0.7021276595744681,1.0,0.0,0.0,1.0,1
4,0.9375,1.347985347985348,14,-0.909710391822828,0.02197802197802198,0.768,1.083916083916084,0.0851063829787234,1.0,0.0,1.0,0.0,1
2,0.7083333333333334,0.8058608058608059,16,0.3781942078364566,0.6373626373626373,1.776,0.18181818181818182,0.2553191489361702,1.0,0.0,0.0,1.0,0
4,-0.6875,-0.7326007326007326,14,-0.5110732538330494,-0.42857142857142855,-0.208,-0.6923076923076923,-0.6170212765957447,1.0,0.0,0.0,1.0,1
0,0.5,0.6153846153846154,14,0.41567291311754684,0.3626373626373626,0.176,0.3916083916083916,0.5531914893617021,1.0,0.0,1.0,0.0,0
4,-0.8541666666666666,-0.7838827838827839,10,0.3339011925042589,-0.37362637362637363,-0.432,-0.7412587412587412,-0.7659574468085106,1.0,0.0,1.0,0.0,0
0,0.4583333333333333,0.8131868131868132,10,0.21465076660988075,0.9230769230769231,-0.096,1.006993006993007,0.3191489361702128,0.0,1.0,0.0,1.0,0
5,-0.8333333333333334,-0.7545787545787546,10,-0.7325383304940375,-0.26373626373626374,-0.368,-0.7902097902097902,-0.6170212765957447,0.0,1.0,1.0,0.0,1
2,-0.7083333333333334,-0.7619047619047619,14,0.7700170357751278,-0.5934065934065934,-0.336,-0.6993006993006993,-0.6170212765957447,0.0,1.0,1.0,0.0,0
0,-0.08333333333333333,0.2271062271062271,16,0.9676320272572402,-0.4725274725274725,0.192,-0.0979020979020979,0.46808510638297873,1.0,0.0,0.0,1.0,0
5,0.125,-0.21978021978021978,4,0.9846678023850085,0.5054945054945055,0.384,0.36363636363636365,0.6170212765957447,0.0,1.0,1.0,0.0,0
0,0.7916666666666666,0.8205128205128205,18,-0.2453151618398637,0.7472527472527473,-0.048,0.5804195804195804,0.19148936170212766,1.0,0.0,1.0,0.0,1
3,-0.875,-0.8937728937728938,10,-0.38841567291311757,-0.5274725274725275,-0.592,-0.8251748251748252,-0.851063829787234,1.0,0.0,0.0,1.0,1
3,0.75,0.7472527472527473,20,-0.82793867120954,2.1648351648351647,0.8,1.1538461538461537,-0.0425531914893617,0.0,1.0,1.0,0.0,1
5,0.0625,-0.2490842490842491,10,-0.5315161839863713,-0.5824175824175825,0.672,0.4755244755244755,0.3191489361702128,1.0,0.0,0.0,1.0,1
0,0.22916666666666666,0.5714285714285714,18,0.919931856899489,1.10989010989011,0.464,0.08391608391608392,0.7872340425531915,1.0,0.0,0.0,1.0,0
0,0.20833333333333334,0.336996336996337,6,0.9778534923339012,0.9120879120879121,0.352,0.14685314685314685,0.6595744680851063,1.0,0.0,0.0,1.0,0
1,0.8333333333333334,1.1355311355311355,14,0.9778534923339012,1.3406593406593406,1.392,1.2517482517482517,0.6382978723404256,1.0,0.0,1.0,0.0,0
3,-0.3125,-0.3516483516483517,12,0.1737649063032368,-0.5494505494505495,-0.384,-0.4965034965034965,-0.48936170212765956,0.0,1.0,1.0,0.0,0
0,0.7291666666666666,0.6593406593406593,2,-0.8245315161839863,2.21978021978022,0.256,0.7062937062937062,0.6382978723404256,0.0,1.0,0.0,1.0,1
4,0.5,1.032967032967033,20,-0.282793867120954,-0.10989010989010989,-0.032,0.04195804195804196,0.2553191489361702,1.0,0.0,1.0,0.0,1
0,0.1875,0.5934065934065934,10,-0.4190800681431005,-0.5934065934065934,1.312,-0.06293706293706294,0.8936170212765957,0.0,1.0,0.0,1.0,1
2,-0.3958333333333333,-0.15384615384615385,8,0.838160136286201,-0.5714285714285714,0.256,-0.2937062937062937,-0.02127659574468085,0.0,1.0,0.0,1.0,0
3,0.875,0.652014652014652,16,0.42589437819420783,-0.23076923076923078,0.992,0.8881118881118881,1.127659574468085,0.0,1.0,0.0,1.0,0
2,0.8333333333333334,0.29304029304029305,20,-0.6814310051107325,1.4065934065934067,1.28,0.3986013986013986,1.0,0.0,1.0,1.0,0.0,1
0,0.9791666666666666,0.6813186813186813,14,-0.4906303236797274,-0.5054945054945055,1.552,0.45454545454545453,0.574468085106383,1.0,0.0,0.0,1.0,1
5,-0.25,0.02197802197802198,12,0.797274275979557,-0.4945054945054945,-0.512,-0.013986013986013986,-0.19148936170212766,0.0,1.0,1.0,0.0,0
0,0.875,0.9230769230769231,8,0.08858603066439523,-0.12087912087912088,1.696,0.8601398601398601,0.10638297872340426,1.0,0.0,1.0,0.0,0
0,-0.8541666666666666,-0.8424908424908425,6,-0.2657580919931857,-0.4065934065934066,-0.32,-0.8251748251748252,-0.6595744680851063,1.0,0.0,0.0,1.0,1
2,0.6875,1.2820512820512822,20,-0.9369676320272572,1.1758241758241759,0.144,0.34265734265734266,0.7446808510638298,1.0,0.0,1.0,0.0,1
2,-0.6458333333333334,-0.5128205128205128,16,-0.5928449744463373,-0.03296703296703297,-0.096,-0.6153846153846154,-0.48936170212765956,1.0,0.0,0.0,1.0,1
1,0.5625,0.2564102564102564,2,0.37137989778534924,0.32967032967032966,1.2,0.4965034965034965,0.9574468085106383,1.0,0.0,1.0,0.0,0
2,0.25,0.358974358974359,18,-0.596252129471891,1.1318681318681318,0.56,0.3706293706293706,0.425531914893617,1.0,0.0,0.0,1.0,1
4,-0.25,-0.3956043956043956,12,0.4565587734241908,-0.3076923076923077,-0.224,-0.16083916083916083,0.14893617021276595,1.0,0.0,0.0,1.0,0
3,-0.3541666666666667,-0.10256410256410256,8,0.6132879045996593,0.0989010989010989,-0.544,-0.11188811188811189,0.0851063829787234,0.0,1.0,0.0,1.0,0
2,-0.1875,0.16117216117216118,4,0.5724020442930153,0.0989010989010989,0.128,-0.2867132867132867,0.2765957446808511,1.0,0.0,1.0,0.0,0
5,-1.0,-1.010989010989011,18,0.5826235093696763,-0.5714285714285714,-0.56,-0.958041958041958,-0.8723404255319149,1.0,0.0,0.0,1.0,0
3,0.7708333333333334,0.8864468864468864,12,0.3577512776831346,1.1428571428571428,1.856,0.8601398601398601,1.0851063829787233,0.0,1.0,0.0,1.0,0
5,-0.9583333333333334,-0.9597069597069597,4,-0.43270868824531517,-0.5934065934065934,-0.56,-0.9440559440559441,-0.8085106382978723,1.0,0.0,0.0,1.0,0
3,0.5416666666666666,0.2564102564102564,20,0.45315161839863716,0.24175824175824176,1.728,1.013986013986014,1.1702127659574468,1.0,0.0,0.0,1.0,0
0,0.1875,0.05128205128205128,8,0.36115843270868825,0.3626373626373626,-0.32,0.1258741258741259,-0.2127659574468085,0.0,1.0,1.0,0.0,0
1,0.20833333333333334,0.23443223443223443,20,0.35093696763202725,1.1428571428571428,1.152,0.16083916083916083,-0.0425531914893617,1.0,0.0,0.0,1.0,0
1,-0.7916666666666666,-0.73992673992674,14,0.25894378194207834,-0.31868131868131866,-0.256,-0.7622377622377622,-0.6170212765957447,0.0,1.0,0.0,1.0,0
0,-0.9375,-0.9010989010989011,4,-0.9676320272572402,-0.43956043956043955,-0.464,-0.8601398601398601,-0.8085106382978723,1.0,0.0,0.0,1.0,0
4,-0.4166666666666667,-0.2271062271062271,14,0.6201022146507666,-0.26373626373626374,-0.096,-0.38461538461538464,-0.06382978723404255,1.0,0.0,0.0,1.0,0
3,-0.3958333333333333,-0.40293040293040294,18,-0.7734241908006815,-0.12087912087912088,-0.464,-0.3916083916083916,-0.5957446808510638,1.0,0.0,0.0,1.0,1
4,-1.0,-1.0256410256410255,6,-0.8109028960817717,-0.6263736263736264,-0.528,-0.9790209790209791,-0.9148936170212766,0.0,1.0,1.0,0.0,1
2,0.6875,0.8571428571428571,4,-0.626916524701874,1.901098901098901,0.672,1.020979020979021,0.3617021276595745,0.0,1.0,1.0,0.0,0
4,-0.9583333333333334,-0.9377289377289377,20,0.5928449744463373,-0.5164835164835165,-0.544,-0.9300699300699301,-0.9148936170212766,0.0,1.0,1.0,0.0,0
4,-0.6458333333333334,-0.63003663003663,12,0.797274275979557,-0.4725274725274725,-0.288,-0.5804195804195804,-0.46808510638297873,0.0,1.0,1.0,0.0,0
5,-0.3541666666666667,-0.24175824175824176,20,0.9131175468483816,0.0989010989010989,0.032,-0.34265734265734266,-0.44680851063829785,1.0,0.0,0.0,1.0,0
3,-0.5,-0.6227106227106227,14,0.0919931856899489,-0.18681318681318682,-0.144,-0.27972027972027974,-0.46808510638297873,0.0,1.0,0.0,1.0,0
2,-0.2708333333333333,-0.15384615384615385,14,0.8143100511073254,-0.2087912087912088,0.48,0.0,0.1702127659574468,0.0,1.0,0.0,1.0,0
4,0.125,-0.05128205128205128,12,0.58603066439523,-0.43956043956043955,-0.096,0.09090909090909091,0.5531914893617021,0.0,1.0,0.0,1.0,0
0,0.375,0.5494505494505495,20,-1.0221465076660987,0.8791208791208791,0.144,0.5174825174825175,0.5106382978723404,0.0,1.0,0.0,1.0,1
5,-0.875,-0.8351648351648352,10,0.6814310051107325,-0.43956043956043955,-0.32,-0.8601398601398601,-0.7872340425531915,1.0,0.0,1.0,0.0,0
1,0.25,0.19047619047619047,12,0.3781942078364566,0.4945054945054945,0.08,0.7062937062937062,0.851063829787234,1.0,0.0,1.0,0.0,0
4,0.5208333333333334,0.673992673992674,16,0.9982964224872232,-0.2087912087912088,0.128,0.055944055944055944,0.40425531914893614,0.0,1.0,0.0,1.0,0
2,-0.25,-0.358974358974359,8,-0.21805792163543442,-0.13186813186813187,0.624,-0.46853146853146854,0.1276595744680851,1.0,0.0,0.0,1.0,1
0,0.8333333333333334,0.9157509157509157,12,0.626916524701874,2.0549450549450547,-0.128,1.4125874125874125,1.0638297872340425,1.0,0.0,1.0,0.0,0
1,-0.625,-0.5347985347985348,16,0.7597955706984668,-0.43956043956043955,-0.032,-0.4825174825174825,-0.6595744680851063,1.0,0.0,0.0,1.0,0
5,-0.7291666666666666,-0.7692307692307693,2,0.4940374787052811,-0.46153846153846156,-0.432,-0.7272727272727273,-0.7446808510638298,1.0,0.0,0.0,1.0,0
0,0.9583333333333334,1.663003663003663,20,0.3339011925042589,0.7142857142857143,2.0,0.6643356643356644,1.2765957446808511,0.0,1.0,1.0,0.0,0
1,-0.375,-0.5201465201465202,12,0.15332197614991483,0.08791208791208792,-0.32,-0.4125874125874126,-0.6170212765957447,1.0,0.0,0.0,1.0,0
5,-0.3125,-0.21978021978021978,14,-0.19420783645655879,0.31868131868131866,-0.544,-0.18181818181818182,0.06382978723404255,1.0,0.0,1.0,0.0,1
3,-0.20833333333333334,-0.1391941391941392,10,-0.47018739352640543,0.08791208791208792,-0.288,-0.03496503496503497,-0.2765957446808511,1.0,0.0,0.0,1.0,1
3,-1.0208333333333333,-1.010989010989011,18,0.5076660988074957,-0.5934065934065934,-0.56,-1.0,-0.9148936170212766,1.0,0.0,1.0,0.0,0
5,-0.7083333333333334,-0.5934065934065934,14,-0.054514480408858604,-0.4945054945054945,-0.432,-0.5734265734265734,-0.6382978723404256,1.0,0.0,0.0,1.0,0
5,0.8958333333333334,0.6666666666666666,18,0.8824531516183987,1.7472527472527473,-0.032,0.5454545454545454,0.23404255319148937,1.0,0.0,1.0,0.0,0
3,0.5208333333333334,0.8791208791208791,4,0.293015332197615,-0.03296703296703297,-0.496,0.6783216783216783,0.8723404255319149,0.0,1.0,1.0,0.0,0
5,0.9166666666666666,1.1794871794871795,10,0.7495741056218058,1.1758241758241759,0.0,1.097902097902098,1.8297872340425532,0.0,1.0,1.0,0.0,0
1,0.25,0.23443223443223443,12,0.5689948892674617,0.04395604395604396,-0.112,0.16783216783216784,-0.2765957446808511,0.0,1.0,1.0,0.0,0
2,-0.6041666666666666,-0.46153846153846156,6,-0.02385008517887564,-0.0989010989010989,-0.112,-0.42657342657342656,-0.574468085106383,1.0,0.0,1.0,0.0,0
3,0.7291666666666666,0.5274725274725275,20,0.12947189097103917,-0.03296703296703297,0.816,0.6573426573426573,0.9787234042553191,1.0,0.0,0.0,1.0,0
0,0.9375,0.63003663003663,18,-0.7291311754684838,-0.5054945054945055,2.224,0.5314685314685315,0.9148936170212766,1.0,0.0,1.0,0.0,1
0,-0.9166666666666666,-0.967032967032967,14,0.12265758091993186,-0.4065934065934066,-0.48,-0.8531468531468531,-0.7659574468085106,0.0,1.0,1.0,0.0,0
3,0.2916666666666667,0.7765567765567766,10,0.868824531516184,1.0769230769230769,1.152,-0.04195804195804196,0.7659574468085106,1.0,0.0,1.0,0.0,0
1,-1.0208333333333333,-1.010989010989011,14,0.07155025553662692,-0.5494505494505495,-0.592,-0.9790209790209791,-0.9574468085106383,1.0,0.0,0.0,1.0,0
1,-0.2916666666666667,-0.32234432234432236,4,-0.5315161839863713,-0.5824175824175825,-0.272,-0.006993006993006993,-0.2765957446808511,0.0,1.0,0.0,1.0,1
3,0.0625,0.08791208791208792,18,0.534923339011925,0.7802197802197802,-0.224,0.1258741258741259,0.574468085106383,0.0,1.0,1.0,0.0,0
1,0.7708333333333334,0.41025641025641024,6,0.0817717206132879,2.043956043956044,1.984,0.2097902097902098,1.574468085106383,1.0,0.0,1.0,0.0,0
5,0.375,0.3516483516483517,6,0.6746166950596252,0.4945054945054945,0.912,0.16783216783216784,0.2127659574468085,1.0,0.0,0.0,1.0,0
0,0.10416666666666667,0.3443223443223443,18,-0.2010221465076661,0.08791208791208792,-0.144,0.3706293706293706,0.40425531914893614,0.0,1.0,1.0,0.0,1
4,0.3541666666666667,-0.05128205128205128,8,-0.42248722316865417,0.6703296703296703,0.864,0.7762237762237763,1.0851063829787233,0.0,1.0,0.0,1.0,1
2,0.1875,-0.14652014652014653,16,0.1567291311754685,-0.08791208791208792,0.256,0.6503496503496503,0.1276595744680851,0.0,1.0,0.0,1.0,0
2,0.22916666666666666,0.5128205128205128,20,0.25894378194207834,1.4285714285714286,-0.192,0.6923076923076923,0.9787234042553191,0.0,1.0,0.0,1.0,0
1,-0.22916666666666666,0.07326007326007326,12,-0.5689948892674617,0.5274725274725275,-0.144,0.013986013986013986,-0.2765957446808511,0.0,1.0,0.0,1.0,1
4,-0.2708333333333333,-0.02197802197802198,4,0.14310051107325383,-0.4725274725274725,-0.416,-0.25874125874125875,0.02127659574468085,1.0,0.0,0.0,1.0,0
0,-0.2916666666666667,-0.21978021978021978,10,0.4906303236797274,-0.6153846153846154,0.128,-0.3916083916083916,-0.2127659574468085,1.0,0.0,0.0,1.0,0
4,0.3333333333333333,0.7838827838827839,12,-0.1635434412265758,1.2417582417582418,-0.016,0.6223776223776224,0.0851063829787234,0.0,1.0,1.0,0.0,0
4,-0.6458333333333334,-0.7252747252747253,2,0.04088586030664395,-0.5604395604395604,-0.576,-0.5524475524475524,-0.3191489361702128,1.0,0.0,0.0,1.0,0
0,-0.9375,-0.9523809523809523,10,-0.05110732538330494,-0.43956043956043955,-0.576,-0.9440559440559441,-0.8936170212765957,1.0,0.0,1.0,0.0,0
4,0.7291666666666666,0.336996336996337,4,0.9028960817717206,1.6263736263736264,-0.352,1.2727272727272727,1.0212765957446808,1.0,0.0,0.0,1.0,0
5,0.2916666666666667,0.6813186813186813,2,-0.3270868824531516,-0.5604395604395604,1.04,0.09090909090909091,0.7446808510638298,0.0,1.0,0.0,1.0,0
0,0.6041666666666666,1.1575091575091576,2,0.5894378194207837,1.2087912087912087,-0.368,1.013986013986014,0.7021276595744681,0.0,1.0,0.0,1.0,0
3,0.625,0.5128205128205128,4,0.46678023850085176,1.8461538461538463,0.0,0.16083916083916083,1.148936170212766,0.0,1.0,1.0,0.0,0
0,-0.25,-0.24175824175824176,12,-1.0153321976149914,-0.06593406593406594,0.352,-0.40559440559440557,-0.5106382978723404,0.0,1.0,1.0,0.0,1
4,0.6041666666666666,0.63003663003663,14,0.4599659284497445,0.5824175824175825,1.344,0.3706293706293706,0.19148936170212766,0.0,1.0,0.0,1.0,0
4,-0.1875,0.0,6,-0.9505962521294719,0.07692307692307693,0.352,-0.20279720279720279,-0.3191489361702128,1.0,0.0,1.0,0.0,1
4,0.020833333333333332,-0.03663003663003663,16,-0.4088586030664395,0.6813186813186813,-0.464,0.32167832167832167,-0.3829787234042553,1.0,0.0,1.0,0.0,1
1,0.16666666666666666,0.16117216117216118,4,0.6916524701873935,0.6153846153846154,0.96,0.5734265734265734,0.5531914893617021,1.0,0.0,1.0,0.0,0
4,0.25,0.5347985347985348,10,-0.22146507666098808,0.43956043956043955,0.272,0.32867132867132864,0.7021276595744681,0.0,1.0,1.0,0.0,1
0,0.1875,-0.16117216117216118,2,0.017035775127768313,-0.2857142857142857,-0.256,0.23076923076923078,0.48936170212765956,0.0,1.0,1.0,0.0,0
2,0.5,0.24175824175824176,20,0.4463373083475298,0.38461538461538464,0.288,0.5874125874125874,0.0851063829787234,0.0,1.0,0.0,1.0,0
2,0.20833333333333334,0.3516483516483517,8,-0.7632027257240205,-0.03296703296703297,1.136,-0.02097902097902098,-0.0851063829787234,0.0,1.0,0.0,1.0,1
0,-0.6875,-0.5860805860805861,4,1.0051107325383304,-0.3516483516483517,-0.576,-0.6993006993006993,-0.6595744680851063,1.0,0.0,1.0,0.0,0
4,0.375,0.27106227106227104,18,0.38160136286201024,0.2857142857142857,-0.496,0.027972027972027972,0.6382978723404256,0.0,1.0,0.0,1.0,0
3,0.25,0.3882783882783883,12,0.5689948892674617,-0.4065934065934066,-0.208,0.06293706293706294,-0.2978723404255319,1.0,0.0,0.0,1.0,0
4,0.6041666666666666,1.0622710622710623,4,-0.6201022146507666,-0.27472527472527475,1.328,0.8671328671328671,0.9148936170212766,1.0,0.0,1.0,0.0,0
3,-0.3125,-0.37362637362637363,16,0.4940374787052811,0.23076923076923078,-0.208,-0.34265734265734266,-0.40425531914893614,0.0,1.0,0.0,1.0,0
1,-0.4583333333333333,-0.3663003663003663,4,0.18739352640545145,0.2857142857142857,0.096,-0.5314685314685315,-0.3829787234042553,1.0,0.0,1.0,0.0,0
5,0.8958333333333334,0.6227106227106227,6,0.5417376490630323,0.7472527472527473,1.04,0.5384615384615384,0.44680851063829785,0.0,1.0,0.0,1.0,0
5,-0.3125,-0.5054945054945055,16,0.7734241908006815,0.15384615384615385,-0.384,-0.32167832167832167,-0.3404255319148936,1.0,0.0,1.0,0.0,0
4,-0.5208333333333334,-0.38095238095238093,18,-0.41567291311754684,-0.31868131868131866,0.112,-0.4195804195804196,-0.44680851063829785,1.0,0.0,0.0,1.0,1
1,-0.14583333333333334,0.007326007326007326,8,0.9914821124361158,0.6373626373626373,0.416,-0.36363636363636365,-0.44680851063829785,1.0,0.0,0.0,1.0,0
4,0.125,0.47619047619047616,18,-0.38841567291311757,-0.5604395604395604,0.096,-0.14685314685314685,0.3191489361702128,1.0,0.0,1.0,0.0,1
0,-0.6875,-0.6446886446886447,18,-0.868824531516184,-0.2967032967032967,-0.48,-0.5524475524475524,-0.7446808510638298,1.0,0.0,1.0,0.0,1
3,0.3958333333333333,0.10989010989010989,16,-0.7632027257240205,-0.3956043956043956,0.24,0.5874125874125874,1.1702127659574468,0.0,1.0,0.0,1.0,1
0,0.7083333333333334,0.3956043956043956,16,0.6235093696763203,0.8461538461538461,0.592,0.21678321678321677,0.9361702127659575,1.0,0.0,0.0,1.0,0
4,-0.6666666666666666,-0.7765567765567766,10,-0.7325383304940375,-0.5604395604395604,-0.368,-0.6293706293706294,-0.7659574468085106,0.0,1.0,1.0,0.0,1
2,-0.5208333333333334,-0.5128205128205128,10,-0.6916524701873935,0.13186813186813187,-0.144,-0.3146853146853147,-0.2765957446808511,0.0,1.0,0.0,1.0,1
0,-0.5,-0.4542124542124542,6,0.4804088586030664,-0.4835164835164835,0.064,-0.4965034965034965,-0.5319148936170213,1.0,0.0,0.0,1.0,0
5,-0.14583333333333334,-0.20512820512820512,20,0.10562180579216354,0.03296703296703297,0.576,0.04195804195804196,-0.0425531914893617,1.0,0.0,0.0,1.0,0
5,-0.7916666666666666,-0.7765567765567766,8,-0.6678023850085179,-0.1978021978021978,-0.384,-0.7762237762237763,-0.723404255319149,1.0,0.0,0.0,1.0,1
1,-0.8333333333333334,-0.8058608058608059,20,-0.3679727427597956,-0.43956043956043955,-0.416,-0.8041958041958042,-0.851063829787234,1.0,0.0,1.0,0.0,1
0,-0.375,-0.336996336996337,16,-0.575809199318569,-0.2857142857142857,0.064,-0.11888111888111888,-0.0851063829787234,0.0,1.0,0.0,1.0,1
1,-0.7916666666666666,-0.7032967032967034,20,-0.6132879045996593,-0.5164835164835165,-0.464,-0.7482517482517482,-0.6170212765957447,0.0,1.0,0.0,1.0,1
2,-0.5208333333333334,-0.4981684981684982,4,0.7359454855195912,-0.27472527472527475,0.096,-0.6223776223776224,-0.6382978723404256,1.0,0.0,1.0,0.0,0
2,0.375,0.7838827838827839,4,0.545144804088586,0.37362637362637363,-0.016,0.46853146853146854,0.2127659574468085,1.0,0.0,0.0,1.0,0
1,-0.3958333333333333,-0.41025641025641024,20,-0.787052810902896,-0.31868131868131866,-0.144,-0.5174825174825175,-0.14893617021276595,0.0,1.0,0.0,1.0,1
0,0.8541666666666666,1.1794871794871795,10,-0.504258943781942,2.120879120879121,-0.272,1.2797202797202798,0.14893617021276595,1.0,0.0,1.0,0.0,1
1,0.6875,0.73992673992674,18,0.32367972742759793,1.9120879120879122,1.52,1.2657342657342658,1.6382978723404256,0.0,1.0,0.0,1.0,0
3,-0.14583333333333334,0.05128205128205128,16,0.8926746166950597,-0.4835164835164835,0.752,0.027972027972027972,-0.23404255319148937,1.0,0.0,0.0,1.0,0
4,-0.3958333333333333,-0.29304029304029305,16,0.30664395229982966,0.24175824175824176,0.192,-0.2937062937062937,-0.574468085106383,0.0,1.0,1.0,0.0,0
4,-1.0,-1.032967032967033,2,-0.8517887563884157,-0.5494505494505495,-0.576,-0.9370629370629371,-0.8723404255319149,1.0,0.0,0.0,1.0,1
4,0.5833333333333334,0.5054945054945055,16,-0.36115843270868825,-0.37362637362637363,0.24,0.5944055944055944,0.6808510638297872,1.0,0.0,0.0,1.0,1
0,-0.020833333333333332,0.17582417582417584,6,0.07155025553662692,0.12087912087912088,0.4,0.055944055944055944,0.2978723404255319,0.0,1.0,0.0,1.0,0
4,0.875,1.4871794871794872,6,0.797274275979557,2.3956043956043955,-0.464,0.4755244755244755,0.851063829787234,1.0,0.0,1.0,0.0,0
4,-0.8125,-0.7472527472527473,6,0.36115843270868825,-0.3076923076923077,-0.224,-0.7342657342657343,-0.5957446808510638,1.0,0.0,1.0,0.0,0
2,-0.75,-0.7619047619047619,16,0.5724020442930153,-0.34065934065934067,-0.464,-0.6223776223776224,-0.723404255319149,0.0,1.0,1.0,0.0,0
1,0.22916666666666666,0.6227106227106227,16,0.8006814310051107,0.38461538461538464,-0.368,0.6223776223776224,0.5319148936170213,0.0,1.0,1.0,0.0,0
4,0.16666666666666666,0.3882783882783883,14,-0.4565587734241908,0.945054945054945,0.496,0.5244755244755245,-0.2765957446808511,1.0,0.0,1.0,0.0,1
4,-0.75,-0.8424908424908425,6,0.9608177172061328,-0.6043956043956044,-0.144,-0.7552447552447552,-0.5531914893617021,0.0,1.0,1.0,0.0,0
1,-0.3333333333333333,-0.27106227106227104,4,-0.26916524701873934,0.3516483516483517,0.4,-0.06993006993006994,-0.3617021276595745,0.0,1.0,1.0,0.0,0
0,-0.2916666666666667,-0.3882783882783883,14,-0.2453151618398637,0.2967032967032967,-0.432,-0.3986013986013986,-0.5531914893617021,0.0,1.0,0.0,1.0,1
2,0.5625,0.18315018315018314,14,-0.858603066439523,1.4725274725274726,0.56,0.32867132867132864,0.5531914893617021,0.0,1.0,1.0,0.0,1
2,0.3333333333333333,0.7985347985347986,10,0.23850085178875638,0.6043956043956044,0.784,0.7342657342657343,0.10638297872340426,1.0,0.0,0.0,1.0,0
4,0.0625,-0.2271062271062271,20,0.3475298126064736,0.989010989010989,0.016,-0.07692307692307693,0.3404255319148936,1.0,0.0,0.0,1.0,0
1,-0.7291666666666666,-0.7765567765567766,10,0.04088586030664395,-0.37362637362637363,-0.16,-0.6363636363636364,-0.6595744680851063,1.0,0.0,1.0,0.0,0
5,0.5,0.9963369963369964,2,-0.555366269165247,0.2857142857142857,0.336,0.6853146853146853,0.3191489361702128,1.0,0.0,0.0,1.0,0
3,0.5416666666666666,0.8644688644688645,12,0.5315161839863713,-0.24175824175824176,-0.128,0.5104895104895105,1.3404255319148937,0.0,1.0,1.0,0.0,0
5,-0.3125,-0.4468864468864469,20,-0.030664395229982964,-0.13186813186813187,0.432,-0.5034965034965035,0.0,1.0,0.0,0.0,1.0,0
1,0.5,0.5787545787545788,14,-0.4565587734241908,0.7362637362637363,0.944,0.11188811188811189,0.0,0.0,1.0,0.0,1.0,1
1,-0.8541666666666666,-0.9157509157509157,8,0.6473594548551959,-0.2967032967032967,-0.384,-0.8671328671328671,-0.6595744680851063,0.0,1.0,0.0,1.0,0
0,-0.375,-0.41025641025641024,18,0.514480408858603,0.054945054945054944,0.032,-0.5384615384615384,0.0425531914893617,1.0,0.0,0.0,1.0,0
5,0.75,0.989010989010989,10,0.19420783645655879,2.1868131868131866,-0.464,0.7902097902097902,1.1914893617021276,1.0,0.0,0.0,1.0,0
1,0.7916666666666666,0.608058608058608,4,0.524701873935264,0.2857142857142857,1.264,0.22377622377622378,0.7021276595744681,0.0,1.0,0.0,1.0,0
1,0.1875,-0.10989010989010989,2,-0.8006814310051107,0.4725274725274725,-0.24,-0.06293706293706294,0.0851063829787234,0.0,1.0,0.0,1.0,1
1,-0.3333333333333333,-0.5274725274725275,16,0.899488926746167,-0.5604395604395604,0.464,-0.35664335664335667,-0.5106382978723404,0.0,1.0,0.0,1.0,0
2,-0.75,-0.8058608058608059,4,-0.06473594548551959,-0.18681318681318682,-0.384,-0.6853146853146853,-0.5957446808510638,1.0,0.0,1.0,0.0,0
5,0.375,0.1391941391941392,6,-0.5315161839863713,-0.16483516483516483,-0.528,-0.03496503496503497,0.44680851063829785,1.0,0.0,0.0,1.0,1
5,-0.375,-0.4981684981684982,16,0.09880749574105621,0.31868131868131866,-0.512,-0.5244755244755245,0.0851063829787234,0.0,1.0,0.0,1.0,0
2,0.5416666666666666,0.27106227106227104,20,-0.3373083475298126,0.989010989010989,-0.512,0.25874125874125875,0.02127659574468085,0.0,1.0,1.0,0.0,1
3,-0.6666666666666666,-0.6373626373626373,8,0.1635434412265758,-0.5384615384615384,-0.256,-0.5874125874125874,-0.6382978723404256,1.0,0.0,0.0,1.0,0
3,-0.7916666666666666,-0.8424908424908425,14,-0.868824531516184,-0.45054945054945056,-0.496,-0.7482517482517482,-0.8297872340425532,1.0,0.0,1.0,0.0,1
2,0.16666666666666666,-0.02197802197802198,2,-0.6575809199318569,0.6923076923076923,0.112,0.16083916083916083,-0.0851063829787234,1.0,0.0,0.0,1.0,1
5,-0.9375,-0.9597069597069597,12,-0.3202725724020443,-0.43956043956043955,-0.576,-0.8881118881118881,-0.7872340425531915,1.0,0.0,0.0,1.0,1
3,0.10416666666666667,-0.21978021978021978,12,0.5212947189097104,-0.25274725274725274,-0.304,0.26573426573426573,0.7021276595744681,0.0,1.0,0.0,1.0,0
0,0.7291666666666666,1.0842490842490842,16,0.1362862010221465,-0.5054945054945055,1.664,1.2867132867132867,1.6595744680851063,1.0,0.0,0.0,1.0,0
5,-0.125,0.1684981684981685,18,-0.504258943781942,-0.31868131868131866,-0.192,-0.2727272727272727,0.23404255319148937,1.0,0.0,1.0,0.0,1
0,-0.3958333333333333,-0.19047619047619047,14,0.14310051107325383,-0.04395604395604396,-0.368,-0.17482517482517482,-0.23404255319148937,1.0,0.0,0.0,1.0,0
2,-0.6875,-0.8058608058608059,4,-0.8858603066439523,-0.24175824175824176,-0.416,-0.5874125874125874,-0.6382978723404256,0.0,1.0,0.0,1.0,1
4,-0.2708333333333333,-0.3076923076923077,10,0.7836456558773425,0.2087912087912088,-0.192,-0.03496503496503497,-0.06382978723404255,1.0,0.0,1.0,0.0,0
3,-0.9375,-0.967032967032967,16,-0.3202725724020443,-0.5494505494505495,-0.544,-0.8531468531468531,-0.7659574468085106,0.0,1.0,0.0,1.0,1
2,0.5208333333333334,0.15384615384615385,20,0.303236797274276,0.4725274725274725,0.944,0.7342657342657343,0.6170212765957447,0.0,1.0,1.0,0.0,0
1,0.6458333333333334,0.32967032967032966,8,0.054514480408858604,1.2747252747252746,1.36,1.1818181818181819,0.44680851063829785,1.0,0.0,0.0,1.0,0
4,0.020833333333333332,0.27106227106227104,10,-0.8449744463373083,-0.5714285714285714,0.016,-0.27972027972027974,-0.23404255319148937,0.0,1.0,0.0,1.0,1
0,0.3125,0.04395604395604396,18,-0.36115843270868825,-0.45054945054945056,0.512,-0.006993006993006993,1.0212765957446808,1.0,0.0,1.0,0.0,1
4,-0.3958333333333333,-0.21978021978021978,6,0.10902896081771721,-0.25274725274725274,0.144,-0.5664335664335665,-0.1276595744680851,1.0,0.0,1.0,0.0,0
1,0.125,0.19047619047619047,4,-0.3100511073253833,-0.14285714285714285,0.528,0.4755244755244755,-0.3191489361702128,0.0,1.0,1.0,0.0,0
2,0.16666666666666666,0.38095238095238093,20,-0.9403747870528109,0.24175824175824176,-0.352,0.35664335664335667,0.851063829787234,0.0,1.0,1.0,0.0,1
4,-0.5208333333333334,-0.4468864468864469,4,0.58603066439523,-0.5494505494505495,0.016,-0.2937062937062937,-0.40425531914893614,1.0,0.0,1.0,0.0,0
3,0.4791666666666667,0.2857142857142857,8,0.7325383304940375,0.5274725274725275,0.816,0.9370629370629371,0.8297872340425532,1.0,0.0,1.0,0.0,0
5,0.2708333333333333,0.3956043956043956,12,-0.030664395229982964,-0.6043956043956044,-0.256,0.13286713286713286,0.2127659574468085,1.0,0.0,0.0,1.0,0
4,-0.020833333333333332,0.3663003663003663,18,0.027257240204429302,0.8571428571428571,0.112,-0.013986013986013986,0.02127659574468085,1.0,0.0,0.0,1.0,0
1,-0.2708333333333333,-0.4249084249084249,12,0.2282793867120954,-0.04395604395604396,0.16,-0.16783216783216784,-0.14893617021276595,1.0,0.0,0.0,1.0,0
1,0.0,0.4175824175824176,18,0.524701873935264,0.6813186813186813,-0.048,-0.08391608391608392,-0.2765957446808511,0.0,1.0,0.0,1.0,0
4,0.3125,0.20512820512820512,20,-0.33049403747870526,-0.32967032967032966,1.008,0.7902097902097902,0.574468085106383,0.0,1.0,1.0,0.0,1
3,0.20833333333333334,0.4908424908424908,2,-0.7359454855195912,0.16483516483516483,-0.096,0.11888111888111888,-0.0851063829787234,0.0,1.0,0.0,1.0,0
5,0.9583333333333334,0.9523809523809523,10,0.6303236797274276,0.4175824175824176,-0.096,1.2027972027972027,1.297872340425532,0.0,1.0,0.0,1.0,0
2,-0.6875,-0.7619047619047619,8,0.15332197614991483,-0.4835164835164835,-0.096,-0.5874125874125874,-0.6170212765957447,1.0,0.0,0.0,1.0,0
3,0.0625,0.12454212454212454,4,-0.3100511073253833,-0.43956043956043955,-0.048,-0.1048951048951049,0.3191489361702128,0.0,1.0,0.0,1.0,0
1,-0.6041666666666666,-0.6886446886446886,8,-0.6235093696763203,-0.2967032967032967,-0.576,-0.6713286713286714,-0.46808510638297873,0.0,1.0,0.0,1.0,1
5,0.6041666666666666,0.9084249084249084,20,-0.027257240204429302,-0.12087912087912088,0.24,0.7132867132867133,1.2553191489361701,1.0,0.0,1.0,0.0,0
4,-0.3125,-0.43223443223443225,14,-1.0255536626916524,0.08791208791208792,0.0,-0.4755244755244755,-0.0851063829787234,0.0,1.0,1.0,0.0,1
3,0.5208333333333334,1.1282051282051282,10,-0.8824531516183987,1.4725274725274726,1.6,0.9090909090909091,1.4042553191489362,1.0,0.0,0.0,1.0,1
2,-0.5416666666666666,-0.6007326007326007,6,0.3577512776831346,0.14285714285714285,-0.56,-0.32867132867132864,-0.2127659574468085,0.0,1.0,0.0,1.0,0
5,-0.2708333333333333,-0.014652014652014652,2,-0.879045996592845,-0.25274725274725274,-0.464,-0.11188811188811189,0.0425531914893617,1.0,0.0,0.0,1.0,0
2,-0.6666666666666666,-0.5934065934065934,18,0.23168654173764908,-0.5494505494505495,-0.192,-0.6853146853146853,-0.723404255319149,0.0,1.0,1.0,0.0,0
5,-0.6666666666666666,-0.7106227106227107,4,-0.5485519591141397,-0.26373626373626374,-0.256,-0.6153846153846154,-0.7659574468085106,0.0,1.0,0.0,1.0,1
5,-1.0208333333333333,-1.0256410256410255,16,-0.7052810902896082,-0.6153846153846154,-0.592,-0.986013986013986,-0.9148936170212766,0.0,1.0,1.0,0.0,1
2,-0.8958333333333334,-0.8351648351648352,10,-0.06473594548551959,-0.6153846153846154,-0.56,-0.8741258741258742,-0.8085106382978723,1.0,0.0,0.0,1.0,1
0,-0.5208333333333334,-0.63003663003663,8,-0.7529812606473595,-0.42857142857142855,-0.24,-0.44755244755244755,-0.6170212765957447,0.0,1.0,0.0,1.0,1
4,-0.4375,-0.5421245421245421,2,0.262350936967632,-0.5164835164835165,-0.048,-0.34965034965034963,-0.5957446808510638,0.0,1.0,1.0,0.0,0
2,0.125,0.43223443223443225,8,-0.6507666098807495,0.02197802197802198,0.096,0.46153846153846156,0.0851063829787234,1.0,0.0,1.0,0.0,1
2,0.041666666666666664,-0.10256410256410256,10,-0.35093696763202725,-0.0989010989010989,0.976,0.40559440559440557,-0.3404255319148936,1.0,0.0,1.0,0.0,1
0,-0.9375,-0.945054945054945,2,0.06132879045996593,-0.5714285714285714,-0.528,-0.8811188811188811,-0.9148936170212766,1.0,0.0,1.0,0.0,0
4,0.5208333333333334,1.120879120879121,18,-0.5383304940374787,-0.08791208791208792,1.632,0.26573426573426573,0.2553191489361702,0.0,1.0,1.0,0.0,1
1,0.6875,1.1941391941391941,8,-0.7666098807495741,1.4285714285714286,-0.432,0.7902097902097902,1.4042553191489362,0.0,1.0,0.0,1.0,1
5,-0.5833333333333334,-0.40293040293040294,16,0.13969335604770017,-0.17582417582417584,-0.176,-0.5594405594405595,-0.2978723404255319,1.0,0.0,0.0,1.0,0
4,-0.5,-0.673992673992674,6,0.879045996592845,0.07692307692307693,-0.208,-0.5524475524475524,-0.3829787234042553,1.0,0.0,0.0,1.0,0
3,0.8333333333333334,0.9377289377289377,18,0.16695059625212946,0.31868131868131866,0.576,1.1958041958041958,0.48936170212765956,0.0,1.0,1.0,0.0,0
2,-0.25,-0.05128205128205128,18,0.38160136286201024,-0.06593406593406594,0.304,-0.32867132867132864,-0.5106382978723404,0.0,1.0,0.0,1.0,0
4,-0.75,-0.8278388278388278,16,-0.7529812606473595,-0.5934065934065934,-0.208,-0.7972027972027972,-0.723404255319149,1.0,0.0,0.0,1.0,1
0,0.5,0.8205128205128205,18,0.8211243611584327,0.38461538461538464,-0.496,0.27972027972027974,0.425531914893617,0.0,1.0,0.0,1.0,0
5,-0.5416666666666666,-0.38095238095238093,16,0.4497444633730835,-0.6153846153846154,-0.24,-0.35664335664335667,-0.5957446808510638,0.0,1.0,0.0,1.0,0
5,0.6458333333333334,0.2857142857142857,4,-0.7120954003407155,0.43956043956043955,0.32,0.8951048951048951,1.4042553191489362,1.0,0.0,1.0,0.0,1
5,0.6041666666666666,0.5054945054945055,12,0.5996592844974447,-0.32967032967032966,1.824,1.062937062937063,1.2553191489361701,1.0,0.0,0.0,1.0,0
5,-0.9166666666666666,-0.9304029304029304,4,0.616695059625213,-0.5604395604395604,-0.432,-0.8741258741258742,-0.8297872340425532,1.0,0.0,1.0,0.0,0
0,-0.8125,-0.7619047619047619,4,0.5621805792163543,-0.3076923076923077,-0.24,-0.8251748251748252,-0.6382978723404256,1.0,0.0,0.0,1.0,0
3,-0.7291666666666666,-0.6153846153846154,18,0.11243611584327087,-0.24175824175824176,-0.48,-0.6503496503496503,-0.6595744680851063,0.0,1.0,1.0,0.0,0
3,0.8333333333333334,0.3443223443223443,12,0.31686541737649065,2.2637362637362637,0.64,1.083916083916084,1.872340425531915,0.0,1.0,1.0,0.0,0
3,0.4791666666666667,0.04395604395604396,10,-0.18739352640545145,1.2197802197802199,1.456,0.32867132867132864,0.06382978723404255,1.0,0.0,0.0,1.0,1
4,-0.5833333333333334,-0.6666666666666666,6,-0.8858603066439523,-0.6263736263736264,0.064,-0.6853146853146853,-0.2765957446808511,0.0,1.0,1.0,0.0,1
2,0.3541666666666667,0.5860805860805861,20,-0.7155025553662692,-0.38461538461538464,-0.24,0.3986013986013986,0.7872340425531915,1.0,0.0,1.0,0.0,1
5,0.16666666666666666,0.13186813186813187,12,0.9812606473594548,0.5054945054945055,1.072,0.34965034965034963,0.0425531914893617,0.0,1.0,1.0,0.0,0
2,0.3958333333333333,0.7032967032967034,8,0.7836456558773425,0.8901098901098901,0.064,0.8041958041958042,0.9787234042553191,1.0,0.0,1.0,0.0,0
1,-0.5,-0.5714285714285714,20,0.3747870528109029,-0.5604395604395604,-0.064,-0.5944055944055944,-0.5531914893617021,1.0,0.0,1.0,0.0,0
0,0.3125,-0.03663003663003663,20,-0.82793867120954,0.13186813186813187,0.224,0.7552447552447552,0.7021276595744681,0.0,1.0,1.0,0.0,1
5,-0.22916666666666666,-0.38095238095238093,4,0.4088586030664395,-0.5934065934065934,-0.592,-0.17482517482517482,-0.5319148936170213,1.0,0.0,1.0,0.0,0
1,0.041666666666666664,0.315018315018315,16,-0.8245315161839863,-0.5824175824175825,0.208,-0.1888111888111888,0.2127659574468085,0.0,1.0,0.0,1.0,1
4,-0.25,-0.14652014652014653,8,-0.17035775127768313,0.2857142857142857,-0.192,-0.16083916083916083,0.0,1.0,0.0,1.0,0.0,0
3,0.8541666666666666,1.3846153846153846,8,-0.13287904599659284,1.6703296703296704,1.84,1.062937062937063,1.4680851063829787,1.0,0.0,0.0,1.0,0
0,0.875,0.5567765567765568,14,0.3339011925042589,-0.5494505494505495,1.024,1.4895104895104896,0.2553191489361702,0.0,1.0,0.0,1.0,0
0,-0.8958333333333334,-0.9010989010989011,16,0.46337308347529815,-0.4175824175824176,-0.496,-0.8811188811188811,-0.8723404255319149,0.0,1.0,1.0,0.0,0
4,-0.10416666666666667,-0.37362637362637363,20,0.034071550255536626,-0.04395604395604396,0.352,-0.06293706293706294,-0.3191489361702128,0.0,1.0,0.0,1.0,0
4,0.08333333333333333,0.29304029304029305,12,-0.11584327086882454,0.8681318681318682,0.4,0.35664335664335667,0.5957446808510638,1.0,0.0,1.0,0.0,0
1,-0.6666666666666666,-0.5494505494505495,2,0.787052810902896,-0.18681318681318682,-0.224,-0.6153846153846154,-0.6595744680851063,0.0,1.0,1.0,0.0,0
1,0.375,0.358974358974359,2,0.7018739352640545,0.054945054945054944,1.104,0.5804195804195804,1.0212765957446808,1.0,0.0,1.0,0.0,0
1,-0.3541666666666667,-0.43956043956043955,16,-0.9914821124361158,0.08791208791208792,0.384,-0.43356643356643354,-0.3191489361702128,0.0,1.0,1.0,0.0,1
2,0.625,0.21245421245421245,4,0.24190800681431004,0.5714285714285714,1.44,0.6013986013986014,1.0212765957446808,0.0,1.0,1.0,0.0,0
5,0.6458333333333334,0.46153846153846156,14,0.4190800681431005,0.6373626373626373,0.176,0.7972027972027972,0.8297872340425532,0.0,1.0,0.0,1.0,0
4,-0.041666666666666664,0.3076923076923077,16,0.9437819420783645,-0.15384615384615385,0.16,-0.0979020979020979,-0.40425531914893614,0.0,1.0,1.0,0.0,0
5,-0.1875,-0.4468864468864469,4,-0.7393526405451448,0.34065934065934067,0.144,-0.2867132867132867,0.3191489361702128,1.0,0.0,0.0,1.0,1
5,0.7708333333333334,0.5128205128205128,18,0.034071550255536626,1.0769230769230769,1.344,1.0769230769230769,0.8297872340425532,1.0,0.0,1.0,0.0,0
2,-0.7916666666666666,-0.8351648351648352,4,0.7052810902896082,-0.1978021978021978,-0.256,-0.7202797202797203,-0.7872340425531915,0.0,1.0,0.0,1.0,0
2,-0.9791666666666666,-0.9743589743589743,2,0.9608177172061328,-0.5934065934065934,-0.544,-0.9440559440559441,-0.851063829787234,0.0,1.0,0.0,1.0,0
4,0.4583333333333333,0.38095238095238093,8,0.4122657580919932,-0.01098901098901099,0.368,1.006993006993007,1.2340425531914894,0.0,1.0,1.0,0.0,0
4,0.1875,0.17582417582417584,12,0.013628620102214651,1.065934065934066,-0.08,0.5244755244755245,-0.1276595744680851,1.0,0.0,0.0,1.0,0
0,-0.125,-0.007326007326007326,2,0.555366269165247,0.054945054945054944,0.752,0.18181818181818182,0.44680851063829785,0.0,1.0,1.0,0.0,0
1,0.6875,0.6446886446886447,14,-0.565587734241908,1.0769230769230769,0.336,1.3146853146853146,0.7659574468085106,0.0,1.0,1.0,0.0,1
1,-0.625,-0.5054945054945055,16,-0.9403747870528109,-0.06593406593406594,-0.512,-0.6923076923076923,-0.46808510638297873,1.0,0.0,0.0,1.0,1
5,0.75,0.2783882783882784,12,-0.7120954003407155,1.4505494505494505,-0.08,0.6993006993006993,1.5957446808510638,1.0,0.0,0.0,1.0,1
2,1.0,1.3626373626373627,4,-0.47018739352640543,2.2747252747252746,2.128,0.6853146853146853,0.10638297872340426,0.0,1.0,0.0,1.0,0
5,-0.375,-0.336996336996337,12,-0.38841567291311757,-0.3956043956043956,-0.512,-0.5174825174825175,-0.3617021276595745,0.0,1.0,1.0,0.0,1
2,0.3958333333333333,0.315018315018315,8,-0.06473594548551959,0.8131868131868132,1.584,0.4195804195804196,0.10638297872340426,1.0,0.0,0.0,1.0,0
0,-0.5,-0.4542124542124542,14,0.02385008517887564,-0.5164835164835165,-0.288,-0.5944055944055944,-0.3617021276595745,0.0,1.0,1.0,0.0,0
2,0.9791666666666666,1.684981684981685,10,0.12947189097103917,2.032967032967033,-0.592,0.6153846153846154,0.6595744680851063,0.0,1.0,1.0,0.0,0
2,0.0625,0.20512820512820512,10,-0.9131175468483816,0.03296703296703297,-0.368,0.24475524475524477,-0.0425531914893617,1.0,0.0,1.0,0.0,1
0,-0.1875,-0.26373626373626374,20,0.7291311754684838,0.12087912087912088,-0.208,-0.20279720279720279,0.3404255319148936,1.0,0.0,1.0,0.0,0
5,-0.5625,-0.4175824175824176,2,0.4838160136286201,-0.42857142857142855,-0.272,-0.3776223776223776,-0.5106382978723404,1.0,0.0,0.0,1.0,0
3,0.8541666666666666,0.9597069597069597,20,0.28960817717206133,-0.08791208791208792,2.016,0.7832167832167832,1.425531914893617,0.0,1.0,0.0,1.0,0
5,0.16666666666666666,0.10256410256410256,6,0.6643952299829642,1.1318681318681318,0.208,-0.16083916083916083,-0.2978723404255319,0.0,1.0,0.0,1.0,0
2,-1.0208333333333333,-1.0476190476190477,20,-0.28620102214650767,-0.6153846153846154,-0.592,-0.993006993006993,-0.8936170212765957,0.0,1.0,1.0,0.0,1
0,0.875,0.7252747252747253,10,-0.010221465076660987,1.6043956043956045,-0.48,1.2587412587412588,0.19148936170212766,1.0,0.0,0.0,1.0,0
0,0.5208333333333334,0.8717948717948718,6,-0.29982964224872233,0.06593406593406594,1.792,0.5174825174825175,-0.10638297872340426,0.0,1.0,1.0,0.0,1
2,0.3333333333333333,0.5934065934065934,18,-0.22146507666098808,1.065934065934066,0.336,0.40559440559440557,0.40425531914893614,0.0,1.0,0.0,1.0,1
5,0.14583333333333334,-0.16117216117216118,6,0.8313458262350937,-0.054945054945054944,0.848,-0.03496503496503497,0.6595744680851063,0.0,1.0,0.0,1.0,0
4,-0.9375,-0.9377289377289377,8,-0.6337308347529813,-0.42857142857142855,-0.48,-0.8951048951048951,-0.7872340425531915,0.0,1.0,0.0,1.0,1
4,0.7916666666666666,0.9157509157509157,18,-0.817717206132879,0.24175824175824176,0.944,0.7552447552447552,1.7446808510638299,0.0,1.0,0.0,1.0,1
0,0.3541666666666667,0.4542124542124542,20,0.7359454855195912,1.1978021978021978,1.312,0.8461538461538461,0.7446808510638298,1.0,0.0,1.0,0.0,0
0,-0.5208333333333334,-0.38095238095238093,18,0.9403747870528109,-0.3076923076923077,-0.368,-0.6643356643356644,-0.46808510638297873,0.0,1.0,1.0,0.0,0
0,0.22916666666666666,0.40293040293040294,20,-0.879045996592845,0.4065934065934066,0.352,0.1958041958041958,-0.0851063829787234,1.0,0.0,1.0,0.0,1
0,0.2916666666666667,0.11721611721611722,4,0.7120954003407155,1.2747252747252746,1.12,0.3916083916083916,0.3617021276595745,1.0,0.0,1.0,0.0,0
5,0.125,0.029304029304029304,20,0.7359454855195912,1.0879120879120878,0.976,-0.03496503496503497,-0.23404255319148937,1.0,0.0,0.0,1.0,0
1,-0.8541666666666666,-0.8498168498168498,18,0.03747870528109029,-0.4175824175824176,-0.32,-0.7622377622377622,-0.8085106382978723,1.0,0.0,1.0,0.0,0
2,0.8333333333333334,0.7032967032967034,16,0.27938671209540034,2.197802197802198,-0.288,1.1538461538461537,0.9787234042553191,1.0,0.0,0.0,1.0,0
1,-0.9375,-0.967032967032967,10,0.3270868824531516,-0.5714285714285714,-0.512,-0.9300699300699301,-0.7872340425531915,0.0,1.0,0.0,1.0,0
0,-0.2708333333333333,-0.09523809523809523,6,0.17717206132879046,0.43956043956043955,-0.592,-0.4195804195804196,-0.40425531914893614,0.0,1.0,1.0,0.0,0
5,-0.0625,0.13186813186813187,14,-0.7257240204429302,0.3076923076923077,-0.208,-0.35664335664335667,-0.10638297872340426,0.0,1.0,0.0,1.0,1
2,0.875,0.5421245421245421,14,-0.7155025553662692,-0.14285714285714285,0.016,0.965034965034965,2.0,1.0,0.0,1.0,0.0,1
1,-0.5416666666666666,-0.5128205128205128,20,0.9710391822827938,0.1978021978021978,0.08,-0.5734265734265734,-0.5531914893617021,1.0,0.0,1.0,0.0,0
2,-0.7083333333333334,-0.8131868131868132,10,0.8551959114139693,-0.06593406593406594,-0.208,-0.7832167832167832,-0.5957446808510638,0.0,1.0,0.0,1.0,0
4,-0.7083333333333334,-0.7545787545787546,18,-0.07836456558773425,-0.45054945054945056,-0.208,-0.5594405594405595,-0.5957446808510638,1.0,0.0,1.0,0.0,0
1,-0.041666666666666664,0.2857142857142857,4,0.030664395229982964,0.054945054945054944,0.352,0.1258741258741259,-0.3404255319148936,0.0,1.0,1.0,0.0,0
5,-0.5,-0.46886446886446886,2,0.8347529812606473,0.15384615384615385,-0.432,-0.5874125874125874,-0.6382978723404256,0.0,1.0,1.0,0.0,0
0,-0.3333333333333333,-0.1684981684981685,16,-0.42248722316865417,0.45054945054945056,0.368,-0.46853146853146854,0.0425531914893617,1.0,0.0,1.0,0.0,1
0,0.8958333333333334,0.9743589743589743,6,-0.5008517887563884,1.7362637362637363,2.368,1.4685314685314685,0.7021276595744681,1.0,0.0,1.0,0.0,1
5,0.9791666666666666,1.15018315018315,6,0.899488926746167,1.6703296703296704,1.968,1.0909090909090908,0.6595744680851063,1.0,0.0,0.0,1.0,0
4,0.5833333333333334,1.120879120879121,8,-0.9846678023850085,1.8021978021978022,0.144,0.7972027972027972,0.7659574468085106,1.0,0.0,1.0,0.0,1
2,0.4583333333333333,0.04395604395604396,20,0.5894378194207837,1.0,0.944,0.8251748251748252,-0.0851063829787234,0.0,1.0,0.0,1.0,0
4,0.08333333333333333,0.3956043956043956,14,-0.034071550255536626,1.043956043956044,-0.16,0.3706293706293706,0.0851063829787234,0.0,1.0,0.0,1.0,0
3,0.9583333333333334,1.5164835164835164,4,-0.4804088586030664,0.6483516483516484,0.928,1.3356643356643356,0.574468085106383,1.0,0.0,1.0,0.0,0
3,0.20833333333333334,0.6886446886446886,18,0.39182282793867124,-0.16483516483516483,-0.048,0.13986013986013987,0.48936170212765956,1.0,0.0,1.0,0.0,0
3,0.7916666666666666,0.2857142857142857,10,-0.8040885860306644,0.054945054945054944,-0.592,1.2167832167832169,1.2340425531914894,1.0,0.0,0.0,1.0,1
0,0.8958333333333334,0.3956043956043956,4,-0.8620102214650767,-0.25274725274725274,-0.368,1.5804195804195804,0.0425531914893617,1.0,0.0,0.0,1.0,1
2,0.7291666666666666,0.5128205128205128,16,0.6848381601362862,1.0769230769230769,-0.544,0.8531468531468531,0.5531914893617021,1.0,0.0,0.0,1.0,0
4,0.0,-0.17582417582417584,14,-0.313458262350937,-0.31868131868131866,0.368,0.25874125874125875,-0.23404255319148937,1.0,0.0,1.0,0.0,1
2,0.4166666666666667,0.3076923076923077,12,0.8006814310051107,-0.4945054945054945,0.24,0.13986013986013987,0.0851063829787234,1.0,0.0,0.0,1.0,0
1,-0.8958333333333334,-0.8644688644688645,16,0.4190800681431005,-0.3956043956043956,-0.384,-0.8041958041958042,-0.7021276595744681,0.0,1.0,0.0,1.0,0
5,-1.0208333333333333,-1.0183150183150182,18,0.3543441226575809,-0.6263736263736264,-0.576,-0.986013986013986,-0.9148936170212766,1.0,0.0,1.0,0.0,0
0,0.9375,0.40293040293040294,16,-0.5996592844974447,0.17582417582417584,-0.224,1.3916083916083917,0.6170212765957447,1.0,0.0,0.0,1.0,1
0,-0.8958333333333334,-0.8937728937728938,4,-0.28960817717206133,-0.5604395604395604,-0.464,-0.8251748251748252,-0.851063829787234,0.0,1.0,0.0,1.0,0
4,-0.8125,-0.8278388278388278,2,-0.13287904599659284,-0.37362637362637363,-0.512,-0.6923076923076923,-0.723404255319149,1.0,0.0,1.0,0.0,0
0,-0.4375,-0.3663003663003663,6,0.13969335604770017,-0.18681318681318682,-0.48,-0.2867132867132867,-0.3191489361702128,1.0,0.0,0.0,1.0,0
3,-0.020833333333333332,-0.1391941391941392,14,0.8926746166950597,-0.0989010989010989,0.704,0.34265734265734266,0.3829787234042553,1.0,0.0,1.0,0.0,0
4,-0.20833333333333334,-0.21978021978021978,14,0.8551959114139693,-0.5604395604395604,0.512,-0.13286713286713286,0.2553191489361702,1.0,0.0,0.0,1.0,0
5,-0.020833333333333332,-0.2783882783882784,10,-0.879045996592845,0.7362637362637363,0.208,-0.03496503496503497,0.3829787234042553,0.0,1.0,1.0,0.0,1
4,0.4375,0.315018315018315,16,-0.7904599659284497,0.10989010989010989,1.664,0.3006993006993007,0.0851063829787234,0.0,1.0,1.0,0.0,1
5,0.7916666666666666,1.531135531135531,16,-0.4190800681431005,1.2747252747252746,1.216,0.7412587412587412,0.0851063829787234,1.0,0.0,1.0,0.0,1
5,-0.2916666666666667,-0.3516483516483517,4,-0.1362862010221465,0.42857142857142855,0.224,-0.23776223776223776,-0.3191489361702128,0.0,1.0,1.0,0.0,0
3,0.4166666666666667,0.15384615384615385,4,-0.5724020442930153,-0.42857142857142855,0.944,0.6783216783216783,0.3617021276595745,0.0,1.0,0.0,1.0,1
4,-0.8958333333333334,-0.9157509157509157,6,-0.8517887563884157,-0.5384615384615384,-0.544,-0.8181818181818182,-0.7021276595744681,0.0,1.0,0.0,1.0,1
2,0.9375,0.8278388278388278,18,0.14991482112436116,0.6813186813186813,0.992,1.4685314685314685,1.4893617021276595,0.0,1.0,1.0,0.0,0
0,0.0,-0.08791208791208792,16,0.1567291311754685,0.13186813186813187,-0.336,0.07692307692307693,-0.1276595744680851,0.0,1.0,1.0,0.0,0
2,-0.4166666666666667,-0.3076923076923077,10,-0.6235093696763203,0.14285714285714285,0.352,-0.32167832167832167,-0.2127659574468085,0.0,1.0,1.0,0.0,1
5,0.6875,0.29304029304029305,20,0.34071550255536626,-0.34065934065934067,0.544,0.993006993006993,1.0638297872340425,0.0,1.0,0.0,1.0,0
2,-0.5,-0.3882783882783883,16,0.18057921635434412,0.23076923076923078,-0.192,-0.5734265734265734,-0.19148936170212766,1.0,0.0,1.0,0.0,0
1,-0.3333333333333333,-0.47619047619047616,10,0.07836456558773425,0.16483516483516483,0.288,-0.5174825174825175,-0.3404255319148936,1.0,0.0,0.0,1.0,0
0,-0.2916666666666667,-0.358974358974359,12,-0.3475298126064736,-0.32967032967032966,0.464,-0.3776223776223776,0.02127659574468085,0.0,1.0,0.0,1.0,1
5,0.8125,0.7032967032967034,4,0.1465076660988075,0.7472527472527473,0.288,0.24475524475524477,1.574468085106383,1.0,0.0,1.0,0.0,0
5,0.5,0.8717948717948718,12,-0.3100511073253833,1.1978021978021978,-0.128,0.6363636363636364,0.3191489361702128,1.0,0.0,0.0,1.0,1
0,-0.5,-0.5201465201465202,6,0.7802385008517888,0.23076923076923078,-0.4,-0.32167832167832167,-0.425531914893617,1.0,0.0,1.0,0.0,0
0,-0.6458333333333334,-0.5787545787545788,8,-0.4838160136286201,-0.07692307692307693,-0.24,-0.5174825174825175,-0.40425531914893614,1.0,0.0,0.0,1.0,1
1,-0.6041666666666666,-0.43223443223443225,12,0.034071550255536626,-0.5604395604395604,-0.304,-0.6223776223776224,-0.44680851063829785,1.0,0.0,1.0,0.0,0
2,0.08333333333333333,-0.16117216117216118,14,0.8143100511073254,-0.6263736263736264,0.496,0.08391608391608392,0.2765957446808511,1.0,0.0,0.0,1.0,0
5,-0.14583333333333334,0.1391941391941392,10,0.6916524701873935,-0.23076923076923078,0.112,-0.23776223776223776,-0.3617021276595745,1.0,0.0,0.0,1.0,0
0,0.5833333333333334,1.1868131868131868,4,0.4190800681431005,-0.06593406593406594,1.744,0.6433566433566433,0.2127659574468085,0.0,1.0,1.0,0.0,0
2,0.14583333333333334,0.29304029304029305,18,-0.24190800681431004,0.5824175824175825,-0.448,-0.16083916083916083,0.46808510638297873,0.0,1.0,1.0,0.0,1
3,0.0,-0.09523809523809523,4,-0.04770017035775128,0.6153846153846154,-0.16,0.3916083916083916,0.3404255319148936,1.0,0.0,1.0,0.0,0
1,0.6666666666666666,0.4249084249084249,14,-0.868824531516184,0.0,1.408,1.013986013986014,0.0425531914893617,0.0,1.0,1.0,0.0,1
4,0.0,0.06593406593406594,8,-0.7189097103918228,0.12087912087912088,0.704,-0.06993006993006994,0.46808510638297873,1.0,0.0,1.0,0.0,1
1,0.8333333333333334,1.4212454212454213,12,0.23509369676320271,0.32967032967032966,-0.336,1.2657342657342658,0.9148936170212766,1.0,0.0,1.0,0.0,0
2,0.3125,0.8058608058608059,6,0.46678023850085176,0.5824175824175825,-0.288,0.3006993006993007,1.0,1.0,0.0,0.0,1.0,0
0,-0.9583333333333334,-0.989010989010989,18,-0.42248722316865417,-0.45054945054945056,-0.512,-0.8951048951048951,-0.8297872340425532,1.0,0.0,0.0,1.0,1
5,-0.9166666666666666,-0.8937728937728938,16,-0.5315161839863713,-0.4725274725274725,-0.48,-0.8391608391608392,-0.7872340425531915,1.0,0.0,1.0,0.0,1
4,-0.7291666666666666,-0.6666666666666666,10,-0.08858603066439523,-0.5714285714285714,-0.4,-0.7342657342657343,-0.6595744680851063,1.0,0.0,1.0,0.0,0
2,-0.7916666666666666,-0.73992673992674,6,-0.6405451448040886,-0.6153846153846154,-0.448,-0.8181818181818182,-0.7021276595744681,0.0,1.0,1.0,0.0,1
5,-0.20833333333333334,-0.2564102564102564,18,0.5212947189097104,-0.42857142857142855,-0.112,-0.26573426573426573,-0.3191489361702128,0.0,1.0,0.0,1.0,0
3,0.5,0.7838827838827839,12,0.5587734241908007,0.8351648351648352,1.136,0.3356643356643357,1.0851063829787233,1.0,0.0,0.0,1.0,0
0,0.125,0.4981684981684982,8,-0.8960817717206133,-0.26373626373626374,-0.288,0.18181818181818182,-0.14893617021276595,0.0,1.0,1.0,0.0,1
2,0.041666666666666664,0.02197802197802198,6,-0.3373083475298126,0.5494505494505495,-0.256,0.16783216783216784,-0.2765957446808511,1.0,0.0,0.0,1.0,1
4,0.7916666666666666,0.8571428571428571,10,-0.797274275979557,2.010989010989011,0.528,0.8951048951048951,1.6170212765957446,1.0,0.0,0.0,1.0,1
3,-0.16666666666666666,-0.2564102564102564,6,-0.9914821124361158,-0.08791208791208792,0.016,-0.3146853146853147,-0.2553191489361702,0.0,1.0,1.0,0.0,1
4,0.3333333333333333,0.08791208791208792,12,-0.46678023850085176,0.2087912087912088,0.144,0.3706293706293706,0.44680851063829785,0.0,1.0,0.0,1.0,1
4,-0.7916666666666666,-0.8058608058608059,10,0.1839863713798978,-0.26373626373626374,-0.288,-0.8181818181818182,-0.723404255319149,1.0,0.0,1.0,0.0,0
0,-0.4166666666666667,-0.3076923076923077,18,0.06473594548551959,-0.4725274725274725,0.208,-0.5174825174825175,-0.6170212765957447,1.0,0.0,1.0,0.0,0
5,0.041666666666666664,-0.08791208791208792,8,0.39522998296422485,-0.43956043956043955,-0.56,-0.22377622377622378,0.1702127659574468,1.0,0.0,1.0,0.0,0
0,-0.375,-0.41025641025641024,16,0.6609880749574105,-0.2857142857142857,0.432,-0.3006993006993007,-0.2553191489361702,0.0,1.0,1.0,0.0,0
5,0.25,0.014652014652014652,6,0.017035775127768313,1.1538461538461537,1.088,0.5034965034965035,0.19148936170212766,0.0,1.0,1.0,0.0,0
4,0.5208333333333334,0.4542124542124542,12,0.58603066439523,-0.4065934065934066,1.584,0.32167832167832167,0.40425531914893614,0.0,1.0,1.0,0.0,0
2,-1.0208333333333333,-1.032967032967033,6,0.9608177172061328,-0.6263736263736264,-0.592,-1.0,-0.9148936170212766,1.0,0.0,0.0,1.0,1
0,-0.4583333333333333,-0.3516483516483517,16,-0.7086882453151618,-0.02197802197802198,0.096,-0.4195804195804196,-0.44680851063829785,1.0,0.0,1.0,0.0,1
3,-0.20833333333333334,-0.21245421245421245,10,0.4293015332197615,0.14285714285714285,0.4,0.055944055944055944,-0.5106382978723404,1.0,0.0,1.0,0.0,0
0,0.625,0.673992673992674,10,0.6507666098807495,-0.02197802197802198,1.888,0.42657342657342656,0.9148936170212766,0.0,1.0,0.0,1.0,0
3,-0.8125,-0.8278388278388278,6,0.575809199318569,-0.5384615384615384,-0.448,-0.8181818181818182,-0.6595744680851063,1.0,0.0,0.0,1.0,0
0,0.5625,1.0622710622710623,20,-0.5724020442930153,1.7032967032967032,1.488,0.1888111888111888,1.1063829787234043,1.0,0.0,0.0,1.0,1
4,0.625,0.2490842490842491,8,0.7291311754684838,-0.46153846153846156,0.656,0.16083916083916083,1.3404255319148937,0.0,1.0,0.0,1.0,0
1,-0.3541666666666667,-0.3443223443223443,2,0.45315161839863716,-0.18681318681318682,0.176,-0.27972027972027974,0.0,1.0,0.0,1.0,0.0,0
2,0.3333333333333333,0.4981684981684982,8,-0.7938671209540034,-0.26373626373626374,1.296,0.38461538461538464,0.8723404255319149,1.0,0.0,1.0,0.0,1
5,-0.9583333333333334,-0.967032967032967,4,-0.4497444633730835,-0.5604395604395604,-0.576,-0.9300699300699301,-0.8936170212765957,1.0,0.0,0.0,1.0,1
3,0.25,0.17582417582417584,16,-0.7325383304940375,0.6703296703296703,-0.256,0.1048951048951049,-0.2765957446808511,1.0,0.0,1.0,0.0,1
3,0.8125,1.3553113553113554,16,-0.5008517887563884,2.0,0.528,0.7972027972027972,0.5531914893617021,1.0,0.0,0.0,1.0,1
2,0.020833333333333332,0.19047619047619047,12,-0.12947189097103917,-0.23076923076923078,-0.384,0.3776223776223776,0.3829787234042553,1.0,0.0,1.0,0.0,0
4,0.7916666666666666,1.1355311355311355,2,0.4906303236797274,1.6483516483516483,1.472,0.42657342657342656,1.2340425531914894,0.0,1.0,1.0,0.0,0
4,0.3125,0.7912087912087912,12,0.06473594548551959,0.3956043956043956,-0.032,0.3706293706293706,0.6382978723404256,0.0,1.0,1.0,0.0,0
4,0.14583333333333334,0.63003663003663,18,-0.5008517887563884,1.1538461538461537,0.08,0.5594405594405595,0.6382978723404256,0.0,1.0,0.0,1.0,1
0,-0.6458333333333334,-0.63003663003663,14,-0.7155025553662692,-0.45054945054945056,-0.368,-0.6083916083916084,-0.3404255319148936,0.0,1.0,0.0,1.0,1
3,-0.20833333333333334,0.09523809523809523,12,-0.22146507666098808,-0.18681318681318682,-0.464,-0.40559440559440557,0.2553191489361702,0.0,1.0,1.0,0.0,1
2,-0.375,-0.2857142857142857,8,0.6916524701873935,0.01098901098901099,-0.496,-0.21678321678321677,0.0851063829787234,0.0,1.0,0.0,1.0,0
3,-0.10416666666666667,-0.336996336996337,4,0.3373083475298126,0.13186813186813187,-0.352,0.1048951048951049,0.0,1.0,0.0,1.0,0.0,0
1,-0.0625,-0.21978021978021978,16,0.31686541737649065,-0.46153846153846156,0.912,-0.1958041958041958,0.425531914893617,0.0,1.0,0.0,1.0,0
4,-0.20833333333333334,-0.10989010989010989,14,0.575809199318569,0.6153846153846154,0.08,-0.2867132867132867,-0.14893617021276595,0.0,1.0,1.0,0.0,0
3,-0.9583333333333334,-0.9816849816849816,6,0.524701873935264,-0.4725274725274725,-0.576,-0.9370629370629371,-0.8297872340425532,0.0,1.0,1.0,0.0,0
0,0.4583333333333333,-0.007326007326007326,16,0.7086882453151618,-0.5054945054945055,1.392,0.1048951048951049,1.0851063829787233,1.0,0.0,1.0,0.0,0
1,0.8333333333333334,1.3406593406593406,2,0.38841567291311757,-0.37362637362637363,-0.272,0.6293706293706294,0.2978723404255319,0.0,1.0,0.0,1.0,0
0,-0.2916666666666667,-0.4468864468864469,8,-0.6098807495741057,-0.4065934065934066,0.304,0.013986013986013986,-0.0851063829787234,1.0,0.0,0.0,1.0,1
1,0.4791666666666667,0.19047619047619047,8,1.008517887563884,1.1978021978021978,0.8,0.14685314685314685,0.0851063829787234,0.0,1.0,0.0,1.0,0
3,0.8125,0.8717948717948718,8,-0.23850085178875638,1.2637362637362637,1.392,0.9230769230769231,0.3191489361702128,0.0,1.0,1.0,0.0,1
4,-0.5833333333333334,-0.63003663003663,8,0.24872231686541738,0.04395604395604396,-0.528,-0.6853146853146853,-0.48936170212765956,0.0,1.0,1.0,0.0,0
0,0.041666666666666664,0.3956043956043956,6,0.9471890971039182,1.1318681318681318,0.0,0.34265734265734266,-0.10638297872340426,0.0,1.0,1.0,0.0,0
3,-0.875,-0.9010989010989011,20,0.027257240204429302,-0.5494505494505495,-0.352,-0.8881118881118881,-0.851063829787234,1.0,0.0,0.0,1.0,0
0,0.0625,0.16117216117216118,10,-0.013628620102214651,-0.03296703296703297,0.592,-0.006993006993006993,0.6595744680851063,0.0,1.0,1.0,0.0,0
1,0.2916666666666667,0.10256410256410256,6,0.8824531516183987,-0.3956043956043956,-0.592,0.6573426573426573,1.1063829787234043,0.0,1.0,1.0,0.0,0
0,-0.5208333333333334,-0.41025641025641024,20,0.04088586030664395,0.13186813186813187,-0.592,-0.43356643356643354,-0.23404255319148937,1.0,0.0,0.0,1.0,0
2,-0.22916666666666666,-0.43956043956043955,4,0.8313458262350937,0.5054945054945055,-0.16,-0.02097902097902098,-0.44680851063829785,1.0,0.0,0.0,1.0,0
3,1.0,1.6043956043956045,16,-0.13969335604770017,1.2857142857142858,2.368,0.5384615384615384,1.127659574468085,0.0,1.0,0.0,1.0,0
3,-0.1875,0.0,6,0.25894378194207834,-0.3516483516483517,0.512,-0.4125874125874126,0.0851063829787234,0.0,1.0,0.0,1.0,0
5,-0.14583333333333334,-0.03663003663003663,10,0.20442930153321975,-0.03296703296703297,0.192,0.20279720279720279,-0.40425531914893614,1.0,0.0,0.0,1.0,0
4,-0.9791666666666666,-0.9963369963369964,20,0.303236797274276,-0.5604395604395604,-0.528,-0.9090909090909091,-0.9148936170212766,1.0,0.0,1.0,0.0,0
2,-0.5833333333333334,-0.7032967032967034,8,0.9574105621805792,-0.46153846153846156,-0.32,-0.5944055944055944,-0.6382978723404256,0.0,1.0,1.0,0.0,0
4,-0.16666666666666666,-0.2271062271062271,20,-0.9063032367972743,0.6043956043956044,0.368,0.16783216783216784,0.14893617021276595,1.0,0.0,1.0,0.0,1
5,0.8125,0.3956043956043956,2,-0.555366269165247,1.2637362637362637,-0.432,0.972027972027972,0.6595744680851063,1.0,0.0,0.0,1.0,1
0,0.7291666666666666,0.2271062271062271,20,0.3679727427597956,1.8021978021978022,-0.592,1.132867132867133,0.6170212765957447,0.0,1.0,0.0,1.0,0
1,-0.5625,-0.6593406593406593,16,-0.7632027257240205,-0.2087912087912088,-0.496,-0.5174825174825175,-0.23404255319148937,0.0,1.0,1.0,0.0,1
5,0.9791666666666666,0.7032967032967034,20,-0.7529812606473595,0.7472527472527473,0.72,1.034965034965035,0.10638297872340426,0.0,1.0,0.0,1.0,1
5,-0.5625,-0.5641025641025641,20,0.41567291311754684,-0.42857142857142855,-0.528,-0.40559440559440557,-0.44680851063829785,1.0,0.0,0.0,1.0,0
3,0.6875,1.3186813186813187,4,-0.3202725724020443,1.879120879120879,1.424,1.2447552447552448,0.8936170212765957,1.0,0.0,1.0,0.0,0
5,-0.041666666666666664,-0.02197802197802198,4,0.20442930153321975,0.31868131868131866,0.384,0.34965034965034963,0.2127659574468085,0.0,1.0,0.0,1.0,0
5,-0.6875,-0.6153846153846154,18,-0.807495741056218,-0.23076923076923078,-0.208,-0.5804195804195804,-0.6808510638297872,0.0,1.0,1.0,0.0,1
5,-1.0,-1.0183150183150182,10,-0.05792163543441227,-0.6153846153846154,-0.528,-0.951048951048951,-0.9361702127659575,1.0,0.0,0.0,1.0,0
1,-0.5625,-0.6446886446886447,20,-0.7461669505962522,-0.42857142857142855,-0.192,-0.43356643356643354,-0.2978723404255319,1.0,0.0,1.0,0.0,1
0,-0.9375,-0.9377289377289377,18,0.6575809199318569,-0.5054945054945055,-0.48,-0.9370629370629371,-0.851063829787234,1.0,0.0,1.0,0.0,0
3,-0.25,-0.2857142857142857,6,0.637137989778535,0.5494505494505495,-0.288,-0.14685314685314685,-0.3829787234042553,1.0,0.0,1.0,0.0,0
3,-0.25,-0.3516483516483517,6,0.0034071550255536627,0.5824175824175825,0.576,-0.4825174825174825,-0.2553191489361702,1.0,0.0,1.0,0.0,0
1,0.16666666666666666,-0.11721611721611722,2,-0.7393526405451448,1.1758241758241759,0.208,-0.18181818181818182,-0.14893617021276595,1.0,0.0,1.0,0.0,1
0,-0.4166666666666667,-0.4468864468864469,8,0.03747870528109029,-0.42857142857142855,0.144,-0.2517482517482518,-0.2553191489361702,0.0,1.0,0.0,1.0,0
0,-0.20833333333333334,-0.2783882783882784,16,-0.6950596252129472,0.03296703296703297,0.624,-0.13286713286713286,0.1702127659574468,0.0,1.0,1.0,0.0,1
3,-0.9375,-0.989010989010989,8,-0.22146507666098808,-0.5604395604395604,-0.464,-0.9230769230769231,-0.8936170212765957,1.0,0.0,1.0,0.0,1
4,-0.08333333333333333,-0.06593406593406594,14,-0.010221465076660987,0.7142857142857143,0.752,0.21678321678321677,0.10638297872340426,0.0,1.0,0.0,1.0,0
3,-0.4375,-0.46153846153846156,4,0.27938671209540034,-0.2967032967032967,0.272,-0.23076923076923078,-0.14893617021276595,1.0,0.0,0.0,1.0,0
0,0.1875,0.5421245421245421,12,0.7597955706984668,-0.46153846153846156,-0.272,-0.03496503496503497,0.5319148936170213,0.0,1.0,1.0,0.0,0
1,-0.7708333333333334,-0.8278388278388278,18,-0.9608177172061328,-0.5164835164835165,-0.352,-0.8111888111888111,-0.8085106382978723,0.0,1.0,0.0,1.0,1
2,0.6666666666666666,0.43956043956043955,10,-0.3373083475298126,-0.6043956043956044,-0.448,1.3006993006993006,0.46808510638297873,0.0,1.0,0.0,1.0,1
4,0.9375,0.3882783882783883,6,-0.9676320272572402,-0.26373626373626374,2.048,0.9440559440559441,0.44680851063829785,1.0,0.0,0.0,1.0,1
2,0.4583333333333333,0.3956043956043956,6,0.4293015332197615,0.8241758241758241,1.12,0.23076923076923078,0.9787234042553191,1.0,0.0,1.0,0.0,0
0,-0.4791666666666667,-0.608058608058608,12,0.14991482112436116,-0.16483516483516483,-0.592,-0.4125874125874126,-0.46808510638297873,0.0,1.0,0.0,1.0,0
0,0.6875,0.21245421245421245,18,-0.6541737649063032,0.8351648351648352,0.256,1.167832167832168,1.2553191489361701,1.0,0.0,1.0,0.0,1
4,-0.8958333333333334,-0.8937728937728938,2,-0.4838160136286201,-0.4725274725274725,-0.384,-0.8601398601398601,-0.8936170212765957,0.0,1.0,0.0,1.0,0
2,-0.08333333333333333,0.03663003663003663,8,0.6678023850085179,0.45054945054945056,-0.192,-0.2727272727272727,0.0425531914893617,1.0,0.0,0.0,1.0,0
4,0.4583333333333333,0.7912087912087912,16,-0.3441226575809199,-0.5604395604395604,-0.304,0.4125874125874126,1.2765957446808511,1.0,0.0,1.0,0.0,1
3,-1.0,-1.010989010989011,2,-0.4940374787052811,-0.5604395604395604,-0.592,-0.9440559440559441,-0.9148936170212766,0.0,1.0,1.0,0.0,1
2,-0.9791666666666666,-0.9963369963369964,6,-0.606473594548552,-0.5274725274725275,-0.544,-0.965034965034965,-0.9148936170212766,0.0,1.0,1.0,0.0,1
3,0.6666666666666666,0.9597069597069597,4,-0.02385008517887564,1.6373626373626373,1.872,0.4755244755244755,0.6170212765957447,1.0,0.0,0.0,1.0,0
2,0.25,0.7326007326007326,8,-0.4735945485519591,0.23076923076923078,-0.24,-0.11188811188811189,0.5106382978723404,1.0,0.0,0.0,1.0,1
5,-0.3333333333333333,-0.37362637362637363,4,0.20783645655877342,0.42857142857142855,-0.512,-0.4755244755244755,0.14893617021276595,0.0,1.0,0.0,1.0,0
3,0.3958333333333333,0.8571428571428571,12,-0.41567291311754684,0.9560439560439561,1.456,0.03496503496503497,1.148936170212766,1.0,0.0,0.0,1.0,1
2,0.7291666666666666,0.7545787545787546,20,0.013628620102214651,0.8791208791208791,0.624,1.2027972027972027,0.19148936170212766,1.0,0.0,0.0,1.0,0
1,0.5625,0.9230769230769231,16,-0.5076660988074957,1.1538461538461537,-0.048,0.17482517482517482,1.4680851063829787,0.0,1.0,0.0,1.0,1
1,0.125,0.40293040293040294,14,-0.5485519591141397,0.6703296703296703,0.576,0.23076923076923078,0.425531914893617,0.0,1.0,0.0,1.0,1
3,0.5625,0.47619047619047616,12,0.38841567291311757,-0.4835164835164835,1.12,0.3706293706293706,0.3617021276595745,0.0,1.0,1.0,0.0,0
5,-0.14583333333333334,-0.21245421245421245,20,-0.044293015332197615,-0.5164835164835165,-0.16,0.06293706293706294,-0.46808510638297873,1.0,0.0,0.0,1.0,0
5,0.25,0.40293040293040294,12,0.5826235093696763,1.098901098901099,1.296,0.11188811188811189,0.2765957446808511,0.0,1.0,1.0,0.0,0
2,0.4166666666666667,0.5054945054945055,16,0.02385008517887564,0.02197802197802198,1.344,-0.027972027972027972,1.0212765957446808,0.0,1.0,1.0,0.0,0
0,0.16666666666666666,0.5934065934065934,18,0.858603066439523,0.8571428571428571,0.416,-0.006993006993006993,-0.10638297872340426,1.0,0.0,0.0,1.0,0
0,-0.9166666666666666,-0.9157509157509157,12,0.7155025553662692,-0.5934065934065934,-0.384,-0.8671328671328671,-0.851063829787234,1.0,0.0,0.0,1.0,0
5,0.2708333333333333,0.5641025641025641,12,0.5894378194207837,-0.5604395604395604,0.864,0.6643356643356644,0.2765957446808511,0.0,1.0,1.0,0.0,0
5,0.25,0.0,12,0.16695059625212946,0.5164835164835165,-0.032,0.6223776223776224,0.2978723404255319,1.0,0.0,1.0,0.0,0
2,-0.8541666666666666,-0.8864468864468864,6,-0.17717206132879046,-0.42857142857142855,-0.56,-0.7622377622377622,-0.7659574468085106,0.0,1.0,1.0,0.0,0
2,-0.7083333333333334,-0.8205128205128205,8,0.29982964224872233,-0.31868131868131866,-0.144,-0.6013986013986014,-0.7659574468085106,1.0,0.0,0.0,1.0,0
0,-0.22916666666666666,-0.007326007326007326,2,0.3747870528109029,0.06593406593406594,0.192,-0.16783216783216784,0.0425531914893617,1.0,0.0,0.0,1.0,0
4,-0.625,-0.6666666666666666,18,-0.8654173764906303,-0.6043956043956044,-0.592,-0.5594405594405595,-0.5319148936170213,0.0,1.0,0.0,1.0,1
4,0.625,0.3443223443223443,14,0.7427597955706985,1.1978021978021978,0.768,0.7832167832167832,0.8085106382978723,0.0,1.0,1.0,0.0,0
5,-1.0,-0.989010989010989,20,0.034071550255536626,-0.5494505494505495,-0.528,-0.972027972027972,-0.9148936170212766,0.0,1.0,0.0,1.0,0
3,0.9791666666666666,0.9963369963369964,12,0.4020442930153322,1.120879120879121,0.448,0.5104895104895105,1.0851063829787233,1.0,0.0,0.0,1.0,0
1,0.6875,0.37362637362637363,6,-0.43270868824531517,2.098901098901099,2.048,1.2027972027972027,1.6170212765957446,1.0,0.0,0.0,1.0,1
4,0.7916666666666666,0.4468864468864469,6,0.27597955706984667,-0.4945054945054945,0.88,0.40559440559440557,0.46808510638297873,1.0,0.0,0.0,1.0,0
3,-0.9791666666666666,-0.989010989010989,16,-0.3373083475298126,-0.5934065934065934,-0.528,-0.965034965034965,-0.8723404255319149,0.0,1.0,1.0,0.0,1
5,1.0,0.7326007326007326,2,-0.24872231686541738,2.043956043956044,1.456,0.40559440559440557,1.8085106382978724,1.0,0.0,1.0,0.0,1
1,0.16666666666666666,0.04395604395604396,2,-0.19080068143100512,1.2637362637362637,-0.272,0.006993006993006993,-0.19148936170212766,1.0,0.0,1.0,0.0,1
5,0.2916666666666667,0.27106227106227104,4,-0.919931856899489,0.27472527472527475,-0.528,0.4965034965034965,0.5319148936170213,1.0,0.0,0.0,1.0,1
5,0.7083333333333334,1.2234432234432235,12,-0.7666098807495741,1.7362637362637363,1.504,1.1048951048951048,0.9148936170212766,0.0,1.0,1.0,0.0,1
3,0.9791666666666666,1.0036630036630036,2,0.38160136286201024,1.5274725274725274,0.944,0.993006993006993,1.0,1.0,0.0,1.0,0.0,0
0,-0.9166666666666666,-0.9377289377289377,12,-0.6916524701873935,-0.45054945054945056,-0.416,-0.8671328671328671,-0.8936170212765957,1.0,0.0,0.0,1.0,1
3,-0.8541666666666666,-0.8864468864468864,6,0.6984667802385008,-0.2967032967032967,-0.496,-0.8811188811188811,-0.851063829787234,1.0,0.0,0.0,1.0,0
1,0.6041666666666666,0.989010989010989,18,0.41567291311754684,-0.4065934065934066,1.456,0.5874125874125874,0.6382978723404256,0.0,1.0,0.0,1.0,0
1,0.9583333333333334,1.4432234432234432,20,0.5212947189097104,1.10989010989011,2.368,0.8531468531468531,2.0425531914893615,1.0,0.0,0.0,1.0,0
3,0.8333333333333334,0.8058608058608059,12,0.28960817717206133,0.3626373626373626,2.016,0.9300699300699301,1.4042553191489362,0.0,1.0,1.0,0.0,0
4,0.7083333333333334,0.23443223443223443,4,0.32367972742759793,0.12087912087912088,0.096,0.9790209790209791,0.7446808510638298,1.0,0.0,1.0,0.0,0
0,-0.020833333333333332,-0.014652014652014652,2,0.5383304940374787,-0.6263736263736264,0.576,-0.13986013986013987,0.0,1.0,0.0,1.0,0.0,0
3,1.0,1.120879120879121,20,-0.3850085178875639,0.5384615384615384,0.864,0.8741258741258742,0.6170212765957447,1.0,0.0,0.0,1.0,1
5,-0.4583333333333333,-0.5201465201465202,12,0.2555366269165247,-0.24175824175824176,-0.112,-0.25874125874125875,-0.1702127659574468,0.0,1.0,0.0,1.0,0
3,0.8958333333333334,1.4945054945054945,16,-0.18739352640545145,1.3846153846153846,0.112,1.5034965034965035,0.06382978723404255,0.0,1.0,1.0,0.0,1
5,-0.125,-0.1391941391941392,8,-1.008517887563884,0.5934065934065934,0.016,-0.13986013986013987,-0.3829787234042553,0.0,1.0,0.0,1.0,1
4,-0.8333333333333334,-0.8278388278388278,18,-0.6337308347529813,-0.46153846153846156,-0.432,-0.7272727272727273,-0.8085106382978723,0.0,1.0,1.0,0.0,1
5,-0.3958333333333333,-0.43223443223443225,16,-0.15332197614991483,-0.32967032967032966,-0.192,-0.38461538461538464,-0.574468085106383,1.0,0.0,1.0,0.0,0
0,-0.22916666666666666,-0.315018315018315,4,0.7359454855195912,0.6043956043956044,-0.4,0.04195804195804196,-0.40425531914893614,0.0,1.0,0.0,1.0,0
4,0.14583333333333334,0.007326007326007326,10,0.303236797274276,-0.3626373626373626,1.024,0.21678321678321677,-0.1276595744680851,1.0,0.0,1.0,0.0,0
3,0.16666666666666666,0.315018315018315,4,0.4735945485519591,0.5714285714285714,0.128,0.6013986013986014,0.7446808510638298,0.0,1.0,0.0,1.0,0
3,-0.08333333333333333,-0.3663003663003663,10,-0.19761499148211242,-0.04395604395604396,0.56,-0.18181818181818182,0.1702127659574468,1.0,0.0,1.0,0.0,1
1,-0.3958333333333333,-0.20512820512820512,16,0.8347529812606473,-0.01098901098901099,-0.08,-0.4965034965034965,-0.46808510638297873,1.0,0.0,0.0,1.0,0
4,0.1875,0.2490842490842491,18,0.9505962521294719,0.12087912087912088,-0.192,-0.16783216783216784,0.6382978723404256,0.0,1.0,1.0,0.0,0
2,0.5416666666666666,0.3443223443223443,8,0.4497444633730835,-0.4835164835164835,-0.288,0.6433566433566433,1.2553191489361701,1.0,0.0,0.0,1.0,0
4,-0.6666666666666666,-0.7545787545787546,4,0.7597955706984668,-0.3516483516483517,-0.592,-0.5314685314685315,-0.7659574468085106,1.0,0.0,1.0,0.0,0
2,-0.3958333333333333,-0.358974358974359,6,0.4565587734241908,0.18681318681318682,-0.032,-0.34265734265734266,-0.40425531914893614,0.0,1.0,0.0,1.0,0
4,0.5833333333333334,1.1721611721611722,2,-0.11584327086882454,0.21978021978021978,-0.048,0.38461538461538464,0.6170212765957447,1.0,0.0,1.0,0.0,0
5,0.6041666666666666,0.5787545787545788,20,0.616695059625213,0.21978021978021978,0.576,0.7972027972027972,1.3404255319148937,0.0,1.0,0.0,1.0,0
4,0.8333333333333334,1.347985347985348,8,-0.20442930153321975,1.10989010989011,1.712,0.34265734265734266,1.425531914893617,0.0,1.0,0.0,1.0,1
3,0.0,0.26373626373626374,10,-0.7086882453151618,-0.6043956043956044,0.688,0.06293706293706294,0.3829787234042553,0.0,1.0,1.0,0.0,1
1,-0.1875,-0.2857142857142857,6,-0.46678023850085176,0.1978021978021978,0.528,-0.04195804195804196,0.0425531914893617,0.0,1.0,1.0,0.0,1
0,0.5416666666666666,0.1684981684981685,14,-0.44293015332197616,1.8131868131868132,0.048,1.006993006993007,0.40425531914893614,0.0,1.0,0.0,1.0,1
3,0.4791666666666667,0.27106227106227104,4,-0.868824531516184,0.9560439560439561,1.424,0.23076923076923078,1.127659574468085,1.0,0.0,0.0,1.0,1
3,0.7291666666666666,0.6593406593406593,4,-0.9505962521294719,0.9010989010989011,0.016,0.972027972027972,-0.0425531914893617,1.0,0.0,1.0,0.0,1
5,0.020833333333333332,-0.05128205128205128,4,-0.616695059625213,0.24175824175824176,0.128,-0.18181818181818182,0.5319148936170213,0.0,1.0,1.0,0.0,1
3,-0.3958333333333333,-0.5641025641025641,20,0.4497444633730835,-0.45054945054945056,0.0,-0.3776223776223776,-0.2978723404255319,1.0,0.0,1.0,0.0,0
1,0.9791666666666666,0.9010989010989011,18,0.6439522998296422,1.1318681318681318,1.664,0.7412587412587412,1.574468085106383,1.0,0.0,1.0,0.0,0
1,0.8125,0.9963369963369964,16,-0.9403747870528109,-0.42857142857142855,-0.224,0.6573426573426573,1.425531914893617,0.0,1.0,1.0,0.0,1
1,0.2708333333333333,0.1978021978021978,10,0.9403747870528109,0.4835164835164835,-0.416,0.055944055944055944,0.7872340425531915,1.0,0.0,0.0,1.0,0
5,0.7083333333333334,0.8864468864468864,10,0.6814310051107325,-0.5604395604395604,2.064,0.6853146853146853,1.0851063829787233,1.0,0.0,0.0,1.0,0
2,0.2916666666666667,0.7692307692307693,20,0.8347529812606473,0.6483516483516484,0.784,0.1958041958041958,-0.02127659574468085,0.0,1.0,0.0,1.0,0
1,0.3958333333333333,0.8791208791208791,16,-0.48722316865417375,1.6373626373626373,-0.064,0.916083916083916,0.02127659574468085,0.0,1.0,1.0,0.0,1
4,0.0625,-0.1391941391941392,4,0.06473594548551959,0.5934065934065934,-0.064,0.03496503496503497,0.425531914893617,1.0,0.0,0.0,1.0,0
3,-0.125,0.24175824175824176,6,0.626916524701874,0.46153846153846156,-0.016,-0.02097902097902098,-0.06382978723404255,0.0,1.0,0.0,1.0,0
2,-0.375,-0.5860805860805861,6,-0.9267461669505963,0.07692307692307693,-0.272,-0.3986013986013986,-0.3829787234042553,0.0,1.0,1.0,0.0,1
0,-0.25,0.0,2,0.43270868824531517,0.3956043956043956,0.048,0.0,0.19148936170212766,0.0,1.0,1.0,0.0,0
1,0.25,0.6813186813186813,10,0.8211243611584327,1.1758241758241759,0.192,0.15384615384615385,0.0,0.0,1.0,0.0,1.0,0
4,-0.3958333333333333,-0.5714285714285714,16,0.2453151618398637,0.26373626373626374,-0.288,-0.5454545454545454,-0.10638297872340426,0.0,1.0,0.0,1.0,0
4,-0.3333333333333333,-0.46153846153846156,2,1.0017035775127767,0.25274725274725274,0.288,-0.13986013986013987,-0.574468085106383,0.0,1.0,0.0,1.0,0
4,1.0,1.0622710622710623,18,0.575809199318569,2.032967032967033,2.512,0.8531468531468531,1.5319148936170213,0.0,1.0,1.0,0.0,0
3,0.4791666666666667,0.6446886446886447,16,0.33049403747870526,1.5054945054945055,-0.112,0.42657342657342656,0.9361702127659575,0.0,1.0,1.0,0.0,0
3,0.9166666666666666,0.40293040293040294,2,-0.33049403747870526,1.2307692307692308,-0.464,1.2657342657342658,1.3829787234042554,0.0,1.0,0.0,1.0,1
5,-0.8541666666666666,-0.9010989010989011,12,-0.9744463373083475,-0.3076923076923077,-0.512,-0.7902097902097902,-0.7872340425531915,1.0,0.0,0.0,1.0,1
2,0.7083333333333334,1.26007326007326,6,0.3781942078364566,1.2527472527472527,-0.448,0.8391608391608392,0.23404255319148937,1.0,0.0,0.0,1.0,0
1,0.3958333333333333,0.8058608058608059,6,-0.6235093696763203,1.043956043956044,1.248,0.04895104895104895,0.8936170212765957,1.0,0.0,0.0,1.0,1
1,1.0,1.1941391941391941,20,-0.14991482112436116,0.7142857142857143,0.384,1.6783216783216783,1.6170212765957446,0.0,1.0,0.0,1.0,0
5,-0.9791666666666666,-1.010989010989011,18,-1.018739352640545,-0.5164835164835165,-0.512,-0.9230769230769231,-0.8723404255319149,0.0,1.0,1.0,0.0,1
1,0.7708333333333334,1.1428571428571428,18,1.0017035775127767,1.2637362637362637,0.672,0.986013986013986,1.4042553191489362,0.0,1.0,1.0,0.0,0
2,-0.9583333333333334,-0.9523809523809523,4,0.20442930153321975,-0.4725274725274725,-0.576,-0.9300699300699301,-0.8085106382978723,1.0,0.0,0.0,1.0,0
4,0.6458333333333334,0.32234432234432236,6,-0.9165247018739353,2.076923076923077,0.496,0.9790209790209791,1.2127659574468086,1.0,0.0,0.0,1.0,1
5,0.6666666666666666,0.6227106227106227,4,-0.4906303236797274,-0.01098901098901099,1.696,0.965034965034965,0.2127659574468085,0.0,1.0,1.0,0.0,1
5,0.9375,1.7142857142857142,10,-0.8313458262350937,-0.38461538461538464,1.584,1.6503496503496504,1.0425531914893618,1.0,0.0,0.0,1.0,1
4,0.3125,0.5494505494505495,6,0.9676320272572402,-0.21978021978021978,-0.032,0.36363636363636365,0.0425531914893617,0.0,1.0,0.0,1.0,0
5,-0.9375,-0.945054945054945,20,0.9403747870528109,-0.4945054945054945,-0.576,-0.8601398601398601,-0.8085106382978723,0.0,1.0,0.0,1.0,0
5,0.10416666666666667,0.21978021978021978,14,-0.5281090289608177,0.12087912087912088,-0.032,0.3006993006993007,0.48936170212765956,0.0,1.0,1.0,0.0,1
4,0.8541666666666666,1.1355311355311355,6,0.09880749574105621,1.989010989010989,0.464,1.3706293706293706,0.3617021276595745,0.0,1.0,0.0,1.0,0
0,0.6458333333333334,1.1062271062271063,6,-0.6746166950596252,-0.18681318681318682,-0.464,0.6503496503496503,0.2553191489361702,1.0,0.0,0.0,1.0,1
1,-0.6041666666666666,-0.7032967032967034,2,0.5178875638841567,-0.4945054945054945,-0.192,-0.5524475524475524,-0.2765957446808511,0.0,1.0,1.0,0.0,0
3,0.08333333333333333,-0.21978021978021978,6,0.4838160136286201,0.4175824175824176,0.688,-0.1258741258741259,0.19148936170212766,1.0,0.0,1.0,0.0,0
0,-0.3125,-0.43223443223443225,10,-1.0017035775127767,0.07692307692307693,-0.432,-0.4195804195804196,-0.2553191489361702,1.0,0.0,1.0,0.0,1
1,0.9375,1.4578754578754578,2,0.6541737649063032,0.42857142857142855,-0.448,1.2167832167832169,1.0212765957446808,1.0,0.0,0.0,1.0,0
3,-0.22916666666666666,0.007326007326007326,8,-0.7734241908006815,-0.2857142857142857,0.4,-0.3986013986013986,-0.06382978723404255,1.0,0.0,0.0,1.0,1
3,0.5833333333333334,0.9084249084249084,6,-0.0068143100511073255,1.3296703296703296,0.656,0.9090909090909091,1.4893617021276595,1.0,0.0,1.0,0.0,0
5,-0.5,-0.6593406593406593,2,0.7223168654173765,-0.4945054945054945,-0.272,-0.5244755244755245,-0.40425531914893614,0.0,1.0,1.0,0.0,0
1,-0.10416666666666667,0.2783882783882784,10,-0.6814310051107325,-0.5934065934065934,0.816,0.1888111888111888,-0.3404255319148936,0.0,1.0,0.0,1.0,1
4,-0.7708333333333334,-0.8717948717948718,18,0.34071550255536626,-0.5494505494505495,-0.384,-0.6433566433566433,-0.7659574468085106,1.0,0.0,1.0,0.0,0
0,0.020833333333333332,0.07326007326007326,20,-0.575809199318569,0.9340659340659341,0.336,0.24475524475524477,0.2127659574468085,0.0,1.0,1.0,0.0,1
3,0.6666666666666666,0.19047619047619047,8,0.909710391822828,-0.0989010989010989,0.816,0.25874125874125875,1.1702127659574468,1.0,0.0,1.0,0.0,0
0,-0.6041666666666666,-0.4249084249084249,4,-0.565587734241908,-0.43956043956043955,-0.224,-0.4405594405594406,-0.5319148936170213,0.0,1.0,1.0,0.0,0
2,0.9166666666666666,1.6263736263736264,6,-0.3747870528109029,2.032967032967033,1.616,1.2237762237762237,0.3617021276595745,0.0,1.0,0.0,1.0,1
2,0.125,0.4249084249084249,2,0.0919931856899489,-0.2857142857142857,-0.096,0.5594405594405595,-0.3404255319148936,0.0,1.0,1.0,0.0,0
1,0.4166666666666667,0.04395604395604396,8,-0.7291311754684838,0.03296703296703297,-0.448,0.6783216783216783,0.2978723404255319,1.0,0.0,0.0,1.0,1
1,-0.4375,-0.38095238095238093,4,0.06473594548551959,-0.5494505494505495,-0.032,-0.34965034965034963,-0.5319148936170213,1.0,0.0,1.0,0.0,0
3,0.25,-0.05128205128205128,18,0.4940374787052811,1.3296703296703296,0.816,0.4965034965034965,0.8723404255319149,1.0,0.0,1.0,0.0,0
5,0.5208333333333334,0.12454212454212454,18,0.9165247018739353,-0.054945054945054944,-0.288,0.42657342657342656,0.10638297872340426,0.0,1.0,1.0,0.0,0
1,-0.6041666666666666,-0.6886446886446886,14,0.26916524701873934,-0.32967032967032966,-0.496,-0.5944055944055944,-0.574468085106383,0.0,1.0,1.0,0.0,0
2,-0.10416666666666667,0.10256410256410256,4,0.3986371379897785,-0.6153846153846154,0.048,-0.16083916083916083,-0.06382978723404255,0.0,1.0,0.0,1.0,0
4,0.5208333333333334,1.1062271062271063,6,0.0,-0.26373626373626374,-0.128,0.9230769230769231,1.3829787234042554,0.0,1.0,1.0,0.0,0
3,-0.6875,-0.652014652014652,14,0.2282793867120954,-0.03296703296703297,-0.096,-0.7762237762237763,-0.3829787234042553,0.0,1.0,0.0,1.0,0
0,-1.0,-1.0036630036630036,20,-0.5689948892674617,-0.6153846153846154,-0.528,-0.9790209790209791,-0.9148936170212766,0.0,1.0,1.0,0.0,1
5,0.041666666666666664,-0.04395604395604396,6,0.10221465076660988,0.6813186813186813,0.128,-0.1258741258741259,0.3404255319148936,1.0,0.0,0.0,1.0,0
0,-0.6041666666666666,-0.43956043956043955,4,-0.1362862010221465,-0.5164835164835165,-0.432,-0.7132867132867133,-0.3617021276595745,0.0,1.0,1.0,0.0,0
2,-0.3958333333333333,-0.15384615384615385,10,-0.49744463373083475,0.054945054945054944,-0.272,-0.44755244755244755,-0.0425531914893617,1.0,0.0,1.0,0.0,1
0,-0.8125,-0.8644688644688645,14,0.9846678023850085,-0.26373626373626374,-0.576,-0.7902097902097902,-0.5957446808510638,0.0,1.0,0.0,1.0,0
4,-0.3333333333333333,-0.37362637362637363,2,0.17717206132879046,0.4725274725274725,0.464,-0.36363636363636365,-0.2978723404255319,0.0,1.0,1.0,0.0,0
5,-0.6458333333333334,-0.5274725274725275,14,0.6678023850085179,-0.21978021978021978,0.0,-0.7202797202797203,-0.723404255319149,0.0,1.0,0.0,1.0,0
4,0.0625,0.08058608058608059,18,-0.514480408858603,0.8901098901098901,-0.176,0.13286713286713286,0.44680851063829785,1.0,0.0,1.0,0.0,1
0,-0.9166666666666666,-0.967032967032967,10,0.05110732538330494,-0.4725274725274725,-0.56,-0.9020979020979021,-0.851063829787234,1.0,0.0,0.0,1.0,0
4,0.125,0.1684981684981685,4,0.18057921635434412,0.8131868131868132,0.592,0.5174825174825175,0.8297872340425532,1.0,0.0,0.0,1.0,0
0,-0.5833333333333334,-0.63003663003663,8,0.29642248722316866,-0.01098901098901099,-0.128,-0.6013986013986014,-0.5319148936170213,1.0,0.0,0.0,1.0,0
1,-0.020833333333333332,0.1684981684981685,12,-0.293015332197615,-0.37362637362637363,-0.352,0.06293706293706294,0.19148936170212766,0.0,1.0,0.0,1.0,1
0,0.16666666666666666,-0.20512820512820512,12,-0.4599659284497445,0.38461538461538464,1.008,0.20279720279720279,0.3617021276595745,1.0,0.0,1.0,0.0,1
0,-0.08333333333333333,0.11721611721611722,16,-0.9744463373083475,0.7802197802197802,-0.528,-0.36363636363636365,-0.425531914893617,1.0,0.0,0.0,1.0,1
3,0.2916666666666667,0.16117216117216118,10,-0.7325383304940375,0.42857142857142855,-0.464,0.02097902097902098,0.574468085106383,1.0,0.0,1.0,0.0,1
5,-0.5,-0.5714285714285714,6,-0.4838160136286201,-0.12087912087912088,-0.272,-0.44755244755244755,-0.5957446808510638,0.0,1.0,0.0,1.0,1
4,-0.9166666666666666,-0.8717948717948718,16,-0.06814310051107325,-0.4945054945054945,-0.4,-0.9230769230769231,-0.8936170212765957,1.0,0.0,0.0,1.0,0
4,0.4791666666666667,0.3516483516483517,16,0.7904599659284497,1.1868131868131868,1.68,0.6223776223776224,0.425531914893617,1.0,0.0,1.0,0.0,0
5,-0.3333333333333333,-0.20512820512820512,4,0.13287904599659284,-0.3626373626373626,-0.128,-0.1888111888111888,-0.19148936170212766,0.0,1.0,0.0,1.0,0
5,-0.4166666666666667,-0.3663003663003663,2,0.5383304940374787,0.02197802197802198,-0.304,-0.2937062937062937,-0.06382978723404255,0.0,1.0,1.0,0.0,0
1,0.020833333333333332,-0.2490842490842491,2,-0.7938671209540034,0.4725274725274725,1.04,0.14685314685314685,0.40425531914893614,0.0,1.0,0.0,1.0,1
0,0.8333333333333334,0.5421245421245421,12,-0.7359454855195912,2.1648351648351647,1.904,1.1958041958041958,0.5319148936170213,0.0,1.0,0.0,1.0,1
5,-0.8541666666666666,-0.8937728937728938,18,0.034071550255536626,-0.43956043956043955,-0.384,-0.8391608391608392,-0.8297872340425532,0.0,1.0,0.0,1.0,0
1,1.0,0.6446886446886447,16,0.28620102214650767,2.4835164835164836,0.0,1.048951048951049,0.7872340425531915,0.0,1.0,1.0,0.0,0
4,1.0,0.8424908424908425,2,-0.41567291311754684,0.978021978021978,0.208,0.6293706293706294,1.0212765957446808,1.0,0.0,1.0,0.0,1
0,0.14583333333333334,0.3663003663003663,14,0.23850085178875638,0.3626373626373626,1.12,0.23776223776223776,0.574468085106383,0.0,1.0,1.0,0.0,0
4,0.2708333333333333,0.5347985347985348,6,-0.565587734241908,0.15384615384615385,1.008,0.6993006993006993,-0.0851063829787234,1.0,0.0,0.0,1.0,1
1,0.020833333333333332,-0.2490842490842491,6,0.32367972742759793,0.9340659340659341,0.624,0.2937062937062937,-0.3829787234042553,1.0,0.0,1.0,0.0,0
3,-0.875,-0.9304029304029304,12,-0.19080068143100512,-0.3516483516483517,-0.528,-0.8111888111888111,-0.8723404255319149,0.0,1.0,1.0,0.0,1
3,0.10416666666666667,0.3882783882783883,16,-0.17717206132879046,0.9230769230769231,0.08,0.1048951048951049,0.0,0.0,1.0,1.0,0.0,0
0,-0.08333333333333333,0.2857142857142857,4,-0.29642248722316866,-0.5054945054945055,0.752,-0.2937062937062937,0.3404255319148936,1.0,0.0,1.0,0.0,0
2,-0.2708333333333333,-0.23443223443223443,16,0.21465076660988075,0.37362637362637363,-0.208,-0.46153846153846156,-0.14893617021276595,0.0,1.0,0.0,1.0,0
4,0.8958333333333334,1.0842490842490842,12,-0.13969335604770017,2.230769230769231,1.84,1.5244755244755244,0.5531914893617021,1.0,0.0,1.0,0.0,0
3,-0.5416666666666666,-0.5054945054945055,16,-0.4020442930153322,-0.3956043956043956,-0.016,-0.6293706293706294,-0.2765957446808511,0.0,1.0,0.0,1.0,1
2,0.3333333333333333,0.6227106227106227,4,-1.018739352640545,0.967032967032967,0.544,0.6783216783216783,1.1702127659574468,0.0,1.0,0.0,1.0,0
2,-0.4583333333333333,-0.46153846153846156,10,0.30664395229982966,0.2087912087912088,-0.288,-0.34265734265734266,-0.0425531914893617,0.0,1.0,0.0,1.0,0
2,0.3541666666666667,0.06593406593406594,12,-0.9028960817717206,0.4725274725274725,-0.4,0.5034965034965035,0.851063829787234,0.0,1.0,0.0,1.0,1
0,0.7708333333333334,1.1941391941391941,12,0.4293015332197615,-0.42857142857142855,-0.48,0.7762237762237763,1.4680851063829787,1.0,0.0,1.0,0.0,0
1,0.3333333333333333,0.7619047619047619,20,-0.017035775127768313,-0.03296703296703297,1.472,-0.06993006993006994,0.5319148936170213,0.0,1.0,1.0,0.0,0
4,-0.7291666666666666,-0.73992673992674,12,0.10221465076660988,-0.5384615384615384,-0.32,-0.7342657342657343,-0.5531914893617021,1.0,0.0,1.0,0.0,0
1,-0.6875,-0.7472527472527473,8,0.293015332197615,-0.26373626373626374,-0.192,-0.7552447552447552,-0.6170212765957447,1.0,0.0,0.0,1.0,0
3,0.8333333333333334,1.0769230769230769,2,-0.32367972742759793,1.4725274725274726,0.224,1.1888111888111887,1.574468085106383,0.0,1.0,0.0,1.0,0
4,-0.4791666666666667,-0.3956043956043956,18,-0.5485519591141397,0.02197802197802198,0.176,-0.43356643356643354,-0.6808510638297872,0.0,1.0,0.0,1.0,1
1,-0.7916666666666666,-0.7032967032967034,4,0.02385008517887564,-0.24175824175824176,-0.464,-0.7062937062937062,-0.7659574468085106,0.0,1.0,0.0,1.0,0
3,0.8333333333333334,0.7326007326007326,2,0.47018739352640543,0.26373626373626374,0.048,1.4615384615384615,1.9361702127659575,0.0,1.0,0.0,1.0,0
5,0.5416666666666666,0.315018315018315,16,-0.1737649063032368,1.098901098901099,0.384,0.6503496503496503,0.44680851063829785,0.0,1.0,0.0,1.0,0
0,-0.3333333333333333,-0.4981684981684982,14,-0.807495741056218,0.08791208791208792,-0.112,-0.06293706293706294,0.0851063829787234,1.0,0.0,1.0,0.0,1
3,0.14583333333333334,0.26373626373626374,16,0.7904599659284497,-0.5054945054945055,0.384,0.0,0.723404255319149,0.0,1.0,0.0,1.0,0
1,0.4791666666666667,0.10989010989010989,4,0.17717206132879046,1.8021978021978022,1.472,0.7482517482517482,-0.0425531914893617,1.0,0.0,1.0,0.0,0
2,-0.4583333333333333,-0.5347985347985348,8,-0.7120954003407155,0.23076923076923078,-0.176,-0.4825174825174825,-0.10638297872340426,1.0,0.0,0.0,1.0,1
5,0.4375,0.9157509157509157,12,-0.23168654173764908,0.3076923076923077,1.456,0.9440559440559441,0.06382978723404255,1.0,0.0,0.0,1.0,1
4,-1.0208333333333333,-1.0183150183150182,10,0.23509369676320271,-0.5934065934065934,-0.56,-1.0,-0.8936170212765957,0.0,1.0,0.0,1.0,0
0,-0.9375,-0.9010989010989011,8,0.0817717206132879,-0.4175824175824176,-0.512,-0.8671328671328671,-0.8936170212765957,1.0,0.0,1.0,0.0,0
1,0.7916666666666666,0.6886446886446886,6,-0.7597955706984668,1.1978021978021978,0.592,0.916083916083916,0.6382978723404256,0.0,1.0,1.0,0.0,1
3,-0.9166666666666666,-0.9523809523809523,20,0.3475298126064736,-0.5494505494505495,-0.448,-0.8601398601398601,-0.8085106382978723,0.0,1.0,1.0,0.0,0
1,-0.22916666666666666,-0.38095238095238093,8,-0.3202725724020443,-0.5054945054945055,0.064,-0.26573426573426573,0.2127659574468085,0.0,1.0,0.0,1.0,1
1,0.9375,0.8351648351648352,16,-0.8006814310051107,1.4175824175824177,2.064,1.06993006993007,0.8297872340425532,0.0,1.0,1.0,0.0,1
3,-0.7916666666666666,-0.717948717948718,14,0.6984667802385008,-0.27472527472527475,-0.272,-0.6643356643356644,-0.6382978723404256,1.0,0.0,0.0,1.0,0
2,0.5208333333333334,0.5641025641025641,12,-0.1635434412265758,-0.38461538461538464,1.616,0.21678321678321677,0.5531914893617021,1.0,0.0,0.0,1.0,0
0,0.9166666666666666,0.8351648351648352,2,0.4395229982964225,1.8571428571428572,1.904,0.40559440559440557,1.0212765957446808,0.0,1.0,0.0,1.0,0
4,0.4166666666666667,0.38095238095238093,18,-0.24872231686541738,0.16483516483516483,-0.048,0.4405594405594406,0.5531914893617021,1.0,0.0,1.0,0.0,1
1,0.5625,0.19047619047619047,4,-0.020442930153321975,-0.2087912087912088,1.44,0.1958041958041958,0.851063829787234,0.0,1.0,0.0,1.0,0
2,-0.9166666666666666,-0.945054945054945,10,-0.21805792163543442,-0.46153846153846156,-0.432,-0.8881118881118881,-0.7659574468085106,0.0,1.0,0.0,1.0,1
1,-0.3333333333333333,-0.1391941391941392,4,-0.8620102214650767,-0.04395604395604396,0.496,-0.11888111888111888,-0.574468085106383,0.0,1.0,1.0,0.0,0
4,-0.9375,-0.9523809523809523,6,0.616695059625213,-0.5824175824175825,-0.576,-0.8881118881118881,-0.851063829787234,0.0,1.0,1.0,0.0,0
5,-0.9375,-0.8937728937728938,18,0.09540034071550256,-0.5494505494505495,-0.544,-0.8741258741258742,-0.7659574468085106,0.0,1.0,1.0,0.0,0
0,-0.625,-0.46886446886446886,4,-0.16695059625212946,-0.18681318681318682,0.016,-0.6083916083916084,-0.5957446808510638,0.0,1.0,1.0,0.0,0
5,0.8958333333333334,0.63003663003663,14,0.9608177172061328,1.2417582417582418,-0.4,1.4195804195804196,0.0425531914893617,0.0,1.0,0.0,1.0,0
0,-0.8333333333333334,-0.8278388278388278,10,-0.4122657580919932,-0.3076923076923077,-0.544,-0.8181818181818182,-0.6170212765957447,1.0,0.0,1.0,0.0,1
4,0.3958333333333333,0.8864468864468864,4,-0.3986371379897785,0.5494505494505495,1.36,0.2937062937062937,0.3191489361702128,0.0,1.0,0.0,1.0,0
2,-0.8333333333333334,-0.8864468864468864,20,0.04088586030664395,-0.3076923076923077,-0.32,-0.8601398601398601,-0.6808510638297872,1.0,0.0,1.0,0.0,0
3,0.7083333333333334,0.9597069597069597,4,-0.49744463373083475,-0.21978021978021978,-0.528,0.3006993006993007,0.14893617021276595,0.0,1.0,0.0,1.0,0
5,0.8541666666666666,0.989010989010989,10,-0.5281090289608177,1.835164835164835,-0.064,1.3006993006993006,1.3191489361702127,0.0,1.0,0.0,1.0,1
0,-0.3125,-0.3443223443223443,12,0.12947189097103917,0.5164835164835165,-0.208,-0.38461538461538464,-0.3829787234042553,0.0,1.0,0.0,1.0,0
2,0.125,0.2564102564102564,20,-0.38160136286201024,0.13186813186813187,-0.576,0.21678321678321677,-0.1276595744680851,0.0,1.0,0.0,1.0,1
3,0.8541666666666666,1.4432234432234432,18,-0.272572402044293,2.197802197802198,0.048,1.013986013986014,0.9148936170212766,1.0,0.0,1.0,0.0,1
0,0.9791666666666666,1.7655677655677655,2,0.027257240204429302,0.10989010989010989,1.072,1.2867132867132867,0.3191489361702128,1.0,0.0,0.0,1.0,0
1,-0.8958333333333334,-0.8864468864468864,4,-0.6609880749574105,-0.4725274725274725,-0.432,-0.8041958041958042,-0.7659574468085106,1.0,0.0,0.0,1.0,0
5,-0.6458333333333334,-0.5641025641025641,18,-0.29642248722316866,-0.10989010989010989,-0.048,-0.5664335664335665,-0.6170212765957447,0.0,1.0,1.0,0.0,1
1,0.6041666666666666,0.967032967032967,6,0.21805792163543442,0.04395604395604396,1.424,0.5524475524475524,1.148936170212766,0.0,1.0,1.0,0.0,0
1,-0.8541666666666666,-0.7838827838827839,16,-0.82793867120954,-0.34065934065934067,-0.544,-0.8741258741258742,-0.8297872340425532,0.0,1.0,0.0,1.0,1
4,0.041666666666666664,-0.19047619047619047,10,-0.9335604770017035,1.065934065934066,0.896,0.1888111888111888,0.3404255319148936,1.0,0.0,0.0,1.0,1
5,0.875,1.4212454212454213,6,0.4735945485519591,-0.15384615384615385,-0.496,1.2727272727272727,0.7872340425531915,1.0,0.0,1.0,0.0,0
3,0.75,0.73992673992674,8,-0.797274275979557,-0.17582417582417584,-0.464,1.1538461538461537,0.06382978723404255,0.0,1.0,1.0,0.0,1
1,-0.041666666666666664,-0.15384615384615385,2,0.11243611584327087,0.945054945054945,0.432,-0.04895104895104895,0.10638297872340426,0.0,1.0,1.0,0.0,0
5,0.1875,0.6886446886446886,20,0.12265758091993186,-0.5824175824175825,0.576,0.03496503496503497,0.44680851063829785,0.0,1.0,1.0,0.0,0
3,-0.10416666666666667,0.23443223443223443,20,0.3850085178875639,0.7692307692307693,-0.176,-0.26573426573426573,0.0,1.0,0.0,1.0,0.0,0
5,-0.7916666666666666,-0.8498168498168498,20,-0.21465076660988075,-0.5054945054945055,-0.224,-0.7972027972027972,-0.5531914893617021,1.0,0.0,1.0,0.0,1
0,0.3541666666666667,0.05128205128205128,14,0.3270868824531516,1.5714285714285714,-0.176,-0.04895104895104895,0.8085106382978723,0.0,1.0,0.0,1.0,0
3,-0.7916666666666666,-0.7032967032967034,6,0.282793867120954,-0.31868131868131866,-0.272,-0.7342657342657343,-0.7659574468085106,0.0,1.0,1.0,0.0,0
1,0.5416666666666666,0.18315018315018314,14,0.0,0.6043956043956044,1.344,1.097902097902098,0.5531914893617021,1.0,0.0,1.0,0.0,0
2,-0.375,-0.24175824175824176,6,0.14991482112436116,-0.054945054945054944,0.368,-0.1258741258741259,-0.02127659574468085,0.0,1.0,0.0,1.0,0
3,0.8958333333333334,1.1941391941391941,20,0.919931856899489,1.89010989010989,2.24,0.32867132867132864,0.9574468085106383,0.0,1.0,0.0,1.0,0
4,-0.5416666666666666,-0.6813186813186813,10,-0.21465076660988075,-0.3626373626373626,-0.144,-0.5244755244755245,-0.5957446808510638,1.0,0.0,0.0,1.0,1
2,-0.8125,-0.8131868131868132,16,-0.21465076660988075,-0.27472527472527475,-0.304,-0.7762237762237763,-0.7872340425531915,1.0,0.0,0.0,1.0,1
4,0.3333333333333333,-0.08791208791208792,10,-0.5689948892674617,-0.21978021978021978,-0.4,0.6013986013986014,0.6382978723404256,0.0,1.0,1.0,0.0,1
3,0.7916666666666666,0.4908424908424908,10,-0.46337308347529815,1.4395604395604396,-0.176,1.2027972027972027,0.9148936170212766,1.0,0.0,1.0,0.0,1
1,0.25,0.27106227106227104,20,-0.5894378194207837,0.8131868131868132,-0.384,0.5874125874125874,1.0,1.0,0.0,1.0,0.0,1
3,-0.7708333333333334,-0.8351648351648352,20,0.575809199318569,-0.3516483516483517,-0.448,-0.6643356643356644,-0.6170212765957447,1.0,0.0,0.0,1.0,0
3,-1.0,-1.032967032967033,6,0.9301533219761499,-0.5824175824175825,-0.576,-0.9440559440559441,-0.8936170212765957,0.0,1.0,0.0,1.0,0
5,-0.3333333333333333,-0.08058608058608059,10,-0.23168654173764908,-0.27472527472527475,0.32,-0.14685314685314685,-0.2978723404255319,1.0,0.0,0.0,1.0,1
2,-0.22916666666666666,-0.47619047619047616,16,-0.9914821124361158,-0.23076923076923078,-0.256,0.03496503496503497,-0.2978723404255319,0.0,1.0,1.0,0.0,1
0,-0.8125,-0.8717948717948718,2,0.11925042589437819,-0.45054945054945056,-0.512,-0.8321678321678322,-0.6382978723404256,1.0,0.0,0.0,1.0,0
2,-0.20833333333333334,-0.08058608058608059,4,0.82793867120954,0.3626373626373626,0.656,-0.22377622377622378,-0.44680851063829785,1.0,0.0,0.0,1.0,0
4,0.4583333333333333,0.02197802197802198,2,-0.8347529812606473,0.8791208791208791,1.376,0.40559440559440557,0.5957446808510638,1.0,0.0,1.0,0.0,1
0,0.8541666666666666,1.0842490842490842,2,0.9028960817717206,0.3956043956043956,1.616,1.2167832167832169,0.1702127659574468,1.0,0.0,0.0,1.0,0
5,-0.875,-0.9377289377289377,14,-0.4735945485519591,-0.3626373626373626,-0.544,-0.8951048951048951,-0.8085106382978723,0.0,1.0,0.0,1.0,1
3,-0.4791666666666667,-0.38095238095238093,10,-0.28620102214650767,0.15384615384615385,-0.032,-0.4825174825174825,-0.6382978723404256,1.0,0.0,1.0,0.0,1
4,-0.20833333333333334,-0.15384615384615385,2,-0.0817717206132879,0.5824175824175825,0.56,-0.16783216783216784,-0.5319148936170213,1.0,0.0,0.0,1.0,0
5,0.4166666666666667,0.5054945054945055,4,-0.1567291311754685,0.3626373626373626,0.688,0.8251748251748252,-0.10638297872340426,0.0,1.0,0.0,1.0,0
4,0.22916666666666666,0.11721611721611722,20,0.4463373083475298,0.3516483516483517,0.048,0.0,-0.02127659574468085,1.0,0.0,0.0,1.0,0
2,-0.4791666666666667,-0.63003663003663,18,0.7257240204429302,0.07692307692307693,0.08,-0.46153846153846156,-0.23404255319148937,0.0,1.0,1.0,0.0,0
4,-0.041666666666666664,-0.13186813186813187,2,0.29982964224872233,-0.5934065934065934,0.192,0.006993006993006993,0.5319148936170213,1.0,0.0,0.0,1.0,0
4,0.20833333333333334,0.5201465201465202,6,0.8756388415672913,0.9120879120879121,-0.448,-0.03496503496503497,0.23404255319148937,1.0,0.0,0.0,1.0,0
3,0.20833333333333334,0.7032967032967034,12,0.23509369676320271,-0.5824175824175825,1.184,0.6223776223776224,0.10638297872340426,1.0,0.0,0.0,1.0,0
5,-0.6041666666666666,-0.673992673992674,12,0.7836456558773425,-0.07692307692307693,-0.064,-0.5314685314685315,-0.6170212765957447,0.0,1.0,1.0,0.0,0
2,-0.9583333333333334,-0.9597069597069597,2,0.9710391822827938,-0.45054945054945056,-0.544,-0.916083916083916,-0.8297872340425532,1.0,0.0,1.0,0.0,0
4,0.75,0.6446886446886447,16,-0.787052810902896,0.5494505494505495,1.28,0.3776223776223776,0.7446808510638298,1.0,0.0,0.0,1.0,1
1,0.3541666666666667,-0.06593406593406594,10,0.9403747870528109,-0.5604395604395604,-0.176,0.5174825174825175,0.48936170212765956,0.0,1.0,0.0,1.0,0
5,0.7708333333333334,0.4908424908424908,14,0.848381601362862,0.26373626373626374,0.432,0.972027972027972,1.148936170212766,1.0,0.0,0.0,1.0,0
1,-0.7708333333333334,-0.7692307692307693,20,-0.24872231686541738,-0.4835164835164835,-0.416,-0.8111888111888111,-0.5531914893617021,0.0,1.0,1.0,0.0,1
3,0.0625,0.16117216117216118,16,-0.18057921635434412,0.5604395604395604,0.432,-0.08391608391608392,0.5319148936170213,0.0,1.0,0.0,1.0,0
3,-0.7083333333333334,-0.8205128205128205,6,-0.39182282793867124,-0.6043956043956044,-0.512,-0.7062937062937062,-0.6170212765957447,1.0,0.0,0.0,1.0,1
3,-0.5208333333333334,-0.608058608058608,10,0.6132879045996593,0.0989010989010989,-0.208,-0.5664335664335665,-0.40425531914893614,1.0,0.0,1.0,0.0,0
1,0.041666666666666664,-0.2271062271062271,8,0.5110732538330494,0.4835164835164835,0.08,-0.013986013986013986,-0.3191489361702128,0.0,1.0,1.0,0.0,0
2,0.625,1.0183150183150182,20,-0.6235093696763203,-0.45054945054945056,-0.368,1.2027972027972027,1.1702127659574468,1.0,0.0,0.0,1.0,1
0,0.6875,1.2014652014652014,4,0.6132879045996593,1.4725274725274726,1.536,1.118881118881119,0.5106382978723404,1.0,0.0,1.0,0.0,0
3,0.3541666666666667,0.6813186813186813,12,-0.12947189097103917,1.4505494505494505,-0.144,0.2937062937062937,0.46808510638297873,1.0,0.0,0.0,1.0,0
0,-0.7291666666666666,-0.6813186813186813,4,0.44293015332197616,-0.5714285714285714,-0.256,-0.6363636363636364,-0.723404255319149,0.0,1.0,0.0,1.0,0
0,-0.375,-0.5054945054945055,12,0.58603066439523,0.2857142857142857,-0.256,-0.5034965034965035,-0.06382978723404255,0.0,1.0,0.0,1.0,0
4,0.7291666666666666,0.46153846153846156,10,0.899488926746167,2.0549450549450547,0.56,0.6363636363636364,1.148936170212766,0.0,1.0,1.0,0.0,0
4,-0.6041666666666666,-0.6227106227106227,12,-0.9301533219761499,-0.01098901098901099,-0.128,-0.6713286713286714,-0.48936170212765956,1.0,0.0,1.0,0.0,1
3,0.2916666666666667,0.26373626373626374,20,-0.6746166950596252,0.5274725274725275,-0.144,0.46853146853146854,0.46808510638297873,0.0,1.0,0.0,1.0,1
3,-0.8541666666666666,-0.8864468864468864,18,0.545144804088586,-0.5714285714285714,-0.416,-0.8741258741258742,-0.6595744680851063,0.0,1.0,0.0,1.0,0
3,0.9375,1.4578754578754578,20,-0.272572402044293,2.2527472527472527,-0.176,0.6783216783216783,0.1702127659574468,1.0,0.0,1.0,0.0,1
5,0.8541666666666666,0.29304029304029305,20,-0.36115843270868825,-0.5054945054945055,-0.544,0.6713286713286714,1.3191489361702127,1.0,0.0,1.0,0.0,1
2,1.0,1.663003663003663,8,-0.7427597955706985,-0.5494505494505495,-0.448,0.8951048951048951,2.0638297872340425,1.0,0.0,0.0,1.0,1
4,0.08333333333333333,0.03663003663003663,18,0.23850085178875638,0.5384615384615384,0.688,-0.04895104895104895,0.574468085106383,1.0,0.0,0.0,1.0,0
3,0.3125,0.0,10,0.8109028960817717,1.065934065934066,1.344,0.013986013986013986,0.3191489361702128,1.0,0.0,1.0,0.0,0
4,0.8541666666666666,1.0842490842490842,14,-0.293015332197615,-0.07692307692307693,-0.592,1.3216783216783217,1.1914893617021276,1.0,0.0,0.0,1.0,1
5,0.8333333333333334,0.3882783882783883,20,-0.28620102214650767,0.4065934065934066,2.032,1.0,1.2765957446808511,0.0,1.0,1.0,0.0,1
0,-0.4375,-0.26373626373626374,16,-0.9267461669505963,0.26373626373626374,0.128,-0.5594405594405595,-0.44680851063829785,0.0,1.0,0.0,1.0,1
5,0.3958333333333333,0.5274725274725275,4,0.09540034071550256,0.27472527472527475,0.544,0.0,1.1702127659574468,0.0,1.0,1.0,0.0,0
2,0.9791666666666666,0.7912087912087912,2,0.17717206132879046,1.5714285714285714,0.144,0.46853146853146854,0.723404255319149,1.0,0.0,1.0,0.0,0
4,0.0625,0.18315018315018314,2,-0.23850085178875638,0.9010989010989011,0.224,-0.16783216783216784,0.0425531914893617,1.0,0.0,0.0,1.0,0
0,-0.8125,-0.8498168498168498,4,0.7632027257240205,-0.26373626373626374,-0.496,-0.8601398601398601,-0.6382978723404256,0.0,1.0,0.0,1.0,0
0,0.020833333333333332,0.08058608058608059,6,0.303236797274276,-0.1978021978021978,0.528,-0.1258741258741259,0.2127659574468085,1.0,0.0,0.0,1.0,0
5,0.875,0.5421245421245421,4,0.7461669505962522,1.6813186813186813,1.008,0.6713286713286714,1.6170212765957446,0.0,1.0,1.0,0.0,0
3,-0.75,-0.7692307692307693,14,0.027257240204429302,-0.5494505494505495,-0.272,-0.6853146853146853,-0.5106382978723404,1.0,0.0,0.0,1.0,0
0,-0.25,-0.43956043956043955,2,0.21805792163543442,-0.14285714285714285,0.464,-0.07692307692307693,-0.5319148936170213,0.0,1.0,0.0,1.0,0
3,0.8125,1.3919413919413919,2,-0.6030664395229983,1.7582417582417582,2.0,0.42657342657342656,1.574468085106383,1.0,0.0,0.0,1.0,0
1,-0.8541666666666666,-0.8058608058608059,4,-0.19420783645655879,-0.34065934065934067,-0.592,-0.8391608391608392,-0.851063829787234,0.0,1.0,1.0,0.0,0
4,-0.875,-0.8717948717948718,20,-0.9403747870528109,-0.5714285714285714,-0.4,-0.8671328671328671,-0.7021276595744681,1.0,0.0,1.0,0.0,1
5,-0.9166666666666666,-0.8791208791208791,2,0.9063032367972743,-0.4945054945054945,-0.512,-0.9230769230769231,-0.851063829787234,1.0,0.0,0.0,1.0,0
1,0.7708333333333334,1.3992673992673992,14,-0.14310051107325383,0.5054945054945055,0.544,0.7762237762237763,1.574468085106383,1.0,0.0,0.0,1.0,0
3,0.6458333333333334,0.1391941391941392,18,-0.7904599659284497,1.4725274725274726,-0.4,0.2727272727272727,0.7872340425531915,0.0,1.0,0.0,1.0,1
4,-0.6666666666666666,-0.6593406593406593,2,0.7802385008517888,-0.31868131868131866,-0.064,-0.5244755244755245,-0.44680851063829785,0.0,1.0,1.0,0.0,0
2,-0.5833333333333334,-0.40293040293040294,20,0.02385008517887564,-0.2087912087912088,-0.496,-0.4755244755244755,-0.23404255319148937,0.0,1.0,0.0,1.0,0
4,0.7083333333333334,0.7545787545787546,2,-0.6746166950596252,-0.4065934065934066,-0.528,0.4965034965034965,1.4680851063829787,0.0,1.0,1.0,0.0,1
2,0.5833333333333334,0.2271062271062271,4,-0.6848381601362862,1.6813186813186813,1.296,0.7692307692307693,0.8297872340425532,1.0,0.0,1.0,0.0,1
0,0.7291666666666666,0.3956043956043956,10,0.3441226575809199,2.1758241758241756,1.008,1.132867132867133,1.2340425531914894,0.0,1.0,0.0,1.0,0
2,-0.5833333333333334,-0.4249084249084249,18,-0.909710391822828,-0.4175824175824176,-0.464,-0.6573426573426573,-0.6382978723404256,1.0,0.0,1.0,0.0,1
2,0.125,0.4908424908424908,10,-0.9540034071550255,-0.43956043956043955,1.2,0.11188811188811189,0.1276595744680851,0.0,1.0,1.0,0.0,1
0,-0.16666666666666666,0.1684981684981685,18,-0.4565587734241908,-0.5934065934065934,0.336,-0.18181818181818182,0.3617021276595745,1.0,0.0,1.0,0.0,1
1,-0.625,-0.7619047619047619,12,-0.7632027257240205,-0.31868131868131866,-0.256,-0.45454545454545453,-0.425531914893617,1.0,0.0,1.0,0.0,1
1,0.2708333333333333,0.24175824175824176,6,-0.09540034071550256,0.10989010989010989,0.624,0.5944055944055944,0.1702127659574468,1.0,0.0,0.0,1.0,0
5,0.14583333333333334,0.6007326007326007,12,-0.010221465076660987,1.1428571428571428,-0.416,0.42657342657342656,0.2553191489361702,0.0,1.0,1.0,0.0,0
1,0.875,0.9743589743589743,12,-0.010221465076660987,-0.38461538461538464,0.08,1.006993006993007,0.44680851063829785,1.0,0.0,0.0,1.0,0
0,-0.8541666666666666,-0.8498168498168498,18,-0.7529812606473595,-0.37362637362637363,-0.48,-0.7762237762237763,-0.7659574468085106,0.0,1.0,0.0,1.0,1
5,-0.1875,-0.3956043956043956,12,0.909710391822828,-0.26373626373626374,-0.208,-0.16083916083916083,0.2553191489361702,1.0,0.0,1.0,0.0,0
0,0.0625,-0.27106227106227104,20,-0.807495741056218,-0.2087912087912088,-0.512,0.44755244755244755,0.06382978723404255,0.0,1.0,0.0,1.0,1
2,0.9791666666666666,0.46153846153846156,12,0.5621805792163543,-0.24175824175824176,1.04,1.6783216783216783,1.8936170212765957,1.0,0.0,1.0,0.0,0
1,-0.0625,0.007326007326007326,2,-0.8415672913117547,0.16483516483516483,0.816,-0.08391608391608392,0.2127659574468085,0.0,1.0,0.0,1.0,0
0,-0.16666666666666666,-0.02197802197802198,14,-0.0068143100511073255,-0.1978021978021978,-0.448,0.14685314685314685,0.2553191489361702,1.0,0.0,0.0,1.0,0
0,0.14583333333333334,0.47619047619047616,6,-0.6439522998296422,0.25274725274725274,-0.208,0.0979020979020979,0.23404255319148937,1.0,0.0,1.0,0.0,1
4,0.0,0.29304029304029305,20,-0.9914821124361158,0.43956043956043955,0.368,0.13286713286713286,0.2127659574468085,0.0,1.0,0.0,1.0,1
0,0.6666666666666666,0.16117216117216118,18,-0.616695059625213,0.26373626373626374,1.104,0.6083916083916084,1.4680851063829787,0.0,1.0,0.0,1.0,1
3,-0.4583333333333333,-0.2271062271062271,16,0.817717206132879,-0.3626373626373626,-0.176,-0.2727272727272727,-0.0425531914893617,1.0,0.0,1.0,0.0,0
2,-0.5,-0.3663003663003663,14,-0.16695059625212946,0.02197802197802198,-0.56,-0.3076923076923077,-0.5531914893617021,1.0,0.0,0.0,1.0,0
4,-0.6458333333333334,-0.7765567765567766,10,0.11243611584327087,-0.38461538461538464,-0.592,-0.7412587412587412,-0.5957446808510638,0.0,1.0,0.0,1.0,0
2,-0.8958333333333334,-0.9157509157509157,6,0.4190800681431005,-0.3956043956043956,-0.592,-0.8391608391608392,-0.8297872340425532,0.0,1.0,0.0,1.0,0
2,0.6458333333333334,1.1721611721611722,10,-0.8858603066439523,0.46153846153846156,1.248,0.16083916083916083,0.5319148936170213,0.0,1.0,1.0,0.0,1
4,-0.8125,-0.8424908424908425,16,-0.868824531516184,-0.4835164835164835,-0.24,-0.7762237762237763,-0.5957446808510638,1.0,0.0,0.0,1.0,1
2,0.2708333333333333,0.3443223443223443,6,-0.6439522998296422,0.17582417582417584,-0.304,0.3146853146853147,-0.1276595744680851,0.0,1.0,0.0,1.0,1
4,0.9791666666666666,0.4835164835164835,20,-0.8449744463373083,1.8021978021978022,0.832,1.2027972027972027,2.106382978723404,0.0,1.0,0.0,1.0,1
2,0.3125,-0.03663003663003663,2,-0.4497444633730835,0.5714285714285714,1.232,0.42657342657342656,0.3191489361702128,0.0,1.0,1.0,0.0,1
3,0.14583333333333334,-0.07326007326007326,12,-0.9608177172061328,-0.42857142857142855,-0.064,0.5384615384615384,-0.23404255319148937,0.0,1.0,0.0,1.0,1
4,0.875,1.5604395604395604,18,-0.4838160136286201,0.46153846153846156,1.44,0.8111888111888111,1.4680851063829787,1.0,0.0,1.0,0.0,1
5,-0.5625,-0.43223443223443225,18,0.9335604770017035,-0.3076923076923077,-0.128,-0.5244755244755245,-0.723404255319149,1.0,0.0,0.0,1.0,0
5,-0.6041666666666666,-0.5421245421245421,10,-0.24190800681431004,-0.31868131868131866,-0.544,-0.4965034965034965,-0.6170212765957447,0.0,1.0,1.0,0.0,1
5,-0.4791666666666667,-0.26373626373626374,12,0.5110732538330494,-0.18681318681318682,0.144,-0.2727272727272727,-0.44680851063829785,1.0,0.0,1.0,0.0,0
4,-0.2708333333333333,-0.46886446886446886,4,-1.0017035775127767,0.5824175824175825,0.032,-0.3076923076923077,-0.2553191489361702,0.0,1.0,0.0,1.0,1
3,-0.14583333333333334,0.12454212454212454,20,-0.14310051107325383,-0.01098901098901099,0.688,-0.18181818181818182,-0.10638297872340426,0.0,1.0,0.0,1.0,0
4,-0.25,-0.1684981684981685,18,0.616695059625213,0.21978021978021978,0.512,-0.1048951048951049,-0.3617021276595745,1.0,0.0,0.0,1.0,0
1,0.10416666666666667,0.2490842490842491,10,-0.2453151618398637,0.0989010989010989,0.848,0.36363636363636365,0.8297872340425532,0.0,1.0,0.0,1.0,1
0,0.8541666666666666,1.6043956043956045,14,-0.27597955706984667,0.5384615384615384,0.256,0.5454545454545454,1.851063829787234,1.0,0.0,1.0,0.0,1
2,0.7291666666666666,1.0402930402930404,8,0.9778534923339012,1.945054945054945,0.352,0.46153846153846156,0.574468085106383,1.0,0.0,0.0,1.0,0
0,-0.9583333333333334,-0.9377289377289377,2,-0.2453151618398637,-0.4725274725274725,-0.512,-0.8881118881118881,-0.8085106382978723,0.0,1.0,1.0,0.0,0
1,-0.3958333333333333,-0.19047619047619047,16,-0.020442930153321975,0.13186813186813187,-0.288,-0.4825174825174825,-0.48936170212765956,0.0,1.0,1.0,0.0,0
4,0.7708333333333334,0.32967032967032966,6,-0.05792163543441227,1.3186813186813187,0.816,0.4195804195804196,1.6808510638297873,0.0,1.0,1.0,0.0,0
4,-0.14583333333333334,0.17582417582417584,18,-1.0255536626916524,-0.5054945054945055,-0.256,-0.04195804195804196,0.2553191489361702,0.0,1.0,1.0,0.0,1
1,-0.22916666666666666,-0.32967032967032966,16,-0.5178875638841567,0.15384615384615385,0.032,-0.02097902097902098,-0.1276595744680851,1.0,0.0,0.0,1.0,1
3,-0.7291666666666666,-0.7838827838827839,20,0.6848381601362862,-0.5164835164835165,-0.192,-0.7972027972027972,-0.7872340425531915,0.0,1.0,1.0,0.0,0
4,0.08333333333333333,-0.08791208791208792,10,0.9437819420783645,-0.5824175824175825,-0.464,0.3706293706293706,-0.3617021276595745,0.0,1.0,0.0,1.0,0
0,-0.4583333333333333,-0.5421245421245421,16,-0.9233390119250426,-0.21978021978021978,0.32,-0.48951048951048953,-0.19148936170212766,1.0,0.0,0.0,1.0,1
1,-0.8541666666666666,-0.8498168498168498,10,0.7155025553662692,-0.2967032967032967,-0.512,-0.7902097902097902,-0.7872340425531915,1.0,0.0,0.0,1.0,0
4,-0.5625,-0.7032967032967034,4,0.3850085178875639,-0.45054945054945056,-0.144,-0.5384615384615384,-0.6595744680851063,0.0,1.0,1.0,0.0,0
4,-0.25,-0.29304029304029305,20,-0.2010221465076661,-0.16483516483516483,-0.096,-0.25874125874125875,0.0851063829787234,0.0,1.0,1.0,0.0,1
4,-0.125,0.03663003663003663,6,0.30664395229982966,-0.2087912087912088,-0.352,0.22377622377622378,0.3191489361702128,0.0,1.0,1.0,0.0,0
2,0.020833333333333332,0.014652014652014652,12,0.19080068143100512,0.6483516483516484,0.24,0.24475524475524477,-0.0851063829787234,0.0,1.0,1.0,0.0,0
4,0.6875,1.054945054945055,2,-0.47700170357751276,0.7802197802197802,-0.416,0.38461538461538464,0.46808510638297873,0.0,1.0,1.0,0.0,0
0,0.9375,0.3663003663003663,12,-0.35093696763202725,1.7472527472527473,-0.48,1.6083916083916083,1.3617021276595744,0.0,1.0,0.0,1.0,1
1,-0.1875,-0.24175824175824176,4,0.3441226575809199,-0.0989010989010989,-0.144,0.02097902097902098,-0.10638297872340426,1.0,0.0,0.0,1.0,0
2,0.5208333333333334,0.6593406593406593,6,-0.8347529812606473,1.6043956043956045,-0.128,0.5244755244755245,1.3617021276595744,0.0,1.0,0.0,1.0,1
5,-0.8541666666666666,-0.9230769230769231,4,-0.26916524701873934,-0.31868131868131866,-0.304,-0.8671328671328671,-0.8085106382978723,0.0,1.0,1.0,0.0,1
2,0.22916666666666666,0.1684981684981685,12,0.514480408858603,-0.3626373626373626,0.08,0.04895104895104895,0.723404255319149,1.0,0.0,1.0,0.0,0
3,0.6666666666666666,1.164835164835165,10,-0.44293015332197616,0.8461538461538461,0.912,0.6083916083916084,1.553191489361702,1.0,0.0,1.0,0.0,1
4,0.9166666666666666,0.4908424908424908,18,-0.8517887563884157,1.901098901098901,-0.224,0.4755244755244755,1.4042553191489362,0.0,1.0,1.0,0.0,1
0,0.375,0.652014652014652,2,0.06132879045996593,0.24175824175824176,0.576,0.5944055944055944,1.0425531914893618,0.0,1.0,1.0,0.0,0
3,-0.041666666666666664,-0.1978021978021978,8,0.030664395229982964,0.45054945054945056,-0.4,0.3076923076923077,0.2765957446808511,1.0,0.0,1.0,0.0,0
0,-0.10416666666666667,-0.014652014652014652,14,0.13287904599659284,0.4945054945054945,0.8,-0.24475524475524477,0.06382978723404255,0.0,1.0,1.0,0.0,0
3,0.4791666666666667,0.8131868131868132,2,-0.4838160136286201,0.01098901098901099,-0.128,0.03496503496503497,0.1276595744680851,1.0,0.0,0.0,1.0,0
2,-0.08333333333333333,-0.19047619047619047,6,-0.3339011925042589,-0.24175824175824176,0.016,0.23776223776223776,-0.46808510638297873,1.0,0.0,0.0,1.0,1
0,0.3958333333333333,0.8644688644688645,14,0.02385008517887564,0.9560439560439561,-0.592,-0.04895104895104895,0.1702127659574468,1.0,0.0,0.0,1.0,0
1,0.3541666666666667,0.1684981684981685,12,0.5996592844974447,0.9010989010989011,1.04,0.6153846153846154,-0.02127659574468085,0.0,1.0,1.0,0.0,0
1,0.4791666666666667,0.6813186813186813,4,0.28620102214650767,1.6703296703296704,1.152,0.8041958041958042,0.23404255319148937,0.0,1.0,0.0,1.0,0
1,-1.0208333333333333,-1.032967032967033,10,0.8620102214650767,-0.5604395604395604,-0.56,-0.986013986013986,-0.9148936170212766,1.0,0.0,0.0,1.0,0
4,-0.2916666666666667,-0.1978021978021978,18,0.10902896081771721,0.054945054945054944,0.432,-0.23776223776223776,0.0425531914893617,0.0,1.0,0.0,1.0,0
3,0.3958333333333333,0.11721611721611722,6,-0.7666098807495741,1.5824175824175823,1.424,0.3986013986013986,0.2127659574468085,0.0,1.0,0.0,1.0,1
1,0.6666666666666666,1.0695970695970696,6,0.9335604770017035,0.8901098901098901,0.992,1.1818181818181819,1.0638297872340425,0.0,1.0,1.0,0.0,0
2,-0.125,0.14652014652014653,20,0.3441226575809199,0.08791208791208792,0.08,0.16083916083916083,-0.44680851063829785,1.0,0.0,1.0,0.0,0
3,-0.1875,-0.358974358974359,2,-0.7052810902896082,-0.5384615384615384,0.72,-0.4195804195804196,-0.0425531914893617,0.0,1.0,0.0,1.0,1
5,0.9375,0.43956043956043955,6,-0.5008517887563884,1.2857142857142858,1.168,0.4965034965034965,1.5106382978723405,1.0,0.0,0.0,1.0,1
0,0.3541666666666667,0.4835164835164835,14,-1.0323679727427597,-0.6153846153846154,0.8,0.13286713286713286,1.1702127659574468,1.0,0.0,1.0,0.0,1
5,0.0625,0.4835164835164835,20,0.4463373083475298,0.18681318681318682,-0.304,-0.21678321678321677,0.6382978723404256,1.0,0.0,0.0,1.0,0
4,0.22916666666666666,0.4908424908424908,16,0.9505962521294719,0.6813186813186813,-0.032,-0.11888111888111888,-0.0851063829787234,1.0,0.0,0.0,1.0,0
5,0.020833333333333332,0.4468864468864469,2,-0.22146507666098808,-0.26373626373626374,-0.272,0.0,-0.19148936170212766,1.0,0.0,1.0,0.0,0
5,-0.0625,-0.10989010989010989,6,0.38841567291311757,0.2967032967032967,0.832,0.25874125874125875,-0.3617021276595745,0.0,1.0,0.0,1.0,0
5,-0.9791666666666666,-1.010989010989011,2,0.5315161839863713,-0.6043956043956044,-0.512,-0.9300699300699301,-0.8936170212765957,1.0,0.0,0.0,1.0,0
0,-0.08333333333333333,0.014652014652014652,20,0.5178875638841567,0.7362637362637363,0.208,0.055944055944055944,-0.1702127659574468,1.0,0.0,1.0,0.0,0
1,-0.9583333333333334,-0.9743589743589743,6,0.2282793867120954,-0.5054945054945055,-0.512,-0.9230769230769231,-0.8085106382978723,1.0,0.0,1.0,0.0,0
5,0.2708333333333333,0.5347985347985348,12,0.3270868824531516,1.10989010989011,-0.512,0.18181818181818182,-0.14893617021276595,1.0,0.0,0.0,1.0,0
1,0.6041666666666666,0.967032967032967,8,0.6848381601362862,0.25274725274725274,-0.336,0.8741258741258742,1.553191489361702,0.0,1.0,0.0,1.0,0
1,0.4791666666666667,0.38095238095238093,18,-0.4940374787052811,0.7692307692307693,0.4,0.916083916083916,-0.10638297872340426,0.0,1.0,1.0,0.0,1
1,0.22916666666666666,0.11721611721611722,4,0.9710391822827938,-0.6263736263736264,1.328,0.6783216783216783,-0.10638297872340426,1.0,0.0,0.0,1.0,0
0,0.6041666666666666,0.6666666666666666,10,-1.0153321976149914,1.8241758241758241,1.264,0.18181818181818182,1.5957446808510638,1.0,0.0,1.0,0.0,1
1,0.9583333333333334,0.7985347985347986,18,0.47018739352640543,1.7912087912087913,0.4,1.4125874125874125,0.0851063829787234,1.0,0.0,0.0,1.0,0
1,-0.16666666666666666,-0.38095238095238093,6,-0.20442930153321975,0.1978021978021978,0.24,0.013986013986013986,-0.06382978723404255,0.0,1.0,0.0,1.0,1
5,0.14583333333333334,0.21245421245421245,10,0.39522998296422485,0.02197802197802198,-0.288,-0.15384615384615385,-0.2978723404255319,0.0,1.0,1.0,0.0,0
1,0.5,1.0036630036630036,16,0.3543441226575809,0.45054945054945056,-0.416,0.11888111888111888,0.46808510638297873,1.0,0.0,1.0,0.0,0
1,0.8541666666666666,1.2380952380952381,18,0.32367972742759793,-0.03296703296703297,0.384,0.40559440559440557,0.8085106382978723,0.0,1.0,0.0,1.0,0
3,0.020833333333333332,-0.26373626373626374,12,0.7734241908006815,0.3626373626373626,0.224,0.0979020979020979,0.6595744680851063,0.0,1.0,0.0,1.0,0
1,-0.3333333333333333,-0.10989010989010989,10,-0.4293015332197615,-0.26373626373626374,0.4,-0.4965034965034965,-0.2978723404255319,1.0,0.0,0.0,1.0,1
4,-0.9166666666666666,-0.9084249084249084,6,0.262350936967632,-0.5824175824175825,-0.56,-0.8461538461538461,-0.8936170212765957,1.0,0.0,1.0,0.0,0
2,0.7708333333333334,0.32234432234432236,14,0.11584327086882454,0.8901098901098901,1.632,0.8741258741258742,0.3404255319148936,0.0,1.0,1.0,0.0,0
3,-0.5625,-0.6373626373626373,2,-0.606473594548552,-0.4945054945054945,-0.512,-0.5034965034965035,-0.425531914893617,1.0,0.0,1.0,0.0,1
1,-0.3958333333333333,-0.4249084249084249,4,-0.6746166950596252,-0.5054945054945055,-0.176,-0.2727272727272727,-0.23404255319148937,1.0,0.0,1.0,0.0,1
5,-0.7916666666666666,-0.717948717948718,4,-0.8756388415672913,-0.26373626373626374,-0.336,-0.7832167832167832,-0.6170212765957447,0.0,1.0,1.0,0.0,0
0,-0.5416666666666666,-0.3443223443223443,6,0.06814310051107325,0.04395604395604396,-0.304,-0.5874125874125874,-0.574468085106383,0.0,1.0,0.0,1.0,0
0,0.9166666666666666,0.4542124542124542,14,-0.12947189097103917,1.043956043956044,1.312,1.3496503496503496,1.8936170212765957,0.0,1.0,0.0,1.0,0
1,0.7916666666666666,1.010989010989011,6,0.36115843270868825,1.7582417582417582,0.288,0.8111888111888111,0.723404255319149,0.0,1.0,1.0,0.0,0
0,0.6875,0.38095238095238093,16,0.24190800681431004,-0.5604395604395604,1.36,0.8951048951048951,1.3191489361702127,1.0,0.0,1.0,0.0,0
0,-0.7916666666666666,-0.7252747252747253,16,-0.24872231686541738,-0.26373626373626374,-0.432,-0.7552447552447552,-0.7872340425531915,1.0,0.0,0.0,1.0,1
5,-0.9583333333333334,-0.9377289377289377,18,-0.6541737649063032,-0.5054945054945055,-0.512,-0.9300699300699301,-0.9148936170212766,0.0,1.0,0.0,1.0,1
4,0.7291666666666666,0.43956043956043955,16,-0.524701873935264,0.5714285714285714,1.104,0.986013986013986,0.19148936170212766,0.0,1.0,0.0,1.0,1
2,0.3958333333333333,0.4981684981684982,12,-0.21124361158432708,-0.2087912087912088,-0.384,0.36363636363636365,1.0851063829787233,0.0,1.0,0.0,1.0,1
4,0.22916666666666666,0.1978021978021978,6,0.797274275979557,0.7692307692307693,0.0,0.7062937062937062,0.02127659574468085,1.0,0.0,1.0,0.0,0
