Hour,Temperature,Humidity(%),Wind speed (m/s),Visibility (10m),Solar Radiation (MJ/m2),Rainfall(mm),Snowfall (cm),Month_Num,Date_Day,is_weekend,Seasons_Spring,Seasons_Summer,Seasons_Winter,Holiday_No Holiday,Rented Bike Count
0.8333333333333334,0.6395939086294418,0.59375,-0.22768379202711048,0.16619718309859155,-0.01075268817204301,0.0,0.0,0.3333333333333333,0.3333333333333333,0.0,0.0,1.0,0.0,0.0,1828
-0.16666666666666666,-0.5025380710659899,-0.625,-0.14891824053188613,0.29107981220657275,0.8817204301075268,0.0,0.0,-0.5,0.3333333333333333,0.0,1.0,0.0,0.0,0.0,374
0.8333333333333334,0.1624365482233502,-0.90625,-0.39575298507290857,0.28732394366197184,-0.01075268817204301,0.0,0.0,-0.3333333333333333,0.3333333333333333,1.0,1.0,0.0,0.0,0.0,1292
-0.16666666666666666,-0.30456852791878175,-0.125,-0.5816560227957038,-0.7333333333333333,1.064516129032258,0.0,0.0,0.8333333333333334,0.2,0.0,0.0,0.0,0.0,0.0,651
0.5833333333333334,0.4771573604060913,-0.6875,0.2058418822217645,-0.9164319248826291,0.2258064516129032,0.0,0.0,-0.3333333333333333,0.26666666666666666,0.0,1.0,0.0,0.0,0.0,1578
-0.75,0.2690355329949239,1.125,-0.39575298507290857,-1.1934272300469484,-0.01075268817204301,5.4,0.0,0.0,-0.06666666666666667,0.0,0.0,1.0,0.0,0.0,154
0.5,-1.3299492385786802,-0.75,0.6275737112096174,0.13615023474178403,0.04301075268817204,0.0,0.3,-0.8333333333333334,0.6666666666666666,0.0,0.0,0.0,1.0,0.0,305
0.75,0.035532994923857836,0.40625,-0.5816560227957038,-0.907981220657277,-0.01075268817204301,0.0,0.0,-0.5,0.8,0.0,1.0,0.0,0.0,0.0,1035
0.0,-0.416243654822335,-0.0625,0.682712243030312,-0.7380281690140845,0.9032258064516128,0.0,0.0,-0.8333333333333334,0.26666666666666666,1.0,0.0,0.0,1.0,0.0,325
-0.6666666666666666,-0.949238578680203,-0.90625,0.6275737112096174,0.29107981220657275,-0.01075268817204301,0.0,0.0,-0.6666666666666666,0.06666666666666667,1.0,0.0,0.0,1.0,-1.0,20
0.4166666666666667,0.2944162436548224,0.59375,0.3951330286481768,0.29107981220657275,0.2150537634408602,0.0,0.0,0.5,0.26666666666666666,0.0,0.0,0.0,0.0,0.0,1290
-0.8333333333333334,0.27918781725888325,-0.03125,-0.4861165064064858,0.29107981220657275,-0.01075268817204301,0.0,0.0,0.5,-0.26666666666666666,0.0,0.0,0.0,0.0,0.0,462
0.5,0.8730964467005076,-0.4375,0.0707286024015658,-0.7126760563380282,0.7849462365591398,0.0,0.0,0.0,0.6,0.0,0.0,1.0,0.0,0.0,3238
0.08333333333333333,0.6192893401015228,-0.53125,0.455183241303237,0.28826291079812205,3.193548387096774,0.0,0.0,0.5,-0.3333333333333333,0.0,0.0,0.0,0.0,0.0,1102
0.08333333333333333,0.7055837563451777,-0.84375,0.3336351996355,0.07323943661971831,3.247311827956989,0.0,0.0,0.0,-0.8,0.0,0.0,1.0,0.0,0.0,1085
-1.0,0.3147208121827411,0.59375,-0.91150831659757,-1.224413145539906,-0.01075268817204301,0.0,0.0,-0.16666666666666666,-0.9333333333333333,0.0,1.0,0.0,0.0,0.0,612
0.5,-0.583756345177665,-0.5625,0.3951330286481768,-0.40469483568075115,0.0,0.0,0.0,-0.8333333333333334,0.13333333333333333,0.0,0.0,0.0,1.0,0.0,506
-0.75,-0.802030456852792,-0.15625,1.0902852095090052,0.24131455399061033,-0.01075268817204301,0.0,0.0,1.0,0.6,0.0,0.0,0.0,1.0,-1.0,100
0.8333333333333334,-0.868020304568528,-0.15625,1.2305047302068106,-0.38779342723004695,-0.01075268817204301,0.0,0.0,-0.5,-1.0,0.0,1.0,0.0,0.0,-1.0,190
-0.8333333333333334,0.0203045685279188,-0.03125,0.5713209318579696,0.29107981220657275,-0.01075268817204301,0.0,0.0,0.6666666666666666,-1.0,0.0,0.0,0.0,0.0,0.0,262
-0.9166666666666666,0.751269035532995,0.65625,-0.91150831659757,-0.5802816901408451,-0.01075268817204301,0.0,0.0,0.16666666666666666,0.7333333333333333,0.0,0.0,1.0,0.0,0.0,747
-0.25,-0.8629441624365483,-0.84375,0.0,0.27230046948356806,-0.01075268817204301,0.0,0.0,-0.6666666666666666,-0.06666666666666667,0.0,0.0,0.0,1.0,-1.0,112
0.25,-0.010152284263959355,1.25,-0.5816560227957038,-1.4046948356807512,0.11827956989247311,3.0,0.0,-0.16666666666666666,-0.26666666666666666,1.0,1.0,0.0,0.0,0.0,17
-0.08333333333333333,-0.6345177664974619,-1.0,-0.07312821817005527,0.0863849765258216,1.8172043010752688,0.0,0.0,-0.6666666666666666,0.0,0.0,0.0,0.0,1.0,-1.0,93
0.75,0.42639593908629436,0.09375,0.6275737112096174,-0.13051643192488263,-0.01075268817204301,0.0,0.0,-0.16666666666666666,1.0,0.0,1.0,0.0,0.0,0.0,2070
0.16666666666666666,0.33502538071065996,-0.84375,0.8933144384752442,-0.12769953051643193,2.7526881720430105,0.0,0.0,-0.5,1.0,1.0,1.0,0.0,0.0,0.0,1381
-0.8333333333333334,0.6497461928934011,0.25,-1.1921678124288753,0.29107981220657275,-0.01075268817204301,0.0,0.0,0.3333333333333333,0.26666666666666666,0.0,0.0,1.0,0.0,0.0,352
-1.0,-0.1878172588832487,-0.40625,-0.07312821817005527,-0.39624413145539905,-0.01075268817204301,0.0,0.0,-0.3333333333333333,0.2,0.0,1.0,0.0,0.0,0.0,520
-0.5833333333333334,0.21827411167512695,1.28125,-0.39575298507290857,-1.1577464788732394,-0.01075268817204301,0.5,0.0,-0.16666666666666666,0.13333333333333333,0.0,1.0,0.0,0.0,0.0,29
-0.75,-1.1421319796954315,-0.53125,0.9437305196070348,0.29107981220657275,-0.01075268817204301,0.0,0.0,1.0,0.06666666666666667,1.0,0.0,0.0,1.0,0.0,100
-0.3333333333333333,0.8375634517766498,-0.03125,-0.4861165064064858,0.29107981220657275,0.5698924731182796,0.0,0.0,0.16666666666666666,0.4666666666666667,0.0,0.0,1.0,0.0,0.0,1889
-1.0,-1.0203045685279188,-0.5625,0.0707286024015658,0.22535211267605634,-0.01075268817204301,0.0,0.0,-0.8333333333333334,-0.2,1.0,0.0,0.0,1.0,0.0,152
-0.08333333333333333,0.8730964467005076,0.1875,1.0902852095090052,-0.34460093896713617,1.204301075268817,0.0,0.0,0.16666666666666666,0.6,0.0,0.0,1.0,0.0,0.0,749
0.3333333333333333,0.416243654822335,-0.5,0.9933397872392326,0.29107981220657275,2.043010752688172,0.0,0.0,-0.5,-0.13333333333333333,0.0,1.0,0.0,0.0,0.0,1049
-0.8333333333333334,-0.21827411167512695,0.46875,0.0,0.29107981220657275,-0.01075268817204301,0.0,0.0,0.6666666666666666,0.2,0.0,0.0,0.0,0.0,0.0,433
0.9166666666666666,-0.32487309644670054,1.21875,-0.14891824053188613,-0.1812206572769953,-0.01075268817204301,0.5,0.0,-0.3333333333333333,-0.7333333333333333,0.0,1.0,0.0,0.0,0.0,79
0.5,0.16751269035532998,0.09375,0.9437305196070348,-1.0422535211267605,0.48387096774193544,0.0,0.0,-0.5,0.7333333333333333,0.0,1.0,0.0,0.0,0.0,1521
-0.08333333333333333,0.8730964467005076,-0.28125,0.0707286024015658,0.014084507042253521,3.129032258064516,0.0,0.0,0.16666666666666666,0.2,0.0,0.0,1.0,0.0,0.0,687
0.5833333333333334,-0.6395939086294417,0.96875,0.0707286024015658,-1.3145539906103287,-0.01075268817204301,0.0,0.5,-0.8333333333333334,-0.5333333333333333,0.0,0.0,0.0,1.0,0.0,127
-1.0,0.6700507614213198,0.71875,-0.07312821817005527,-0.2112676056338028,-0.01075268817204301,0.0,0.0,0.16666666666666666,0.26666666666666666,0.0,0.0,1.0,0.0,0.0,1041
0.5833333333333334,-0.5482233502538072,0.34375,-0.22768379202711048,-1.260093896713615,-0.01075268817204301,0.0,0.0,1.0,0.8666666666666667,0.0,0.0,0.0,1.0,0.0,395
0.5833333333333334,-0.7614213197969544,-0.78125,0.6275737112096174,0.29107981220657275,-0.01075268817204301,0.0,0.0,-0.6666666666666666,0.06666666666666667,1.0,0.0,0.0,1.0,-1.0,169
0.0,-0.29949238578680204,0.03125,0.5713209318579696,0.29107981220657275,1.978494623655914,0.0,0.0,-0.5,-0.7333333333333333,0.0,1.0,0.0,0.0,0.0,438
-0.75,0.299492385786802,0.6875,-0.5816560227957038,-1.0582159624413146,-0.01075268817204301,0.0,0.0,0.0,0.26666666666666666,0.0,0.0,1.0,0.0,0.0,340
-0.5833333333333334,-0.025380710659898477,0.40625,-0.91150831659757,-1.2253521126760563,-0.01075268817204301,0.0,0.0,-0.3333333333333333,0.3333333333333333,1.0,1.0,0.0,0.0,0.0,122
0.4166666666666667,0.7005076142131981,-0.4375,0.682712243030312,0.29107981220657275,1.3333333333333333,0.0,0.0,0.5,0.06666666666666667,0.0,0.0,0.0,0.0,0.0,2056
0.9166666666666666,0.1421319796954315,0.78125,-0.14891824053188613,-1.136150234741784,-0.01075268817204301,0.0,0.0,-0.3333333333333333,-1.0,1.0,1.0,0.0,0.0,0.0,588
-0.6666666666666666,-0.32487309644670054,0.6875,-0.22768379202711048,-0.11549295774647887,-0.01075268817204301,0.0,0.0,0.6666666666666666,-0.2,1.0,0.0,0.0,0.0,0.0,226
0.6666666666666666,-0.4517766497461929,-0.1875,-0.22768379202711048,-0.09859154929577464,-0.01075268817204301,0.0,0.0,1.0,-0.9333333333333333,1.0,0.0,0.0,1.0,0.0,359
0.75,-0.13705583756345174,0.65625,-0.39575298507290857,-1.3023474178403756,-0.01075268817204301,0.0,0.0,0.8333333333333334,-0.4,1.0,0.0,0.0,0.0,0.0,847
-1.0,-0.20304568527918782,0.125,0.13927936789351517,0.29107981220657275,-0.01075268817204301,0.0,0.0,-0.3333333333333333,-0.7333333333333333,0.0,1.0,0.0,0.0,0.0,436
-0.25,-0.07614213197969544,0.90625,-0.5816560227957038,-1.2065727699530517,0.06451612903225806,0.5,0.0,0.6666666666666666,0.6666666666666666,0.0,0.0,0.0,0.0,0.0,144
0.5,0.8274111675126904,-0.6875,1.0421797791354965,0.107981220657277,1.225806451612903,0.0,0.0,0.0,0.5333333333333333,1.0,0.0,1.0,0.0,0.0,2094
0.5833333333333334,0.8984771573604061,-0.15625,0.5713209318579696,0.28169014084507044,0.6021505376344085,0.0,0.0,0.16666666666666666,0.0,0.0,0.0,1.0,0.0,0.0,2368
-0.8333333333333334,0.3553299492385787,0.59375,-0.3098055405697065,-0.6535211267605634,-0.01075268817204301,0.0,0.0,0.0,0.06666666666666667,1.0,0.0,1.0,0.0,0.0,755
0.0,0.40609137055837563,-0.40625,0.3951330286481768,0.27793427230046946,3.3763440860215055,0.0,0.0,-0.16666666666666666,-0.5333333333333333,0.0,1.0,0.0,0.0,0.0,1135
-0.75,-0.949238578680203,-0.28125,-0.6833781561418334,-0.35774647887323946,-0.01075268817204301,0.0,0.0,-0.6666666666666666,-0.4666666666666667,0.0,0.0,0.0,1.0,0.0,78
0.16666666666666666,0.802030456852792,-0.5,0.2705797236685667,0.22347417840375586,3.2150537634408605,0.0,0.0,0.3333333333333333,1.0,0.0,0.0,1.0,0.0,0.0,987
-0.6666666666666666,0.09644670050761424,0.1875,0.0707286024015658,0.29107981220657275,-0.01075268817204301,0.0,0.0,-0.16666666666666666,-0.5333333333333333,0.0,1.0,0.0,0.0,0.0,155
-0.08333333333333333,0.7766497461928935,-0.75,0.455183241303237,0.24507042253521127,3.053763440860215,0.0,0.0,0.3333333333333333,0.06666666666666667,0.0,0.0,1.0,0.0,0.0,844
0.25,-0.27918781725888325,0.5,0.0707286024015658,-1.180281690140845,0.5591397849462365,0.0,0.0,1.0,-0.8666666666666667,1.0,0.0,0.0,1.0,0.0,621
0.0,0.9390862944162437,0.0,0.0707286024015658,-0.5774647887323944,2.075268817204301,0.0,0.0,0.16666666666666666,0.6666666666666666,0.0,0.0,1.0,0.0,0.0,600
-0.3333333333333333,0.2741116751269035,0.78125,0.5138834935935143,-1.28075117370892,0.46236559139784944,0.0,0.0,0.0,-0.6,0.0,0.0,1.0,0.0,0.0,2317
0.5,0.4416243654822335,-1.09375,0.2058418822217645,0.29107981220657275,1.3333333333333333,0.0,0.0,-0.16666666666666666,0.26666666666666666,1.0,1.0,0.0,0.0,0.0,2403
-0.08333333333333333,-0.6395939086294417,1.09375,-0.4861165064064858,-1.4582159624413145,0.021505376344086016,0.0,3.9,1.0,-0.4,1.0,0.0,0.0,1.0,0.0,58
0.6666666666666666,-0.5532994923857868,0.90625,0.13927936789351517,-0.952112676056338,-0.01075268817204301,0.0,3.3,0.8333333333333334,0.5333333333333333,1.0,0.0,0.0,0.0,0.0,349
0.8333333333333334,0.6954314720812182,0.5,0.0,-0.6431924882629108,-0.01075268817204301,0.0,0.0,0.16666666666666666,0.13333333333333333,0.0,0.0,1.0,0.0,0.0,1980
-0.9166666666666666,0.7461928934010152,0.34375,-0.4861165064064858,0.29107981220657275,-0.01075268817204301,0.0,0.0,0.3333333333333333,-0.6,0.0,0.0,1.0,0.0,0.0,619
-0.3333333333333333,0.3147208121827411,1.25,0.0,-1.3990610328638498,0.25806451612903225,0.0,0.0,0.0,0.7333333333333333,0.0,0.0,1.0,0.0,0.0,1995
-0.25,-1.0761421319796953,0.15625,1.1844188200176686,-0.04976525821596244,0.12903225806451613,0.0,0.7,-0.8333333333333334,-0.4,0.0,0.0,0.0,1.0,0.0,225
-0.5833333333333334,-0.6345177664974619,0.34375,-0.7926654504863353,-0.16056338028169015,-0.01075268817204301,0.0,0.0,-0.6666666666666666,-0.13333333333333333,0.0,0.0,0.0,1.0,0.0,56
0.9166666666666666,-0.3401015228426396,-0.03125,-0.4861165064064858,-1.12018779342723,-0.01075268817204301,0.0,0.0,-0.5,-0.26666666666666666,0.0,1.0,0.0,0.0,0.0,397
0.6666666666666666,0.8934010152284265,0.21875,0.7368002283746548,0.07511737089201878,0.01075268817204301,0.0,0.0,0.3333333333333333,-0.6,0.0,0.0,1.0,0.0,0.0,1836
0.25,0.6091370558375635,0.34375,0.5713209318579696,-0.9877934272300469,1.7204301075268817,0.0,0.0,0.0,0.7333333333333333,0.0,0.0,1.0,0.0,0.0,1362
0.9166666666666666,0.40609137055837563,0.15625,-1.5998067240225886,0.12863849765258217,-0.01075268817204301,0.0,0.0,0.0,-0.2,0.0,0.0,1.0,0.0,0.0,1394
-0.3333333333333333,0.49238578680203043,-0.3125,-0.39575298507290857,0.29107981220657275,0.989247311827957,0.0,0.0,0.3333333333333333,0.13333333333333333,1.0,0.0,1.0,0.0,0.0,754
-0.5833333333333334,0.34010152284263956,1.25,-0.22768379202711048,-1.0910798122065728,-0.01075268817204301,0.0,0.0,0.5,-0.8,0.0,0.0,0.0,0.0,0.0,219
0.8333333333333334,0.3096446700507615,0.4375,-0.7926654504863353,-1.2816901408450705,-0.01075268817204301,0.0,0.0,-0.16666666666666666,-0.13333333333333333,0.0,1.0,0.0,0.0,0.0,1648
0.0,-0.5736040609137056,-1.1875,-0.07312821817005527,0.2403755868544601,2.150537634408602,0.0,0.0,-0.6666666666666666,0.0,0.0,0.0,0.0,1.0,-1.0,137
0.4166666666666667,0.5786802030456852,-0.34375,0.3336351996355,0.15492957746478872,0.9677419354838709,0.0,0.0,0.0,-0.8,0.0,0.0,1.0,0.0,0.0,2190
-0.9166666666666666,0.7918781725888326,0.21875,-0.22768379202711048,0.29107981220657275,-0.01075268817204301,0.0,0.0,0.16666666666666666,0.5333333333333333,0.0,0.0,1.0,0.0,0.0,715
0.25,0.583756345177665,-0.90625,0.455183241303237,0.29107981220657275,2.559139784946237,0.0,0.0,0.5,0.4666666666666667,1.0,0.0,0.0,0.0,-1.0,1366
0.5833333333333334,0.5685279187817259,0.8125,-1.0429616152145371,0.29107981220657275,0.09677419354838711,0.0,0.0,0.3333333333333333,0.7333333333333333,0.0,0.0,1.0,0.0,0.0,1615
0.0,-0.949238578680203,-0.75,1.6200554445948598,0.26572769953051645,1.3440860215053763,0.0,0.0,1.0,-0.3333333333333333,0.0,0.0,0.0,1.0,0.0,247
0.4166666666666667,0.8984771573604061,-0.03125,1.0902852095090052,0.2375586854460094,1.946236559139785,0.0,0.0,0.16666666666666666,-0.8,0.0,0.0,1.0,0.0,0.0,1856
0.75,0.8375634517766498,0.53125,0.7368002283746548,-0.5953051643192488,-0.01075268817204301,0.0,0.0,0.16666666666666666,0.6666666666666666,0.0,0.0,1.0,0.0,0.0,1868
0.08333333333333333,-0.5532994923857868,-0.53125,1.137688257706579,0.1539906103286385,2.4408602150537635,0.0,0.0,-0.6666666666666666,-0.2,0.0,0.0,0.0,1.0,0.0,256
-0.8333333333333334,-0.13197969543147206,0.0625,-0.3098055405697065,0.29107981220657275,-0.01075268817204301,0.0,0.0,-0.16666666666666666,-0.4666666666666667,0.0,1.0,0.0,0.0,0.0,245
0.5833333333333334,-0.5786802030456853,-0.9375,0.7898955205469734,0.1812206572769953,0.0,0.0,0.0,-0.6666666666666666,0.5333333333333333,1.0,0.0,0.0,1.0,0.0,306
-0.8333333333333334,0.21319796954314718,0.9375,-0.22768379202711048,0.29107981220657275,-0.01075268817204301,0.0,0.0,0.0,-0.26666666666666666,0.0,0.0,1.0,0.0,0.0,385
0.9166666666666666,0.3299492385786802,0.6875,-0.07312821817005527,-1.107981220657277,-0.01075268817204301,0.0,0.0,0.0,-0.5333333333333333,0.0,0.0,1.0,0.0,0.0,1672
0.8333333333333334,0.4619289340101524,-0.1875,0.13927936789351517,0.29107981220657275,-0.01075268817204301,0.0,0.0,0.16666666666666666,-0.6,1.0,0.0,1.0,0.0,0.0,1921
-0.5,-0.8934010152284265,-0.84375,-0.3098055405697065,0.29107981220657275,-0.01075268817204301,0.0,0.0,-0.6666666666666666,0.13333333333333333,1.0,0.0,0.0,1.0,0.0,38
-0.4166666666666667,-0.6192893401015228,-0.3125,-0.6833781561418334,-0.5690140845070423,-0.01075268817204301,0.0,0.0,-0.6666666666666666,0.7333333333333333,0.0,0.0,0.0,1.0,0.0,443
0.0,0.5939086294416244,1.0,-0.07312821817005527,-1.267605633802817,0.3333333333333333,2.0,0.0,0.3333333333333333,0.8,0.0,0.0,1.0,0.0,0.0,25
0.75,0.5279187817258882,0.4375,0.5138834935935143,0.29107981220657275,-0.01075268817204301,0.0,0.0,0.3333333333333333,0.6,1.0,0.0,1.0,0.0,0.0,1937
0.25,0.299492385786802,-1.03125,1.3208447570935795,0.29107981220657275,3.064516129032258,0.0,0.0,-0.3333333333333333,-0.26666666666666666,0.0,1.0,0.0,0.0,0.0,1074
-0.75,-0.3553299492385787,0.9375,-0.39575298507290857,-0.92018779342723,-0.01075268817204301,1.0,0.0,0.8333333333333334,0.3333333333333333,0.0,0.0,0.0,0.0,0.0,112
0.0,0.45177664974619286,1.25,-0.39575298507290857,-0.6995305164319249,0.48387096774193544,0.0,0.0,0.16666666666666666,-0.9333333333333333,0.0,0.0,1.0,0.0,0.0,218
-0.75,0.6040609137055837,0.84375,-0.4861165064064858,-0.48450704225352115,-0.01075268817204301,0.0,0.0,0.16666666666666666,0.26666666666666666,0.0,0.0,1.0,0.0,0.0,428
-0.75,-0.5025380710659899,0.875,0.5138834935935143,-1.3934272300469484,-0.01075268817204301,0.0,0.0,1.0,-0.8,0.0,0.0,0.0,1.0,0.0,65
0.4166666666666667,-0.30456852791878175,0.21875,1.4948257357364156,-1.0816901408450703,0.9354838709677419,0.0,0.0,-0.5,-0.5333333333333333,0.0,1.0,0.0,0.0,0.0,757
0.9166666666666666,-0.5431472081218274,0.5,0.2058418822217645,-1.1474178403755868,-0.01075268817204301,0.0,0.0,-0.5,-0.5333333333333333,0.0,1.0,0.0,0.0,0.0,315
-0.5,0.07106598984771575,0.21875,-0.91150831659757,-1.1887323943661972,-0.01075268817204301,0.0,0.0,-0.3333333333333333,0.9333333333333333,0.0,1.0,0.0,0.0,0.0,397
0.8333333333333334,-0.6091370558375635,0.78125,0.5713209318579696,-1.0826291079812207,-0.01075268817204301,0.0,2.6,1.0,0.13333333333333333,0.0,0.0,0.0,1.0,0.0,160
-0.75,0.24873096446700502,0.96875,0.0707286024015658,-1.1502347417840375,-0.01075268817204301,0.0,0.0,0.0,-0.6,0.0,0.0,1.0,0.0,0.0,275
-0.08333333333333333,0.5177664974619289,0.90625,-0.7926654504863353,0.10140845070422536,0.3225806451612903,0.0,0.0,0.5,-0.8666666666666667,0.0,0.0,0.0,0.0,0.0,443
0.5,0.9644670050761421,-0.90625,-0.07312821817005527,0.29107981220657275,1.129032258064516,0.0,0.0,0.3333333333333333,0.06666666666666667,0.0,0.0,1.0,0.0,0.0,2797
0.0,0.4771573604060913,-0.1875,-0.3098055405697065,-0.09295774647887324,1.9247311827956988,0.0,0.0,-0.16666666666666666,0.4,0.0,1.0,0.0,0.0,-1.0,1798
-0.75,-0.07614213197969544,0.90625,-0.4861165064064858,-1.307981220657277,-0.01075268817204301,0.0,0.0,-0.16666666666666666,-0.3333333333333333,0.0,1.0,0.0,0.0,0.0,252
-0.9166666666666666,-0.05583756345177664,0.25,-0.3098055405697065,-0.5549295774647888,-0.01075268817204301,0.0,0.0,0.6666666666666666,0.0,0.0,0.0,0.0,0.0,0.0,568
0.5833333333333334,1.101522842639594,-0.15625,0.5138834935935143,0.06009389671361502,0.46236559139784944,0.0,0.0,0.3333333333333333,-0.9333333333333333,0.0,0.0,1.0,0.0,0.0,1605
-0.3333333333333333,0.7614213197969544,0.21875,0.3336351996355,0.29107981220657275,0.9462365591397849,0.0,0.0,0.3333333333333333,-0.6,0.0,0.0,1.0,0.0,0.0,1695
-0.08333333333333333,-0.32487309644670054,-0.21875,0.13927936789351517,-0.8366197183098592,2.397849462365592,0.0,0.0,-0.5,0.4666666666666667,0.0,1.0,0.0,0.0,0.0,584
-0.9166666666666666,0.8172588832487311,0.375,-1.0429616152145371,0.23661971830985915,-0.01075268817204301,0.0,0.0,0.3333333333333333,-0.06666666666666667,0.0,0.0,1.0,0.0,-1.0,850
-1.0,-0.8121827411167513,-0.5625,1.0902852095090052,0.29107981220657275,-0.01075268817204301,0.0,0.0,1.0,-0.3333333333333333,0.0,0.0,0.0,1.0,0.0,125
0.25,-0.6091370558375635,-1.09375,0.8933144384752442,0.2892018779342723,0.8064516129032258,0.0,0.0,-0.8333333333333334,-0.9333333333333333,0.0,0.0,0.0,1.0,0.0,295
-0.16666666666666666,-1.5228426395939088,-0.75,1.0902852095090052,0.012206572769953052,0.6559139784946236,0.0,0.5,-0.8333333333333334,0.6666666666666666,0.0,0.0,0.0,1.0,0.0,96
-0.5833333333333334,0.11167512690355327,-1.78125,-0.7926654504863353,-0.07511737089201878,-0.01075268817204301,0.0,0.0,-0.16666666666666666,0.4,0.0,1.0,0.0,0.0,-1.0,182
0.4166666666666667,-1.015228426395939,-0.71875,1.365145862684823,0.29107981220657275,0.3225806451612903,0.0,0.0,-0.8333333333333334,-0.4,0.0,0.0,0.0,1.0,0.0,266
0.4166666666666667,-0.7817258883248731,-0.6875,0.2058418822217645,0.29107981220657275,0.25806451612903225,0.0,0.0,-0.8333333333333334,-0.8666666666666667,0.0,0.0,0.0,1.0,0.0,382
-0.3333333333333333,-0.6091370558375635,0.71875,0.9933397872392326,-0.4169014084507042,0.03225806451612903,0.0,0.0,-0.5,-1.0,0.0,1.0,0.0,0.0,-1.0,148
0.5,0.5279187817258882,1.21875,-1.3691539278131721,-0.6563380281690141,-0.01075268817204301,1.5,0.0,0.3333333333333333,0.8666666666666667,0.0,0.0,1.0,0.0,0.0,57
0.25,-0.9746192893401016,-1.0,1.5370407516912272,0.2863849765258216,2.075268817204301,0.0,0.0,-0.6666666666666666,-0.7333333333333333,0.0,0.0,0.0,1.0,0.0,169
-0.3333333333333333,-0.12690355329949238,0.65625,-0.5816560227957038,-1.2,0.021505376344086016,0.0,0.0,0.6666666666666666,0.4666666666666667,0.0,0.0,0.0,0.0,0.0,1423
-0.25,0.0,0.28125,0.2058418822217645,-0.7098591549295775,0.16129032258064516,0.0,0.0,-0.3333333333333333,-1.0,1.0,1.0,0.0,0.0,0.0,485
0.3333333333333333,0.9035532994923858,-0.78125,0.9933397872392326,-0.24694835680751173,2.5483870967741935,0.0,0.0,0.0,0.5333333333333333,1.0,0.0,1.0,0.0,0.0,1471
0.0,0.8984771573604061,-0.1875,0.3336351996355,-0.5530516431924882,3.172043010752688,0.0,0.0,0.16666666666666666,0.13333333333333333,0.0,0.0,1.0,0.0,0.0,780
0.0,-1.101522842639594,-0.8125,0.7368002283746548,0.15774647887323945,2.236559139784946,0.0,0.0,-0.6666666666666666,-0.6666666666666666,0.0,0.0,0.0,1.0,0.0,172
-0.4166666666666667,-0.3147208121827411,0.25,0.9933397872392326,0.29107981220657275,-0.01075268817204301,0.0,0.0,0.6666666666666666,0.7333333333333333,1.0,0.0,0.0,0.0,0.0,388
0.5,-0.7766497461928935,-0.6875,0.3951330286481768,0.29107981220657275,0.04301075268817204,0.0,1.6,-0.8333333333333334,1.0,0.0,0.0,0.0,1.0,0.0,403
-0.16666666666666666,-0.3553299492385787,-0.125,0.3336351996355,-1.100469483568075,0.2150537634408602,0.0,0.0,-0.6666666666666666,0.8,0.0,0.0,0.0,1.0,0.0,285
-0.9166666666666666,-0.6192893401015228,0.3125,-0.22768379202711048,0.04507042253521127,-0.01075268817204301,0.0,0.0,-0.6666666666666666,-0.13333333333333333,0.0,0.0,0.0,1.0,0.0,213
-0.4166666666666667,-0.8426395939086295,0.34375,-0.5816560227957038,-0.2563380281690141,-0.01075268817204301,0.0,0.0,-0.6666666666666666,0.6666666666666666,0.0,0.0,0.0,1.0,0.0,402
0.3333333333333333,0.7868020304568528,0.0,0.5138834935935143,-0.6600938967136151,2.5268817204301075,0.0,0.0,0.0,0.8666666666666667,0.0,0.0,1.0,0.0,0.0,1554
0.08333333333333333,-1.3604060913705585,-0.90625,0.7368002283746548,0.18685446009389672,1.3440860215053763,0.0,0.5,-0.8333333333333334,0.6666666666666666,0.0,0.0,0.0,1.0,0.0,115
-0.5,0.7309644670050761,0.1875,-0.91150831659757,0.29107981220657275,0.0,0.0,0.0,0.16666666666666666,1.0,0.0,0.0,1.0,0.0,0.0,584
-0.25,-0.10152284263959391,-0.4375,0.13927936789351517,0.12018779342723004,1.5268817204301073,0.0,0.0,-0.3333333333333333,-0.26666666666666666,0.0,1.0,0.0,0.0,0.0,952
0.4166666666666667,0.5888324873096448,0.40625,0.455183241303237,-0.8394366197183099,0.5053763440860215,0.0,0.0,0.0,0.7333333333333333,0.0,0.0,1.0,0.0,0.0,2115
0.9166666666666666,-0.07106598984771575,0.625,-0.07312821817005527,-1.07981220657277,-0.01075268817204301,0.0,0.0,-0.5,0.9333333333333333,0.0,1.0,0.0,0.0,0.0,678
-0.8333333333333334,0.10152284263959391,0.25,-0.14891824053188613,0.24694835680751173,-0.01075268817204301,0.0,0.0,-0.16666666666666666,-0.5333333333333333,0.0,1.0,0.0,0.0,0.0,287
0.8333333333333334,-0.5076142131979695,-0.5,0.7898955205469734,0.29107981220657275,-0.01075268817204301,0.0,0.0,-0.3333333333333333,-0.6,1.0,1.0,0.0,0.0,0.0,426
0.16666666666666666,0.1878172588832487,0.875,-0.14891824053188613,0.29107981220657275,0.9999999999999999,0.0,0.0,-0.16666666666666666,-0.6666666666666666,1.0,1.0,0.0,0.0,0.0,384
-0.9166666666666666,0.8071065989847716,0.03125,0.0,0.29107981220657275,-0.01075268817204301,0.0,0.0,0.3333333333333333,-0.26666666666666666,1.0,0.0,1.0,0.0,0.0,703
-0.9166666666666666,0.3553299492385787,1.0,-0.91150831659757,-1.3661971830985915,-0.01075268817204301,1.5,0.0,0.3333333333333333,0.7333333333333333,0.0,0.0,1.0,0.0,0.0,61
-0.75,0.17766497461928935,0.53125,0.13927936789351517,-0.37183098591549296,-0.01075268817204301,0.0,0.0,-0.3333333333333333,-0.8666666666666667,0.0,1.0,0.0,0.0,0.0,156
-0.5,-0.1472081218274112,1.03125,0.0707286024015658,-0.5868544600938967,-0.01075268817204301,1.5,0.0,0.8333333333333334,-0.5333333333333333,0.0,0.0,0.0,0.0,0.0,136
-1.0,-0.42131979695431476,0.8125,0.0,-0.8985915492957747,-0.01075268817204301,0.5,0.0,-0.5,-0.5333333333333333,0.0,1.0,0.0,0.0,0.0,49
-0.5833333333333334,-0.8883248730964467,0.6875,0.0,-0.4582159624413146,-0.01075268817204301,0.0,0.0,1.0,-0.9333333333333333,1.0,0.0,0.0,1.0,0.0,79
-0.5,0.7157360406091372,0.84375,-0.22768379202711048,-0.532394366197183,0.0,0.0,0.0,0.3333333333333333,-0.5333333333333333,0.0,0.0,1.0,0.0,0.0,614
-0.75,0.7614213197969544,0.15625,0.0707286024015658,0.29107981220657275,-0.01075268817204301,0.0,0.0,0.3333333333333333,-0.26666666666666666,1.0,0.0,1.0,0.0,0.0,387
0.0,-0.37055837563451777,0.21875,0.2705797236685667,-1.071361502347418,0.8387096774193549,0.0,0.0,-0.8333333333333334,-0.06666666666666667,0.0,0.0,0.0,1.0,0.0,311
-0.6666666666666666,-0.8578680203045684,0.5625,-2.15665183283064,0.27417840375586855,-0.01075268817204301,0.0,0.4,1.0,-0.6666666666666666,0.0,0.0,0.0,1.0,0.0,58
0.6666666666666666,0.09644670050761424,0.1875,0.3951330286481768,0.29107981220657275,-0.01075268817204301,0.0,0.0,0.6666666666666666,-1.0,0.0,0.0,0.0,0.0,0.0,1824
0.5,0.6903553299492386,-0.03125,0.8933144384752442,0.27887323943661974,0.9247311827956989,0.0,0.0,0.3333333333333333,0.6,1.0,0.0,1.0,0.0,0.0,2080
0.3333333333333333,0.6091370558375635,-0.40625,-0.07312821817005527,0.29107981220657275,1.064516129032258,0.0,0.0,0.5,-0.3333333333333333,0.0,0.0,0.0,0.0,0.0,1527
-0.16666666666666666,0.7055837563451777,0.40625,0.5713209318579696,-0.3333333333333333,1.3655913978494623,0.0,0.0,0.16666666666666666,-0.2,0.0,0.0,1.0,0.0,0.0,836
0.5,-0.24365482233502542,-0.90625,0.9933397872392326,0.29107981220657275,0.5161290322580645,0.0,0.0,-0.5,-0.6666666666666666,0.0,1.0,0.0,0.0,0.0,1246
0.08333333333333333,1.1776649746192895,-0.75,0.2058418822217645,0.20751173708920187,3.473118279569893,0.0,0.0,0.16666666666666666,0.4,1.0,0.0,1.0,0.0,0.0,569
0.4166666666666667,-0.969543147208122,-0.78125,1.6200554445948598,0.29107981220657275,0.5591397849462365,0.0,0.0,-0.6666666666666666,-0.8666666666666667,1.0,0.0,0.0,1.0,0.0,211
-0.8333333333333334,-0.27918781725888325,0.53125,-0.91150831659757,0.09014084507042254,-0.01075268817204301,0.0,0.0,0.6666666666666666,-0.2,1.0,0.0,0.0,0.0,0.0,512
0.8333333333333334,-0.751269035532995,-0.125,0.13927936789351517,0.29107981220657275,-0.01075268817204301,0.0,0.0,1.0,0.6,0.0,0.0,0.0,1.0,-1.0,176
0.08333333333333333,0.5786802030456852,-0.78125,1.3208447570935795,0.29107981220657275,2.7526881720430105,0.0,0.0,0.5,0.4,1.0,0.0,0.0,0.0,0.0,1409
-1.0,-1.1573604060913707,-0.375,-0.6833781561418334,0.26854460093896715,-0.01075268817204301,0.0,0.0,-0.8333333333333334,0.8666666666666667,0.0,0.0,0.0,1.0,0.0,80
0.16666666666666666,0.2639593908629441,-0.5625,-0.14891824053188613,0.29107981220657275,1.7741935483870965,0.0,0.0,0.6666666666666666,0.13333333333333333,0.0,0.0,0.0,0.0,0.0,1122
0.5833333333333334,0.5583756345177665,0.1875,0.9437305196070348,-0.676056338028169,0.48387096774193544,0.0,0.0,0.0,-0.5333333333333333,0.0,0.0,1.0,0.0,0.0,2797
0.5833333333333334,0.42639593908629436,1.21875,-0.22768379202711048,-1.1089201877934272,0.0,5.5,0.0,0.16666666666666666,-1.0,1.0,0.0,1.0,0.0,0.0,18
0.4166666666666667,0.5076142131979695,-0.78125,0.9933397872392326,0.22065727699530516,1.075268817204301,0.0,0.0,-0.16666666666666666,0.7333333333333333,1.0,1.0,0.0,0.0,0.0,2307
0.08333333333333333,-0.5685279187817259,-1.09375,0.9437305196070348,-0.059154929577464786,3.032258064516129,0.0,0.0,-0.5,-0.9333333333333333,0.0,1.0,0.0,0.0,0.0,375
-0.3333333333333333,-0.19289340101522848,0.03125,-0.7926654504863353,-0.12300469483568074,0.2258064516129032,0.0,0.0,0.6666666666666666,0.4,0.0,0.0,0.0,0.0,0.0,2111
-0.3333333333333333,0.3959390862944163,1.25,-0.14891824053188613,-0.6206572769953052,0.17204301075268816,0.5,0.0,0.3333333333333333,0.7333333333333333,0.0,0.0,1.0,0.0,0.0,328
-0.5833333333333334,-0.7258883248730965,0.875,0.7898955205469734,-1.2779342723004694,-0.01075268817204301,0.0,1.2,1.0,1.0,1.0,0.0,0.0,1.0,-1.0,22
-0.8333333333333334,0.5431472081218274,1.0625,1.1844188200176686,0.04225352112676056,-0.01075268817204301,0.0,0.0,0.3333333333333333,0.8666666666666667,0.0,0.0,1.0,0.0,0.0,243
-0.16666666666666666,-0.29441624365482233,1.15625,-0.39575298507290857,-0.9436619718309859,0.2903225806451613,1.5,0.0,-0.3333333333333333,-0.13333333333333333,1.0,1.0,0.0,0.0,0.0,43
0.3333333333333333,-0.7055837563451777,-0.84375,0.3336351996355,0.29107981220657275,0.6559139784946236,0.0,0.0,-0.8333333333333334,-0.8666666666666667,0.0,0.0,0.0,1.0,0.0,299
0.75,0.8223350253807107,0.4375,0.9933397872392326,0.2291079812206573,-0.01075268817204301,0.0,0.0,0.3333333333333333,-0.5333333333333333,0.0,0.0,1.0,0.0,0.0,1783
0.8333333333333334,-0.8984771573604061,0.3125,0.0707286024015658,-1.1145539906103286,-0.01075268817204301,0.0,0.0,-0.8333333333333334,-0.4666666666666667,0.0,0.0,0.0,1.0,0.0,166
0.75,0.4568527918781726,-0.28125,-0.07312821817005527,0.29107981220657275,-0.01075268817204301,0.0,0.0,0.5,-0.4,0.0,0.0,0.0,0.0,0.0,2090
0.8333333333333334,0.7664974619289341,0.3125,-0.39575298507290857,0.29107981220657275,-0.01075268817204301,0.0,0.0,0.3333333333333333,-0.06666666666666667,0.0,0.0,1.0,0.0,-1.0,1350
0.5,-0.8426395939086295,-0.5625,0.3951330286481768,0.29107981220657275,-0.01075268817204301,0.0,0.0,-0.8333333333333334,-0.8666666666666667,0.0,0.0,0.0,1.0,0.0,637
0.5,-0.8172588832487311,-0.59375,-0.07312821817005527,-0.08075117370892018,-0.01075268817204301,0.0,0.0,-0.8333333333333334,-0.8,0.0,0.0,0.0,1.0,0.0,603
0.75,-0.1878172588832487,-0.15625,-0.91150831659757,-0.4084507042253521,-0.01075268817204301,0.0,0.0,0.8333333333333334,-0.13333333333333333,0.0,0.0,0.0,0.0,0.0,1239
0.9166666666666666,-0.4720812182741117,-0.71875,0.13927936789351517,-0.20093896713615023,-0.01075268817204301,0.0,0.0,-0.5,-0.3333333333333333,1.0,1.0,0.0,0.0,0.0,288
0.0,0.23857868020304565,-0.625,-0.07312821817005527,0.16056338028169015,2.4086021505376345,0.0,0.0,0.6666666666666666,0.6,0.0,0.0,0.0,0.0,0.0,1188
-0.8333333333333334,-0.3147208121827411,1.21875,-0.39575298507290857,-1.2704225352112677,-0.01075268817204301,1.5,0.0,-0.3333333333333333,-0.6666666666666666,0.0,1.0,0.0,0.0,0.0,27
-0.08333333333333333,-0.5888324873096447,-1.0,-0.39575298507290857,-0.18497652582159624,0.8279569892473118,0.0,0.0,-0.8333333333333334,0.3333333333333333,1.0,0.0,0.0,1.0,0.0,216
-0.9166666666666666,-0.7258883248730965,0.03125,-1.0429616152145371,-1.2112676056338028,-0.01075268817204301,0.0,0.0,-0.8333333333333334,0.3333333333333333,1.0,0.0,0.0,1.0,0.0,177
0.16666666666666666,1.0609137055837563,0.25,0.2058418822217645,-0.6854460093896714,1.8709677419354838,0.2,0.0,0.16666666666666666,0.8,1.0,0.0,1.0,0.0,0.0,314
0.5833333333333334,-0.4720812182741117,-0.71875,0.682712243030312,0.19154929577464788,-0.01075268817204301,0.0,0.0,0.8333333333333334,0.9333333333333333,0.0,0.0,0.0,0.0,0.0,1003
0.0,0.49238578680203043,-0.46875,-0.07312821817005527,0.29107981220657275,2.924731182795699,0.0,0.0,0.5,0.7333333333333333,0.0,0.0,0.0,0.0,0.0,1189
-0.6666666666666666,-0.07106598984771575,0.375,-1.1921678124288753,-0.8103286384976526,-0.01075268817204301,0.0,0.0,-0.3333333333333333,-1.0,1.0,1.0,0.0,0.0,0.0,147
-0.6666666666666666,-0.29949238578680204,-0.15625,-1.0429616152145371,0.2300469483568075,-0.01075268817204301,0.0,0.0,-0.3333333333333333,0.06666666666666667,0.0,1.0,0.0,0.0,0.0,110
-0.25,0.8629441624365483,-0.09375,-0.4861165064064858,0.20375586854460093,1.8279569892473118,0.0,0.0,0.16666666666666666,0.4,1.0,0.0,1.0,0.0,0.0,526
0.08333333333333333,-0.1878172588832487,-0.75,0.2058418822217645,0.231924882629108,2.4623655913978495,0.0,0.0,0.6666666666666666,0.9333333333333333,0.0,0.0,0.0,0.0,0.0,847
-0.25,0.30456852791878175,-0.40625,-0.14891824053188613,-0.6525821596244131,2.010752688172043,0.0,0.0,-0.16666666666666666,0.6,0.0,1.0,0.0,0.0,0.0,1121
-0.9166666666666666,0.8477157360406091,0.0,-0.6833781561418334,0.29107981220657275,-0.01075268817204301,0.0,0.0,0.16666666666666666,1.0,0.0,0.0,1.0,0.0,0.0,695
0.4166666666666667,0.17766497461928935,-0.3125,0.455183241303237,0.28075117370892017,0.6236559139784945,0.0,0.0,0.6666666666666666,0.5333333333333333,0.0,0.0,0.0,0.0,0.0,1904
-0.9166666666666666,-1.116751269035533,0.09375,-0.22768379202711048,0.20469483568075117,-0.01075268817204301,0.0,0.0,-0.6666666666666666,-0.5333333333333333,0.0,0.0,0.0,1.0,0.0,126
0.25,0.3502538071065989,-0.4375,0.13927936789351517,-0.9389671361502347,1.5268817204301073,0.0,0.0,0.6666666666666666,-0.06666666666666667,0.0,0.0,0.0,0.0,0.0,1183
0.75,0.015228426395939123,0.28125,0.5713209318579696,0.19436619718309858,-0.01075268817204301,0.0,0.0,0.6666666666666666,-0.13333333333333333,1.0,0.0,0.0,0.0,0.0,1261
0.6666666666666666,-0.9340101522842639,-0.0625,0.3336351996355,0.29107981220657275,-0.01075268817204301,0.0,2.0,1.0,0.2,0.0,0.0,0.0,1.0,0.0,225
-0.3333333333333333,0.7766497461928935,-0.03125,-0.07312821817005527,0.29107981220657275,1.1505376344086022,0.0,0.0,0.16666666666666666,0.9333333333333333,0.0,0.0,1.0,0.0,0.0,1646
-0.08333333333333333,-0.10659898477157359,-0.34375,-0.5816560227957038,-0.7643192488262911,1.6774193548387097,0.0,0.0,0.8333333333333334,-0.2,0.0,0.0,0.0,0.0,0.0,789
0.08333333333333333,0.0812182741116751,-0.625,0.2705797236685667,-0.6572769953051644,1.8602150537634408,0.0,0.0,0.8333333333333334,-0.06666666666666667,0.0,0.0,0.0,0.0,0.0,883
-0.75,-0.44670050761421326,-0.40625,1.2759719533904954,0.29107981220657275,-0.01075268817204301,0.0,0.0,-0.5,0.26666666666666666,0.0,1.0,0.0,0.0,0.0,95
0.16666666666666666,-0.6598984771573604,0.59375,-0.4861165064064858,-1.2450704225352112,0.17204301075268816,0.0,4.2,1.0,0.13333333333333333,0.0,0.0,0.0,1.0,0.0,116
0.6666666666666666,-0.5380710659898477,0.28125,-0.22768379202711048,-1.424413145539906,-0.01075268817204301,0.0,0.0,-0.8333333333333334,0.26666666666666666,1.0,0.0,0.0,1.0,0.0,219
0.08333333333333333,0.4974619289340102,-0.375,0.2058418822217645,-0.9446009389671362,3.172043010752688,0.0,0.0,-0.3333333333333333,0.9333333333333333,0.0,1.0,0.0,0.0,0.0,1019
-0.5833333333333334,0.583756345177665,0.65625,-1.1921678124288753,-0.2028169014084507,-0.01075268817204301,0.0,0.0,0.16666666666666666,0.3333333333333333,1.0,0.0,1.0,0.0,0.0,292
-1.0,-0.4720812182741117,0.59375,0.3951330286481768,-0.7699530516431925,-0.01075268817204301,0.0,0.0,0.8333333333333334,0.06666666666666667,1.0,0.0,0.0,0.0,0.0,626
0.8333333333333334,0.3299492385786802,0.40625,-0.39575298507290857,0.29107981220657275,-0.01075268817204301,0.0,0.0,0.0,-0.26666666666666666,0.0,0.0,1.0,0.0,0.0,2309
-0.5,-1.0609137055837563,-0.71875,0.9933397872392326,0.29107981220657275,-0.01075268817204301,0.0,0.0,1.0,-0.7333333333333333,0.0,0.0,0.0,1.0,0.0,172
0.5,-0.2081218274111675,-1.09375,0.8420508501474621,0.2863849765258216,0.5806451612903226,0.0,0.0,-0.5,-0.3333333333333333,1.0,1.0,0.0,0.0,0.0,776
-0.6666666666666666,0.5888324873096448,0.78125,0.0,-0.3323943661971831,-0.01075268817204301,0.0,0.0,0.16666666666666666,-0.13333333333333333,1.0,0.0,1.0,0.0,0.0,307
-0.9166666666666666,0.6802030456852791,0.84375,-1.3691539278131721,-0.5906103286384976,-0.01075268817204301,0.0,0.0,0.3333333333333333,-0.4,0.0,0.0,1.0,0.0,0.0,708
-0.8333333333333334,0.3096446700507615,0.65625,-0.5816560227957038,-0.9652582159624413,-0.01075268817204301,0.0,0.0,0.0,0.26666666666666666,0.0,0.0,1.0,0.0,0.0,576
0.6666666666666666,-1.101522842639594,-0.90625,1.137688257706579,0.29107981220657275,-0.01075268817204301,0.0,0.0,-0.6666666666666666,-0.8,1.0,0.0,0.0,1.0,0.0,98
-0.5833333333333334,-0.2081218274111675,1.125,-0.14891824053188613,0.29107981220657275,-0.01075268817204301,0.0,0.0,-0.3333333333333333,0.5333333333333333,0.0,1.0,0.0,0.0,0.0,77
0.8333333333333334,-0.6598984771573604,-0.59375,-0.4861165064064858,0.20375586854460093,-0.01075268817204301,0.0,0.0,-0.5,-0.9333333333333333,0.0,1.0,0.0,0.0,0.0,414
-0.8333333333333334,-0.9035532994923858,-0.125,-0.39575298507290857,0.2140845070422535,-0.01075268817204301,0.0,0.0,1.0,-0.5333333333333333,0.0,0.0,0.0,1.0,0.0,131
-0.5,0.05583756345177664,0.75,-0.39575298507290857,0.29107981220657275,-0.01075268817204301,0.0,0.0,0.5,0.8666666666666667,1.0,0.0,0.0,0.0,0.0,290
0.25,-0.40609137055837563,-0.8125,0.9437305196070348,0.26103286384976526,0.7634408602150536,0.0,0.0,1.0,-0.6666666666666666,0.0,0.0,0.0,1.0,0.0,412
-0.4166666666666667,0.3451776649746193,0.53125,0.2058418822217645,-0.29859154929577464,0.06451612903225806,0.0,0.0,0.5,-0.6,0.0,0.0,0.0,0.0,0.0,1346
0.9166666666666666,0.6954314720812182,-0.0625,-0.6833781561418334,-0.7230046948356808,-0.01075268817204301,0.0,0.0,0.0,0.6,0.0,0.0,1.0,0.0,0.0,1437
0.16666666666666666,-1.2487309644670053,-0.96875,1.2759719533904954,0.27230046948356806,1.3333333333333333,0.0,0.8,-0.8333333333333334,0.5333333333333333,0.0,0.0,0.0,1.0,0.0,125
0.6666666666666666,-0.18274111675126903,-0.125,0.13927936789351517,0.1671361502347418,-0.01075268817204301,0.0,0.0,0.8333333333333334,-1.0,0.0,0.0,0.0,0.0,0.0,1269
-0.6666666666666666,-0.7106598984771574,0.5625,-0.7926654504863353,0.26009389671361505,-0.01075268817204301,0.0,0.0,-0.5,-0.6666666666666666,0.0,1.0,0.0,0.0,0.0,79
0.0,1.0101522842639594,-0.09375,0.682712243030312,-0.03943661971830986,2.236559139784946,0.0,0.0,0.3333333333333333,-0.2,0.0,0.0,1.0,0.0,0.0,724
-0.25,0.48730964467005083,-0.15625,0.13927936789351517,-0.6366197183098592,2.010752688172043,0.0,0.0,0.0,-1.0,0.0,0.0,1.0,0.0,0.0,1219
0.5,-0.2081218274111675,-0.1875,1.0902852095090052,0.29107981220657275,0.01075268817204301,0.0,0.0,0.6666666666666666,0.8666666666666667,0.0,0.0,0.0,0.0,0.0,1987
-0.9166666666666666,-0.3553299492385787,0.09375,-0.91150831659757,0.09201877934272301,-0.01075268817204301,0.0,0.0,0.8333333333333334,-0.13333333333333333,0.0,0.0,0.0,0.0,0.0,517
0.25,-0.3654822335025381,-0.6875,0.682712243030312,-0.6563380281690141,1.2795698924731183,0.0,0.0,-0.6666666666666666,0.2,0.0,0.0,0.0,1.0,0.0,392
-0.75,-0.1421319796954315,0.5,-0.14891824053188613,0.29107981220657275,-0.01075268817204301,0.0,0.0,-0.16666666666666666,0.2,1.0,1.0,0.0,0.0,0.0,320
-0.3333333333333333,0.1421319796954315,-0.53125,-0.5816560227957038,0.27417840375586855,0.25806451612903225,0.0,0.0,-0.3333333333333333,0.4,1.0,1.0,0.0,0.0,0.0,429
0.75,-0.22335025380710663,0.59375,1.137688257706579,-0.5417840375586854,-0.01075268817204301,0.0,0.0,-0.3333333333333333,-0.13333333333333333,1.0,1.0,0.0,0.0,0.0,633
0.25,-0.7411167512690355,-0.875,0.7898955205469734,0.26854460093896715,1.021505376344086,0.0,0.0,-0.8333333333333334,-0.8666666666666667,0.0,0.0,0.0,1.0,0.0,286
-0.5833333333333334,-0.5939086294416244,0.84375,0.7368002283746548,-1.3859154929577464,-0.01075268817204301,0.0,0.0,-0.6666666666666666,0.5333333333333333,1.0,0.0,0.0,1.0,0.0,58
-1.0,-0.3299492385786802,-0.09375,-0.4861165064064858,0.16150234741784036,-0.01075268817204301,0.0,0.0,0.8333333333333334,-0.13333333333333333,0.0,0.0,0.0,0.0,0.0,612
-0.5,-1.101522842639594,0.28125,-0.4861165064064858,0.02629107981220657,-0.01075268817204301,0.0,2.0,1.0,0.26666666666666666,0.0,0.0,0.0,1.0,0.0,97
0.0,-0.48223350253807107,-1.0625,1.137688257706579,0.0892018779342723,2.172043010752688,0.0,0.0,-0.6666666666666666,0.26666666666666666,0.0,0.0,0.0,1.0,0.0,356
0.75,-0.24365482233502542,-0.25,0.13927936789351517,-1.1511737089201879,-0.01075268817204301,0.0,0.0,-0.5,-0.26666666666666666,0.0,1.0,0.0,0.0,0.0,771
0.9166666666666666,0.3553299492385787,0.15625,0.455183241303237,0.2,-0.01075268817204301,0.0,0.0,-0.16666666666666666,1.0,0.0,1.0,0.0,0.0,0.0,1343
-0.4166666666666667,-1.0355329949238579,-0.28125,0.5713209318579696,0.26666666666666666,-0.01075268817204301,0.0,0.0,-0.8333333333333334,-0.8666666666666667,0.0,0.0,0.0,1.0,0.0,308
-0.8333333333333334,-0.44670050761421326,0.65625,0.0,-1.1492957746478873,-0.01075268817204301,0.0,0.0,-0.5,-0.3333333333333333,1.0,1.0,0.0,0.0,0.0,171
0.8333333333333334,-0.4619289340101523,-0.4375,-0.3098055405697065,0.29107981220657275,-0.01075268817204301,0.0,0.0,0.8333333333333334,0.06666666666666667,1.0,0.0,0.0,0.0,0.0,655
0.4166666666666667,-0.4568527918781726,-0.1875,-0.3098055405697065,-0.4187793427230047,0.17204301075268816,0.0,0.0,-0.8333333333333334,-0.13333333333333333,1.0,0.0,0.0,1.0,0.0,302
-0.5,-0.20304568527918782,0.875,-0.7926654504863353,-1.3014084507042254,-0.01075268817204301,0.0,0.0,0.8333333333333334,-0.4,1.0,0.0,0.0,0.0,0.0,167
-1.0,-0.6142131979695431,1.09375,-0.91150831659757,-1.3615023474178405,-0.01075268817204301,0.0,0.9,1.0,-0.6,0.0,0.0,0.0,1.0,0.0,198
0.08333333333333333,-0.1878172588832487,0.40625,0.13927936789351517,-1.2488262910798122,0.3440860215053763,0.0,0.0,0.8333333333333334,-0.3333333333333333,1.0,0.0,0.0,0.0,0.0,758
0.6666666666666666,-1.3705583756345179,-0.75,0.5713209318579696,0.29107981220657275,-0.01075268817204301,0.0,0.5,-0.8333333333333334,0.6,0.0,0.0,0.0,1.0,0.0,141
-0.9166666666666666,-0.2284263959390863,-0.65625,-0.39575298507290857,0.28544600938967135,-0.01075268817204301,0.0,0.0,-0.3333333333333333,0.06666666666666667,0.0,1.0,0.0,0.0,0.0,421
0.5833333333333334,0.9390862944162437,0.59375,0.3951330286481768,-0.9370892018779343,0.09677419354838711,1.0,0.0,0.3333333333333333,-0.26666666666666666,1.0,0.0,1.0,0.0,0.0,1117
-0.75,-0.7817258883248731,0.3125,-0.39575298507290857,-0.107981220657277,-0.01075268817204301,0.0,0.0,-0.6666666666666666,0.6666666666666666,0.0,0.0,0.0,1.0,0.0,46
-0.9166666666666666,0.6243654822335026,0.65625,-1.0429616152145371,0.29107981220657275,-0.01075268817204301,0.0,0.0,0.16666666666666666,0.06666666666666667,0.0,0.0,1.0,0.0,0.0,692
-0.5,0.23857868020304565,0.8125,-0.7926654504863353,-1.1661971830985915,0.05376344086021505,0.0,0.0,0.0,0.4,0.0,0.0,1.0,0.0,0.0,710
-0.5833333333333334,-0.18274111675126903,0.375,-0.3098055405697065,-0.828169014084507,-0.01075268817204301,0.0,0.0,-0.3333333333333333,0.7333333333333333,0.0,1.0,0.0,0.0,0.0,170
0.4166666666666667,0.7614213197969544,0.09375,0.682712243030312,-0.6347417840375587,1.4193548387096775,0.0,0.0,0.0,0.8666666666666667,0.0,0.0,1.0,0.0,0.0,2099
-0.5,0.30456852791878175,0.125,0.0,0.29107981220657275,0.021505376344086016,0.0,0.0,0.16666666666666666,-0.6,1.0,0.0,1.0,0.0,0.0,396
0.16666666666666666,-0.19289340101522848,-0.71875,0.2705797236685667,0.09014084507042254,0.8494623655913979,0.0,0.0,0.8333333333333334,0.06666666666666667,1.0,0.0,0.0,0.0,0.0,969
0.75,0.42131979695431476,-0.21875,0.3951330286481768,0.24413145539906103,-0.01075268817204301,0.0,0.0,-0.16666666666666666,0.8,0.0,1.0,0.0,0.0,0.0,2140
-0.08333333333333333,0.7258883248730965,-0.34375,-0.14891824053188613,-0.7305164319248826,1.8924731182795698,0.0,0.0,0.0,0.6,0.0,0.0,1.0,0.0,0.0,968
0.5833333333333334,-1.2385786802030456,-0.40625,0.8933144384752442,0.29107981220657275,-0.01075268817204301,0.0,0.0,-0.8333333333333334,-0.3333333333333333,0.0,0.0,0.0,1.0,0.0,251
-0.08333333333333333,0.8984771573604061,-0.375,0.2705797236685667,0.11267605633802817,2.913978494623656,0.0,0.0,0.3333333333333333,0.26666666666666666,0.0,0.0,1.0,0.0,0.0,766
-0.5833333333333334,0.36548223350253806,0.96875,-0.7926654504863353,-0.5539906103286385,-0.01075268817204301,0.0,0.0,0.3333333333333333,0.6666666666666666,1.0,0.0,1.0,0.0,0.0,188
-0.8333333333333334,0.6751269035532995,0.1875,-0.7926654504863353,0.29107981220657275,-0.01075268817204301,0.0,0.0,0.16666666666666666,0.4,1.0,0.0,1.0,0.0,0.0,587
-0.75,-0.42131979695431476,0.78125,-0.5816560227957038,-1.408450704225352,-0.01075268817204301,0.0,0.0,1.0,0.5333333333333333,1.0,0.0,0.0,1.0,-1.0,149
-0.9166666666666666,-0.32487309644670054,0.65625,1.1844188200176686,-0.02629107981220657,-0.01075268817204301,0.0,0.0,-0.3333333333333333,-0.06666666666666667,1.0,1.0,0.0,0.0,0.0,349
-1.0,-0.2690355329949239,0.125,-0.14891824053188613,0.29107981220657275,-0.01075268817204301,0.0,0.0,0.6666666666666666,-0.26666666666666666,0.0,0.0,0.0,0.0,0.0,706
0.75,-0.8578680203045684,-0.53125,-0.4861165064064858,0.29107981220657275,-0.01075268817204301,0.0,1.6,-0.8333333333333334,1.0,0.0,0.0,0.0,1.0,0.0,229
0.75,-0.010152284263959355,-0.0625,0.3336351996355,-0.12769953051643193,-0.01075268817204301,0.0,0.0,0.6666666666666666,0.26666666666666666,1.0,0.0,0.0,0.0,0.0,1249
-1.0,-0.9543147208121828,0.625,1.2759719533904954,-0.7474178403755869,-0.01075268817204301,0.0,1.0,-0.8333333333333334,0.4666666666666667,0.0,0.0,0.0,1.0,0.0,96
0.5833333333333334,-0.9898477157360407,-0.8125,1.1844188200176686,0.29107981220657275,-0.01075268817204301,0.0,0.0,-0.8333333333333334,0.8,1.0,0.0,0.0,1.0,0.0,134
0.25,-0.0812182741116751,-1.21875,1.0421797791354965,0.14835680751173708,1.4086021505376345,0.0,0.0,0.8333333333333334,0.26666666666666666,0.0,0.0,0.0,0.0,0.0,861
-0.6666666666666666,-0.20304568527918782,0.9375,-0.7926654504863353,-1.3370892018779343,-0.01075268817204301,0.0,0.0,0.8333333333333334,-0.4,1.0,0.0,0.0,0.0,0.0,223
-0.4166666666666667,-0.8629441624365483,0.8125,0.0707286024015658,-0.692018779342723,-0.01075268817204301,0.0,3.5,-0.8333333333333334,1.0,0.0,0.0,0.0,1.0,0.0,124
-0.5,0.4974619289340102,0.8125,-1.3691539278131721,-0.7652582159624414,0.01075268817204301,0.0,0.0,0.16666666666666666,0.2,0.0,0.0,1.0,0.0,0.0,672
-0.5,0.3451776649746193,0.4375,0.0707286024015658,0.29107981220657275,-0.01075268817204301,0.0,0.0,0.5,-0.2,0.0,0.0,0.0,0.0,0.0,655
-0.8333333333333334,-0.5939086294416244,0.75,0.8420508501474621,-1.2816901408450705,-0.01075268817204301,0.0,0.0,-0.3333333333333333,-0.6,1.0,1.0,0.0,0.0,0.0,123
-1.0,-0.050761421319796954,0.0,-0.4861165064064858,0.1755868544600939,-0.01075268817204301,0.0,0.0,0.6666666666666666,0.6666666666666666,0.0,0.0,0.0,0.0,0.0,753
0.5833333333333334,0.5482233502538072,1.1875,-0.91150831659757,-0.6873239436619718,0.10752688172043011,4.0,0.0,0.0,0.9333333333333333,1.0,0.0,1.0,0.0,0.0,481
-0.3333333333333333,0.05583756345177664,0.4375,-0.39575298507290857,0.19342723004694837,0.4516129032258064,0.0,0.0,0.6666666666666666,-0.6,1.0,0.0,0.0,0.0,0.0,589
-0.25,0.416243654822335,-0.28125,-0.3098055405697065,0.10892018779342723,2.053763440860215,0.0,0.0,-0.16666666666666666,0.8,0.0,1.0,0.0,0.0,0.0,1131
-0.4166666666666667,-0.29441624365482233,-0.28125,-1.0429616152145371,-0.5446009389671361,0.1935483870967742,0.0,0.0,-0.3333333333333333,0.2,0.0,1.0,0.0,0.0,0.0,254
0.75,-1.1624365482233503,-0.3125,0.3336351996355,0.29107981220657275,-0.01075268817204301,0.0,0.0,-0.8333333333333334,-0.4,0.0,0.0,0.0,1.0,0.0,214
-0.16666666666666666,-0.6649746192893401,1.25,0.2058418822217645,-1.3924882629107982,-0.01075268817204301,0.0,8.8,0.8333333333333334,0.5333333333333333,1.0,0.0,0.0,0.0,0.0,62
0.5,0.852791878172589,-0.03125,0.13927936789351517,0.29107981220657275,0.8494623655913979,0.0,0.0,0.3333333333333333,0.3333333333333333,0.0,0.0,1.0,0.0,0.0,2830
-0.16666666666666666,-0.3197969543147208,-0.4375,0.0,-1.0619718309859154,0.4408602150537634,0.0,0.0,-0.5,0.5333333333333333,1.0,1.0,0.0,0.0,0.0,494
0.16666666666666666,-0.0406091370558376,1.1875,0.2705797236685667,-1.3474178403755868,0.08602150537634408,5.5,0.0,0.6666666666666666,0.6666666666666666,0.0,0.0,0.0,0.0,0.0,147
0.6666666666666666,-0.7258883248730965,0.875,0.8420508501474621,-0.8018779342723005,-0.01075268817204301,0.0,1.0,-0.8333333333333334,0.4,0.0,0.0,0.0,1.0,0.0,181
0.16666666666666666,0.24365482233502542,-0.4375,0.455183241303237,-0.1699530516431925,2.602150537634409,0.0,0.0,-0.5,-0.2,0.0,1.0,0.0,0.0,0.0,705
0.6666666666666666,0.3299492385786802,-0.34375,0.682712243030312,-0.2591549295774648,0.04301075268817204,0.0,0.0,-0.16666666666666666,0.5333333333333333,0.0,1.0,0.0,0.0,0.0,1902
-0.6666666666666666,-1.2741116751269037,-0.3125,0.3951330286481768,0.27417840375586855,-0.01075268817204301,0.0,0.0,1.0,-0.26666666666666666,0.0,0.0,0.0,1.0,0.0,46
-0.5,-0.9644670050761421,-1.03125,-0.91150831659757,0.29107981220657275,-0.01075268817204301,0.0,0.0,1.0,0.8,0.0,0.0,0.0,1.0,0.0,103
0.8333333333333334,0.19289340101522848,0.59375,0.13927936789351517,-0.8347417840375587,-0.01075268817204301,0.0,0.0,-0.16666666666666666,0.9333333333333333,0.0,1.0,0.0,0.0,0.0,1732
0.25,1.218274111675127,-0.75,0.3336351996355,0.11830985915492957,2.4838709677419355,0.0,0.0,0.16666666666666666,0.4,1.0,0.0,1.0,0.0,0.0,632
0.0,0.5380710659898478,0.5,0.455183241303237,-0.6553990610328638,2.3010752688172045,0.0,0.0,0.0,0.7333333333333333,0.0,0.0,1.0,0.0,0.0,1145
0.75,0.0406091370558376,0.46875,-0.39575298507290857,-0.29671361502347415,-0.01075268817204301,0.0,0.0,0.6666666666666666,0.0,0.0,0.0,0.0,0.0,0.0,1618
0.08333333333333333,0.20304568527918782,-0.09375,0.9437305196070348,-0.5868544600938967,1.7419354838709675,0.0,0.0,-0.5,0.8,0.0,1.0,0.0,0.0,0.0,723
0.0,1.0000000000000002,0.0625,0.682712243030312,-0.37652582159624415,2.537634408602151,0.0,0.0,0.3333333333333333,-0.6666666666666666,0.0,0.0,1.0,0.0,0.0,613
0.08333333333333333,-0.7614213197969544,-0.75,1.2759719533904954,0.29107981220657275,1.258064516129032,0.0,0.0,1.0,0.6,0.0,0.0,0.0,1.0,-1.0,244
0.25,-0.4619289340101523,-0.34375,-0.07312821817005527,-0.5417840375586854,0.8279569892473118,0.0,1.0,1.0,0.3333333333333333,0.0,0.0,0.0,1.0,0.0,316
0.16666666666666666,-0.23350253807106597,1.15625,-0.14891824053188613,-0.5267605633802817,0.30107526881720426,0.5,0.0,-0.3333333333333333,-0.13333333333333333,1.0,1.0,0.0,0.0,0.0,122
0.4166666666666667,-0.41116751269035534,-1.1875,-0.91150831659757,0.29107981220657275,0.27956989247311825,0.0,0.0,0.8333333333333334,0.4666666666666667,0.0,0.0,0.0,0.0,0.0,1101
-0.5,0.299492385786802,0.8125,0.0707286024015658,-1.1661971830985915,0.021505376344086016,0.0,0.0,0.0,0.26666666666666666,0.0,0.0,1.0,0.0,0.0,714
-0.08333333333333333,0.6700507614213198,-0.84375,-0.3098055405697065,0.0863849765258216,3.032258064516129,0.0,0.0,0.0,-0.8666666666666667,1.0,0.0,1.0,0.0,0.0,977
0.6666666666666666,-0.0406091370558376,0.0625,-0.22768379202711048,-0.48169014084507045,-0.01075268817204301,0.0,0.0,0.8333333333333334,-0.8,1.0,0.0,0.0,0.0,0.0,1077
0.5833333333333334,0.9949238578680204,0.0,0.455183241303237,-0.018779342723004695,0.46236559139784944,0.0,0.0,0.16666666666666666,0.5333333333333333,0.0,0.0,1.0,0.0,0.0,1968
0.16666666666666666,-0.2893401015228427,-1.15625,0.455183241303237,0.29107981220657275,1.7849462365591395,0.0,0.0,0.8333333333333334,0.9333333333333333,0.0,0.0,0.0,0.0,0.0,761
-0.3333333333333333,-0.5786802030456853,0.25,-0.3098055405697065,-0.12300469483568074,0.0,0.0,0.0,-0.6666666666666666,-0.13333333333333333,0.0,0.0,0.0,1.0,0.0,606
-0.9166666666666666,0.2690355329949239,0.84375,-0.91150831659757,-1.128638497652582,-0.01075268817204301,0.0,0.0,-0.16666666666666666,0.9333333333333333,0.0,1.0,0.0,0.0,0.0,570
0.25,0.27918781725888325,-0.59375,0.2705797236685667,0.29107981220657275,1.8387096774193548,0.0,0.0,0.6666666666666666,0.13333333333333333,0.0,0.0,0.0,0.0,0.0,1203
0.8333333333333334,0.08629441624365479,-0.6875,-0.22768379202711048,0.29014084507042254,-0.01075268817204301,0.0,0.0,-0.3333333333333333,0.6,0.0,1.0,0.0,0.0,0.0,1382
0.0,-0.416243654822335,0.40625,-0.4861165064064858,-1.3746478873239436,1.8494623655913978,0.0,1.7,-0.6666666666666666,0.4666666666666667,0.0,0.0,0.0,1.0,0.0,283
0.8333333333333334,0.5279187817258882,0.46875,-0.5816560227957038,-0.5558685446009389,-0.01075268817204301,0.0,0.0,0.0,0.5333333333333333,1.0,0.0,1.0,0.0,0.0,1801
-0.5833333333333334,-0.6497461928934011,0.28125,-0.6833781561418334,-0.9417840375586854,-0.01075268817204301,0.0,0.0,1.0,0.8666666666666667,0.0,0.0,0.0,1.0,0.0,67
0.08333333333333333,0.8883248730964467,-0.125,0.2705797236685667,0.29107981220657275,0.8387096774193549,0.0,0.0,0.3333333333333333,0.4666666666666667,0.0,0.0,1.0,0.0,0.0,584
0.0,0.13705583756345174,-0.875,0.6275737112096174,0.2300469483568075,2.623655913978495,0.0,0.0,0.6666666666666666,0.06666666666666667,0.0,0.0,0.0,0.0,0.0,1088
-0.08333333333333333,0.3502538071065989,1.28125,-0.4861165064064858,-1.3051643192488263,0.25806451612903225,2.5,0.0,-0.16666666666666666,0.06666666666666667,0.0,1.0,0.0,0.0,0.0,182
-0.8333333333333334,0.36548223350253806,0.03125,0.0,0.29107981220657275,-0.01075268817204301,0.0,0.0,0.16666666666666666,-0.6,1.0,0.0,1.0,0.0,0.0,760
-0.4166666666666667,0.5076142131979695,0.90625,-1.3691539278131721,0.20469483568075117,0.3978494623655914,0.0,0.0,0.16666666666666666,-0.8666666666666667,0.0,0.0,1.0,0.0,0.0,1308
0.16666666666666666,0.918781725888325,-0.71875,0.8420508501474621,-0.6009389671361502,3.3440860215053765,0.0,0.0,0.0,0.5333333333333333,1.0,0.0,1.0,0.0,0.0,1064
-1.0,-0.11675126903553304,0.15625,-2.15665183283064,-0.07230046948356808,-0.01075268817204301,0.0,0.0,0.6666666666666666,0.3333333333333333,1.0,0.0,0.0,0.0,0.0,848
-0.3333333333333333,-0.49238578680203043,-0.3125,-0.5816560227957038,-0.4328638497652582,0.05376344086021505,0.0,0.0,-0.5,-0.26666666666666666,0.0,1.0,0.0,0.0,0.0,1066
0.9166666666666666,0.3502538071065989,1.21875,-0.7926654504863353,-0.5192488262910798,-0.01075268817204301,1.0,0.0,0.16666666666666666,-0.4666666666666667,0.0,0.0,1.0,0.0,0.0,40
-0.9166666666666666,0.36548223350253806,-0.3125,-0.4861165064064858,0.27887323943661974,-0.01075268817204301,0.0,0.0,0.0,-0.8,0.0,0.0,1.0,0.0,0.0,596
0.9166666666666666,-0.40609137055837563,0.71875,-0.7926654504863353,-1.4131455399061033,-0.01075268817204301,0.0,0.0,1.0,0.4666666666666667,1.0,0.0,0.0,1.0,0.0,237
-0.5,0.6142131979695432,1.125,-0.3098055405697065,-0.7868544600938967,0.0,0.0,0.0,0.16666666666666666,-0.26666666666666666,0.0,0.0,1.0,0.0,0.0,593
-0.75,0.5583756345177665,1.25,-0.5816560227957038,-1.339906103286385,-0.01075268817204301,0.5,0.0,0.16666666666666666,-0.3333333333333333,0.0,0.0,1.0,0.0,0.0,157
0.16666666666666666,0.5685279187817259,0.46875,0.8420508501474621,-0.9107981220657277,1.5483870967741935,0.0,0.0,0.0,0.7333333333333333,0.0,0.0,1.0,0.0,0.0,1243
-0.75,-1.2741116751269037,-0.6875,0.9933397872392326,0.28356807511737087,-0.01075268817204301,0.0,0.0,-0.6666666666666666,-0.6666666666666666,0.0,0.0,0.0,1.0,0.0,36
-0.3333333333333333,0.6192893401015228,0.28125,-0.4861165064064858,0.26854460093896715,0.6774193548387096,0.0,0.0,0.3333333333333333,0.4,0.0,0.0,1.0,0.0,0.0,1990
0.08333333333333333,0.23350253807106608,-0.78125,0.0,-0.005633802816901409,2.3655913978494625,0.0,0.0,0.6666666666666666,-0.13333333333333333,1.0,0.0,0.0,0.0,0.0,1593
0.4166666666666667,0.25380710659898476,-0.6875,0.455183241303237,0.29107981220657275,0.7204301075268817,0.0,0.0,0.6666666666666666,0.2,0.0,0.0,0.0,0.0,0.0,1939
0.25,0.6700507614213198,-0.46875,0.682712243030312,-0.05258215962441314,2.021505376344086,0.0,0.0,0.0,0.2,0.0,0.0,1.0,0.0,0.0,1363
-0.4166666666666667,-0.32487309644670054,1.15625,0.455183241303237,-1.0497652582159624,-0.01075268817204301,1.5,0.0,-0.3333333333333333,-0.7333333333333333,0.0,1.0,0.0,0.0,0.0,38
-0.5833333333333334,0.0406091370558376,0.5625,-0.7926654504863353,-0.9906103286384976,-0.01075268817204301,0.0,0.0,-0.16666666666666666,0.6,0.0,1.0,0.0,0.0,0.0,201
-0.08333333333333333,0.5583756345177665,-0.1875,0.0,-0.3352112676056338,2.10752688172043,0.0,0.0,0.0,-0.2,0.0,0.0,1.0,0.0,0.0,1478
-0.75,0.43147208121827413,0.8125,-0.91150831659757,-0.9446009389671362,-0.01075268817204301,0.0,0.0,0.0,0.6,0.0,0.0,1.0,0.0,0.0,264
-0.5833333333333334,0.0,1.28125,-0.5816560227957038,-1.488262910798122,-0.01075268817204301,0.0,0.0,-0.16666666666666666,-0.2,1.0,1.0,0.0,0.0,0.0,72
-0.5833333333333334,-0.83248730964467,0.625,-0.5816560227957038,0.13427230046948357,-0.01075268817204301,0.0,0.0,1.0,0.6666666666666666,0.0,0.0,0.0,1.0,0.0,65
0.75,0.3908629441624365,0.625,0.13927936789351517,-0.9877934272300469,-0.01075268817204301,0.0,0.0,0.0,-0.5333333333333333,0.0,0.0,1.0,0.0,0.0,2337
-0.4166666666666667,0.2284263959390863,-0.09375,-0.6833781561418334,0.28826291079812205,0.5376344086021505,0.0,0.0,0.0,-0.8666666666666667,1.0,0.0,1.0,0.0,0.0,423
-0.6666666666666666,-0.8071065989847717,0.78125,0.0,-0.7633802816901408,-0.01075268817204301,0.0,3.5,-0.8333333333333334,1.0,0.0,0.0,0.0,1.0,0.0,34
-0.5833333333333334,0.4568527918781726,1.21875,-1.1921678124288753,-0.07981220657276995,-0.01075268817204301,0.0,0.0,0.3333333333333333,0.8,0.0,0.0,1.0,0.0,0.0,218
-0.4166666666666667,-0.6446700507614213,0.625,-0.4861165064064858,-0.36619718309859156,-0.01075268817204301,0.0,0.0,0.8333333333333334,0.06666666666666667,1.0,0.0,0.0,0.0,0.0,315
-0.4166666666666667,0.25380710659898476,0.96875,-0.07312821817005527,-0.9342723004694836,0.07526881720430108,0.0,0.0,0.5,0.06666666666666667,0.0,0.0,0.0,0.0,0.0,1487
-0.8333333333333334,-0.9086294416243654,-0.125,-1.1921678124288753,-0.09014084507042254,-0.01075268817204301,0.0,0.0,-0.8333333333333334,-0.6,1.0,0.0,0.0,1.0,0.0,128
0.3333333333333333,0.7614213197969544,-0.46875,0.9437305196070348,-0.06384976525821597,2.806451612903226,0.0,0.0,0.0,0.3333333333333333,0.0,0.0,1.0,0.0,0.0,1473
0.8333333333333334,0.7157360406091372,0.40625,0.7368002283746548,0.28544600938967135,-0.01075268817204301,0.0,0.0,0.16666666666666666,-0.13333333333333333,1.0,0.0,1.0,0.0,0.0,1682
-0.75,-0.9644670050761421,-0.03125,-0.3098055405697065,-0.22253521126760564,-0.01075268817204301,0.0,0.0,-0.8333333333333334,-0.7333333333333333,0.0,0.0,0.0,1.0,0.0,67
0.5833333333333334,-0.5583756345177665,1.1875,0.2705797236685667,-0.8,-0.01075268817204301,0.0,0.0,-0.6666666666666666,0.8,0.0,0.0,0.0,1.0,0.0,19
-0.8333333333333334,-0.41116751269035534,0.25,-0.6833781561418334,-0.431924882629108,-0.01075268817204301,0.0,0.0,0.8333333333333334,0.2,0.0,0.0,0.0,0.0,0.0,190
0.8333333333333334,-0.6294416243654822,-0.75,0.6275737112096174,0.29107981220657275,-0.01075268817204301,0.0,0.0,0.8333333333333334,0.4,0.0,0.0,0.0,0.0,0.0,691
0.08333333333333333,-0.3756345177664975,-1.09375,0.5713209318579696,0.018779342723004695,2.67741935483871,0.0,0.0,-0.6666666666666666,0.6,1.0,0.0,0.0,1.0,0.0,482
-0.4166666666666667,0.46700507614213194,0.75,-1.0429616152145371,-0.7737089201877935,0.41935483870967744,0.0,0.0,0.0,0.8,0.0,0.0,1.0,0.0,0.0,1391
0.9166666666666666,0.33502538071065996,0.625,0.9437305196070348,-0.8384976525821596,-0.01075268817204301,0.0,0.0,0.0,-0.6666666666666666,0.0,0.0,1.0,0.0,-1.0,1251
0.0,0.969543147208122,-0.1875,0.3951330286481768,-0.8356807511737089,3.4408602150537635,0.0,0.0,0.16666666666666666,0.26666666666666666,0.0,0.0,1.0,0.0,0.0,822
-0.25,0.6192893401015228,0.59375,-0.5816560227957038,0.215962441314554,1.1827956989247312,0.0,0.0,0.16666666666666666,-0.8666666666666667,0.0,0.0,1.0,0.0,0.0,1156
0.25,0.3248730964467004,-0.375,0.7368002283746548,-0.952112676056338,1.9139784946236558,0.0,0.0,-0.5,0.7333333333333333,0.0,1.0,0.0,0.0,0.0,636
-0.08333333333333333,0.1472081218274111,-0.6875,-0.3098055405697065,0.29107981220657275,2.2795698924731185,0.0,0.0,0.6666666666666666,0.2,0.0,0.0,0.0,0.0,0.0,981
-0.3333333333333333,-0.9340101522842639,-0.40625,0.8933144384752442,0.29107981220657275,-0.01075268817204301,0.0,0.0,1.0,0.6,0.0,0.0,0.0,1.0,-1.0,94
-0.6666666666666666,-0.15228426395939088,0.5,-0.22768379202711048,0.29107981220657275,-0.01075268817204301,0.0,0.0,-0.16666666666666666,0.2,1.0,1.0,0.0,0.0,0.0,213
0.08333333333333333,0.27918781725888325,-1.3125,-0.07312821817005527,0.29107981220657275,2.1612903225806455,0.0,0.0,-0.3333333333333333,-0.2,0.0,1.0,0.0,0.0,0.0,973
0.5833333333333334,0.5380710659898478,-0.03125,0.6275737112096174,0.29107981220657275,0.03225806451612903,0.0,0.0,0.5,-0.4666666666666667,1.0,0.0,0.0,0.0,0.0,2033
0.8333333333333334,0.7868020304568528,0.53125,-0.4861165064064858,-0.03568075117370892,-0.01075268817204301,0.0,0.0,0.16666666666666666,0.8,1.0,0.0,1.0,0.0,0.0,1158
-0.4166666666666667,0.15736040609137064,1.28125,-0.7926654504863353,-1.3812206572769954,0.0,0.5,0.0,-0.16666666666666666,0.13333333333333333,0.0,1.0,0.0,0.0,0.0,210
0.25,0.7157360406091372,-0.59375,-0.07312821817005527,0.29107981220657275,2.236559139784946,0.0,0.0,0.5,-0.4,0.0,0.0,0.0,0.0,0.0,1249
0.25,-0.3299492385786802,-1.15625,1.0421797791354965,0.28544600938967135,1.2903225806451613,0.0,0.0,0.8333333333333334,0.9333333333333333,0.0,0.0,0.0,0.0,0.0,768
0.75,0.3553299492385787,0.3125,-0.07312821817005527,-1.251643192488263,-0.01075268817204301,0.0,0.0,-0.16666666666666666,-0.13333333333333333,0.0,1.0,0.0,0.0,0.0,1885
0.3333333333333333,0.7309644670050761,-0.3125,0.7898955205469734,-0.8131455399061033,2.5268817204301075,0.0,0.0,0.0,-0.6666666666666666,0.0,0.0,1.0,0.0,-1.0,1940
0.16666666666666666,0.20304568527918782,0.3125,0.3951330286481768,-0.8056338028169014,0.4408602150537634,0.0,0.0,-0.3333333333333333,-1.0,1.0,1.0,0.0,0.0,0.0,1201
-1.0,-0.030456852791878156,0.40625,0.2058418822217645,0.29107981220657275,-0.01075268817204301,0.0,0.0,0.8333333333333334,-0.5333333333333333,0.0,0.0,0.0,0.0,0.0,395
-0.9166666666666666,-0.5634517766497462,-0.84375,-0.14891824053188613,0.29107981220657275,-0.01075268817204301,0.0,0.0,0.8333333333333334,0.5333333333333333,1.0,0.0,0.0,0.0,0.0,507
-0.5,-0.6446700507614213,0.1875,-0.39575298507290857,0.29107981220657275,-0.01075268817204301,0.0,0.0,-0.5,0.06666666666666667,1.0,1.0,0.0,0.0,0.0,109
-0.3333333333333333,0.7461928934010152,0.34375,-0.14891824053188613,0.29107981220657275,0.4301075268817204,0.0,0.0,0.3333333333333333,0.0,0.0,0.0,1.0,0.0,0.0,1660
-0.3333333333333333,-1.0203045685279188,0.21875,-0.3098055405697065,-0.844131455399061,-0.01075268817204301,0.0,0.0,1.0,-0.06666666666666667,0.0,0.0,0.0,1.0,0.0,658
0.5833333333333334,0.23857868020304565,-0.65625,1.137688257706579,0.29107981220657275,0.30107526881720426,0.0,0.0,-0.3333333333333333,0.6,0.0,1.0,0.0,0.0,0.0,1958
-0.3333333333333333,0.7106598984771574,1.1875,-0.6833781561418334,-1.207511737089202,0.13978494623655913,1.6,0.0,0.3333333333333333,-0.7333333333333333,1.0,0.0,1.0,0.0,0.0,309
0.75,-0.48223350253807107,0.3125,0.8933144384752442,-0.8413145539906103,-0.01075268817204301,0.0,0.0,-0.3333333333333333,-0.6666666666666666,0.0,1.0,0.0,0.0,0.0,447
-0.6666666666666666,-0.4568527918781726,0.3125,-0.4861165064064858,-0.4835680751173709,-0.01075268817204301,0.0,0.0,0.8333333333333334,0.2,0.0,0.0,0.0,0.0,0.0,88
-0.4166666666666667,-1.0203045685279188,0.25,-0.39575298507290857,-0.3474178403755869,-0.01075268817204301,0.0,0.0,-0.8333333333333334,-0.6666666666666666,1.0,0.0,0.0,1.0,0.0,105
-0.5,0.0,1.28125,-1.0429616152145371,-1.3511737089201878,0.0,0.0,0.0,-0.16666666666666666,-0.2,1.0,1.0,0.0,0.0,0.0,139
0.16666666666666666,0.7258883248730965,-0.625,-0.07312821817005527,0.27511737089201876,2.860215053763441,0.0,0.0,0.5,-0.4,0.0,0.0,0.0,0.0,0.0,1064
0.5,0.7614213197969544,-0.65625,0.8933144384752442,0.27323943661971833,1.2903225806451613,0.0,0.0,0.0,-1.0,0.0,0.0,1.0,0.0,0.0,3088
-0.5833333333333334,-0.416243654822335,0.5,-0.5816560227957038,-0.2028169014084507,-0.01075268817204301,0.0,0.0,-0.3333333333333333,0.0,0.0,1.0,0.0,0.0,0.0,132
0.5,-0.7918781725888325,-0.875,1.3208447570935795,0.29107981220657275,-0.01075268817204301,0.0,0.0,1.0,-0.8,0.0,0.0,0.0,1.0,0.0,807
0.0,0.49238578680203043,0.21875,0.8933144384752442,-0.3615023474178404,2.2258064516129035,0.0,0.0,-0.16666666666666666,0.9333333333333333,0.0,1.0,0.0,0.0,0.0,1187
-0.8333333333333334,0.24873096446700502,0.5625,-0.7926654504863353,0.27793427230046946,-0.01075268817204301,0.0,0.0,0.0,-0.2,0.0,0.0,1.0,0.0,0.0,847
0.25,1.2131979695431472,-0.59375,-0.07312821817005527,0.29107981220657275,1.8387096774193548,0.0,0.0,0.3333333333333333,-0.06666666666666667,0.0,0.0,1.0,0.0,-1.0,761
0.5833333333333334,0.42639593908629436,1.25,0.455183241303237,-1.4028169014084506,0.0,0.0,0.0,-0.16666666666666666,0.0,0.0,1.0,0.0,0.0,0.0,404
0.9166666666666666,0.7868020304568528,0.6875,-0.22768379202711048,-0.6751173708920187,-0.01075268817204301,0.0,0.0,0.16666666666666666,0.6666666666666666,0.0,0.0,1.0,0.0,0.0,1273
-0.5833333333333334,-0.6548223350253808,-0.21875,-1.5998067240225886,-0.6234741784037559,-0.01075268817204301,0.0,0.0,-0.6666666666666666,0.7333333333333333,0.0,0.0,0.0,1.0,0.0,72
0.25,0.6091370558375635,-0.21875,0.455183241303237,-0.6244131455399061,0.49462365591397844,0.0,0.0,0.0,-0.2,0.0,0.0,1.0,0.0,0.0,2288
-0.08333333333333333,0.6548223350253807,-0.3125,0.8420508501474621,0.29107981220657275,2.5483870967741935,0.0,0.0,0.5,-0.7333333333333333,0.0,0.0,0.0,0.0,0.0,937
-0.6666666666666666,-0.035532994923857836,0.75,-1.3691539278131721,-1.1943661971830986,-0.01075268817204301,0.0,0.0,-0.5,0.8666666666666667,0.0,1.0,0.0,0.0,0.0,109
-0.8333333333333334,0.4416243654822335,1.21875,-0.5816560227957038,-1.3342723004694836,-0.01075268817204301,0.2,0.0,0.0,0.8666666666666667,0.0,0.0,1.0,0.0,0.0,345
-0.75,0.2588832487309645,0.46875,-0.07312821817005527,-0.3286384976525822,-0.01075268817204301,0.0,0.0,0.0,-1.0,0.0,0.0,1.0,0.0,0.0,366
-0.08333333333333333,-0.883248730964467,-0.1875,1.5787787158685695,0.05258215962441314,0.7741935483870968,0.0,0.5,-0.8333333333333334,-0.4666666666666667,0.0,0.0,0.0,1.0,0.0,247
0.75,0.17258883248730958,0.75,0.2705797236685667,-1.143661971830986,-0.01075268817204301,0.0,0.0,-0.3333333333333333,-1.0,1.0,1.0,0.0,0.0,0.0,983
-0.3333333333333333,-0.15228426395939088,0.3125,0.5138834935935143,-0.4403755868544601,1.043010752688172,0.0,0.0,-0.16666666666666666,-0.8666666666666667,0.0,1.0,0.0,0.0,0.0,1946
-0.6666666666666666,0.4111675126903554,-0.3125,-1.0429616152145371,0.27699530516431925,-0.01075268817204301,0.0,0.0,0.0,0.4666666666666667,1.0,0.0,1.0,0.0,0.0,375
-0.08333333333333333,0.49238578680203043,0.78125,-0.3098055405697065,0.28262910798122065,0.49462365591397844,0.0,0.0,0.16666666666666666,-0.4,0.0,0.0,1.0,0.0,0.0,909
0.5833333333333334,-0.7461928934010152,-0.625,-0.22768379202711048,-0.02535211267605634,-0.01075268817204301,0.0,0.0,-0.8333333333333334,-0.6666666666666666,1.0,0.0,0.0,1.0,0.0,207
-0.16666666666666666,0.4111675126903554,1.25,-0.91150831659757,-1.3370892018779343,0.12903225806451613,12.0,0.0,0.16666666666666666,-1.0,1.0,0.0,1.0,0.0,0.0,13
-0.75,-0.16751269035532998,0.71875,-1.1921678124288753,-0.46854460093896716,-0.01075268817204301,0.0,0.0,0.6666666666666666,0.06666666666666667,0.0,0.0,0.0,0.0,0.0,239
-0.6666666666666666,-0.5279187817258884,0.96875,-0.39575298507290857,-1.3333333333333333,-0.01075268817204301,0.0,0.0,0.8333333333333334,0.7333333333333333,0.0,0.0,0.0,0.0,0.0,95
-1.0,0.6852791878172589,0.15625,-0.7926654504863353,0.29107981220657275,-0.01075268817204301,0.0,0.0,0.3333333333333333,0.26666666666666666,0.0,0.0,1.0,0.0,0.0,818
-0.6666666666666666,0.24365482233502542,0.28125,-0.14891824053188613,-0.7145539906103286,-0.01075268817204301,0.0,0.0,0.0,-0.9333333333333333,1.0,0.0,1.0,0.0,0.0,312
-0.5833333333333334,-0.5025380710659899,0.84375,-0.7926654504863353,-1.2910798122065728,-0.01075268817204301,0.0,0.0,0.8333333333333334,0.7333333333333333,0.0,0.0,0.0,0.0,0.0,140
0.4166666666666667,0.5736040609137056,1.21875,0.2058418822217645,-1.0572769953051644,0.13978494623655913,2.5,0.0,0.3333333333333333,0.8,0.0,0.0,1.0,0.0,0.0,39
-0.8333333333333334,0.9137055837563453,0.34375,-1.1921678124288753,-0.6469483568075117,-0.01075268817204301,0.0,0.0,0.3333333333333333,-0.8666666666666667,0.0,0.0,1.0,0.0,0.0,443
-0.75,0.5380710659898478,0.71875,-0.5816560227957038,0.215962441314554,-0.01075268817204301,0.0,0.0,0.3333333333333333,0.4,0.0,0.0,1.0,0.0,0.0,346
-0.16666666666666666,1.0609137055837563,-0.34375,0.3336351996355,0.1784037558685446,2.075268817204301,0.0,0.0,0.3333333333333333,-0.9333333333333333,0.0,0.0,1.0,0.0,0.0,549
0.5833333333333334,-0.5532994923857868,0.875,-0.22768379202711048,-0.8384976525821596,-0.01075268817204301,0.0,3.3,0.8333333333333334,0.5333333333333333,1.0,0.0,0.0,0.0,0.0,420
-0.6666666666666666,0.7766497461928935,0.5,-0.91150831659757,0.13615023474178403,-0.01075268817204301,0.0,0.0,0.3333333333333333,-0.06666666666666667,0.0,0.0,1.0,0.0,-1.0,310
0.25,-0.0812182741116751,-0.96875,0.7898955205469734,-0.3305164319248826,2.5053763440860215,0.0,0.0,-0.5,-0.3333333333333333,1.0,1.0,0.0,0.0,0.0,1294
-0.8333333333333334,0.5583756345177665,1.21875,-0.91150831659757,-1.139906103286385,-0.01075268817204301,0.0,0.0,0.16666666666666666,-0.3333333333333333,0.0,0.0,1.0,0.0,0.0,236
0.9166666666666666,0.416243654822335,0.09375,-0.91150831659757,0.29107981220657275,-0.01075268817204301,0.0,0.0,0.5,-0.8,0.0,0.0,0.0,0.0,0.0,1233
0.08333333333333333,0.284263959390863,0.25,0.2705797236685667,-0.5117370892018779,2.4193548387096775,0.0,0.0,-0.16666666666666666,-0.2,1.0,1.0,0.0,0.0,0.0,1839
-0.08333333333333333,1.0101522842639594,-0.15625,0.7898955205469734,-0.2140845070422535,2.3440860215053765,0.0,0.0,0.3333333333333333,-0.8,1.0,0.0,1.0,0.0,0.0,655
0.0,0.24873096446700502,-0.90625,0.2705797236685667,0.0,2.4946236559139785,0.0,0.0,0.6666666666666666,0.3333333333333333,1.0,0.0,0.0,0.0,0.0,1417
0.5833333333333334,0.09137055837563456,-0.5,0.3336351996355,0.05727699530516432,0.07526881720430108,0.0,0.0,-0.5,1.0,1.0,1.0,0.0,0.0,0.0,1025
0.75,-0.07614213197969544,0.90625,0.5138834935935143,-0.9474178403755869,-0.01075268817204301,2.5,0.0,-0.3333333333333333,0.4,1.0,1.0,0.0,0.0,0.0,24
0.8333333333333334,-0.43147208121827413,0.5625,0.455183241303237,-0.5690140845070423,-0.01075268817204301,0.0,0.0,-0.5,-0.4,1.0,1.0,0.0,0.0,0.0,421
-0.9166666666666666,-0.6548223350253808,-0.65625,-1.0429616152145371,0.22816901408450704,-0.01075268817204301,0.0,0.0,-0.5,-0.8666666666666667,1.0,1.0,0.0,0.0,0.0,229
-0.5,-0.6040609137055838,0.65625,0.0707286024015658,-1.1661971830985915,-0.01075268817204301,0.0,0.0,-0.6666666666666666,-0.4,1.0,0.0,0.0,1.0,0.0,48
-0.3333333333333333,-1.0964467005076144,-0.65625,0.0707286024015658,0.29107981220657275,0.0,0.0,0.0,1.0,-0.7333333333333333,0.0,0.0,0.0,1.0,0.0,812
0.3333333333333333,0.918781725888325,0.0,0.7368002283746548,0.18028169014084508,2.3440860215053765,0.0,0.0,0.16666666666666666,-0.8,0.0,0.0,1.0,0.0,0.0,1306
-0.16666666666666666,-0.6852791878172589,-0.875,-0.14891824053188613,-0.09201877934272301,0.5483870967741935,0.0,0.0,-0.8333333333333334,0.2,0.0,0.0,0.0,1.0,0.0,255
0.5,0.6548223350253807,-0.46875,0.9437305196070348,0.2863849765258216,0.8387096774193549,0.0,0.0,-0.16666666666666666,1.0,0.0,1.0,0.0,0.0,0.0,3119
0.08333333333333333,-0.3553299492385787,-1.21875,0.455183241303237,0.27605633802816903,2.075268817204301,0.0,0.0,0.8333333333333334,0.4666666666666667,0.0,0.0,0.0,0.0,0.0,731
-0.16666666666666666,-0.36040609137055835,0.4375,-0.39575298507290857,-1.2253521126760563,0.3870967741935484,0.0,0.0,0.8333333333333334,0.7333333333333333,0.0,0.0,0.0,0.0,0.0,616
-0.75,-0.0406091370558376,0.3125,-0.91150831659757,0.29107981220657275,-0.01075268817204301,0.0,0.0,0.5,0.6,0.0,0.0,0.0,0.0,-1.0,222
-0.9166666666666666,-0.4568527918781726,0.78125,-1.0429616152145371,-1.2582159624413145,-0.01075268817204301,0.0,0.0,0.8333333333333334,0.7333333333333333,0.0,0.0,0.0,0.0,0.0,408
-0.4166666666666667,-0.6700507614213198,1.125,-0.91150831659757,-1.424413145539906,-0.01075268817204301,0.0,0.9,1.0,-0.6,0.0,0.0,0.0,1.0,0.0,367
-0.75,-0.6395939086294417,-0.4375,-1.0429616152145371,-0.4028169014084507,-0.01075268817204301,0.0,0.0,-0.8333333333333334,-0.5333333333333333,0.0,0.0,0.0,1.0,0.0,53
-0.25,-1.487309644670051,-0.9375,1.0902852095090052,0.29107981220657275,0.2043010752688172,0.0,0.9,-0.8333333333333334,0.5333333333333333,0.0,0.0,0.0,1.0,0.0,192
0.16666666666666666,0.6294416243654822,-0.90625,0.455183241303237,-0.828169014084507,3.129032258064516,0.0,0.0,-0.3333333333333333,0.26666666666666666,0.0,1.0,0.0,0.0,0.0,970
0.6666666666666666,0.6446700507614213,0.40625,0.0,-0.8431924882629108,0.11827956989247311,0.0,0.0,0.0,0.8666666666666667,0.0,0.0,1.0,0.0,0.0,2339
-0.16666666666666666,0.8984771573604061,0.125,0.5138834935935143,-0.7408450704225352,1.8279569892473118,0.0,0.0,0.16666666666666666,0.7333333333333333,0.0,0.0,1.0,0.0,0.0,639
0.75,0.0,0.5625,-0.5816560227957038,-0.38967136150234744,-0.01075268817204301,0.0,0.0,0.8333333333333334,-0.6,0.0,0.0,0.0,0.0,0.0,1062
-0.75,0.6751269035532995,0.15625,1.5787787158685695,0.048826291079812206,-0.01075268817204301,0.1,0.0,0.3333333333333333,0.3333333333333333,0.0,0.0,1.0,0.0,0.0,173
-0.5,0.2690355329949239,0.875,-0.07312821817005527,-1.2,-0.01075268817204301,0.5,0.0,0.5,0.26666666666666666,0.0,0.0,0.0,0.0,0.0,47
0.4166666666666667,0.45177664974619286,-0.5625,0.9933397872392326,0.2375586854460094,2.032258064516129,0.0,0.0,-0.16666666666666666,0.4666666666666667,0.0,1.0,0.0,0.0,0.0,2069
-0.8333333333333334,0.8274111675126904,0.0,-0.5816560227957038,0.29107981220657275,-0.01075268817204301,0.0,0.0,0.16666666666666666,1.0,0.0,0.0,1.0,0.0,0.0,476
0.0,0.1624365482233502,-0.3125,0.5713209318579696,-1.0046948356807512,1.8817204301075268,0.0,0.0,-0.5,0.7333333333333333,0.0,1.0,0.0,0.0,0.0,586
0.4166666666666667,-0.29441624365482233,-0.71875,0.682712243030312,0.29107981220657275,0.12903225806451613,0.0,0.0,0.8333333333333334,0.06666666666666667,1.0,0.0,0.0,0.0,0.0,1031
-0.5,-1.0812182741116751,-0.6875,0.2705797236685667,0.29107981220657275,-0.01075268817204301,0.0,0.0,-0.8333333333333334,0.8,1.0,0.0,0.0,1.0,0.0,30
0.9166666666666666,-0.21319796954314718,1.03125,1.4088965798741255,-1.0150234741784037,-0.01075268817204301,0.0,0.0,-0.5,-0.06666666666666667,0.0,1.0,0.0,0.0,0.0,343
0.25,-0.7258883248730965,-0.96875,1.0421797791354965,0.26948356807511736,0.9247311827956989,0.0,0.0,1.0,-0.5333333333333333,0.0,0.0,0.0,1.0,0.0,362
0.8333333333333334,0.3807106598984772,0.5625,-0.14891824053188613,0.29107981220657275,-0.01075268817204301,0.0,0.0,0.0,-0.4666666666666667,1.0,0.0,1.0,0.0,0.0,776
0.6666666666666666,0.24873096446700502,0.0625,0.682712243030312,-0.20093896713615023,0.03225806451612903,0.0,0.0,-0.16666666666666666,0.3333333333333333,0.0,1.0,0.0,0.0,0.0,2167
0.8333333333333334,-0.05583756345177664,1.21875,0.7368002283746548,-1.0751173708920188,-0.01075268817204301,0.0,0.0,0.8333333333333334,-0.5333333333333333,0.0,0.0,0.0,0.0,0.0,14
0.9166666666666666,-0.20304568527918782,1.03125,1.1844188200176686,-0.631924882629108,-0.01075268817204301,1.0,0.0,-0.16666666666666666,-0.9333333333333333,0.0,1.0,0.0,0.0,0.0,294
0.8333333333333334,0.6954314720812182,0.40625,0.2705797236685667,-0.5446009389671361,-0.01075268817204301,0.0,0.0,0.16666666666666666,0.06666666666666667,0.0,0.0,1.0,0.0,0.0,1940
0.4166666666666667,-0.12182741116751271,-1.0,0.3336351996355,0.07042253521126761,1.268817204301075,0.0,0.0,-0.5,-0.3333333333333333,1.0,1.0,0.0,0.0,0.0,1028
0.25,-0.6954314720812182,-0.375,-0.39575298507290857,0.15211267605633802,0.4301075268817204,0.0,1.6,1.0,0.26666666666666666,0.0,0.0,0.0,1.0,0.0,240
-0.4166666666666667,-1.0913705583756346,0.40625,0.2058418822217645,0.29107981220657275,-0.01075268817204301,0.0,0.7,-0.8333333333333334,-0.4,0.0,0.0,0.0,1.0,0.0,158
0.4166666666666667,1.2131979695431472,-0.40625,0.5138834935935143,0.13051643192488263,1.5913978494623655,0.0,0.0,0.3333333333333333,-0.9333333333333333,0.0,0.0,1.0,0.0,0.0,1066
-1.0,0.1878172588832487,-0.21875,0.13927936789351517,0.29107981220657275,-0.01075268817204301,0.0,0.0,0.5,0.5333333333333333,0.0,0.0,0.0,0.0,-1.0,620
0.3333333333333333,-0.5634517766497462,0.6875,0.2705797236685667,0.2863849765258216,0.3870967741935484,0.0,0.0,-0.5,0.3333333333333333,0.0,1.0,0.0,0.0,0.0,241
0.3333333333333333,1.1218274111675128,-0.5625,0.7368002283746548,0.29107981220657275,1.9354838709677418,0.0,0.0,0.3333333333333333,-0.3333333333333333,1.0,0.0,1.0,0.0,0.0,826
0.4166666666666667,-0.5076142131979695,-0.625,0.2058418822217645,0.2563380281690141,0.09677419354838711,0.0,0.0,1.0,-0.4666666666666667,1.0,0.0,0.0,1.0,0.0,481
0.4166666666666667,-0.4873096446700508,-1.1875,1.1844188200176686,0.29107981220657275,0.6129032258064515,0.0,0.0,-0.6666666666666666,0.26666666666666666,0.0,0.0,0.0,1.0,0.0,514
-0.3333333333333333,-0.9543147208121828,-0.125,-0.3098055405697065,-0.2619718309859155,-0.01075268817204301,0.0,0.0,-0.8333333333333334,-0.6,1.0,0.0,0.0,1.0,0.0,122
0.75,0.4771573604060913,-0.0625,0.8933144384752442,0.29107981220657275,-0.01075268817204301,0.0,0.0,0.5,-0.8,0.0,0.0,0.0,0.0,0.0,2212
-0.25,0.8071065989847716,0.53125,0.3336351996355,-0.7258215962441315,1.258064516129032,0.0,0.0,0.3333333333333333,-0.2,0.0,0.0,1.0,0.0,0.0,903
-0.25,0.6649746192893402,0.5,0.455183241303237,-0.5098591549295775,1.075268817204301,0.0,0.0,0.16666666666666666,-0.2,0.0,0.0,1.0,0.0,0.0,1240
0.75,-0.9035532994923858,0.0625,0.8933144384752442,-0.42347417840375584,-0.01075268817204301,0.0,0.0,-0.6666666666666666,-0.26666666666666666,0.0,0.0,0.0,1.0,0.0,253
-0.5,0.1624365482233502,0.875,-0.39575298507290857,0.29107981220657275,0.021505376344086016,0.0,0.0,0.0,-0.26666666666666666,0.0,0.0,1.0,0.0,0.0,740
0.5833333333333334,-0.32487309644670054,-0.84375,0.7368002283746548,0.29107981220657275,0.01075268817204301,0.0,0.0,-0.5,-0.6666666666666666,0.0,1.0,0.0,0.0,0.0,833
-0.25,-0.6395939086294417,0.1875,-0.4861165064064858,-0.5633802816901409,0.06451612903225806,0.0,0.0,-0.8333333333333334,0.26666666666666666,1.0,0.0,0.0,1.0,0.0,234
0.25,0.6700507614213198,-0.53125,0.0707286024015658,0.2863849765258216,2.5913978494623655,0.0,0.0,0.0,-0.06666666666666667,0.0,0.0,1.0,0.0,0.0,1461
-0.8333333333333334,0.45177664974619286,0.84375,-0.7926654504863353,-0.9605633802816902,-0.01075268817204301,0.0,0.0,0.0,0.8,0.0,0.0,1.0,0.0,0.0,652
0.9166666666666666,-0.5532994923857868,-0.03125,0.2705797236685667,-0.27793427230046946,-0.01075268817204301,0.0,0.0,0.8333333333333334,0.8666666666666667,0.0,0.0,0.0,0.0,0.0,559
0.8333333333333334,-0.8477157360406091,0.75,1.3208447570935795,-1.1248826291079812,-0.01075268817204301,0.0,1.0,-0.8333333333333334,0.4,0.0,0.0,0.0,1.0,0.0,170
-0.75,-0.7005076142131981,-0.8125,-1.1921678124288753,0.29107981220657275,-0.01075268817204301,0.0,0.0,-0.8333333333333334,0.4,0.0,0.0,0.0,1.0,0.0,53
0.25,1.2335025380710658,-0.71875,0.2058418822217645,0.25821596244131456,3.010752688172043,0.0,0.0,0.16666666666666666,1.0,0.0,0.0,1.0,0.0,0.0,665
-0.08333333333333333,0.9847715736040609,-0.375,0.3951330286481768,-0.6291079812206573,2.913978494623656,0.0,0.0,0.16666666666666666,0.3333333333333333,1.0,0.0,1.0,0.0,0.0,676
0.75,-0.3147208121827411,-0.25,1.0902852095090052,0.29107981220657275,-0.01075268817204301,0.0,0.0,0.6666666666666666,0.7333333333333333,1.0,0.0,0.0,0.0,0.0,775
0.5,-0.16751269035532998,0.53125,-0.22768379202711048,-1.315492957746479,-0.01075268817204301,0.0,0.0,0.8333333333333334,0.7333333333333333,0.0,0.0,0.0,0.0,0.0,1538
-0.4166666666666667,0.2944162436548224,1.28125,-0.39575298507290857,-1.4103286384976526,0.05376344086021505,0.0,0.0,0.0,0.7333333333333333,0.0,0.0,1.0,0.0,0.0,1084
-0.6666666666666666,-1.263959390862944,0.03125,-0.14891824053188613,0.20375586854460093,-0.01075268817204301,0.0,0.0,1.0,-0.2,0.0,0.0,0.0,1.0,0.0,41
0.6666666666666666,0.17258883248730958,-0.5,0.9437305196070348,-0.5915492957746479,-0.01075268817204301,0.0,0.0,-0.3333333333333333,0.7333333333333333,0.0,1.0,0.0,0.0,0.0,1499
0.5833333333333334,-0.852791878172589,0.59375,-0.5816560227957038,-0.9924882629107982,-0.01075268817204301,0.0,0.0,-0.8333333333333334,-0.2,1.0,0.0,0.0,1.0,0.0,167
-0.8333333333333334,-0.4416243654822335,0.28125,0.0707286024015658,0.29107981220657275,-0.01075268817204301,0.0,0.0,0.8333333333333334,-0.26666666666666666,0.0,0.0,0.0,0.0,0.0,187
0.9166666666666666,-0.025380710659898477,1.0,-0.14891824053188613,-1.28075117370892,-0.01075268817204301,0.0,0.0,-0.16666666666666666,-0.2,1.0,1.0,0.0,0.0,0.0,814
-0.3333333333333333,-1.3096446700507616,-0.15625,-0.14891824053188613,0.21032863849765257,-0.01075268817204301,0.0,0.0,1.0,-0.26666666666666666,0.0,0.0,0.0,1.0,0.0,580
-0.8333333333333334,-0.4974619289340102,0.78125,0.0707286024015658,-1.371830985915493,-0.01075268817204301,0.0,0.0,-0.6666666666666666,0.5333333333333333,1.0,0.0,0.0,1.0,0.0,197
0.16666666666666666,0.6649746192893402,-0.21875,0.5713209318579696,-0.536150234741784,3.1612903225806455,0.0,0.0,0.0,-0.2,0.0,0.0,1.0,0.0,0.0,2088
0.4166666666666667,0.09137055837563456,-0.96875,-0.4861165064064858,-0.40657276995305164,1.4838709677419353,0.0,0.0,-0.3333333333333333,-0.4666666666666667,0.0,1.0,0.0,0.0,0.0,1479
-0.25,0.9898477157360407,-0.21875,0.13927936789351517,0.03004694835680751,1.5913978494623655,0.0,0.0,0.3333333333333333,-0.8666666666666667,0.0,0.0,1.0,0.0,0.0,784
-0.08333333333333333,0.17766497461928935,-0.375,1.5787787158685695,0.2591549295774648,2.1827956989247315,0.0,0.0,0.6666666666666666,-1.0,0.0,0.0,0.0,0.0,0.0,959
-0.5,-0.4365482233502538,0.8125,0.8933144384752442,-1.0403755868544602,-0.01075268817204301,0.0,0.0,-0.8333333333333334,-0.06666666666666667,0.0,0.0,0.0,1.0,0.0,82
-0.3333333333333333,0.38578680203045695,0.40625,-1.1921678124288753,-0.8676056338028169,0.9569892473118279,0.0,0.0,0.0,0.06666666666666667,1.0,0.0,1.0,0.0,0.0,715
-0.3333333333333333,0.5989847715736041,0.8125,1.0902852095090052,0.27417840375586855,0.13978494623655913,0.0,0.0,0.3333333333333333,0.8666666666666667,0.0,0.0,1.0,0.0,0.0,1595
0.9166666666666666,-0.05583756345177664,0.1875,-0.14891824053188613,-0.4591549295774648,-0.01075268817204301,0.0,0.0,-0.5,1.0,1.0,1.0,0.0,0.0,0.0,655
0.4166666666666667,0.7360406091370558,-0.21875,0.9933397872392326,-0.5192488262910798,2.064516129032258,0.0,0.0,0.0,0.26666666666666666,0.0,0.0,1.0,0.0,0.0,2289
0.3333333333333333,0.9543147208121826,-0.375,0.7898955205469734,0.22347417840375586,1.043010752688172,0.0,0.0,0.3333333333333333,0.26666666666666666,0.0,0.0,1.0,0.0,0.0,1253
0.3333333333333333,0.751269035532995,-0.28125,0.9437305196070348,-0.4300469483568075,2.580645161290323,0.0,0.0,0.0,0.4666666666666667,1.0,0.0,1.0,0.0,0.0,1837
0.3333333333333333,0.5939086294416244,0.75,1.1844188200176686,-0.6845070422535211,0.5268817204301075,0.0,0.0,0.0,0.8,0.0,0.0,1.0,0.0,0.0,766
-0.5833333333333334,0.6091370558375635,0.46875,-1.0429616152145371,0.29107981220657275,-0.01075268817204301,0.0,0.0,0.16666666666666666,0.4,1.0,0.0,1.0,0.0,0.0,256
-0.8333333333333334,0.7106598984771574,0.8125,0.7368002283746548,-0.5370892018779343,-0.01075268817204301,0.0,0.0,0.3333333333333333,-0.7333333333333333,1.0,0.0,1.0,0.0,0.0,509
0.25,0.83248730964467,-0.65625,1.0421797791354965,0.1652582159624413,3.150537634408602,0.0,0.0,0.0,-1.0,0.0,0.0,1.0,0.0,0.0,1235
0.8333333333333334,0.45177664974619286,-0.09375,0.6275737112096174,0.08262910798122065,-0.01075268817204301,0.0,0.0,0.0,-0.7333333333333333,0.0,0.0,1.0,0.0,0.0,2237
-0.25,-0.11675126903553304,-0.8125,0.13927936789351517,-0.3671361502347418,1.6989247311827957,0.0,0.0,-0.3333333333333333,0.13333333333333333,0.0,1.0,0.0,0.0,0.0,987
0.5833333333333334,1.1472081218274113,-0.03125,1.2305047302068106,0.13802816901408452,0.49462365591397844,0.0,0.0,0.3333333333333333,-1.0,0.0,0.0,1.0,0.0,0.0,1553
0.08333333333333333,-0.7868020304568528,-1.3125,1.6608858990800979,0.26291079812206575,1.258064516129032,0.0,0.0,1.0,0.6666666666666666,0.0,0.0,0.0,1.0,0.0,262
0.75,0.6446700507614213,0.40625,0.455183241303237,0.20469483568075117,-0.01075268817204301,0.0,0.0,0.16666666666666666,-0.8,0.0,0.0,1.0,0.0,0.0,2274
0.5,1.0355329949238579,-0.125,0.9933397872392326,0.18403755868544602,0.9999999999999999,0.0,0.0,0.16666666666666666,0.4666666666666667,0.0,0.0,1.0,0.0,0.0,2405
-0.9166666666666666,0.5177664974619289,0.625,-0.3098055405697065,-0.5549295774647888,-0.01075268817204301,0.0,0.0,0.3333333333333333,1.0,0.0,0.0,1.0,0.0,0.0,652
0.9166666666666666,0.299492385786802,-0.21875,0.7898955205469734,0.29107981220657275,-0.01075268817204301,0.0,0.0,0.5,-0.6,0.0,0.0,0.0,0.0,0.0,1363
0.08333333333333333,0.050761421319796954,0.53125,-0.14891824053188613,-1.0140845070422535,0.7956989247311828,0.0,0.0,0.8333333333333334,-0.6,0.0,0.0,0.0,0.0,0.0,798
0.6666666666666666,-0.9746192893401016,0.3125,0.682712243030312,0.29107981220657275,-0.01075268817204301,0.0,0.0,-0.6666666666666666,-0.3333333333333333,1.0,0.0,0.0,1.0,0.0,127
0.08333333333333333,-0.09137055837563456,-0.21875,-0.07312821817005527,-1.0150234741784037,1.8602150537634408,0.0,0.0,0.8333333333333334,0.6666666666666666,0.0,0.0,0.0,0.0,0.0,718
-0.16666666666666666,0.4619289340101524,0.03125,0.2058418822217645,0.25539906103286386,2.1612903225806455,0.0,0.0,0.5,-0.6,0.0,0.0,0.0,0.0,0.0,896
-0.25,0.12182741116751271,0.46875,-0.91150831659757,0.13615023474178403,0.7096774193548387,0.0,0.0,-0.16666666666666666,-0.6,0.0,1.0,0.0,0.0,0.0,737
-0.3333333333333333,-0.5380710659898477,-0.125,0.0,0.18967136150234742,0.7204301075268817,0.0,0.0,-0.3333333333333333,-0.5333333333333333,1.0,1.0,0.0,0.0,0.0,332
-0.3333333333333333,0.5025380710659898,0.8125,-0.5816560227957038,0.2892018779342723,0.3333333333333333,0.0,0.0,0.3333333333333333,0.8,0.0,0.0,1.0,0.0,0.0,1841
-0.5,-0.05583756345177664,0.125,-1.0429616152145371,-0.5248826291079812,-0.01075268817204301,0.0,0.0,-0.3333333333333333,-1.0,1.0,1.0,0.0,0.0,0.0,110
0.8333333333333334,-0.6243654822335026,0.9375,-0.4861165064064858,0.10516431924882629,-0.01075268817204301,0.0,0.0,-0.5,0.3333333333333333,0.0,1.0,0.0,0.0,0.0,320
-0.25,0.7563451776649746,0.25,-0.22768379202711048,-0.8300469483568075,1.8064516129032255,0.0,0.0,0.16666666666666666,0.26666666666666666,0.0,0.0,1.0,0.0,0.0,1029
-1.0,0.17766497461928935,0.0625,-0.3098055405697065,-0.3671361502347418,-0.01075268817204301,0.0,0.0,-0.16666666666666666,0.6666666666666666,1.0,1.0,0.0,0.0,0.0,987
0.5,-0.5025380710659899,1.03125,0.3951330286481768,-0.7934272300469484,-0.01075268817204301,9.5,0.0,-0.6666666666666666,0.8,0.0,0.0,0.0,1.0,0.0,11
-1.0,-1.451776649746193,-0.71875,0.13927936789351517,0.29107981220657275,-0.01075268817204301,0.0,0.5,-0.8333333333333334,0.6666666666666666,0.0,0.0,0.0,1.0,0.0,68
0.75,-0.5532994923857868,0.875,-0.3098055405697065,-0.9539906103286385,-0.01075268817204301,0.0,3.2,0.8333333333333334,0.5333333333333333,1.0,0.0,0.0,0.0,0.0,392
-0.3333333333333333,0.3959390862944163,0.0,-0.14891824053188613,0.29107981220657275,0.8602150537634409,0.0,0.0,0.5,-0.9333333333333333,1.0,0.0,0.0,0.0,0.0,576
-0.25,0.30456852791878175,-0.4375,0.0,-0.13333333333333333,1.086021505376344,0.0,0.0,-0.16666666666666666,0.7333333333333333,1.0,1.0,0.0,0.0,0.0,762
0.3333333333333333,0.6649746192893402,-0.71875,-0.14891824053188613,0.29107981220657275,1.8064516129032255,0.0,0.0,0.5,0.8666666666666667,1.0,0.0,0.0,0.0,0.0,2254
0.3333333333333333,-0.8071065989847717,-0.03125,1.0421797791354965,-0.13990610328638498,0.3655913978494623,0.0,0.0,-0.8333333333333334,-0.4666666666666667,0.0,0.0,0.0,1.0,0.0,262
0.08333333333333333,0.42131979695431476,1.25,0.5713209318579696,-0.9464788732394366,0.05376344086021505,35.0,0.0,-0.16666666666666666,0.0,0.0,1.0,0.0,0.0,0.0,151
0.6666666666666666,0.1624365482233502,-0.15625,-0.4861165064064858,-0.339906103286385,-0.01075268817204301,0.0,0.0,-0.16666666666666666,-0.3333333333333333,0.0,1.0,0.0,0.0,0.0,941
0.3333333333333333,-0.6294416243654822,-0.96875,0.3951330286481768,0.2507042253521127,0.8709677419354838,0.0,0.0,-0.6666666666666666,-1.0,0.0,0.0,0.0,1.0,0.0,268
-0.8333333333333334,0.8121827411167513,0.375,-0.5816560227957038,0.29107981220657275,-0.01075268817204301,0.0,0.0,0.3333333333333333,-1.0,0.0,0.0,1.0,0.0,0.0,501
-0.5,-0.6294416243654822,0.28125,-0.4861165064064858,-0.13145539906103287,-0.01075268817204301,0.0,0.0,-0.6666666666666666,-0.13333333333333333,0.0,0.0,0.0,1.0,0.0,108
0.5,0.802030456852792,-1.0,0.5713209318579696,0.26572769953051645,1.3118279569892473,0.0,0.0,0.0,-0.8666666666666667,1.0,0.0,1.0,0.0,0.0,2349
0.4166666666666667,-0.42131979695431476,0.03125,-0.5816560227957038,-1.1530516431924882,0.07526881720430108,0.0,0.0,-0.8333333333333334,0.0,0.0,0.0,0.0,1.0,0.0,381
-0.5833333333333334,0.5177664974619289,0.21875,-0.4861165064064858,-0.7643192488262911,-0.01075268817204301,0.1,0.0,0.0,0.6666666666666666,0.0,0.0,1.0,0.0,0.0,45
0.5833333333333334,0.015228426395939123,0.75,0.0,-0.8732394366197183,-0.01075268817204301,0.0,0.0,0.8333333333333334,-0.6,0.0,0.0,0.0,0.0,0.0,1176
0.75,0.7360406091370558,0.375,0.2058418822217645,-0.5164319248826291,-0.01075268817204301,0.0,0.0,0.16666666666666666,0.13333333333333333,0.0,0.0,1.0,0.0,0.0,2188
-0.08333333333333333,0.5888324873096448,-0.375,-0.4861165064064858,0.27417840375586855,3.10752688172043,0.0,0.0,-0.16666666666666666,0.8,0.0,1.0,0.0,0.0,0.0,986
0.9166666666666666,0.416243654822335,1.25,-0.5816560227957038,-0.8,-0.01075268817204301,0.0,0.0,0.5,-0.8666666666666667,0.0,0.0,0.0,0.0,0.0,486
0.5833333333333334,0.5786802030456852,0.40625,0.2058418822217645,-0.5248826291079812,0.24731182795698922,0.0,0.0,0.0,0.7333333333333333,0.0,0.0,1.0,0.0,0.0,2487
-0.9166666666666666,0.3248730964467004,-0.15625,0.0707286024015658,0.29107981220657275,-0.01075268817204301,0.0,0.0,0.16666666666666666,-0.5333333333333333,1.0,0.0,1.0,0.0,0.0,946
0.08333333333333333,1.1065989847715736,-0.28125,0.6275737112096174,-0.7605633802816901,3.0967741935483875,0.0,0.0,0.16666666666666666,0.7333333333333333,0.0,0.0,1.0,0.0,0.0,653
0.6666666666666666,0.5786802030456852,0.40625,-0.22768379202711048,-0.29389671361502345,-0.01075268817204301,0.0,0.0,0.3333333333333333,0.9333333333333333,0.0,0.0,1.0,0.0,0.0,1685
-0.3333333333333333,-0.918781725888325,0.90625,-0.22768379202711048,-1.1098591549295775,-0.01075268817204301,0.0,2.0,1.0,0.13333333333333333,0.0,0.0,0.0,1.0,0.0,146
0.75,0.17766497461928935,0.8125,0.9933397872392326,-0.888262910798122,-0.01075268817204301,0.0,0.0,-0.3333333333333333,-0.8666666666666667,0.0,1.0,0.0,0.0,0.0,1223
-0.6666666666666666,0.4619289340101524,0.28125,-0.4861165064064858,0.29107981220657275,-0.01075268817204301,0.0,0.0,0.16666666666666666,-0.6666666666666666,0.0,0.0,1.0,0.0,0.0,273
-0.4166666666666667,-0.5329949238578681,-0.125,-0.91150831659757,-0.5596244131455399,-0.01075268817204301,0.0,0.0,-0.5,-0.26666666666666666,0.0,1.0,0.0,0.0,0.0,662
-1.0,0.5583756345177665,-0.28125,-0.22768379202711048,0.29107981220657275,-0.01075268817204301,0.0,0.0,0.3333333333333333,0.13333333333333333,1.0,0.0,1.0,0.0,0.0,1191
0.0,-0.4771573604060914,1.0625,-0.5816560227957038,-1.207511737089202,0.06451612903225806,9.5,0.0,1.0,0.5333333333333333,1.0,0.0,0.0,1.0,-1.0,4
-0.5,-0.4619289340101523,0.125,0.13927936789351517,0.29107981220657275,-0.01075268817204301,0.0,0.0,-0.5,0.0,0.0,1.0,0.0,0.0,0.0,222
0.8333333333333334,0.583756345177665,0.0625,-0.7926654504863353,-0.8901408450704226,-0.01075268817204301,0.0,0.0,-0.16666666666666666,-0.06666666666666667,0.0,1.0,0.0,0.0,0.0,1640
-1.0,-0.7005076142131981,0.09375,0.2705797236685667,-1.267605633802817,-0.01075268817204301,0.0,0.0,-0.8333333333333334,0.3333333333333333,1.0,0.0,0.0,1.0,0.0,196
0.8333333333333334,-0.6192893401015228,1.09375,-0.7926654504863353,-1.368075117370892,-0.01075268817204301,0.0,1.0,1.0,-0.6666666666666666,0.0,0.0,0.0,1.0,0.0,222
-0.5833333333333334,0.21827411167512695,0.5625,-0.39575298507290857,-0.4507042253521127,-0.01075268817204301,0.0,0.0,0.0,-1.0,0.0,0.0,1.0,0.0,0.0,306
-0.8333333333333334,-0.9644670050761421,-0.125,0.3951330286481768,0.27230046948356806,-0.01075268817204301,0.0,1.6,-0.6666666666666666,-1.0,0.0,0.0,0.0,1.0,0.0,103
-0.5,0.17766497461928935,-0.0625,-0.22768379202711048,0.29107981220657275,-0.01075268817204301,0.0,0.0,0.5,-0.3333333333333333,0.0,0.0,0.0,0.0,0.0,678
0.5833333333333334,-0.12690355329949238,0.15625,0.3951330286481768,-0.027230046948356807,0.1935483870967742,0.0,0.0,-0.3333333333333333,-0.06666666666666667,1.0,1.0,0.0,0.0,0.0,317
0.9166666666666666,-0.21319796954314718,-0.4375,1.137688257706579,0.10985915492957747,-0.01075268817204301,0.0,0.0,0.8333333333333334,0.26666666666666666,0.0,0.0,0.0,0.0,0.0,378
0.5833333333333334,0.10152284263959391,1.25,-0.6833781561418334,-1.208450704225352,-0.01075268817204301,2.0,0.0,-0.16666666666666666,-0.26666666666666666,1.0,1.0,0.0,0.0,0.0,29
0.3333333333333333,0.5126903553299493,0.28125,1.4521169265310525,-0.45258215962441317,0.9462365591397849,0.0,0.0,-0.16666666666666666,0.8666666666666667,0.0,1.0,0.0,0.0,0.0,1592
0.08333333333333333,-0.48223350253807107,0.21875,0.3336351996355,0.1352112676056338,0.7956989247311828,0.0,0.0,-0.5,0.3333333333333333,0.0,1.0,0.0,0.0,0.0,196
0.0,-0.4416243654822335,-0.3125,0.682712243030312,-0.2976525821596244,1.8387096774193548,0.0,0.0,-0.6666666666666666,0.4,0.0,0.0,0.0,1.0,0.0,352
0.5,-0.5380710659898477,-0.375,0.0707286024015658,-0.05727699530516432,0.03225806451612903,0.0,0.0,-0.8333333333333334,0.2,0.0,0.0,0.0,1.0,0.0,702
-0.9166666666666666,-0.10152284263959391,0.0,0.2058418822217645,-0.2056338028169014,-0.01075268817204301,0.0,0.0,-0.3333333333333333,0.7333333333333333,0.0,1.0,0.0,0.0,0.0,562
-0.3333333333333333,0.5888324873096448,1.25,-0.5816560227957038,-1.1267605633802817,0.26881720430107525,0.0,0.0,0.16666666666666666,-0.3333333333333333,0.0,0.0,1.0,0.0,0.0,827
-0.16666666666666666,-0.025380710659898477,-0.25,-0.91150831659757,-0.004694835680751174,1.7204301075268817,0.0,0.0,0.6666666666666666,0.26666666666666666,1.0,0.0,0.0,0.0,0.0,997
-0.6666666666666666,-1.1218274111675128,-0.8125,1.137688257706579,0.29107981220657275,-0.01075268817204301,0.0,0.0,-0.6666666666666666,-0.26666666666666666,0.0,0.0,0.0,1.0,0.0,33
0.4166666666666667,-0.5380710659898477,0.09375,-0.14891824053188613,-0.4666666666666667,0.16129032258064516,0.0,0.8,1.0,0.3333333333333333,0.0,0.0,0.0,1.0,0.0,366
-0.3333333333333333,-0.1472081218274112,-0.9375,-0.3098055405697065,0.29107981220657275,0.4086021505376344,0.0,0.0,-0.3333333333333333,-0.2,0.0,1.0,0.0,0.0,0.0,1721
0.25,0.45177664974619286,-0.5625,0.2705797236685667,0.29107981220657275,2.3118279569892475,0.0,0.0,-0.16666666666666666,-0.5333333333333333,0.0,1.0,0.0,0.0,0.0,1267
-0.5,-1.015228426395939,0.3125,-0.6833781561418334,-0.4835680751173709,-0.01075268817204301,0.0,0.0,-0.8333333333333334,-0.6666666666666666,1.0,0.0,0.0,1.0,0.0,69
-1.0,-0.6395939086294417,-0.46875,-0.3098055405697065,-0.39342723004694835,-0.01075268817204301,0.0,0.0,-0.8333333333333334,-0.5333333333333333,0.0,0.0,0.0,1.0,0.0,149
-0.9166666666666666,-0.6598984771573604,1.1875,0.3951330286481768,-1.5126760563380282,-0.01075268817204301,0.0,0.6,1.0,1.0,1.0,0.0,0.0,1.0,-1.0,43
-0.08333333333333333,0.13705583756345174,-0.5,-0.39575298507290857,-0.7624413145539906,2.258064516129032,0.0,0.0,0.6666666666666666,-0.13333333333333333,1.0,0.0,0.0,0.0,0.0,1056
0.9166666666666666,-0.5380710659898477,-0.8125,0.13927936789351517,0.168075117370892,-0.01075268817204301,0.0,0.0,0.8333333333333334,0.8,0.0,0.0,0.0,0.0,0.0,555
0.75,0.5076142131979695,0.6875,1.1844188200176686,0.29107981220657275,-0.01075268817204301,0.0,0.0,0.3333333333333333,0.5333333333333333,0.0,0.0,1.0,0.0,0.0,1300
-0.75,0.3553299492385787,0.625,-0.91150831659757,-0.7746478873239436,-0.01075268817204301,0.0,0.0,0.0,0.13333333333333333,0.0,0.0,1.0,0.0,0.0,202
-0.3333333333333333,-1.1218274111675128,0.0625,-0.39575298507290857,0.24225352112676057,0.0,0.0,1.6,-0.6666666666666666,-1.0,0.0,0.0,0.0,1.0,0.0,459
0.75,0.13197969543147217,-0.40625,-0.22768379202711048,-0.7295774647887324,-0.01075268817204301,0.0,0.0,-0.3333333333333333,0.8666666666666667,1.0,1.0,0.0,0.0,0.0,1382
-0.3333333333333333,-1.0609137055837563,0.03125,0.455183241303237,0.18028169014084508,0.0,0.0,0.0,-0.6666666666666666,-0.9333333333333333,0.0,0.0,0.0,1.0,0.0,558
-0.08333333333333333,0.9746192893401017,-0.28125,0.455183241303237,0.20469483568075117,2.7096774193548385,0.0,0.0,0.16666666666666666,0.4666666666666667,0.0,0.0,1.0,0.0,0.0,611
-0.16666666666666666,-0.25888324873096447,0.25,0.2058418822217645,-1.371830985915493,1.7849462365591395,0.0,0.0,-0.5,0.6,1.0,1.0,0.0,0.0,0.0,359
-0.08333333333333333,0.5228426395939086,-0.09375,0.3951330286481768,-0.06009389671361502,2.7311827956989245,0.0,0.0,0.5,0.06666666666666667,0.0,0.0,0.0,0.0,0.0,954
-0.8333333333333334,-1.2233502538071068,-0.40625,-0.5816560227957038,0.2,-0.01075268817204301,0.0,0.0,1.0,-0.13333333333333333,0.0,0.0,0.0,1.0,0.0,107
-0.75,-0.5431472081218274,-0.90625,0.0707286024015658,0.29107981220657275,-0.01075268817204301,0.0,0.0,0.8333333333333334,0.5333333333333333,1.0,0.0,0.0,0.0,0.0,272
0.8333333333333334,-0.24365482233502542,-0.125,-1.0429616152145371,-0.8694835680751174,-0.01075268817204301,0.0,0.0,0.8333333333333334,-0.06666666666666667,0.0,0.0,0.0,0.0,0.0,1061
0.0,-0.802030456852792,-1.0,-2.15665183283064,0.25539906103286386,-0.01075268817204301,0.0,0.0,1.0,-0.7333333333333333,0.0,0.0,0.0,1.0,0.0,321
-0.8333333333333334,-1.1065989847715736,-0.25,0.7368002283746548,0.29107981220657275,-0.01075268817204301,0.0,0.0,-0.6666666666666666,-0.26666666666666666,0.0,0.0,0.0,1.0,0.0,45
-0.5,0.7563451776649746,0.53125,-0.39575298507290857,0.009389671361502348,-0.01075268817204301,0.0,0.0,0.3333333333333333,-0.06666666666666667,0.0,0.0,1.0,0.0,-1.0,346
-0.4166666666666667,-1.5736040609137056,-0.59375,1.0902852095090052,0.29107981220657275,-0.01075268817204301,0.0,0.5,-0.8333333333333334,0.6666666666666666,0.0,0.0,0.0,1.0,0.0,142
-0.25,-0.0812182741116751,-0.6875,-0.3098055405697065,-0.024413145539906103,1.010752688172043,0.0,0.0,-0.3333333333333333,-0.4,0.0,1.0,0.0,0.0,0.0,982
-0.9166666666666666,-0.35025380710659904,0.28125,-0.39575298507290857,0.29107981220657275,-0.01075268817204301,0.0,0.0,0.6666666666666666,1.0,0.0,0.0,0.0,0.0,0.0,324
-0.16666666666666666,0.6497461928934011,-0.71875,-0.4861165064064858,0.09577464788732394,2.7526881720430105,0.0,0.0,0.0,0.4,0.0,0.0,1.0,0.0,0.0,902
-1.0,-0.751269035532995,1.03125,0.3336351996355,-1.343661971830986,-0.01075268817204301,0.0,2.2,1.0,0.3333333333333333,0.0,0.0,0.0,1.0,0.0,166
-1.0,0.3959390862944163,0.78125,1.137688257706579,0.22816901408450704,-0.01075268817204301,1.0,0.0,0.5,-0.6,0.0,0.0,0.0,0.0,0.0,556
-0.5833333333333334,-0.8883248730964467,-0.6875,0.2058418822217645,0.29107981220657275,-0.01075268817204301,0.0,0.0,-0.6666666666666666,0.3333333333333333,0.0,0.0,0.0,1.0,0.0,63
-1.0,-0.9746192893401016,-0.125,-0.7926654504863353,-0.40187793427230045,-0.01075268817204301,0.0,0.0,1.0,-0.06666666666666667,0.0,0.0,0.0,1.0,0.0,227
-0.6666666666666666,-0.40609137055837563,1.21875,0.3336351996355,-1.5370892018779343,-0.01075268817204301,0.0,0.0,-0.5,0.6666666666666666,0.0,1.0,0.0,0.0,0.0,65
0.4166666666666667,1.0406091370558377,-0.40625,0.5138834935935143,0.18873239436619718,2.086021505376344,0.0,0.0,0.16666666666666666,0.2,0.0,0.0,1.0,0.0,0.0,1536
-0.3333333333333333,-0.43147208121827413,0.625,0.0,-0.539906103286385,0.06451612903225806,0.0,0.0,0.8333333333333334,-0.13333333333333333,0.0,0.0,0.0,0.0,0.0,1916
0.6666666666666666,0.36040609137055846,0.46875,-0.14891824053188613,-1.035680751173709,-0.01075268817204301,0.0,0.0,-0.16666666666666666,-1.0,0.0,1.0,0.0,0.0,-1.0,1656
0.16666666666666666,0.4720812182741117,-0.5625,0.682712243030312,0.27511737089201876,3.634408602150538,0.0,0.0,-0.16666666666666666,0.2,1.0,1.0,0.0,0.0,0.0,2128
-0.5833333333333334,-0.5685279187817259,-0.125,-0.7926654504863353,0.06854460093896714,-0.01075268817204301,0.0,0.0,0.8333333333333334,0.13333333333333333,1.0,0.0,0.0,0.0,0.0,92
-0.3333333333333333,0.23857868020304565,-0.03125,0.0,0.28544600938967135,0.6559139784946236,0.0,0.0,0.5,-0.26666666666666666,0.0,0.0,0.0,0.0,0.0,2391
0.08333333333333333,0.3705583756345178,-1.0625,0.13927936789351517,-0.20938967136150236,3.4086021505376345,0.0,0.0,-0.3333333333333333,0.6,0.0,1.0,0.0,0.0,0.0,1141
-0.8333333333333334,0.7157360406091372,0.65625,-1.5998067240225886,-0.37652582159624415,-0.01075268817204301,0.0,0.0,0.16666666666666666,0.6666666666666666,0.0,0.0,1.0,0.0,0.0,498
-0.9166666666666666,-0.09644670050761424,0.53125,-0.22768379202711048,-1.235680751173709,-0.01075268817204301,0.0,0.0,-0.5,0.8,0.0,1.0,0.0,0.0,0.0,337
-0.6666666666666666,-0.6954314720812182,0.9375,1.137688257706579,-1.3558685446009389,-0.01075268817204301,0.0,1.2,1.0,1.0,1.0,0.0,0.0,1.0,-1.0,32
0.75,-0.7309644670050762,-0.40625,-0.22768379202711048,0.1699530516431925,-0.01075268817204301,0.0,0.0,-0.8333333333333334,-1.0,0.0,0.0,0.0,1.0,-1.0,203
-0.8333333333333334,0.36548223350253806,0.59375,-1.1921678124288753,-0.7230046948356808,-0.01075268817204301,0.0,0.0,0.0,0.13333333333333333,0.0,0.0,1.0,0.0,0.0,436
0.3333333333333333,-0.2081218274111675,-0.5625,0.2058418822217645,0.013145539906103286,0.5913978494623656,0.0,0.0,0.8333333333333334,0.13333333333333333,1.0,0.0,0.0,0.0,0.0,1026
-0.6666666666666666,0.42131979695431476,0.78125,-0.6833781561418334,-0.927699530516432,-0.01075268817204301,0.0,0.0,0.0,0.6,0.0,0.0,1.0,0.0,0.0,199
0.5833333333333334,-1.0203045685279188,-0.8125,0.0707286024015658,0.29107981220657275,-0.01075268817204301,0.0,0.0,1.0,-0.2,0.0,0.0,0.0,1.0,0.0,373
-0.5,-1.2690355329949239,-0.3125,0.9933397872392326,0.29107981220657275,-0.01075268817204301,0.0,1.0,-0.8333333333333334,0.4666666666666667,0.0,0.0,0.0,1.0,0.0,84
0.0,-0.8121827411167513,-0.4375,-0.6833781561418334,-0.7464788732394366,0.3548387096774194,0.0,0.0,1.0,-0.06666666666666667,0.0,0.0,0.0,1.0,0.0,309
0.16666666666666666,1.1624365482233503,-0.6875,-0.14891824053188613,0.26009389671361505,2.6344086021505375,0.0,0.0,0.16666666666666666,1.0,0.0,0.0,1.0,0.0,0.0,579
-0.75,0.24873096446700502,0.0,-0.14891824053188613,0.29107981220657275,-0.01075268817204301,0.0,0.0,0.5,-0.26666666666666666,0.0,0.0,0.0,0.0,0.0,297
-0.75,-0.5583756345177665,-0.25,-1.3691539278131721,0.29107981220657275,-0.01075268817204301,0.0,0.0,0.8333333333333334,0.13333333333333333,1.0,0.0,0.0,0.0,0.0,258
0.0,1.030456852791878,-0.40625,0.3336351996355,0.19624413145539907,2.913978494623656,0.0,0.0,0.3333333333333333,-0.26666666666666666,1.0,0.0,1.0,0.0,0.0,670
0.08333333333333333,0.16751269035532998,-0.34375,-0.3098055405697065,-0.8732394366197183,1.8279569892473118,0.0,0.0,0.8333333333333334,-0.7333333333333333,0.0,0.0,0.0,0.0,0.0,986
0.25,-0.4974619289340102,-0.53125,1.8972417506003412,0.24413145539906103,2.096774193548387,0.0,0.0,-0.6666666666666666,-0.2,0.0,0.0,0.0,1.0,0.0,295
-0.8333333333333334,0.43147208121827413,0.09375,-0.22768379202711048,0.29107981220657275,-0.01075268817204301,0.0,0.0,0.5,-0.9333333333333333,1.0,0.0,0.0,0.0,0.0,610
0.5,0.583756345177665,0.0625,1.0902852095090052,-0.3436619718309859,0.5698924731182796,0.0,0.0,0.0,0.06666666666666667,1.0,0.0,1.0,0.0,0.0,2474
-0.75,0.3248730964467004,0.71875,0.0707286024015658,-0.8910798122065727,-0.01075268817204301,0.0,0.0,0.0,0.06666666666666667,1.0,0.0,1.0,0.0,0.0,491
-0.4166666666666667,0.7157360406091372,0.4375,-0.22768379202711048,0.29107981220657275,0.13978494623655913,0.0,0.0,0.3333333333333333,0.0,0.0,0.0,1.0,0.0,0.0,1105
0.08333333333333333,-0.416243654822335,-0.875,0.3951330286481768,-0.6413145539906103,2.2258064516129035,0.0,0.0,-0.6666666666666666,0.5333333333333333,1.0,0.0,0.0,1.0,0.0,412
-0.25,0.7918781725888326,0.59375,0.455183241303237,-0.6093896713615023,1.4731182795698923,0.0,0.0,0.3333333333333333,-0.7333333333333333,1.0,0.0,1.0,0.0,0.0,422
-0.75,-0.3299492385786802,0.90625,-0.22768379202711048,0.29107981220657275,-0.01075268817204301,0.0,0.0,-0.16666666666666666,-0.8666666666666667,0.0,1.0,0.0,0.0,0.0,156
0.9166666666666666,-0.4873096446700508,1.03125,-0.14891824053188613,-1.4046948356807512,-0.01075268817204301,0.0,0.0,1.0,-0.8666666666666667,1.0,0.0,0.0,1.0,0.0,303
0.3333333333333333,0.8629441624365483,-0.71875,0.8420508501474621,0.13145539906103287,2.6881720430107525,0.0,0.0,0.0,0.13333333333333333,0.0,0.0,1.0,0.0,0.0,1401
0.9166666666666666,-0.27918781725888325,0.78125,-0.14891824053188613,-1.4028169014084506,-0.01075268817204301,0.0,0.0,-0.5,0.6,1.0,1.0,0.0,0.0,0.0,336
-0.16666666666666666,-0.2639593908629441,-0.21875,-0.3098055405697065,-0.3061032863849765,1.3118279569892473,0.0,0.0,0.8333333333333334,-0.26666666666666666,0.0,0.0,0.0,0.0,0.0,683
0.75,0.25380710659898476,0.65625,-1.5998067240225886,0.29107981220657275,-0.01075268817204301,0.0,0.0,0.6666666666666666,-0.6666666666666666,1.0,0.0,0.0,0.0,0.0,1731
0.5833333333333334,0.5329949238578681,0.09375,0.7898955205469734,-0.292018779342723,0.3978494623655914,0.0,0.0,0.0,-0.6,0.0,0.0,1.0,0.0,0.0,2649
-0.6666666666666666,-0.20304568527918782,1.1875,0.5713209318579696,-1.2018779342723005,-0.01075268817204301,3.5,0.0,-0.3333333333333333,0.4666666666666667,0.0,1.0,0.0,0.0,0.0,2
0.6666666666666666,0.4619289340101524,0.4375,0.2058418822217645,-0.7830985915492957,0.10752688172043011,0.0,0.0,0.0,-0.5333333333333333,0.0,0.0,1.0,0.0,0.0,2476
0.25,1.1725888324873097,-0.40625,0.0,0.07605633802816901,1.204301075268817,0.0,0.0,0.3333333333333333,-0.9333333333333333,0.0,0.0,1.0,0.0,0.0,605
0.5833333333333334,0.6903553299492386,0.21875,-0.3098055405697065,-0.8084507042253521,0.2903225806451613,0.0,0.0,0.0,0.8666666666666667,0.0,0.0,1.0,0.0,0.0,2602
0.0,-0.4873096446700508,-0.90625,-0.4861165064064858,-0.28826291079812205,0.6344086021505375,0.0,0.0,-0.8333333333333334,0.4,0.0,0.0,0.0,1.0,0.0,323
-0.16666666666666666,-1.0050761421319798,-0.34375,-0.14891824053188613,-0.32300469483568073,1.075268817204301,0.0,0.0,-0.6666666666666666,-0.5333333333333333,0.0,0.0,0.0,1.0,0.0,160
-0.16666666666666666,0.43147208121827413,0.375,0.3336351996355,-1.128638497652582,2.1827956989247315,0.0,0.0,0.0,-0.6,0.0,0.0,1.0,0.0,0.0,914
-0.9166666666666666,0.36040609137055846,0.1875,-0.7926654504863353,-0.018779342723004695,-0.01075268817204301,0.0,0.0,0.0,-0.6666666666666666,0.0,0.0,1.0,0.0,-1.0,1031
-0.4166666666666667,0.299492385786802,1.25,-0.4861165064064858,-1.331455399061033,-0.01075268817204301,13.5,0.0,0.0,-0.13333333333333333,0.0,0.0,1.0,0.0,0.0,94
-0.16666666666666666,-0.12182741116751271,-0.1875,-0.5816560227957038,-0.9492957746478873,1.4731182795698923,0.0,0.0,0.8333333333333334,-0.8,1.0,0.0,0.0,0.0,0.0,747
-0.4166666666666667,-0.5532994923857868,1.0,1.4948257357364156,-1.2863849765258215,-0.01075268817204301,0.0,0.0,-0.5,-1.0,0.0,1.0,0.0,0.0,-1.0,61
-0.5833333333333334,-1.2588832487309645,-0.125,0.0707286024015658,0.27136150234741785,-0.01075268817204301,0.0,0.0,-0.8333333333333334,0.9333333333333333,0.0,0.0,0.0,1.0,0.0,47
0.08333333333333333,-0.15736040609137056,-0.59375,0.5713209318579696,0.25258215962441316,3.2043010752688175,0.0,0.0,-0.5,0.0,0.0,1.0,0.0,0.0,0.0,715
0.25,-0.43147208121827413,-1.03125,-0.39575298507290857,-0.6131455399061033,1.236559139784946,0.0,0.0,-0.6666666666666666,-0.4666666666666667,0.0,0.0,0.0,1.0,0.0,315
0.0,0.23857868020304565,-0.59375,1.4521169265310525,-0.4704225352112676,2.580645161290323,0.0,0.0,-0.5,1.0,1.0,1.0,0.0,0.0,0.0,1072
0.25,-0.3096446700507614,-0.59375,0.13927936789351517,-0.819718309859155,0.6666666666666666,0.0,0.0,-0.8333333333333334,-0.06666666666666667,0.0,0.0,0.0,1.0,0.0,349
0.75,0.6446700507614213,0.15625,0.5138834935935143,0.29107981220657275,-0.01075268817204301,0.0,0.0,0.5,-0.9333333333333333,1.0,0.0,0.0,0.0,0.0,1759
-0.75,-0.6903553299492385,0.375,-0.4861165064064858,-0.3305164319248826,-0.01075268817204301,0.0,0.0,0.8333333333333334,0.9333333333333333,0.0,0.0,0.0,0.0,0.0,213
0.5,0.6852791878172589,-0.375,0.5713209318579696,0.29107981220657275,0.8172043010752688,0.0,0.0,0.5,-0.7333333333333333,0.0,0.0,0.0,0.0,0.0,3160
0.8333333333333334,-1.2487309644670053,-0.4375,0.2058418822217645,0.2535211267605634,-0.01075268817204301,0.0,0.0,-0.6666666666666666,-0.6666666666666666,0.0,0.0,0.0,1.0,0.0,169
0.5833333333333334,0.8274111675126904,0.34375,0.682712243030312,0.05539906103286385,0.8602150537634409,0.0,0.0,0.16666666666666666,-0.2,0.0,0.0,1.0,0.0,0.0,2320
-0.25,-1.015228426395939,-0.96875,0.5713209318579696,0.1727699530516432,0.6774193548387096,0.0,0.0,-0.6666666666666666,0.06666666666666667,1.0,0.0,0.0,1.0,-1.0,98
0.16666666666666666,0.6903553299492386,-0.53125,0.2058418822217645,0.0835680751173709,3.4946236559139785,0.0,0.0,0.0,0.0,1.0,0.0,1.0,0.0,0.0,1783
-0.8333333333333334,0.83248730964467,0.0625,0.2705797236685667,0.19906103286384977,-0.01075268817204301,0.0,0.0,0.3333333333333333,-0.8,1.0,0.0,1.0,0.0,0.0,594
-0.6666666666666666,-1.2944162436548223,-0.65625,0.7368002283746548,0.2892018779342723,-0.01075268817204301,0.0,0.0,-0.6666666666666666,-0.6666666666666666,0.0,0.0,0.0,1.0,0.0,32
0.5,-1.0812182741116751,-0.78125,1.5787787158685695,0.29107981220657275,0.01075268817204301,0.0,0.0,-0.8333333333333334,-0.4,0.0,0.0,0.0,1.0,0.0,437
0.75,-1.0558375634517767,-0.71875,1.137688257706579,0.29107981220657275,-0.01075268817204301,0.0,0.0,-0.8333333333333334,0.8,1.0,0.0,0.0,1.0,0.0,106
0.08333333333333333,0.6243654822335026,0.25,-0.39575298507290857,0.28732394366197184,1.1935483870967742,0.0,0.0,0.5,-0.06666666666666667,1.0,0.0,0.0,0.0,0.0,1465
-0.5,0.3299492385786802,0.65625,-1.0429616152145371,-0.8807511737089202,0.04301075268817204,0.0,0.0,0.0,0.13333333333333333,0.0,0.0,1.0,0.0,0.0,779
-0.3333333333333333,-0.9543147208121828,-0.1875,-0.39575298507290857,-0.3483568075117371,-0.01075268817204301,0.0,0.0,-0.8333333333333334,-0.7333333333333333,0.0,0.0,0.0,1.0,0.0,665
-0.75,0.07614213197969544,0.84375,-0.14891824053188613,-1.1427230046948358,-0.01075268817204301,0.0,0.0,-0.16666666666666666,1.0,0.0,1.0,0.0,0.0,0.0,328
-0.16666666666666666,1.0558375634517765,-0.28125,0.6275737112096174,0.12394366197183099,2.2688172043010755,0.0,0.0,0.3333333333333333,-0.8666666666666667,0.0,0.0,1.0,0.0,0.0,530
0.9166666666666666,-0.13197969543147206,0.21875,-1.3691539278131721,0.29107981220657275,-0.01075268817204301,0.0,0.0,0.6666666666666666,0.13333333333333333,0.0,0.0,0.0,0.0,0.0,944
0.75,0.010152284263959355,0.5,0.2058418822217645,-0.9690140845070423,-0.01075268817204301,0.0,0.0,-0.5,0.9333333333333333,0.0,1.0,0.0,0.0,0.0,948
0.25,-0.1624365482233502,-0.4375,0.6275737112096174,0.29107981220657275,2.623655913978495,0.0,0.0,-0.5,-0.7333333333333333,0.0,1.0,0.0,0.0,0.0,637
0.3333333333333333,-0.2639593908629441,-0.625,1.2759719533904954,0.16619718309859155,1.8494623655913978,0.0,0.0,-0.5,-0.4,1.0,1.0,0.0,0.0,0.0,972
0.9166666666666666,0.4771573604060913,0.75,-0.4861165064064858,-0.13145539906103287,-0.01075268817204301,0.0,0.0,0.5,-0.06666666666666667,1.0,0.0,0.0,0.0,0.0,1210
-0.5,-0.8172588832487311,-0.59375,-0.39575298507290857,0.29107981220657275,-0.01075268817204301,0.0,0.0,-0.6666666666666666,-0.06666666666666667,0.0,0.0,0.0,1.0,-1.0,39
0.16666666666666666,0.2284263959390863,-0.90625,0.0707286024015658,0.12206572769953052,3.333333333333333,0.0,0.0,-0.3333333333333333,0.0,0.0,1.0,0.0,0.0,0.0,1016
-0.9166666666666666,-0.43147208121827413,0.3125,-0.14891824053188613,0.29107981220657275,-0.01075268817204301,0.0,0.0,0.8333333333333334,-0.26666666666666666,0.0,0.0,0.0,0.0,0.0,344
0.5833333333333334,1.030456852791878,-0.40625,0.455183241303237,0.29107981220657275,0.31182795698924726,0.0,0.0,0.3333333333333333,-0.3333333333333333,1.0,0.0,1.0,0.0,0.0,1482
0.9166666666666666,-0.48223350253807107,-0.03125,-0.39575298507290857,-0.3173708920187793,-0.01075268817204301,0.0,0.0,1.0,-0.9333333333333333,1.0,0.0,0.0,1.0,0.0,366
-0.75,0.20304568527918782,0.9375,-0.91150831659757,0.2863849765258216,-0.01075268817204301,0.0,0.0,0.0,-0.26666666666666666,0.0,0.0,1.0,0.0,0.0,206
0.9166666666666666,0.44670050761421326,0.0625,-0.3098055405697065,0.18967136150234742,-0.01075268817204301,0.0,0.0,0.0,0.13333333333333333,0.0,0.0,1.0,0.0,0.0,1732
-0.5,-1.5685279187817258,-0.53125,0.0707286024015658,0.29107981220657275,-0.01075268817204301,0.0,0.5,-0.8333333333333334,0.6666666666666666,0.0,0.0,0.0,1.0,0.0,64
0.0,-0.005076142131979678,-0.28125,0.5138834935935143,-0.6835680751173709,1.7526881720430105,0.0,0.0,0.8333333333333334,0.0,0.0,0.0,0.0,0.0,0.0,886
0.6666666666666666,0.42131979695431476,1.25,0.455183241303237,-1.44037558685446,-0.01075268817204301,0.5,0.0,-0.16666666666666666,0.0,0.0,1.0,0.0,0.0,0.0,338
0.9166666666666666,-0.1624365482233502,0.84375,-0.14891824053188613,-1.352112676056338,-0.01075268817204301,0.0,0.0,0.8333333333333334,-0.4,1.0,0.0,0.0,0.0,0.0,676
0.16666666666666666,-0.7969543147208121,-1.0625,1.2305047302068106,0.26384976525821596,1.1612903225806452,0.0,2.2,1.0,0.2,0.0,0.0,0.0,1.0,0.0,178
0.3333333333333333,-0.09137055837563456,0.78125,-0.3098055405697065,-0.8798122065727699,0.3333333333333333,0.0,0.0,-0.5,-0.8,1.0,1.0,0.0,0.0,0.0,396
0.25,-0.8172588832487311,-0.8125,0.7368002283746548,0.27887323943661974,1.4516129032258065,0.0,0.0,-0.6666666666666666,-0.3333333333333333,1.0,0.0,0.0,1.0,0.0,181
-0.6666666666666666,-0.9441624365482234,-0.0625,0.13927936789351517,-0.39812206572769954,-0.01075268817204301,0.0,0.0,-0.8333333333333334,-0.7333333333333333,0.0,0.0,0.0,1.0,0.0,47
-0.25,0.4974619289340102,-0.4375,-0.22768379202711048,-0.40657276995305164,2.043010752688172,0.0,0.0,0.0,-0.9333333333333333,1.0,0.0,1.0,0.0,0.0,1005
0.75,0.3908629441624365,0.96875,0.13927936789351517,-1.236619718309859,-0.01075268817204301,0.0,0.0,0.5,0.0,1.0,0.0,0.0,0.0,0.0,1146
0.4166666666666667,0.49238578680203043,-1.40625,1.1844188200176686,0.29107981220657275,1.8064516129032255,0.0,0.0,-0.3333333333333333,0.3333333333333333,1.0,1.0,0.0,0.0,0.0,2032
0.3333333333333333,0.2588832487309645,-0.84375,1.8200176575062148,0.18873239436619718,2.666666666666667,0.0,0.0,-0.16666666666666666,-0.8,0.0,1.0,0.0,0.0,0.0,1501
0.3333333333333333,0.050761421319796954,-0.71875,0.9437305196070348,-1.144600938967136,1.6989247311827957,0.0,0.0,-0.5,-0.26666666666666666,0.0,1.0,0.0,0.0,0.0,752
-0.4166666666666667,-0.6548223350253808,1.25,-0.14891824053188613,-1.5248826291079811,0.04301075268817204,0.0,0.0,-0.3333333333333333,-0.4666666666666667,0.0,1.0,0.0,0.0,0.0,651
0.8333333333333334,0.5482233502538072,1.25,0.3951330286481768,-0.6215962441314554,-0.01075268817204301,4.5,0.0,0.3333333333333333,0.8666666666666667,0.0,0.0,1.0,0.0,0.0,74
-0.5,-0.6446700507614213,0.34375,-0.7926654504863353,-0.9549295774647887,-0.01075268817204301,0.0,0.0,1.0,0.8666666666666667,0.0,0.0,0.0,1.0,0.0,128
-0.4166666666666667,-0.4517766497461929,0.59375,-0.6833781561418334,0.29107981220657275,-0.01075268817204301,0.0,0.0,0.6666666666666666,0.8666666666666667,0.0,0.0,0.0,0.0,0.0,1070
0.8333333333333334,-0.09644670050761424,0.125,-1.3691539278131721,0.29107981220657275,-0.01075268817204301,0.0,0.0,0.6666666666666666,0.13333333333333333,0.0,0.0,0.0,0.0,0.0,1302
-0.25,0.802030456852792,-0.09375,0.0,0.29107981220657275,0.8709677419354838,0.0,0.0,0.3333333333333333,0.4666666666666667,0.0,0.0,1.0,0.0,0.0,924
0.8333333333333334,-1.3908629441624365,-0.375,1.365145862684823,0.29107981220657275,-0.01075268817204301,0.0,0.9,-0.8333333333333334,0.4666666666666667,0.0,0.0,0.0,1.0,0.0,117
-0.8333333333333334,0.2893401015228426,0.375,-0.14891824053188613,0.29107981220657275,-0.01075268817204301,0.0,0.0,0.0,-0.4,1.0,0.0,1.0,0.0,0.0,162
-0.5,0.20304568527918782,0.59375,-0.22768379202711048,-0.49671361502347416,0.04301075268817204,0.0,0.0,0.0,-1.0,0.0,0.0,1.0,0.0,0.0,672
0.3333333333333333,0.4974619289340102,1.21875,1.0902852095090052,-1.172769953051643,0.07526881720430108,1.0,0.0,0.0,0.6666666666666666,0.0,0.0,1.0,0.0,0.0,56
0.3333333333333333,-0.2639593908629441,-0.6875,0.3951330286481768,0.27887323943661974,0.3870967741935484,0.0,0.0,0.8333333333333334,0.06666666666666667,1.0,0.0,0.0,0.0,0.0,974
-0.16666666666666666,0.802030456852792,-0.25,0.3336351996355,0.17370892018779344,1.7634408602150535,0.0,0.0,0.3333333333333333,0.26666666666666666,0.0,0.0,1.0,0.0,0.0,719
-0.3333333333333333,0.284263959390863,-0.125,0.13927936789351517,0.2460093896713615,0.8494623655913979,0.0,0.0,0.16666666666666666,-0.5333333333333333,1.0,0.0,1.0,0.0,0.0,684
-0.3333333333333333,-0.6243654822335026,0.34375,-0.7926654504863353,-1.2009389671361503,-0.01075268817204301,0.0,0.0,-0.8333333333333334,0.0,0.0,0.0,0.0,1.0,0.0,650
-0.5,0.5685279187817259,0.875,1.2759719533904954,0.29107981220657275,-0.01075268817204301,0.0,0.0,0.3333333333333333,0.8666666666666667,0.0,0.0,1.0,0.0,0.0,346
-0.3333333333333333,-0.8578680203045684,0.4375,-0.5816560227957038,-0.47981220657276996,-0.01075268817204301,0.0,0.0,-0.8333333333333334,-0.9333333333333333,0.0,0.0,0.0,1.0,0.0,655
0.6666666666666666,-0.25380710659898476,-0.78125,0.682712243030312,0.09295774647887324,-0.01075268817204301,0.0,0.0,0.8333333333333334,0.26666666666666666,0.0,0.0,0.0,0.0,0.0,1078
0.9166666666666666,-0.2081218274111675,0.53125,0.0707286024015658,-1.0619718309859154,-0.01075268817204301,0.0,0.0,-0.5,-0.8666666666666667,1.0,1.0,0.0,0.0,0.0,215
0.6666666666666666,-0.12182741116751271,-0.1875,1.2305047302068106,0.2507042253521127,-0.01075268817204301,0.0,0.0,-0.5,-0.8666666666666667,1.0,1.0,0.0,0.0,0.0,631
0.4166666666666667,-0.49238578680203043,1.03125,0.7368002283746548,-0.9727699530516432,-0.01075268817204301,0.0,0.0,-0.6666666666666666,0.8,0.0,0.0,0.0,1.0,0.0,8
-0.08333333333333333,0.9086294416243654,0.0625,-0.5816560227957038,0.29107981220657275,1.3870967741935483,0.0,0.0,0.3333333333333333,-0.6,0.0,0.0,1.0,0.0,0.0,657
0.9166666666666666,0.1472081218274111,0.71875,0.0,-0.984037558685446,-0.01075268817204301,0.0,0.0,-0.16666666666666666,0.9333333333333333,0.0,1.0,0.0,0.0,0.0,1158
0.8333333333333334,0.11675126903553304,1.28125,-1.0429616152145371,-1.4187793427230047,-0.01075268817204301,1.5,0.0,-0.16666666666666666,-0.26666666666666666,1.0,1.0,0.0,0.0,0.0,30
-0.9166666666666666,-0.21319796954314718,0.65625,-1.5998067240225886,-0.8093896713615023,-0.01075268817204301,0.0,0.0,0.8333333333333334,-0.7333333333333333,0.0,0.0,0.0,0.0,0.0,346
-0.9166666666666666,0.83248730964467,0.40625,-0.39575298507290857,0.29107981220657275,-0.01075268817204301,0.0,0.0,0.3333333333333333,-1.0,0.0,0.0,1.0,0.0,0.0,724
-0.8333333333333334,0.5583756345177665,0.0625,-1.1921678124288753,0.29107981220657275,-0.01075268817204301,0.0,0.0,0.3333333333333333,0.2,1.0,0.0,1.0,0.0,0.0,611
0.8333333333333334,-1.4263959390862946,-0.53125,0.2058418822217645,0.05258215962441314,-0.01075268817204301,0.0,0.3,-0.8333333333333334,0.6666666666666666,0.0,0.0,0.0,1.0,0.0,108
-0.5833333333333334,-0.8274111675126904,0.8125,-0.7926654504863353,-0.6985915492957746,-0.01075268817204301,0.0,3.5,-0.8333333333333334,1.0,0.0,0.0,0.0,1.0,0.0,34
-0.75,-0.9086294416243654,-0.625,0.13927936789351517,0.28075117370892017,-0.01075268817204301,0.0,0.0,-0.6666666666666666,0.0,0.0,0.0,0.0,1.0,-1.0,36
0.25,0.2588832487309645,-1.3125,-0.4861165064064858,0.28262910798122065,0.8602150537634409,0.0,0.0,-0.3333333333333333,-0.2,0.0,1.0,0.0,0.0,0.0,1108
0.5833333333333334,-0.5583756345177665,-1.125,0.455183241303237,0.29107981220657275,-0.01075268817204301,0.0,0.0,-0.6666666666666666,0.26666666666666666,0.0,0.0,0.0,1.0,0.0,522
-0.75,-0.32487309644670054,0.09375,-1.1921678124288753,0.29107981220657275,-0.01075268817204301,0.0,0.0,-0.3333333333333333,0.6,0.0,1.0,0.0,0.0,0.0,206
0.5,-0.1472081218274112,-0.375,0.2058418822217645,0.23098591549295774,0.0,0.0,0.0,0.8333333333333334,-0.26666666666666666,0.0,0.0,0.0,0.0,0.0,2022
-0.4166666666666667,-0.2690355329949239,0.96875,-0.6833781561418334,-1.0169014084507042,0.0,2.0,0.0,-0.3333333333333333,-0.13333333333333333,1.0,1.0,0.0,0.0,0.0,18
-0.9166666666666666,0.46700507614213194,0.9375,-0.91150831659757,-0.5802816901408451,-0.01075268817204301,0.0,0.0,0.16666666666666666,-1.0,1.0,0.0,1.0,0.0,0.0,740
0.4166666666666667,-1.2233502538071068,-0.59375,1.137688257706579,0.29107981220657275,0.3978494623655914,0.0,0.9,-0.8333333333333334,0.4666666666666667,0.0,0.0,0.0,1.0,0.0,239
-0.5833333333333334,-0.9035532994923858,1.0625,0.0,-1.368075117370892,-0.01075268817204301,0.0,2.2,1.0,0.3333333333333333,0.0,0.0,0.0,1.0,0.0,49
-0.4166666666666667,-0.25888324873096447,1.25,0.682712243030312,-1.4723004694835682,-0.01075268817204301,0.0,0.0,-0.5,-0.8,1.0,1.0,0.0,0.0,0.0,23
-0.4166666666666667,0.2944162436548224,0.1875,-0.6833781561418334,-0.7267605633802817,0.48387096774193544,0.0,0.0,0.0,-0.6666666666666666,0.0,0.0,1.0,0.0,-1.0,536
-0.9166666666666666,-0.5126903553299492,0.59375,-0.91150831659757,-0.7333333333333333,-0.01075268817204301,0.0,0.0,0.8333333333333334,0.06666666666666667,1.0,0.0,0.0,0.0,0.0,597
-0.16666666666666666,0.3705583756345178,-0.09375,-0.22768379202711048,-0.5267605633802817,2.623655913978495,0.0,0.0,-0.16666666666666666,1.0,0.0,1.0,0.0,0.0,0.0,936
0.08333333333333333,0.7309644670050761,-0.5,1.3208447570935795,-0.038497652582159626,2.2258064516129035,0.0,0.0,0.0,0.4666666666666667,1.0,0.0,1.0,0.0,0.0,1483
-0.75,0.21827411167512695,0.09375,-1.3691539278131721,0.29107981220657275,-0.01075268817204301,0.0,0.0,0.5,-0.5333333333333333,1.0,0.0,0.0,0.0,0.0,504
-0.5,-0.9035532994923858,0.78125,0.3951330286481768,-0.4807511737089202,-0.01075268817204301,0.0,0.0,1.0,-0.9333333333333333,1.0,0.0,0.0,1.0,0.0,70
0.25,0.8730964467005076,-1.125,0.6275737112096174,0.17464788732394365,3.1612903225806455,0.0,0.0,0.0,-0.8666666666666667,1.0,0.0,1.0,0.0,0.0,1556
-0.4166666666666667,-1.0304568527918783,-0.78125,0.0707286024015658,0.29107981220657275,-0.01075268817204301,0.0,0.0,-0.6666666666666666,0.06666666666666667,1.0,0.0,0.0,1.0,-1.0,35
0.75,0.7258883248730965,0.46875,0.3336351996355,0.29107981220657275,-0.01075268817204301,0.1,0.0,0.3333333333333333,0.4666666666666667,0.0,0.0,1.0,0.0,0.0,189
0.5,1.1573604060913705,-0.6875,0.8933144384752442,0.1596244131455399,0.9462365591397849,0.0,0.0,0.16666666666666666,0.4,1.0,0.0,1.0,0.0,0.0,1212
-0.8333333333333334,-0.07106598984771575,-0.125,-0.3098055405697065,0.24225352112676057,-0.01075268817204301,0.0,0.0,-0.16666666666666666,-0.7333333333333333,1.0,1.0,0.0,0.0,0.0,508
0.3333333333333333,0.5583756345177665,-0.71875,0.0,0.29107981220657275,2.720430107526882,0.0,0.0,-0.16666666666666666,0.2,1.0,1.0,0.0,0.0,0.0,2479
0.9166666666666666,0.5786802030456852,0.9375,-0.91150831659757,-0.9690140845070423,-0.01075268817204301,0.0,0.0,0.16666666666666666,-0.4,0.0,0.0,1.0,0.0,0.0,373
0.9166666666666666,0.7360406091370558,0.625,0.2705797236685667,-0.32300469483568073,-0.01075268817204301,0.0,0.0,0.16666666666666666,0.6,0.0,0.0,1.0,0.0,0.0,1289
-0.75,0.07106598984771575,0.0,-0.3098055405697065,0.29107981220657275,-0.01075268817204301,0.0,0.0,0.5,0.7333333333333333,0.0,0.0,0.0,0.0,0.0,178
-0.6666666666666666,-1.0101522842639594,-0.34375,-0.5816560227957038,0.28450704225352114,-0.01075268817204301,0.0,0.0,-0.8333333333333334,-0.2,1.0,0.0,0.0,1.0,0.0,47
0.0,-0.9644670050761421,-1.125,0.3951330286481768,0.23568075117370893,1.1505376344086022,0.0,0.0,1.0,0.7333333333333333,0.0,0.0,0.0,1.0,0.0,230
-0.16666666666666666,0.23350253807106608,-0.34375,0.8420508501474621,0.06103286384976526,2.3225806451612905,0.0,0.0,-0.16666666666666666,-0.7333333333333333,1.0,1.0,0.0,0.0,0.0,877
-0.3333333333333333,0.7309644670050761,0.09375,-0.7926654504863353,0.13615023474178403,1.129032258064516,0.0,0.0,0.16666666666666666,0.4,1.0,0.0,1.0,0.0,0.0,477
-0.4166666666666667,-0.20304568527918782,0.90625,-0.7926654504863353,-1.311737089201878,-0.01075268817204301,0.0,0.0,0.8333333333333334,-0.4,1.0,0.0,0.0,0.0,0.0,309
-0.75,-0.4619289340101523,0.40625,0.13927936789351517,-0.7154929577464789,-0.01075268817204301,0.0,0.0,-0.8333333333333334,-0.06666666666666667,0.0,0.0,0.0,1.0,0.0,58
0.9166666666666666,-0.3350253807106599,-0.40625,1.0421797791354965,0.29107981220657275,-0.01075268817204301,0.0,0.0,-0.5,0.2,0.0,1.0,0.0,0.0,0.0,382
0.75,-0.8629441624365483,-0.125,-0.4861165064064858,-0.3164319248826291,-0.01075268817204301,0.0,0.0,-0.8333333333333334,-0.7333333333333333,0.0,0.0,0.0,1.0,0.0,284
-0.4166666666666667,0.4974619289340102,0.21875,-0.39575298507290857,0.29107981220657275,0.09677419354838711,0.0,0.0,0.3333333333333333,0.2,1.0,0.0,1.0,0.0,0.0,392
0.25,-0.5482233502538072,-0.8125,-0.4861165064064858,-0.08169014084507042,0.4516129032258064,0.0,0.0,-0.8333333333333334,-0.6,1.0,0.0,0.0,1.0,0.0,368
0.9166666666666666,-0.8629441624365483,-0.4375,-0.4861165064064858,0.29107981220657275,-0.01075268817204301,0.0,0.0,1.0,-0.5333333333333333,0.0,0.0,0.0,1.0,0.0,275
0.08333333333333333,-0.766497461928934,-0.9375,-2.15665183283064,0.24882629107981222,-0.01075268817204301,0.0,0.0,1.0,-0.7333333333333333,0.0,0.0,0.0,1.0,0.0,325
0.3333333333333333,-0.3654822335025381,-1.25,0.0,0.29107981220657275,0.7741935483870968,0.0,0.0,0.8333333333333334,0.4666666666666667,0.0,0.0,0.0,0.0,0.0,891
-0.75,0.8172588832487311,-0.21875,0.3951330286481768,0.26291079812206575,-0.01075268817204301,0.0,0.0,0.16666666666666666,0.4666666666666667,0.0,0.0,1.0,0.0,0.0,238
0.4166666666666667,0.5634517766497463,0.0,-0.39575298507290857,0.1652582159624413,0.47311827956989244,0.0,0.0,0.0,-0.13333333333333333,0.0,0.0,1.0,0.0,0.0,1934
0.08333333333333333,1.101522842639594,-0.71875,0.2058418822217645,-0.05070422535211268,3.4408602150537635,0.0,0.0,0.16666666666666666,0.3333333333333333,1.0,0.0,1.0,0.0,0.0,727
-0.6666666666666666,-0.35025380710659904,0.375,-0.4861165064064858,0.29107981220657275,-0.01075268817204301,0.0,0.0,0.6666666666666666,-0.3333333333333333,0.0,0.0,0.0,0.0,0.0,145
-0.9166666666666666,0.3756345177664974,0.6875,0.3336351996355,-0.711737089201878,-0.01075268817204301,0.0,0.0,0.0,0.06666666666666667,1.0,0.0,1.0,0.0,0.0,929
-0.4166666666666667,0.3705583756345178,1.28125,-0.91150831659757,-1.3061032863849766,0.01075268817204301,2.0,0.0,0.3333333333333333,0.7333333333333333,0.0,0.0,1.0,0.0,0.0,103
-0.4166666666666667,-0.8375634517766498,-0.53125,-0.4861165064064858,0.29107981220657275,-0.01075268817204301,0.0,0.0,-0.6666666666666666,-0.06666666666666667,0.0,0.0,0.0,1.0,-1.0,55
-0.8333333333333334,0.3705583756345178,0.5,-0.5816560227957038,-0.8084507042253521,-0.01075268817204301,0.0,0.0,0.0,-0.13333333333333333,0.0,0.0,1.0,0.0,0.0,453
0.8333333333333334,0.7055837563451777,-0.0625,-1.1921678124288753,-0.6469483568075117,-0.01075268817204301,0.0,0.0,0.0,0.6,0.0,0.0,1.0,0.0,0.0,2046
-0.4166666666666667,0.2588832487309645,0.875,0.3336351996355,-1.2985915492957747,0.16129032258064516,0.0,0.0,0.0,-0.6,0.0,0.0,1.0,0.0,0.0,1551
0.16666666666666666,-0.5989847715736041,-1.15625,1.5370407516912272,0.2863849765258216,0.9677419354838709,0.0,0.0,-0.8333333333333334,-0.9333333333333333,0.0,0.0,0.0,1.0,0.0,302
-0.08333333333333333,-0.4517766497461929,1.1875,-0.5816560227957038,-1.44037558685446,0.04301075268817204,0.0,0.0,1.0,0.5333333333333333,1.0,0.0,0.0,1.0,-1.0,9
0.16666666666666666,0.4720812182741117,-0.125,-0.07312821817005527,-0.056338028169014086,1.043010752688172,0.0,0.0,-0.16666666666666666,0.4,0.0,1.0,0.0,0.0,-1.0,1407
-0.5,0.7969543147208121,0.03125,0.13927936789351517,0.29107981220657275,0.0,0.0,0.0,0.16666666666666666,0.4666666666666667,0.0,0.0,1.0,0.0,0.0,652
0.25,0.20812182741116758,-0.75,1.1844188200176686,-0.6619718309859155,2.6129032258064515,0.0,0.0,-0.5,0.6666666666666666,0.0,1.0,0.0,0.0,0.0,604
-0.5833333333333334,-0.2741116751269036,0.59375,-0.7926654504863353,-0.35774647887323946,-0.01075268817204301,0.0,0.0,0.6666666666666666,0.26666666666666666,1.0,0.0,0.0,0.0,0.0,154
0.8333333333333334,-0.005076142131979678,-0.25,-0.3098055405697065,-0.34178403755868547,-0.01075268817204301,0.0,0.0,-0.3333333333333333,0.2,0.0,1.0,0.0,0.0,0.0,1054
-0.08333333333333333,0.6700507614213198,-0.1875,0.7368002283746548,0.22065727699530516,2.838709677419355,0.0,0.0,0.3333333333333333,1.0,0.0,0.0,1.0,0.0,0.0,868
-0.9166666666666666,-0.7411167512690355,-0.59375,0.7898955205469734,0.29014084507042254,-0.01075268817204301,0.0,0.0,-0.6666666666666666,-0.06666666666666667,0.0,0.0,0.0,1.0,-1.0,123
-0.9166666666666666,-0.40609137055837563,-0.46875,0.9437305196070348,0.29107981220657275,-0.01075268817204301,0.0,0.0,-0.5,0.26666666666666666,0.0,1.0,0.0,0.0,0.0,243
0.75,0.9035532994923858,-0.0625,-0.4861165064064858,0.29107981220657275,-0.01075268817204301,0.0,0.0,0.3333333333333333,-0.4,0.0,0.0,1.0,0.0,0.0,1641
0.16666666666666666,-0.32487309644670054,-0.15625,0.3951330286481768,-0.9802816901408451,0.8064516129032258,0.0,0.0,-0.8333333333333334,-0.06666666666666667,0.0,0.0,0.0,1.0,0.0,306
-0.16666666666666666,1.015228426395939,-0.25,-0.39575298507290857,0.231924882629108,2.236559139784946,0.0,0.0,0.3333333333333333,-0.06666666666666667,0.0,0.0,1.0,0.0,-1.0,547
-0.9166666666666666,-0.17766497461928935,-1.0625,-0.6833781561418334,0.29107981220657275,-0.01075268817204301,0.0,0.0,-0.3333333333333333,-0.2,0.0,1.0,0.0,0.0,0.0,432
0.3333333333333333,1.1421319796954315,-0.75,-0.07312821817005527,0.29107981220657275,2.10752688172043,0.0,0.0,0.16666666666666666,0.8666666666666667,1.0,0.0,1.0,0.0,0.0,760
0.6666666666666666,0.13705583756345174,0.59375,0.3951330286481768,0.29107981220657275,0.01075268817204301,0.0,0.0,-0.16666666666666666,0.13333333333333333,0.0,1.0,0.0,0.0,0.0,1386
-0.25,0.6598984771573604,0.78125,0.7368002283746548,-0.8215962441314554,0.6021505376344085,0.0,0.0,0.16666666666666666,-0.26666666666666666,0.0,0.0,1.0,0.0,0.0,982
-0.3333333333333333,0.3147208121827411,1.28125,-0.91150831659757,0.2516431924882629,0.11827956989247311,13.5,0.0,-0.16666666666666666,0.06666666666666667,0.0,1.0,0.0,0.0,0.0,152
-0.16666666666666666,0.4365482233502539,-0.125,-0.3098055405697065,0.29014084507042254,2.4408602150537635,0.0,0.0,0.0,-0.26666666666666666,0.0,0.0,1.0,0.0,0.0,971
-0.16666666666666666,-0.2487309644670051,1.1875,0.6275737112096174,-1.044131455399061,0.2043010752688172,4.0,0.0,-0.3333333333333333,0.4666666666666667,0.0,1.0,0.0,0.0,0.0,12
-0.5,0.8629441624365483,0.15625,-0.14891824053188613,-0.10046948356807511,0.0,0.0,0.0,0.3333333333333333,-0.8666666666666667,0.0,0.0,1.0,0.0,0.0,544
0.8333333333333334,-1.0304568527918783,-0.21875,0.13927936789351517,0.15586854460093896,-0.01075268817204301,0.0,0.0,-0.6666666666666666,-0.6,0.0,0.0,0.0,1.0,0.0,200
-0.25,0.24365482233502542,0.03125,-0.07312821817005527,0.2516431924882629,1.3225806451612903,0.0,0.0,0.5,0.8666666666666667,1.0,0.0,0.0,0.0,0.0,1076
0.3333333333333333,0.09644670050761424,-0.71875,-0.07312821817005527,-0.6328638497652582,0.7204301075268817,0.0,0.0,0.8333333333333334,-0.06666666666666667,0.0,0.0,0.0,0.0,0.0,1123
0.5833333333333334,-0.23350253807106597,-0.40625,0.5138834935935143,0.29107981220657275,-0.01075268817204301,0.0,0.0,-0.5,-0.6,0.0,1.0,0.0,0.0,0.0,799
0.08333333333333333,-0.1624365482233502,-0.8125,0.3951330286481768,-0.755868544600939,2.860215053763441,0.0,0.0,-0.5,-0.3333333333333333,1.0,1.0,0.0,0.0,0.0,843
0.5833333333333334,0.4619289340101524,-0.5625,0.7898955205469734,0.29107981220657275,0.13978494623655913,0.0,0.0,0.5,-0.6,0.0,0.0,0.0,0.0,0.0,2365
0.16666666666666666,-0.5888324873096447,1.0,0.0,-1.4910798122065727,0.4301075268817204,0.0,0.0,-0.5,0.3333333333333333,0.0,1.0,0.0,0.0,0.0,117
0.5,0.5532994923857868,-0.71875,0.5713209318579696,0.29107981220657275,0.8924731182795698,0.0,0.0,0.5,-0.6,0.0,0.0,0.0,0.0,0.0,3154
-1.0,-0.010152284263959355,0.40625,0.0707286024015658,-1.1427230046948358,-0.01075268817204301,0.0,0.0,-0.3333333333333333,0.8,1.0,1.0,0.0,0.0,0.0,777
-0.08333333333333333,0.34010152284263956,-0.5,0.9437305196070348,0.09295774647887324,2.741935483870968,0.0,0.0,-0.16666666666666666,-0.7333333333333333,1.0,1.0,0.0,0.0,0.0,1024
0.16666666666666666,-0.10659898477157359,-0.84375,0.9437305196070348,-0.016901408450704224,3.021505376344086,0.0,0.0,-0.5,0.4,0.0,1.0,0.0,0.0,0.0,674
-0.8333333333333334,0.33502538071065996,0.25,-0.39575298507290857,-0.23943661971830985,-0.01075268817204301,0.0,0.0,0.0,-0.6666666666666666,0.0,0.0,1.0,0.0,-1.0,792
0.5,0.5380710659898478,1.1875,1.5370407516912272,-1.3417840375586854,0.021505376344086016,1.0,0.0,0.0,0.6666666666666666,0.0,0.0,1.0,0.0,0.0,156
0.5833333333333334,0.9390862944162437,0.34375,0.8933144384752442,-0.37934272300469485,0.3978494623655914,0.0,0.0,0.16666666666666666,0.7333333333333333,0.0,0.0,1.0,0.0,0.0,1657
-0.08333333333333333,0.24365482233502542,-0.03125,-0.07312821817005527,-1.099530516431925,2.7096774193548385,0.0,0.0,-0.16666666666666666,-0.3333333333333333,0.0,1.0,0.0,0.0,0.0,972
0.3333333333333333,0.9949238578680204,-0.46875,0.8420508501474621,0.020657276995305163,2.698924731182796,0.0,0.0,0.16666666666666666,0.13333333333333333,0.0,0.0,1.0,0.0,0.0,912
-0.25,0.6852791878172589,0.40625,-0.3098055405697065,-0.27887323943661974,1.225806451612903,0.0,0.0,0.16666666666666666,-0.13333333333333333,1.0,0.0,1.0,0.0,0.0,909
-0.16666666666666666,-0.9543147208121828,-0.40625,0.7898955205469734,-0.16338028169014085,0.6666666666666666,0.0,0.0,1.0,-0.5333333333333333,0.0,0.0,0.0,1.0,0.0,261
-1.0,0.7563451776649746,0.34375,-0.4861165064064858,0.29107981220657275,-0.01075268817204301,0.0,0.0,0.3333333333333333,0.0,0.0,0.0,1.0,0.0,0.0,808
-0.16666666666666666,0.42131979695431476,-0.34375,-0.4861165064064858,0.22253521126760564,2.6344086021505375,0.0,0.0,0.0,0.0,1.0,0.0,1.0,0.0,0.0,1166
0.8333333333333334,-0.8071065989847717,0.1875,-0.14891824053188613,-0.1568075117370892,-0.01075268817204301,0.0,0.0,-0.6666666666666666,-0.9333333333333333,0.0,0.0,0.0,1.0,0.0,227
0.5,-0.30456852791878175,-0.28125,0.5713209318579696,-0.5737089201877934,-0.01075268817204301,0.0,0.0,0.8333333333333334,0.2,0.0,0.0,0.0,0.0,0.0,1904
-0.25,0.284263959390863,1.21875,-0.7926654504863353,-1.3305164319248826,0.17204301075268816,1.5,0.0,0.0,-0.13333333333333333,0.0,0.0,1.0,0.0,0.0,175
0.8333333333333334,-0.12690355329949238,-0.71875,-0.22768379202711048,-0.1511737089201878,-0.01075268817204301,0.0,0.0,-0.3333333333333333,0.06666666666666667,0.0,1.0,0.0,0.0,0.0,1071
-0.6666666666666666,-0.7208121827411167,0.25,-0.7926654504863353,-0.4356807511737089,-0.01075268817204301,0.0,0.0,-0.8333333333333334,0.26666666666666666,1.0,0.0,0.0,1.0,0.0,89
0.5,-0.5076142131979695,-1.09375,-0.4861165064064858,0.2544600938967136,0.4516129032258064,0.0,0.0,-0.5,-0.9333333333333333,0.0,1.0,0.0,0.0,0.0,854
-0.25,0.12690355329949238,-0.71875,-0.14891824053188613,0.29107981220657275,1.064516129032258,0.0,0.0,-0.16666666666666666,0.26666666666666666,1.0,1.0,0.0,0.0,0.0,676
0.6666666666666666,0.2944162436548224,-0.375,-1.0429616152145371,0.29107981220657275,-0.01075268817204301,0.0,0.0,0.5,0.6,0.0,0.0,0.0,0.0,-1.0,1583
0.16666666666666666,0.7461928934010152,-0.875,0.3336351996355,0.29107981220657275,3.311827956989247,0.0,0.0,0.5,-0.4666666666666667,1.0,0.0,0.0,0.0,0.0,1662
-0.8333333333333334,0.1827411167512691,0.53125,-1.0429616152145371,-1.2582159624413145,-0.01075268817204301,0.0,0.0,-0.16666666666666666,-0.06666666666666667,0.0,1.0,0.0,0.0,0.0,372
0.75,0.3959390862944163,1.15625,-1.1921678124288753,-0.3530516431924883,-0.01075268817204301,0.0,0.0,0.0,0.8,0.0,0.0,1.0,0.0,0.0,1223
0.25,-0.9543147208121828,-0.75,1.7012842487764193,0.29107981220657275,1.053763440860215,0.0,0.3,-0.8333333333333334,-0.4,0.0,0.0,0.0,1.0,0.0,193
0.8333333333333334,0.24365482233502542,-0.09375,0.13927936789351517,-0.27793427230046946,-0.01075268817204301,0.0,0.0,-0.16666666666666666,0.6,0.0,1.0,0.0,0.0,0.0,1630
0.5,-0.9086294416243654,-0.34375,1.137688257706579,0.29107981220657275,0.23655913978494622,0.0,0.0,-0.6666666666666666,-0.26666666666666666,0.0,0.0,0.0,1.0,0.0,475
0.08333333333333333,-0.7868020304568528,-0.78125,-0.39575298507290857,0.16338028169014085,0.9677419354838709,0.0,0.0,-0.8333333333333334,-0.8,0.0,0.0,0.0,1.0,0.0,284
-0.5833333333333334,-0.9441624365482234,-0.28125,0.9933397872392326,0.12300469483568074,-0.01075268817204301,0.0,0.9,-0.8333333333333334,-0.4666666666666667,0.0,0.0,0.0,1.0,0.0,52
-1.0,0.5076142131979695,0.25,0.2705797236685667,0.29107981220657275,-0.01075268817204301,0.0,0.0,0.16666666666666666,-0.6666666666666666,0.0,0.0,1.0,0.0,0.0,1075
0.16666666666666666,0.38578680203045695,-0.46875,1.4948257357364156,0.29107981220657275,2.666666666666667,0.0,0.0,-0.5,-0.13333333333333333,0.0,1.0,0.0,0.0,0.0,878
-0.75,-1.1472081218274113,-0.625,-0.39575298507290857,0.29107981220657275,-0.01075268817204301,0.0,0.0,1.0,0.7333333333333333,0.0,0.0,0.0,1.0,0.0,81
-0.25,0.7106598984771574,-0.09375,-0.39575298507290857,0.28450704225352114,0.8602150537634409,0.0,0.0,0.3333333333333333,0.26666666666666666,0.0,0.0,1.0,0.0,0.0,993
-0.9166666666666666,0.5279187817258882,0.6875,0.13927936789351517,-0.5342723004694836,-0.01075268817204301,0.0,0.0,0.16666666666666666,-0.7333333333333333,0.0,0.0,1.0,0.0,0.0,846
0.08333333333333333,-0.5329949238578681,-0.78125,0.0707286024015658,-0.16150234741784036,0.3978494623655914,0.0,0.0,-0.8333333333333334,-0.5333333333333333,0.0,0.0,0.0,1.0,0.0,303
-0.25,-0.3350253807106599,0.8125,0.455183241303237,-0.022535211267605635,0.8817204301075268,0.0,0.0,-0.3333333333333333,-0.6666666666666666,0.0,1.0,0.0,0.0,0.0,719
-0.4166666666666667,-1.2791878172588833,-0.125,0.0707286024015658,0.2892018779342723,-0.01075268817204301,0.0,0.0,1.0,-0.2,0.0,0.0,0.0,1.0,0.0,310
0.6666666666666666,-0.883248730964467,0.65625,-0.3098055405697065,-1.0272300469483568,-0.01075268817204301,0.0,0.0,-0.8333333333333334,-0.2,1.0,0.0,0.0,1.0,0.0,158
-0.6666666666666666,0.07106598984771575,0.34375,-0.4861165064064858,0.29107981220657275,-0.01075268817204301,0.0,0.0,0.5,0.5333333333333333,0.0,0.0,0.0,0.0,-1.0,141
0.5833333333333334,-0.2639593908629441,-0.28125,0.8933144384752442,-0.8553990610328639,0.05376344086021505,0.0,0.0,-0.5,0.4666666666666667,0.0,1.0,0.0,0.0,0.0,932
-0.5833333333333334,-0.39086294416243655,0.875,-0.14891824053188613,-0.8084507042253521,-0.01075268817204301,0.0,0.0,-0.3333333333333333,-0.06666666666666667,1.0,1.0,0.0,0.0,0.0,65
0.08333333333333333,0.583756345177665,-0.3125,0.6275737112096174,-0.5352112676056338,3.5806451612903225,0.0,0.0,-0.16666666666666666,1.0,0.0,1.0,0.0,0.0,0.0,1151
0.6666666666666666,-0.29949238578680204,0.0625,-0.6833781561418334,0.29107981220657275,-0.01075268817204301,0.0,0.0,0.6666666666666666,1.0,0.0,0.0,0.0,0.0,0.0,1176
-0.6666666666666666,0.3147208121827411,0.5,0.0707286024015658,-0.7906103286384977,-0.01075268817204301,0.0,0.0,0.0,0.2,0.0,0.0,1.0,0.0,0.0,268
-0.08333333333333333,0.7360406091370558,-0.34375,0.13927936789351517,0.28169014084507044,2.924731182795699,0.0,0.0,0.3333333333333333,0.6666666666666666,1.0,0.0,1.0,0.0,0.0,791
-0.5833333333333334,-0.27918781725888325,0.1875,-0.5816560227957038,-1.1746478873239437,-0.01075268817204301,0.0,0.0,-0.5,0.7333333333333333,0.0,1.0,0.0,0.0,0.0,110
-0.3333333333333333,-0.9898477157360407,0.21875,0.9933397872392326,-0.28732394366197184,-0.01075268817204301,0.0,0.7,-0.8333333333333334,-0.4666666666666667,0.0,0.0,0.0,1.0,0.0,554
-1.0,0.33502538071065996,0.03125,-1.1921678124288753,0.29107981220657275,-0.01075268817204301,0.0,0.0,0.5,0.26666666666666666,0.0,0.0,0.0,0.0,0.0,886
0.16666666666666666,0.2944162436548224,0.6875,1.1844188200176686,0.29107981220657275,1.4516129032258065,0.0,0.0,0.6666666666666666,-0.6666666666666666,1.0,0.0,0.0,0.0,0.0,941
0.8333333333333334,0.4416243654822335,0.03125,0.0,0.29107981220657275,-0.01075268817204301,0.0,0.0,0.5,-0.8,0.0,0.0,0.0,0.0,0.0,1856
0.0,-0.5989847715736041,-1.0625,-0.07312821817005527,0.29107981220657275,1.1827956989247312,0.0,0.0,1.0,-1.0,0.0,0.0,0.0,1.0,0.0,449
0.08333333333333333,-0.39086294416243655,-0.3125,-0.5816560227957038,-1.228169014084507,0.5591397849462365,0.0,0.0,-0.8333333333333334,0.0,0.0,0.0,0.0,1.0,0.0,296
-0.75,0.48730964467005083,0.71875,0.3336351996355,0.14929577464788732,-0.01075268817204301,0.0,0.0,0.3333333333333333,0.6,1.0,0.0,1.0,0.0,0.0,456
0.25,0.24873096446700502,-1.0,0.3336351996355,0.11173708920187793,3.0,0.0,0.0,-0.3333333333333333,0.0,0.0,1.0,0.0,0.0,0.0,1145
0.4166666666666667,0.7461928934010152,-0.5625,0.8420508501474621,-0.03474178403755868,0.7419354838709676,0.0,0.0,0.0,-0.4666666666666667,1.0,0.0,1.0,0.0,0.0,2355
-0.8333333333333334,-0.5736040609137056,0.71875,-0.07312821817005527,-1.0093896713615023,-0.01075268817204301,0.0,0.0,-0.5,0.4666666666666667,0.0,1.0,0.0,0.0,0.0,216
-0.5833333333333334,-0.6446700507614213,-0.5625,-0.39575298507290857,-0.2131455399061033,-0.01075268817204301,0.0,0.0,-0.5,-0.8666666666666667,1.0,1.0,0.0,0.0,0.0,55
0.25,0.3756345177664974,-1.0625,0.0,0.18967136150234742,2.0,0.0,0.0,0.6666666666666666,0.3333333333333333,1.0,0.0,0.0,0.0,0.0,1891
-0.08333333333333333,1.0000000000000002,-0.34375,-0.07312821817005527,0.26103286384976526,2.3118279569892475,0.0,0.0,0.16666666666666666,0.9333333333333333,0.0,0.0,1.0,0.0,0.0,623
-0.08333333333333333,0.6294416243654822,0.1875,0.6275737112096174,0.0028169014084507044,1.4086021505376345,0.0,0.0,0.5,-0.6666666666666666,0.0,0.0,0.0,0.0,0.0,941
0.9166666666666666,-1.482233502538071,-0.4375,1.1844188200176686,0.29107981220657275,-0.01075268817204301,0.0,0.7,-0.8333333333333334,0.5333333333333333,0.0,0.0,0.0,1.0,0.0,82
-0.08333333333333333,-0.7055837563451777,-0.53125,0.5138834935935143,-0.05352112676056338,0.6989247311827956,0.0,0.0,-0.8333333333333334,-0.9333333333333333,0.0,0.0,0.0,1.0,0.0,269
0.5833333333333334,-0.25888324873096447,0.125,-1.1921678124288753,-1.0488262910798123,-0.01075268817204301,0.0,0.0,0.8333333333333334,0.6666666666666666,0.0,0.0,0.0,0.0,0.0,1181
0.16666666666666666,0.1827411167512691,-0.5625,0.3336351996355,-0.8535211267605634,1.978494623655914,0.0,0.0,0.8333333333333334,-0.4,1.0,0.0,0.0,0.0,0.0,1113
-0.16666666666666666,0.08629441624365479,-0.8125,0.0707286024015658,0.06291079812206572,1.967741935483871,0.0,0.0,-0.3333333333333333,-0.4,0.0,1.0,0.0,0.0,0.0,703
0.9166666666666666,0.42639593908629436,0.0625,0.682712243030312,-0.47136150234741786,-0.01075268817204301,0.0,0.0,0.0,0.3333333333333333,0.0,0.0,1.0,0.0,0.0,1497
-0.5,0.0406091370558376,0.28125,-0.91150831659757,0.29107981220657275,-0.01075268817204301,0.0,0.0,0.5,0.5333333333333333,0.0,0.0,0.0,0.0,-1.0,141
-0.9166666666666666,-0.7868020304568528,0.46875,-0.5816560227957038,-0.6676056338028169,-0.01075268817204301,0.0,2.6,1.0,0.2,0.0,0.0,0.0,1.0,0.0,122
-0.5833333333333334,-0.9746192893401016,-0.90625,-0.22768379202711048,0.29107981220657275,-0.01075268817204301,0.0,0.0,1.0,0.8,0.0,0.0,0.0,1.0,0.0,61
-0.5833333333333334,0.030456852791878156,0.375,-0.14891824053188613,0.2187793427230047,-0.01075268817204301,0.0,0.0,-0.5,-0.13333333333333333,0.0,1.0,0.0,0.0,0.0,123
0.8333333333333334,-0.015228426395939123,-0.09375,0.455183241303237,0.29107981220657275,-0.01075268817204301,0.0,0.0,-0.16666666666666666,-0.5333333333333333,0.0,1.0,0.0,0.0,0.0,1283
0.5,0.20304568527918782,0.6875,0.0,0.29107981220657275,0.6021505376344085,0.0,0.0,-0.16666666666666666,0.13333333333333333,0.0,1.0,0.0,0.0,0.0,2261
0.8333333333333334,0.5025380710659898,1.28125,-1.1921678124288753,-1.0375586854460095,-0.01075268817204301,2.5,0.0,0.16666666666666666,-0.9333333333333333,0.0,0.0,1.0,0.0,0.0,83
-0.5,-0.44670050761421326,0.59375,-0.7926654504863353,0.29107981220657275,-0.01075268817204301,0.0,0.0,0.6666666666666666,0.8666666666666667,0.0,0.0,0.0,0.0,0.0,436
0.4166666666666667,0.7055837563451777,0.5625,0.5138834935935143,-1.008450704225352,0.48387096774193544,0.0,0.0,0.0,0.9333333333333333,1.0,0.0,1.0,0.0,0.0,1291
-0.16666666666666666,0.1472081218274111,0.21875,0.5713209318579696,-1.1896713615023473,2.193548387096774,0.0,0.0,-0.16666666666666666,-0.3333333333333333,0.0,1.0,0.0,0.0,0.0,816
-0.75,-0.5634517766497462,1.03125,-0.39575298507290857,-1.3342723004694836,-0.01075268817204301,0.0,0.3,0.8333333333333334,0.6666666666666666,0.0,0.0,0.0,0.0,0.0,119
0.3333333333333333,0.7868020304568528,-0.8125,0.8420508501474621,-0.752112676056338,2.4193548387096775,0.0,0.0,-0.16666666666666666,0.6666666666666666,1.0,1.0,0.0,0.0,0.0,1690
0.4166666666666667,0.38578680203045695,0.21875,-0.22768379202711048,0.29107981220657275,0.41935483870967744,0.0,0.0,0.6666666666666666,-0.6666666666666666,1.0,0.0,0.0,0.0,0.0,1870
-0.5,-0.2081218274111675,0.5625,-0.4861165064064858,-0.5380281690140845,-0.01075268817204301,0.0,0.0,-0.5,1.0,1.0,1.0,0.0,0.0,0.0,142
0.25,0.40101522842639586,-0.75,1.7012842487764193,0.2892018779342723,1.7419354838709675,0.0,0.0,-0.3333333333333333,-0.4,0.0,1.0,0.0,0.0,0.0,933
0.25,-0.015228426395939123,-0.4375,-0.3098055405697065,-0.9164319248826291,1.3440860215053763,0.0,0.0,0.8333333333333334,0.6666666666666666,0.0,0.0,0.0,0.0,0.0,794
0.75,-0.010152284263959355,-0.3125,0.2705797236685667,0.107981220657277,-0.01075268817204301,0.0,0.0,-0.16666666666666666,-0.8,0.0,1.0,0.0,0.0,0.0,1298
-0.5,0.5076142131979695,0.6875,0.3336351996355,-0.23568075117370893,-0.01075268817204301,0.0,0.0,0.3333333333333333,0.6,1.0,0.0,1.0,0.0,0.0,318
-0.25,0.5431472081218274,0.71875,-0.22768379202711048,0.016901408450704224,0.6021505376344085,0.0,0.0,0.3333333333333333,0.8,0.0,0.0,1.0,0.0,0.0,865
0.6666666666666666,0.6802030456852791,-0.25,0.3951330286481768,0.29107981220657275,-0.01075268817204301,0.0,0.0,0.5,-1.0,1.0,0.0,0.0,0.0,0.0,1440
0.9166666666666666,0.7715736040609137,0.75,-1.0429616152145371,-0.09765258215962441,-0.01075268817204301,0.0,0.0,0.3333333333333333,-0.26666666666666666,1.0,0.0,1.0,0.0,0.0,707
-1.0,-0.07106598984771575,0.40625,-0.5816560227957038,-0.6009389671361502,-0.01075268817204301,0.0,0.0,-0.3333333333333333,-1.0,1.0,1.0,0.0,0.0,0.0,579
0.5,-0.5888324873096447,0.78125,1.4948257357364156,-0.9305164319248826,0.0,0.5,0.0,1.0,0.5333333333333333,1.0,0.0,0.0,1.0,-1.0,128
-0.3333333333333333,-1.2487309644670053,0.125,-0.6833781561418334,0.2563380281690141,0.0,0.0,0.0,-0.8333333333333334,0.9333333333333333,0.0,0.0,0.0,1.0,0.0,491
-0.9166666666666666,0.1472081218274111,0.28125,-1.5998067240225886,0.29107981220657275,-0.01075268817204301,0.0,0.0,0.5,0.4666666666666667,1.0,0.0,0.0,0.0,-1.0,644
0.6666666666666666,0.3299492385786802,0.78125,-1.0429616152145371,0.29107981220657275,-0.01075268817204301,0.0,0.0,0.5,0.3333333333333333,0.0,0.0,0.0,0.0,0.0,1551
-1.0,0.4771573604060913,0.6875,-0.7926654504863353,-0.9154929577464789,-0.01075268817204301,0.0,0.0,0.0,0.6,0.0,0.0,1.0,0.0,0.0,962
0.5833333333333334,0.7258883248730965,-0.28125,-0.3098055405697065,0.29107981220657275,0.07526881720430108,0.0,0.0,0.5,-1.0,1.0,0.0,0.0,0.0,0.0,1891
-0.9166666666666666,-0.401015228426396,0.34375,-0.91150831659757,-0.10704225352112676,-0.01075268817204301,0.0,0.0,0.8333333333333334,-0.2,0.0,0.0,0.0,0.0,0.0,487
0.8333333333333334,0.0203045685279188,0.375,-0.91150831659757,0.29107981220657275,-0.01075268817204301,0.0,0.0,0.6666666666666666,-1.0,0.0,0.0,0.0,0.0,0.0,1501
0.4166666666666667,-0.8984771573604061,-0.3125,0.7368002283746548,0.29107981220657275,0.3225806451612903,0.0,0.0,-0.6666666666666666,-0.3333333333333333,1.0,0.0,0.0,1.0,0.0,198
-0.5833333333333334,-0.43147208121827413,0.8125,-0.6833781561418334,-1.3990610328638498,-0.01075268817204301,0.0,0.0,-0.5,0.6,1.0,1.0,0.0,0.0,0.0,60
-0.5,-1.2690355329949239,-0.53125,0.5138834935935143,0.29107981220657275,-0.01075268817204301,0.0,0.0,-0.6666666666666666,-0.7333333333333333,0.0,0.0,0.0,1.0,0.0,110
-0.16666666666666666,-0.1624365482233502,0.15625,0.3951330286481768,-0.7286384976525822,1.8817204301075268,0.0,0.0,-0.3333333333333333,-0.06666666666666667,1.0,1.0,0.0,0.0,0.0,582
0.5833333333333334,-0.4263959390862945,-0.21875,-0.6833781561418334,0.29107981220657275,-0.01075268817204301,0.0,0.0,0.8333333333333334,0.3333333333333333,0.0,0.0,0.0,0.0,0.0,1113
-0.6666666666666666,-0.23857868020304565,1.1875,-1.3691539278131721,-1.3821596244131455,-0.01075268817204301,0.0,0.0,-0.5,-0.8,1.0,1.0,0.0,0.0,0.0,34
0.9166666666666666,-1.1573604060913707,-0.3125,0.3951330286481768,0.29107981220657275,-0.01075268817204301,0.0,0.0,1.0,-0.26666666666666666,0.0,0.0,0.0,1.0,0.0,173
-0.16666666666666666,-1.0355329949238579,-1.125,1.0902852095090052,0.12863849765258217,1.236559139784946,0.0,0.0,-0.6666666666666666,-0.3333333333333333,1.0,0.0,0.0,1.0,0.0,130
0.08333333333333333,1.0609137055837563,-0.28125,0.3951330286481768,0.21690140845070421,2.537634408602151,0.0,0.0,0.3333333333333333,-0.5333333333333333,0.0,0.0,1.0,0.0,0.0,673
-1.0,-0.18274111675126903,0.25,0.9933397872392326,0.29107981220657275,-0.01075268817204301,0.0,0.0,0.6666666666666666,0.7333333333333333,1.0,0.0,0.0,0.0,0.0,640
0.9166666666666666,0.23350253807106608,-0.03125,0.0707286024015658,-0.5586854460093896,-0.01075268817204301,0.0,0.0,-0.16666666666666666,0.5333333333333333,0.0,1.0,0.0,0.0,0.0,1087
0.4166666666666667,0.9898477157360407,-0.34375,0.9437305196070348,0.2215962441314554,2.021505376344086,0.0,0.0,0.16666666666666666,0.0,0.0,0.0,1.0,0.0,0.0,1425
0.0,-0.22335025380710663,-0.71875,-0.39575298507290857,0.10516431924882629,2.086021505376344,0.0,0.0,0.8333333333333334,0.06666666666666667,1.0,0.0,0.0,0.0,0.0,994
-0.75,-0.7563451776649747,-0.5,0.0707286024015658,0.16901408450704225,-0.01075268817204301,0.0,0.0,-0.6666666666666666,0.2,0.0,0.0,0.0,1.0,0.0,42
0.4166666666666667,0.45177664974619286,1.21875,-1.0429616152145371,-0.027230046948356807,0.2150537634408602,1.5,0.0,0.16666666666666666,-1.0,1.0,0.0,1.0,0.0,0.0,25
0.5833333333333334,0.12690355329949238,0.09375,0.7898955205469734,-0.23849765258215963,0.05376344086021505,0.0,0.0,-0.5,0.8,0.0,1.0,0.0,0.0,0.0,1288
-0.6666666666666666,-0.9086294416243654,-0.3125,-0.4861165064064858,-0.32582159624413143,-0.01075268817204301,0.0,0.0,-0.6666666666666666,-0.4666666666666667,0.0,0.0,0.0,1.0,0.0,46
-0.4166666666666667,-0.35025380710659904,0.21875,-0.91150831659757,-0.9286384976525821,-0.01075268817204301,0.0,0.0,0.8333333333333334,0.0,0.0,0.0,0.0,0.0,0.0,939
0.5,-1.2842639593908631,-0.75,1.365145862684823,0.29107981220657275,0.03225806451612903,0.0,0.5,-0.8333333333333334,0.6,0.0,0.0,0.0,1.0,0.0,288
0.8333333333333334,-0.13705583756345174,-0.75,-0.4861165064064858,0.29107981220657275,-0.01075268817204301,0.0,0.0,-0.3333333333333333,0.0,0.0,1.0,0.0,0.0,0.0,1099
0.4166666666666667,1.0761421319796955,0.0625,0.7368002283746548,-0.5586854460093896,1.5913978494623655,0.0,0.0,0.16666666666666666,0.7333333333333333,0.0,0.0,1.0,0.0,0.0,1289
-0.5,-0.4517766497461929,0.84375,-0.6833781561418334,-1.4056338028169013,-0.01075268817204301,0.0,0.0,-0.5,0.6,1.0,1.0,0.0,0.0,0.0,71
-0.25,-1.2944162436548223,-0.125,0.682712243030312,0.08544600938967137,0.16129032258064516,0.0,0.0,-0.8333333333333334,-0.3333333333333333,0.0,0.0,0.0,1.0,0.0,227
-1.0,0.030456852791878156,-0.0625,0.682712243030312,0.29107981220657275,-0.01075268817204301,0.0,0.0,0.6666666666666666,-1.0,0.0,0.0,0.0,0.0,0.0,680
-0.8333333333333334,-1.0203045685279188,-0.71875,0.2058418822217645,0.29107981220657275,-0.01075268817204301,0.0,0.0,1.0,0.8,0.0,0.0,0.0,1.0,0.0,163
0.5,0.6852791878172589,-0.40625,-0.07312821817005527,0.29107981220657275,0.6559139784946236,0.0,0.0,0.5,-0.26666666666666666,0.0,0.0,0.0,0.0,0.0,3256
0.8333333333333334,-0.035532994923857836,-0.15625,0.0,-0.06948356807511737,-0.01075268817204301,0.0,0.0,-0.5,1.0,1.0,1.0,0.0,0.0,0.0,922
-0.8333333333333334,-0.3654822335025381,1.0,0.455183241303237,-0.21971830985915494,-0.01075268817204301,0.0,0.0,-0.5,-0.7333333333333333,0.0,1.0,0.0,0.0,0.0,9
-0.08333333333333333,0.7005076142131981,-0.375,0.5713209318579696,-0.7924882629107981,3.043010752688172,0.0,0.0,0.0,0.13333333333333333,0.0,0.0,1.0,0.0,0.0,915
-1.0,0.36548223350253806,0.0,0.2058418822217645,0.29107981220657275,-0.01075268817204301,0.0,0.0,0.5,-0.4,0.0,0.0,0.0,0.0,0.0,792
-0.16666666666666666,-0.1421319796954315,0.75,-0.07312821817005527,0.29107981220657275,0.6021505376344085,0.0,0.0,-0.3333333333333333,-0.8,0.0,1.0,0.0,0.0,0.0,505
0.6666666666666666,0.7208121827411167,0.59375,0.2058418822217645,0.03474178403755868,0.03225806451612903,0.0,0.0,0.16666666666666666,-0.3333333333333333,0.0,0.0,1.0,0.0,0.0,2048
-0.25,-0.5583756345177665,-0.1875,-0.39575298507290857,-0.7737089201877935,0.06451612903225806,0.0,0.0,-0.6666666666666666,0.7333333333333333,0.0,0.0,0.0,1.0,0.0,455
-0.6666666666666666,-0.07106598984771575,0.71875,-0.22768379202711048,0.1352112676056338,-0.01075268817204301,0.0,0.0,0.6666666666666666,-0.8666666666666667,0.0,0.0,0.0,0.0,-1.0,284
0.08333333333333333,0.33502538071065996,-0.65625,-0.3098055405697065,0.22816901408450704,3.5806451612903225,0.0,0.0,-0.16666666666666666,-0.4666666666666667,0.0,1.0,0.0,0.0,0.0,1188
-0.75,0.3299492385786802,0.8125,0.13927936789351517,-1.0169014084507042,-0.01075268817204301,0.0,0.0,0.0,0.3333333333333333,0.0,0.0,1.0,0.0,0.0,394
-0.6666666666666666,-1.2538071065989849,-0.3125,0.5138834935935143,0.29107981220657275,-0.01075268817204301,0.0,0.0,-0.6666666666666666,-0.8,1.0,0.0,0.0,1.0,0.0,35
0.75,0.5634517766497463,0.40625,0.6275737112096174,0.29107981220657275,-0.01075268817204301,0.0,0.0,0.5,-0.6666666666666666,0.0,0.0,0.0,0.0,0.0,1851
0.3333333333333333,-0.030456852791878156,-0.59375,0.682712243030312,-0.20093896713615023,0.9999999999999999,0.0,0.0,0.8333333333333334,-0.26666666666666666,0.0,0.0,0.0,0.0,0.0,1193
0.3333333333333333,-0.06091370558375631,-0.84375,0.0707286024015658,-0.40093896713615024,0.9999999999999999,0.0,0.0,-0.5,0.13333333333333333,1.0,1.0,0.0,0.0,0.0,1059
-0.5833333333333334,0.6903553299492386,0.375,-0.4861165064064858,0.29107981220657275,-0.01075268817204301,0.0,0.0,0.3333333333333333,-0.6,0.0,0.0,1.0,0.0,0.0,273
-0.9166666666666666,-0.918781725888325,-0.15625,0.3951330286481768,-0.29859154929577464,-0.01075268817204301,0.0,0.0,-0.5,-0.9333333333333333,0.0,1.0,0.0,0.0,0.0,108
-0.6666666666666666,-0.1624365482233502,0.46875,-0.39575298507290857,0.29107981220657275,-0.01075268817204301,0.8,0.0,-0.3333333333333333,-0.13333333333333333,1.0,1.0,0.0,0.0,0.0,39
0.0,-0.5228426395939086,0.21875,-0.5816560227957038,-1.344600938967136,0.49462365591397844,0.0,0.0,1.0,0.9333333333333333,1.0,0.0,0.0,1.0,0.0,274
-0.4166666666666667,-0.8477157360406091,-0.09375,-0.22768379202711048,-0.5417840375586854,-0.01075268817204301,0.0,0.0,-0.8333333333333334,0.3333333333333333,1.0,0.0,0.0,1.0,0.0,61
-0.4166666666666667,0.5939086294416244,0.5625,-0.7926654504863353,-0.5953051643192488,0.3548387096774194,0.0,0.0,0.16666666666666666,0.26666666666666666,0.0,0.0,1.0,0.0,0.0,1251
0.8333333333333334,-0.15736040609137056,0.875,1.2305047302068106,-0.01784037558685446,-0.01075268817204301,0.0,0.0,-0.16666666666666666,-0.9333333333333333,0.0,1.0,0.0,0.0,0.0,299
-0.16666666666666666,-0.6294416243654822,-0.8125,-0.6833781561418334,0.19530516431924883,0.25806451612903225,0.0,0.0,-0.8333333333333334,0.4,0.0,0.0,0.0,1.0,0.0,221
0.8333333333333334,-0.19796954314720816,1.09375,0.6275737112096174,-0.9098591549295775,-0.01075268817204301,0.0,0.0,-0.5,-0.8,1.0,1.0,0.0,0.0,0.0,8
-0.4166666666666667,-0.7969543147208121,0.59375,0.2705797236685667,-1.092018779342723,-0.01075268817204301,0.0,0.0,-0.6666666666666666,0.26666666666666666,0.0,0.0,0.0,1.0,0.0,404
0.6666666666666666,1.0000000000000002,-0.1875,-0.39575298507290857,0.29107981220657275,0.01075268817204301,0.0,0.0,0.3333333333333333,0.4,0.0,0.0,1.0,0.0,0.0,1808
0.9166666666666666,-0.2741116751269036,0.0,-0.6833781561418334,-0.8807511737089202,-0.01075268817204301,0.0,0.0,0.8333333333333334,-0.06666666666666667,0.0,0.0,0.0,0.0,0.0,721
0.4166666666666667,-0.766497461928934,-0.6875,-2.15665183283064,0.29107981220657275,-0.01075268817204301,0.0,0.0,1.0,-0.7333333333333333,0.0,0.0,0.0,1.0,0.0,529
-0.25,-0.17258883248730966,0.09375,-0.5816560227957038,-0.9051643192488263,1.086021505376344,0.0,0.0,0.6666666666666666,-0.13333333333333333,1.0,0.0,0.0,0.0,0.0,775
0.08333333333333333,-0.0406091370558376,1.25,0.682712243030312,-1.1483568075117372,0.23655913978494622,0.0,0.0,-0.5,-0.06666666666666667,0.0,1.0,0.0,0.0,0.0,269
-0.5833333333333334,-0.4263959390862945,0.59375,-0.6833781561418334,0.29107981220657275,-0.01075268817204301,0.0,0.0,0.6666666666666666,0.8666666666666667,0.0,0.0,0.0,0.0,0.0,161
0.0,-0.1472081218274112,0.46875,0.3336351996355,-1.244131455399061,0.30107526881720426,0.0,0.0,0.8333333333333334,-0.3333333333333333,1.0,0.0,0.0,0.0,0.0,769
-0.16666666666666666,0.07614213197969544,-0.40625,-0.91150831659757,0.13990610328638498,1.5806451612903225,0.0,0.0,0.6666666666666666,-0.5333333333333333,0.0,0.0,0.0,0.0,0.0,943
-0.8333333333333334,0.7309644670050761,0.34375,-0.4861165064064858,0.29107981220657275,-0.01075268817204301,0.0,0.0,0.3333333333333333,-0.6,0.0,0.0,1.0,0.0,0.0,443
-0.6666666666666666,-0.6192893401015228,0.125,-0.6833781561418334,0.29107981220657275,-0.01075268817204301,0.0,0.0,-0.5,0.06666666666666667,1.0,1.0,0.0,0.0,0.0,103
-0.5833333333333334,-0.35025380710659904,0.5,-0.3098055405697065,0.29107981220657275,-0.01075268817204301,0.0,0.0,0.6666666666666666,-0.3333333333333333,0.0,0.0,0.0,0.0,0.0,197
-0.75,-0.7157360406091371,0.59375,-0.91150831659757,-0.8460093896713615,-0.01075268817204301,0.0,0.7,1.0,0.4,0.0,0.0,0.0,1.0,-1.0,99
0.9166666666666666,-0.09137055837563456,0.40625,0.13927936789351517,0.29107981220657275,-0.01075268817204301,0.0,0.0,0.6666666666666666,0.2,0.0,0.0,0.0,0.0,0.0,1018
0.0,-0.0812182741116751,0.53125,0.0707286024015658,0.10422535211267606,1.967741935483871,0.0,0.0,0.6666666666666666,0.8,1.0,0.0,0.0,0.0,0.0,630
0.08333333333333333,-0.8172588832487311,-0.375,1.365145862684823,-0.02535211267605634,1.1827956989247312,0.0,0.3,-0.8333333333333334,-0.4666666666666667,0.0,0.0,0.0,1.0,0.0,265
0.75,0.1472081218274111,-0.15625,0.0,-0.39154929577464787,-0.01075268817204301,0.0,0.0,-0.16666666666666666,-0.3333333333333333,0.0,1.0,0.0,0.0,0.0,1644
-0.5,0.0203045685279188,0.8125,0.9933397872392326,0.29107981220657275,0.03225806451612903,0.0,0.0,-0.16666666666666666,0.4666666666666667,0.0,1.0,0.0,0.0,0.0,436
0.9166666666666666,0.5482233502538072,0.4375,-0.5816560227957038,-0.1323943661971831,-0.01075268817204301,0.0,0.0,0.3333333333333333,0.9333333333333333,0.0,0.0,1.0,0.0,0.0,1173
-0.3333333333333333,0.2741116751269035,1.25,-0.22768379202711048,-1.1248826291079812,0.05376344086021505,11.5,0.0,0.0,-0.13333333333333333,0.0,0.0,1.0,0.0,0.0,187
0.5,0.284263959390863,-0.3125,0.5713209318579696,-0.7023474178403756,0.6021505376344085,0.0,0.0,-0.5,0.8666666666666667,0.0,1.0,0.0,0.0,0.0,1776
0.5,0.9492385786802032,0.0,0.2058418822217645,0.1784037558685446,1.6344086021505375,0.0,0.0,0.16666666666666666,-0.8666666666666667,0.0,0.0,1.0,0.0,0.0,2965
0.5833333333333334,0.5126903553299493,0.1875,-0.7926654504863353,0.24976525821596243,0.1935483870967742,0.0,0.0,0.0,-0.13333333333333333,0.0,0.0,1.0,0.0,0.0,1856
0.6666666666666666,-0.3756345177664975,-0.8125,0.7898955205469734,0.29107981220657275,-0.01075268817204301,0.0,0.0,-0.5,-0.6666666666666666,0.0,1.0,0.0,0.0,0.0,666
0.16666666666666666,-0.11167512690355327,-0.5625,1.2305047302068106,0.29107981220657275,1.258064516129032,0.0,0.0,0.6666666666666666,0.8666666666666667,0.0,0.0,0.0,0.0,0.0,838
0.16666666666666666,-0.7208121827411167,-0.5625,-0.5816560227957038,-0.8112676056338028,0.3655913978494623,0.0,0.0,1.0,-0.06666666666666667,0.0,0.0,0.0,1.0,0.0,329
-0.5833333333333334,0.4568527918781726,0.28125,0.0,0.29107981220657275,-0.01075268817204301,0.0,0.0,0.16666666666666666,-0.6666666666666666,0.0,0.0,1.0,0.0,0.0,311
-0.8333333333333334,-0.09137055837563456,0.46875,-0.7926654504863353,-0.7276995305164319,-0.01075268817204301,0.0,0.0,-0.3333333333333333,-1.0,1.0,1.0,0.0,0.0,0.0,322
-0.4166666666666667,0.5634517766497463,0.65625,-0.91150831659757,0.29107981220657275,0.3440860215053763,0.0,0.0,0.16666666666666666,-0.8,0.0,0.0,1.0,0.0,0.0,1450
-0.08333333333333333,0.6903553299492386,-0.15625,0.3951330286481768,-1.063849765258216,3.021505376344086,0.0,0.0,0.0,0.5333333333333333,1.0,0.0,1.0,0.0,0.0,870
-0.25,0.030456852791878156,1.28125,-0.3098055405697065,-1.3492957746478873,0.05376344086021505,17.0,0.0,-0.5,-0.06666666666666667,0.0,1.0,0.0,0.0,0.0,32
-0.6666666666666666,-0.4619289340101523,-0.40625,0.9437305196070348,0.29107981220657275,-0.01075268817204301,0.0,0.0,-0.5,0.26666666666666666,0.0,1.0,0.0,0.0,0.0,69
0.9166666666666666,0.416243654822335,0.53125,-0.07312821817005527,-0.7230046948356808,-0.01075268817204301,0.0,0.0,0.0,0.06666666666666667,1.0,0.0,1.0,0.0,0.0,1323
-0.16666666666666666,-0.5482233502538072,0.09375,-0.91150831659757,-1.2187793427230047,0.18279569892473116,0.0,0.0,-0.8333333333333334,0.0,0.0,0.0,0.0,1.0,0.0,221
0.16666666666666666,0.34010152284263956,-0.3125,0.5713209318579696,-1.0788732394366196,2.4623655913978495,0.0,0.0,-0.5,0.8666666666666667,0.0,1.0,0.0,0.0,0.0,711
0.9166666666666666,0.583756345177665,-0.40625,0.455183241303237,0.29107981220657275,-0.01075268817204301,0.0,0.0,0.3333333333333333,0.0,0.0,0.0,1.0,0.0,0.0,1446
-0.16666666666666666,-1.16751269035533,-0.5625,0.3951330286481768,0.17370892018779344,0.6344086021505375,0.0,0.0,1.0,-0.2,0.0,0.0,0.0,1.0,0.0,202
0.5833333333333334,-0.7766497461928935,-0.6875,-0.07312821817005527,-0.12394366197183099,-0.01075268817204301,0.0,0.0,-0.6666666666666666,-0.5333333333333333,0.0,0.0,0.0,1.0,0.0,378
-0.08333333333333333,0.36040609137055846,-0.71875,0.455183241303237,-0.9248826291079812,2.6881720430107525,0.0,0.0,-0.3333333333333333,0.26666666666666666,0.0,1.0,0.0,0.0,0.0,805
-0.4166666666666667,-0.0203045685279188,0.03125,0.3951330286481768,0.28826291079812205,0.021505376344086016,0.0,0.0,0.6666666666666666,-1.0,0.0,0.0,0.0,0.0,0.0,1429
0.9166666666666666,-0.36040609137055835,0.875,0.5138834935935143,-1.4413145539906103,-0.01075268817204301,0.0,0.0,-0.5,0.5333333333333333,1.0,1.0,0.0,0.0,0.0,354
0.16666666666666666,0.8883248730964467,-0.8125,0.2058418822217645,0.29014084507042254,3.0,0.0,0.0,0.3333333333333333,0.13333333333333333,1.0,0.0,1.0,0.0,0.0,1121
-0.16666666666666666,0.5634517766497463,0.40625,-0.22768379202711048,-0.2215962441314554,1.021505376344086,0.0,0.0,0.5,-0.6666666666666666,0.0,0.0,0.0,0.0,0.0,835
0.8333333333333334,-0.34517766497461927,0.59375,-0.7926654504863353,0.29107981220657275,-0.01075268817204301,0.0,0.0,0.6666666666666666,0.8,1.0,0.0,0.0,0.0,0.0,625
0.16666666666666666,0.6345177664974619,-1.0625,0.5138834935935143,0.2187793427230047,3.129032258064516,0.0,0.0,-0.16666666666666666,0.6,0.0,1.0,0.0,0.0,0.0,1161
0.5,0.3451776649746193,-0.6875,0.5713209318579696,0.29107981220657275,0.48387096774193544,0.0,0.0,0.5,0.5333333333333333,0.0,0.0,0.0,0.0,-1.0,1237
0.4166666666666667,0.7766497461928935,-0.3125,0.3336351996355,0.2892018779342723,1.064516129032258,0.0,0.0,0.5,-0.9333333333333333,1.0,0.0,0.0,0.0,0.0,2069
0.4166666666666667,-0.39593908629441626,-0.65625,0.8933144384752442,-0.5793427230046948,0.6021505376344085,0.0,0.0,-0.6666666666666666,0.2,0.0,0.0,0.0,1.0,0.0,522
0.08333333333333333,-0.5177664974619289,0.9375,-0.3098055405697065,-1.3708920187793427,0.5698924731182796,0.0,2.1,1.0,-0.4,1.0,0.0,0.0,1.0,0.0,182
-0.6666666666666666,-0.5431472081218274,1.0,0.0,-1.4647887323943662,-0.01075268817204301,0.0,0.0,1.0,-0.8,0.0,0.0,0.0,1.0,0.0,41
-0.4166666666666667,-1.0659898477157361,-0.75,0.455183241303237,0.29107981220657275,-0.01075268817204301,0.0,0.0,1.0,-0.7333333333333333,0.0,0.0,0.0,1.0,0.0,381
0.3333333333333333,1.0456852791878173,-0.3125,0.6275737112096174,0.29107981220657275,0.6451612903225806,0.0,0.0,0.3333333333333333,-0.26666666666666666,1.0,0.0,1.0,0.0,0.0,959
0.5,-0.7868020304568528,-1.3125,2.0103953964905297,0.29107981220657275,0.12903225806451613,0.0,0.0,-0.6666666666666666,-0.4,1.0,0.0,0.0,1.0,0.0,216
-0.4166666666666667,0.751269035532995,0.46875,0.3336351996355,-0.460093896713615,0.09677419354838711,0.0,0.0,0.16666666666666666,0.6,0.0,0.0,1.0,0.0,0.0,1171
0.25,-0.1624365482233502,-1.0625,0.3951330286481768,-0.3502347417840376,2.236559139784946,0.0,0.0,-0.6666666666666666,0.6666666666666666,0.0,0.0,0.0,1.0,0.0,521
0.6666666666666666,0.583756345177665,0.125,-0.3098055405697065,0.29107981220657275,-0.01075268817204301,0.0,0.0,0.5,-0.13333333333333333,0.0,0.0,0.0,0.0,0.0,1869
-0.16666666666666666,0.40101522842639586,-0.84375,0.6275737112096174,0.03755868544600939,2.7096774193548385,0.0,0.0,-0.16666666666666666,0.6,0.0,1.0,0.0,0.0,0.0,819
-0.6666666666666666,0.10659898477157359,-1.78125,-0.91150831659757,-0.17652582159624414,-0.01075268817204301,0.0,0.0,-0.16666666666666666,0.4,0.0,1.0,0.0,0.0,-1.0,248
0.6666666666666666,0.5177664974619289,0.15625,0.0707286024015658,-0.2704225352112676,-0.01075268817204301,0.4,0.0,0.0,-0.4666666666666667,1.0,0.0,1.0,0.0,0.0,246
0.6666666666666666,0.8883248730964467,0.34375,-0.07312821817005527,-0.49577464788732395,0.04301075268817204,0.0,0.0,0.16666666666666666,0.6666666666666666,0.0,0.0,1.0,0.0,0.0,1790
-0.5,0.6954314720812182,0.28125,-0.4861165064064858,0.29107981220657275,-0.01075268817204301,0.0,0.0,0.3333333333333333,-0.26666666666666666,1.0,0.0,1.0,0.0,0.0,261
-0.3333333333333333,0.9289340101522844,-0.0625,-0.14891824053188613,-0.14366197183098592,0.8279569892473118,0.0,0.0,0.3333333333333333,-0.8666666666666667,0.0,0.0,1.0,0.0,0.0,1471
-0.5,-1.3197969543147208,-0.53125,1.0902852095090052,0.28262910798122065,-0.01075268817204301,0.0,0.0,-0.6666666666666666,-0.6666666666666666,0.0,0.0,0.0,1.0,0.0,94
-0.4166666666666667,-0.83248730964467,0.5,0.2705797236685667,0.20751173708920187,-0.01075268817204301,0.0,0.0,1.0,0.6666666666666666,0.0,0.0,0.0,1.0,0.0,296
0.16666666666666666,0.36040609137055846,-0.8125,-0.07312821817005527,-0.12018779342723004,1.8172043010752688,0.0,0.0,0.6666666666666666,0.6,0.0,0.0,0.0,0.0,0.0,1192
-0.75,0.5431472081218274,0.40625,-1.1921678124288753,0.29107981220657275,-0.01075268817204301,0.0,0.0,0.5,-0.8666666666666667,0.0,0.0,0.0,0.0,0.0,211
0.08333333333333333,-0.3756345177664975,0.125,0.5138834935935143,-1.0854460093896714,0.9677419354838709,0.0,0.0,-0.8333333333333334,-0.06666666666666667,0.0,0.0,0.0,1.0,0.0,309
0.75,0.2944162436548224,0.0,0.9437305196070348,0.21971830985915494,-0.01075268817204301,0.0,0.0,-0.16666666666666666,-0.7333333333333333,1.0,1.0,0.0,0.0,0.0,1551
-0.5,-0.4873096446700508,-0.4375,1.0902852095090052,0.29107981220657275,-0.01075268817204301,0.0,0.0,-0.5,0.26666666666666666,0.0,1.0,0.0,0.0,0.0,235
-0.3333333333333333,-0.07614213197969544,0.125,-0.14891824053188613,0.27981220657276995,0.6344086021505375,0.0,0.0,0.5,0.6,0.0,0.0,0.0,0.0,-1.0,440
0.25,-0.050761421319796954,0.40625,0.3951330286481768,-1.2488262910798122,0.7204301075268817,0.0,0.0,0.8333333333333334,0.7333333333333333,0.0,0.0,0.0,0.0,0.0,666
0.3333333333333333,-0.5228426395939086,-0.59375,0.8420508501474621,0.11924882629107982,0.5376344086021505,0.0,0.0,1.0,-0.6,0.0,0.0,0.0,1.0,0.0,471
-0.08333333333333333,-0.6852791878172589,-0.375,-0.3098055405697065,-0.1784037558685446,0.9462365591397849,0.0,0.0,1.0,-0.4666666666666667,1.0,0.0,0.0,1.0,0.0,351
-0.08333333333333333,-0.39593908629441626,0.03125,0.5138834935935143,-0.9295774647887324,2.2258064516129035,0.0,0.0,-0.5,-0.4,1.0,1.0,0.0,0.0,0.0,497
-1.0,0.19289340101522848,-0.0625,-0.6833781561418334,0.04788732394366197,-0.01075268817204301,0.0,0.0,-0.16666666666666666,0.8,0.0,1.0,0.0,0.0,0.0,770
-0.6666666666666666,0.416243654822335,1.125,-1.5998067240225886,-1.3577464788732394,-0.01075268817204301,0.0,0.0,0.0,0.9333333333333333,1.0,0.0,1.0,0.0,0.0,382
0.75,-0.8426395939086295,-0.5,0.3336351996355,0.048826291079812206,-0.01075268817204301,0.0,0.0,-0.8333333333333334,-0.8,0.0,0.0,0.0,1.0,0.0,310
-0.5,0.07106598984771575,0.75,-1.0429616152145371,-1.0422535211267605,-0.01075268817204301,0.0,0.0,-0.3333333333333333,-0.9333333333333333,0.0,1.0,0.0,0.0,0.0,359
0.16666666666666666,0.34010152284263956,1.0,-0.39575298507290857,0.1539906103286385,0.27956989247311825,0.5,0.0,0.16666666666666666,-0.4666666666666667,0.0,0.0,1.0,0.0,0.0,110
-0.5,0.30456852791878175,0.21875,-1.0429616152145371,-0.39624413145539905,0.01075268817204301,0.0,0.0,-0.16666666666666666,0.8666666666666667,0.0,1.0,0.0,0.0,0.0,625
-0.08333333333333333,-0.21827411167512695,-0.75,-0.3098055405697065,-0.7492957746478873,1.6451612903225805,0.0,0.0,-0.5,-0.26666666666666666,0.0,1.0,0.0,0.0,0.0,463
-0.5,-0.8426395939086295,-0.09375,-0.07312821817005527,-0.6131455399061033,-0.01075268817204301,0.0,0.0,-0.8333333333333334,0.3333333333333333,1.0,0.0,0.0,1.0,0.0,36
-0.16666666666666666,0.6040609137055837,-0.25,1.3208447570935795,0.28732394366197184,2.2795698924731185,0.0,0.0,0.5,-0.7333333333333333,0.0,0.0,0.0,0.0,0.0,847
0.9166666666666666,0.5888324873096448,0.25,0.455183241303237,0.29107981220657275,-0.01075268817204301,0.0,0.0,0.5,-0.9333333333333333,1.0,0.0,0.0,0.0,0.0,1047
0.16666666666666666,-0.09644670050761424,0.40625,0.0,-1.2225352112676056,0.47311827956989244,0.0,0.0,0.8333333333333334,0.7333333333333333,0.0,0.0,0.0,0.0,0.0,600
-0.9166666666666666,-1.2385786802030456,-0.65625,1.0421797791354965,0.29107981220657275,-0.01075268817204301,0.0,0.0,-0.6666666666666666,-0.6666666666666666,0.0,0.0,0.0,1.0,0.0,87
0.75,-0.5736040609137056,-0.90625,0.9933397872392326,0.29107981220657275,-0.01075268817204301,0.0,0.0,0.8333333333333334,0.4,0.0,0.0,0.0,0.0,0.0,759
0.25,1.3096446700507614,-0.625,0.5138834935935143,0.18967136150234742,3.021505376344086,0.0,0.0,0.3333333333333333,-1.0,0.0,0.0,1.0,0.0,0.0,531
0.75,0.7766497461928935,0.375,0.5713209318579696,-0.06666666666666667,-0.01075268817204301,0.0,0.0,0.16666666666666666,0.2,0.0,0.0,1.0,0.0,0.0,2122
-0.75,0.5329949238578681,0.0625,-0.7926654504863353,0.29107981220657275,-0.01075268817204301,0.0,0.0,0.3333333333333333,0.2,1.0,0.0,1.0,0.0,0.0,425
0.5,0.11167512690355327,-0.375,0.6275737112096174,0.29107981220657275,0.05376344086021505,0.0,0.0,0.6666666666666666,0.13333333333333333,0.0,0.0,0.0,0.0,0.0,2499
-0.25,0.3959390862944163,0.1875,0.7368002283746548,0.2619718309859155,1.225806451612903,0.0,0.0,0.5,-0.6,0.0,0.0,0.0,0.0,0.0,1194
0.6666666666666666,-0.32487309644670054,0.8125,1.0421797791354965,-1.396244131455399,-0.01075268817204301,0.0,0.0,-0.5,0.5333333333333333,1.0,1.0,0.0,0.0,0.0,513
0.08333333333333333,0.0,0.78125,-0.5816560227957038,-0.6835680751173709,1.4193548387096775,0.0,0.0,0.6666666666666666,0.4666666666666667,0.0,0.0,0.0,0.0,0.0,652
-0.25,0.3705583756345178,-0.125,-0.5816560227957038,-1.2291079812206573,1.6881720430107527,0.0,0.0,-0.16666666666666666,-0.06666666666666667,0.0,1.0,0.0,0.0,0.0,1148
-0.08333333333333333,0.5431472081218274,-0.5,0.0,0.12018779342723004,2.806451612903226,0.0,0.0,0.5,-0.5333333333333333,1.0,0.0,0.0,0.0,0.0,1179
0.9166666666666666,0.11167512690355327,-0.1875,-1.0429616152145371,0.29107981220657275,-0.01075268817204301,0.0,0.0,0.5,0.5333333333333333,0.0,0.0,0.0,0.0,-1.0,750
0.3333333333333333,0.7157360406091372,-0.625,0.7898955205469734,0.2300469483568075,2.032258064516129,0.0,0.0,0.5,0.06666666666666667,0.0,0.0,0.0,0.0,0.0,1445
-0.4166666666666667,-0.3553299492385787,0.875,-0.5816560227957038,-1.0835680751173709,-0.01075268817204301,0.0,0.0,0.8333333333333334,0.3333333333333333,0.0,0.0,0.0,0.0,0.0,788
-0.75,0.4720812182741117,1.28125,-2.15665183283064,0.04131455399061033,-0.01075268817204301,0.0,0.0,0.16666666666666666,-0.8666666666666667,0.0,0.0,1.0,0.0,0.0,233
-0.75,0.3299492385786802,0.03125,0.2058418822217645,-0.38591549295774646,-0.01075268817204301,0.0,0.0,-0.16666666666666666,0.8666666666666667,0.0,1.0,0.0,0.0,0.0,285
0.3333333333333333,0.6802030456852791,-0.0625,1.3208447570935795,0.2056338028169014,0.5698924731182796,0.0,0.0,0.5,-0.6666666666666666,0.0,0.0,0.0,0.0,0.0,1292
-1.0,0.2639593908629441,0.21875,1.0421797791354965,-0.03380281690140845,-0.01075268817204301,0.0,0.0,-0.16666666666666666,-0.6666666666666666,1.0,1.0,0.0,0.0,0.0,733
0.75,0.21319796954314718,0.1875,-0.91150831659757,-0.3436619718309859,-0.01075268817204301,0.0,0.0,-0.16666666666666666,0.3333333333333333,0.0,1.0,0.0,0.0,0.0,2065
-0.9166666666666666,0.3705583756345178,0.46875,-0.39575298507290857,-0.7305164319248826,-0.01075268817204301,0.0,0.0,0.0,-0.13333333333333333,0.0,0.0,1.0,0.0,0.0,715
-0.8333333333333334,0.6040609137055837,0.875,0.3336351996355,-0.22253521126760564,-0.01075268817204301,0.8,0.0,0.3333333333333333,0.5333333333333333,0.0,0.0,1.0,0.0,0.0,83
-0.25,-0.9035532994923858,-0.59375,-0.6833781561418334,0.1755868544600939,0.03225806451612903,0.0,0.0,1.0,0.8,0.0,0.0,0.0,1.0,0.0,326
0.8333333333333334,-0.8578680203045684,-0.75,0.5713209318579696,0.29107981220657275,-0.01075268817204301,0.0,0.0,-0.8333333333333334,-0.9333333333333333,0.0,0.0,0.0,1.0,0.0,273
-0.8333333333333334,0.27918781725888325,0.71875,0.0707286024015658,-1.2619718309859156,-0.01075268817204301,0.0,0.0,-0.16666666666666666,-0.9333333333333333,0.0,1.0,0.0,0.0,0.0,245
-0.3333333333333333,0.6497461928934011,0.84375,0.3951330286481768,-0.6732394366197183,0.5053763440860215,0.0,0.0,0.16666666666666666,-0.26666666666666666,0.0,0.0,1.0,0.0,0.0,1811
0.08333333333333333,0.4568527918781726,-0.53125,0.682712243030312,0.1539906103286385,2.827956989247312,0.0,0.0,0.6666666666666666,-0.8666666666666667,0.0,0.0,0.0,0.0,-1.0,1849
0.4166666666666667,1.0203045685279188,-0.0625,1.3208447570935795,0.2244131455399061,0.9139784946236559,0.0,0.0,0.3333333333333333,-0.06666666666666667,0.0,0.0,1.0,0.0,-1.0,960
0.4166666666666667,-0.07106598984771575,-0.71875,0.6275737112096174,-0.4225352112676056,0.8602150537634409,0.0,0.0,-0.5,0.06666666666666667,1.0,1.0,0.0,0.0,0.0,1272
-1.0,-0.6040609137055838,-0.5625,0.5138834935935143,0.29107981220657275,-0.01075268817204301,0.0,0.0,-0.5,0.3333333333333333,0.0,1.0,0.0,0.0,0.0,240
0.25,-1.263959390862944,-0.9375,1.0421797791354965,0.107981220657277,-0.01075268817204301,0.0,0.4,-0.8333333333333334,0.6666666666666666,0.0,0.0,0.0,1.0,0.0,140
-0.4166666666666667,-0.10659898477157359,-1.78125,-0.07312821817005527,0.29107981220657275,0.48387096774193544,0.0,0.0,-0.16666666666666666,0.2,1.0,1.0,0.0,0.0,0.0,436
-0.5,0.36040609137055846,1.28125,-0.6833781561418334,-0.9990610328638497,-0.01075268817204301,1.0,0.0,0.3333333333333333,0.7333333333333333,0.0,0.0,1.0,0.0,0.0,47
0.5833333333333334,-0.4568527918781726,0.46875,0.7368002283746548,-1.0901408450704226,0.021505376344086016,0.0,0.0,-0.5,-0.5333333333333333,0.0,1.0,0.0,0.0,0.0,683
0.75,0.868020304568528,0.40625,0.0707286024015658,-0.13896713615023473,-0.01075268817204301,0.0,0.0,0.3333333333333333,-0.6666666666666666,0.0,0.0,1.0,0.0,0.0,1611
0.5833333333333334,0.36548223350253806,-0.3125,1.137688257706579,0.2460093896713615,0.2903225806451613,0.0,0.0,-0.16666666666666666,-0.7333333333333333,1.0,1.0,0.0,0.0,0.0,1753
0.75,-0.09644670050761424,-0.09375,0.0,-0.936150234741784,-0.01075268817204301,0.0,0.0,-0.5,0.6666666666666666,0.0,1.0,0.0,0.0,0.0,798
0.6666666666666666,-0.41116751269035534,-0.4375,0.7368002283746548,0.20938967136150236,-0.01075268817204301,0.0,0.0,0.8333333333333334,0.06666666666666667,1.0,0.0,0.0,0.0,0.0,644
-0.25,0.40609137055837563,1.25,-0.4861165064064858,-0.13802816901408452,0.1935483870967742,0.5,0.0,0.3333333333333333,0.7333333333333333,0.0,0.0,1.0,0.0,0.0,75
0.0,0.6903553299492386,-0.40625,1.780837692256701,0.29107981220657275,3.0,0.0,0.0,0.5,-0.7333333333333333,0.0,0.0,0.0,0.0,0.0,1072
0.6666666666666666,-0.025380710659898477,-0.5,0.5138834935935143,-0.49389671361502346,-0.01075268817204301,0.0,0.0,-0.3333333333333333,0.13333333333333333,0.0,1.0,0.0,0.0,0.0,1346
-0.4166666666666667,0.33502538071065996,1.25,0.2705797236685667,-1.1708920187793428,0.021505376344086016,0.0,0.0,0.5,-0.8,0.0,0.0,0.0,0.0,0.0,1289
-0.08333333333333333,-0.025380710659898477,0.40625,1.780837692256701,-0.6582159624413145,0.5268817204301075,0.0,0.0,0.6666666666666666,0.4666666666666667,0.0,0.0,0.0,0.0,0.0,81
0.9166666666666666,-0.43147208121827413,0.5625,-0.3098055405697065,-0.8028169014084507,-0.01075268817204301,0.0,0.0,0.8333333333333334,0.0,0.0,0.0,0.0,0.0,0.0,687
0.25,-0.7817258883248731,-1.25,1.780837692256701,0.29107981220657275,0.989247311827957,0.0,0.0,1.0,0.6666666666666666,0.0,0.0,0.0,1.0,0.0,246
-0.6666666666666666,0.6446700507614213,0.25,-0.3098055405697065,-0.13896713615023473,-0.01075268817204301,0.0,0.0,0.3333333333333333,0.26666666666666666,0.0,0.0,1.0,0.0,0.0,193
-0.4166666666666667,-0.40609137055837563,0.03125,-0.39575298507290857,-0.7070422535211267,-0.01075268817204301,0.0,0.0,-0.5,0.13333333333333333,1.0,1.0,0.0,0.0,0.0,152
-0.08333333333333333,-0.3807106598984772,0.28125,-0.4861165064064858,-1.0488262910798123,1.4623655913978495,0.0,2.3,0.8333333333333334,0.6,1.0,0.0,0.0,0.0,0.0,522
-0.16666666666666666,-0.42131979695431476,-0.15625,0.0,0.1107981220657277,0.7849462365591398,0.0,0.0,-0.5,-0.6,0.0,1.0,0.0,0.0,0.0,410
-0.6666666666666666,-0.10659898477157359,0.09375,-0.5816560227957038,-0.711737089201878,-0.01075268817204301,0.0,0.0,-0.3333333333333333,0.26666666666666666,0.0,1.0,0.0,0.0,0.0,134
-0.25,0.4365482233502539,1.15625,-0.4861165064064858,-1.0009389671361502,0.2258064516129032,1.5,0.0,0.16666666666666666,-1.0,1.0,0.0,1.0,0.0,0.0,9
-0.9166666666666666,-0.5989847715736041,0.4375,-0.22768379202711048,-1.0384976525821596,-0.01075268817204301,0.0,0.0,-0.6666666666666666,-0.4,1.0,0.0,0.0,1.0,0.0,237
-0.8333333333333334,0.5025380710659898,-0.125,-0.3098055405697065,0.29107981220657275,-0.01075268817204301,0.0,0.0,0.3333333333333333,0.13333333333333333,1.0,0.0,1.0,0.0,0.0,698
0.8333333333333334,0.13705583756345174,-0.09375,-0.3098055405697065,-0.3408450704225352,-0.01075268817204301,0.0,0.0,-0.16666666666666666,-0.3333333333333333,0.0,1.0,0.0,0.0,0.0,1556
-0.6666666666666666,-0.12690355329949238,0.375,-0.7926654504863353,-0.16901408450704225,-0.01075268817204301,0.0,0.0,0.6666666666666666,0.0,0.0,0.0,0.0,0.0,0.0,145
-0.6666666666666666,-1.0101522842639594,0.15625,0.2058418822217645,0.2704225352112676,-0.01075268817204301,0.0,0.0,-0.6666666666666666,-0.2,0.0,0.0,0.0,1.0,0.0,46
0.16666666666666666,-0.3807106598984772,-0.9375,-0.7926654504863353,-0.22347417840375586,0.3548387096774194,0.0,0.0,0.8333333333333334,0.8666666666666667,0.0,0.0,0.0,0.0,0.0,668
0.5833333333333334,0.17766497461928935,0.59375,0.0,0.29107981220657275,0.30107526881720426,0.0,0.0,-0.16666666666666666,0.13333333333333333,0.0,1.0,0.0,0.0,0.0,1751
-0.08333333333333333,-0.9137055837563453,-0.65625,0.9933397872392326,0.0431924882629108,0.8172043010752688,0.0,0.0,-0.8333333333333334,-0.8666666666666667,0.0,0.0,0.0,1.0,0.0,267
0.4166666666666667,-0.7157360406091371,-0.375,1.0421797791354965,0.12863849765258217,0.24731182795698922,0.0,0.0,-0.8333333333333334,-0.7333333333333333,0.0,0.0,0.0,1.0,0.0,446
-0.9166666666666666,0.43147208121827413,1.21875,-1.5998067240225886,-1.223474178403756,-0.01075268817204301,0.1,0.0,0.0,0.8666666666666667,0.0,0.0,1.0,0.0,0.0,460
-0.3333333333333333,0.5482233502538072,0.8125,-0.91150831659757,0.27793427230046946,0.5591397849462365,0.0,0.0,0.16666666666666666,-0.8666666666666667,0.0,0.0,1.0,0.0,0.0,2135
-0.5,-1.2944162436548223,0.125,0.5138834935935143,0.01784037558685446,-0.01075268817204301,0.0,0.0,-0.8333333333333334,-0.3333333333333333,0.0,0.0,0.0,1.0,0.0,82
0.5,1.0000000000000002,-0.15625,1.2305047302068106,0.27793427230046946,1.21505376344086,0.0,0.0,0.3333333333333333,-0.8,1.0,0.0,1.0,0.0,0.0,1044
0.3333333333333333,0.8375634517766498,0.3125,0.3336351996355,0.007511737089201878,1.5591397849462365,0.0,0.0,0.16666666666666666,-0.2,0.0,0.0,1.0,0.0,0.0,1291
-0.16666666666666666,0.5736040609137056,0.78125,0.9933397872392326,0.03943661971830986,0.3548387096774194,0.0,0.0,0.3333333333333333,0.3333333333333333,0.0,0.0,1.0,0.0,0.0,402
-0.25,-0.015228426395939123,0.0,-0.5816560227957038,-0.6450704225352113,1.4838709677419353,0.0,0.0,-0.3333333333333333,0.7333333333333333,0.0,1.0,0.0,0.0,0.0,985
0.16666666666666666,0.4416243654822335,-0.46875,0.13927936789351517,0.29107981220657275,2.4516129032258065,0.0,0.0,-0.16666666666666666,-0.5333333333333333,0.0,1.0,0.0,0.0,0.0,1096
-0.8333333333333334,0.4720812182741117,-0.21875,-0.07312821817005527,0.29107981220657275,-0.01075268817204301,0.0,0.0,0.3333333333333333,0.06666666666666667,0.0,0.0,1.0,0.0,0.0,572
-0.75,-0.6700507614213198,-0.125,-0.91150831659757,0.054460093896713614,-0.01075268817204301,0.0,0.0,1.0,-0.4,1.0,0.0,0.0,1.0,0.0,169
0.9166666666666666,0.21319796954314718,-0.375,-0.3098055405697065,0.29107981220657275,-0.01075268817204301,0.0,0.0,0.5,0.4666666666666667,1.0,0.0,0.0,0.0,-1.0,768
0.3333333333333333,-1.1979695431472082,-0.71875,1.4948257357364156,0.29107981220657275,0.7849462365591398,0.0,1.0,-0.8333333333333334,0.4666666666666667,0.0,0.0,0.0,1.0,0.0,181
0.5833333333333334,0.12182741116751271,-1.34375,0.7898955205469734,0.29107981220657275,0.25806451612903225,0.0,0.0,-0.3333333333333333,-0.26666666666666666,0.0,1.0,0.0,0.0,0.0,1641
-0.5,-0.8934010152284265,-0.21875,0.8933144384752442,0.29107981220657275,-0.01075268817204301,0.0,0.0,1.0,0.6,0.0,0.0,0.0,1.0,-1.0,59
-0.8333333333333334,-0.4263959390862945,-0.40625,1.0902852095090052,0.29107981220657275,-0.01075268817204301,0.0,0.0,-0.5,0.26666666666666666,0.0,1.0,0.0,0.0,0.0,165
0.0,0.4365482233502539,0.3125,0.7368002283746548,-1.1530516431924882,0.8602150537634409,0.0,0.0,-0.16666666666666666,-1.0,0.0,1.0,0.0,0.0,-1.0,1315
0.5833333333333334,-0.43147208121827413,-0.15625,0.5138834935935143,-0.022535211267605635,-0.01075268817204301,0.0,0.0,1.0,-0.9333333333333333,1.0,0.0,0.0,1.0,0.0,385
-0.16666666666666666,-0.751269035532995,-0.625,-0.5816560227957038,-0.5821596244131455,0.49462365591397844,0.0,0.0,-0.8333333333333334,0.3333333333333333,1.0,0.0,0.0,1.0,0.0,189
0.0,1.0659898477157361,-0.40625,0.455183241303237,0.29107981220657275,3.4193548387096775,0.0,0.0,0.3333333333333333,0.0,0.0,0.0,1.0,0.0,0.0,668
-1.0,0.27918781725888325,0.0,0.0707286024015658,0.29107981220657275,-0.01075268817204301,0.0,0.0,0.0,0.0,1.0,0.0,1.0,0.0,0.0,1217
0.5833333333333334,0.23350253807106608,-0.59375,0.7898955205469734,-0.711737089201878,0.16129032258064516,0.0,0.0,-0.3333333333333333,0.8666666666666667,1.0,1.0,0.0,0.0,0.0,1712
0.16666666666666666,0.8629441624365483,0.0625,0.3336351996355,0.29107981220657275,0.8924731182795698,0.1,0.0,0.3333333333333333,0.4666666666666667,0.0,0.0,1.0,0.0,0.0,740
0.5833333333333334,0.3705583756345178,-1.03125,0.3336351996355,0.29107981220657275,0.5913978494623656,0.0,0.0,-0.16666666666666666,0.26666666666666666,1.0,1.0,0.0,0.0,0.0,2145
0.6666666666666666,0.5634517766497463,0.15625,-0.4861165064064858,0.29107981220657275,-0.01075268817204301,0.0,0.0,0.5,-0.2,0.0,0.0,0.0,0.0,0.0,2003
0.9166666666666666,-0.5431472081218274,0.90625,-0.22768379202711048,-1.139906103286385,-0.01075268817204301,0.0,3.0,0.8333333333333334,0.5333333333333333,1.0,0.0,0.0,0.0,0.0,386
0.5833333333333334,-0.24365482233502542,-0.71875,0.455183241303237,0.1568075117370892,-0.01075268817204301,0.0,0.0,0.8333333333333334,0.26666666666666666,0.0,0.0,0.0,0.0,0.0,1317
-0.4166666666666667,-0.1878172588832487,0.84375,-0.14891824053188613,0.29107981220657275,0.03225806451612903,0.0,0.0,-0.3333333333333333,0.5333333333333333,0.0,1.0,0.0,0.0,0.0,751
0.6666666666666666,-0.7918781725888325,-0.59375,0.3336351996355,0.29107981220657275,-0.01075268817204301,0.0,0.0,-0.6666666666666666,0.06666666666666667,1.0,0.0,0.0,1.0,-1.0,145
-0.5833333333333334,0.3553299492385787,0.40625,-0.22768379202711048,0.29107981220657275,-0.01075268817204301,0.0,0.0,0.5,-0.2,0.0,0.0,0.0,0.0,0.0,248
-0.9166666666666666,-0.16751269035532998,0.84375,-0.22768379202711048,-0.6140845070422535,-0.01075268817204301,0.0,0.0,0.6666666666666666,0.5333333333333333,0.0,0.0,0.0,0.0,0.0,573
-0.3333333333333333,-0.24365482233502542,-0.25,-0.5816560227957038,-0.1596244131455399,0.7204301075268817,0.0,0.0,-0.3333333333333333,0.06666666666666667,0.0,1.0,0.0,0.0,0.0,1920
0.4166666666666667,0.7309644670050761,0.5625,0.6275737112096174,-0.044131455399061034,0.7956989247311828,0.0,0.0,0.16666666666666666,-0.26666666666666666,0.0,0.0,1.0,0.0,0.0,1915
0.16666666666666666,-0.17258883248730966,-0.625,0.5713209318579696,0.030985915492957747,1.3225806451612903,0.0,0.0,0.8333333333333334,0.13333333333333333,1.0,0.0,0.0,0.0,0.0,1054
-1.0,-0.0203045685279188,-0.3125,-1.1921678124288753,0.1755868544600939,-0.01075268817204301,0.0,0.0,-0.3333333333333333,0.6666666666666666,0.0,1.0,0.0,0.0,0.0,692
0.25,-0.4517766497461929,-0.21875,-0.4861165064064858,-0.8131455399061033,0.6559139784946236,0.0,0.0,-0.8333333333333334,-0.13333333333333333,1.0,0.0,0.0,1.0,0.0,353
0.8333333333333334,-0.5939086294416244,1.09375,-0.22768379202711048,-1.4985915492957746,-0.01075268817204301,0.0,0.0,1.0,0.9333333333333333,1.0,0.0,0.0,1.0,0.0,30
0.0,0.48730964467005083,-0.03125,0.0707286024015658,-0.4394366197183099,1.8279569892473118,0.0,0.0,0.0,-0.5333333333333333,0.0,0.0,1.0,0.0,0.0,1256
0.0,-0.3401015228426396,-0.1875,-0.39575298507290857,-0.06854460093896714,1.204301075268817,0.0,0.0,-0.5,-0.4666666666666667,0.0,1.0,0.0,0.0,0.0,510
0.4166666666666667,-0.6700507614213198,-0.96875,0.5713209318579696,0.26948356807511736,0.47311827956989244,0.0,0.0,-0.6666666666666666,-1.0,0.0,0.0,0.0,1.0,0.0,341
-0.75,-0.07106598984771575,-0.5,-0.39575298507290857,0.29107981220657275,-0.01075268817204301,0.2,0.0,-0.3333333333333333,-0.13333333333333333,1.0,1.0,0.0,0.0,0.0,62
0.8333333333333334,-0.6852791878172589,0.1875,-0.14891824053188613,-0.6779342723004694,-0.01075268817204301,0.0,0.0,1.0,0.8,0.0,0.0,0.0,1.0,0.0,285
0.5833333333333334,0.48223350253807107,0.1875,0.9437305196070348,0.29107981220657275,0.021505376344086016,0.0,0.0,0.5,0.06666666666666667,0.0,0.0,0.0,0.0,0.0,2489
-1.0,0.16751269035532998,0.375,-0.5816560227957038,-0.27699530516431925,-0.01075268817204301,0.0,0.0,-0.3333333333333333,-0.8666666666666667,0.0,1.0,0.0,0.0,0.0,532
0.25,0.6192893401015228,0.625,-0.91150831659757,0.17370892018779344,0.5053763440860215,0.0,0.0,0.16666666666666666,-0.4,0.0,0.0,1.0,0.0,0.0,1169
0.08333333333333333,0.3197969543147209,0.96875,-0.4861165064064858,0.09953051643192488,0.6881720430107526,0.0,0.0,0.5,0.3333333333333333,0.0,0.0,0.0,0.0,0.0,600
-0.6666666666666666,0.5076142131979695,0.71875,-1.0429616152145371,-0.7192488262910798,-0.01075268817204301,0.0,0.0,0.16666666666666666,-0.7333333333333333,0.0,0.0,1.0,0.0,0.0,267
-0.25,-0.8781725888324874,-0.25,0.0707286024015658,-0.2995305164319249,0.18279569892473116,0.0,0.0,-0.8333333333333334,-0.6,1.0,0.0,0.0,1.0,0.0,143
0.6666666666666666,0.5329949238578681,-0.34375,0.7898955205469734,0.19342723004694837,0.05376344086021505,0.0,0.0,0.0,-0.7333333333333333,0.0,0.0,1.0,0.0,0.0,2346
0.75,-0.4720812182741117,-0.8125,-0.3098055405697065,0.04788732394366197,-0.01075268817204301,0.0,0.0,0.8333333333333334,0.8,0.0,0.0,0.0,0.0,0.0,846
-0.08333333333333333,0.33502538071065996,0.0,0.8933144384752442,0.2244131455399061,1.3763440860215053,0.0,0.0,0.5,0.4666666666666667,1.0,0.0,0.0,0.0,-1.0,764
-0.8333333333333334,-0.6091370558375635,0.90625,0.6275737112096174,-0.8525821596244132,-0.01075268817204301,0.0,0.0,-0.5,0.4,0.0,1.0,0.0,0.0,0.0,173
0.8333333333333334,-0.025380710659898477,-0.375,0.0707286024015658,0.0215962441314554,-0.01075268817204301,0.0,0.0,-0.3333333333333333,0.8,1.0,1.0,0.0,0.0,0.0,1165
-0.9166666666666666,0.030456852791878156,-1.0,0.2058418822217645,0.29107981220657275,-0.01075268817204301,0.0,0.0,-0.3333333333333333,-0.13333333333333333,1.0,1.0,0.0,0.0,0.0,513
-0.16666666666666666,0.06091370558375631,-0.125,-0.4861165064064858,-0.8065727699530516,1.6989247311827957,0.0,0.0,-0.5,1.0,1.0,1.0,0.0,0.0,0.0,618
-0.6666666666666666,0.22335025380710655,0.0625,-0.14891824053188613,-0.4028169014084507,-0.01075268817204301,0.0,0.0,-0.16666666666666666,0.7333333333333333,1.0,1.0,0.0,0.0,0.0,208
0.25,0.010152284263959355,-0.40625,1.3208447570935795,0.29107981220657275,0.8817204301075268,0.0,0.0,0.6666666666666666,-0.4,0.0,0.0,0.0,0.0,0.0,1171
0.5,-0.6598984771573604,-0.625,0.8933144384752442,0.04037558685446009,0.05376344086021505,0.0,0.0,-0.6666666666666666,-0.9333333333333333,0.0,0.0,0.0,1.0,0.0,592
0.5,0.4111675126903554,-0.28125,0.6275737112096174,0.18215962441314554,0.6451612903225806,0.0,0.0,-0.16666666666666666,0.3333333333333333,0.0,1.0,0.0,0.0,0.0,3069
-0.9166666666666666,0.15736040609137064,0.0,0.0,0.29107981220657275,-0.01075268817204301,0.0,0.0,0.6666666666666666,-0.4,0.0,0.0,0.0,0.0,0.0,144
0.75,0.8477157360406091,0.25,0.5138834935935143,-0.04507042253521127,-0.01075268817204301,0.0,0.0,0.16666666666666666,0.5333333333333333,0.0,0.0,1.0,0.0,0.0,1899
-1.0,0.2741116751269035,0.65625,0.3951330286481768,0.29107981220657275,-0.01075268817204301,0.0,0.0,0.5,0.3333333333333333,0.0,0.0,0.0,0.0,0.0,809
0.25,-0.29949238578680204,-0.5,0.5138834935935143,0.24694835680751173,0.7849462365591398,0.0,0.0,1.0,-0.9333333333333333,1.0,0.0,0.0,1.0,0.0,589
0.8333333333333334,0.9644670050761421,-0.21875,-0.22768379202711048,0.29107981220657275,-0.01075268817204301,0.0,0.0,0.16666666666666666,0.9333333333333333,0.0,0.0,1.0,0.0,0.0,1552
0.9166666666666666,0.30456852791878175,1.0,0.13927936789351517,-1.3014084507042254,-0.01075268817204301,0.0,0.0,-0.16666666666666666,0.8666666666666667,0.0,1.0,0.0,0.0,0.0,742
-0.3333333333333333,0.1472081218274111,1.28125,-1.1921678124288753,-1.1042253521126761,0.10752688172043011,0.0,0.0,-0.16666666666666666,0.13333333333333333,0.0,1.0,0.0,0.0,0.0,400
0.16666666666666666,0.7309644670050761,-0.3125,0.9933397872392326,0.168075117370892,1.7634408602150535,0.0,0.0,0.5,-0.6666666666666666,0.0,0.0,0.0,0.0,0.0,1032
-0.8333333333333334,-0.8781725888324874,-0.84375,1.3208447570935795,0.29107981220657275,-0.01075268817204301,0.0,0.0,-0.6666666666666666,0.06666666666666667,1.0,0.0,0.0,1.0,-1.0,56
0.5,-0.3299492385786802,-0.0625,0.3336351996355,-0.9248826291079812,0.3655913978494623,0.0,0.0,-0.5,-0.4666666666666667,0.0,1.0,0.0,0.0,0.0,1231
0.4166666666666667,-0.8426395939086295,-0.65625,1.5370407516912272,0.27981220657276995,0.9462365591397849,0.0,0.0,-0.6666666666666666,-0.26666666666666666,0.0,0.0,0.0,1.0,0.0,288
0.16666666666666666,0.5532994923857868,1.125,0.8420508501474621,-1.352112676056338,0.26881720430107525,1.5,0.0,0.3333333333333333,0.5333333333333333,0.0,0.0,1.0,0.0,0.0,152
-0.6666666666666666,-0.6649746192893401,-0.15625,0.0707286024015658,0.11830985915492957,-0.01075268817204301,0.0,0.0,1.0,-0.4,1.0,0.0,0.0,1.0,0.0,71
0.25,-0.4720812182741117,-1.3125,0.7368002283746548,0.2863849765258216,2.3655913978494625,0.0,0.0,-0.6666666666666666,0.3333333333333333,0.0,0.0,0.0,1.0,0.0,366
-0.75,-0.41116751269035534,0.625,0.0707286024015658,-1.0394366197183098,-0.01075268817204301,0.0,0.0,1.0,0.4666666666666667,1.0,0.0,0.0,1.0,0.0,230
0.9166666666666666,0.7614213197969544,0.15625,1.7412639288257201,0.18028169014084508,-0.01075268817204301,0.0,0.0,0.3333333333333333,0.26666666666666666,0.0,0.0,1.0,0.0,0.0,1241
0.3333333333333333,0.6091370558375635,1.0625,-0.14891824053188613,-1.208450704225352,0.23655913978494622,3.5,0.0,0.5,-0.8666666666666667,0.0,0.0,0.0,0.0,0.0,39
0.5833333333333334,0.07106598984771575,-0.25,0.3951330286481768,0.29107981220657275,-0.01075268817204301,0.0,0.0,0.6666666666666666,0.13333333333333333,0.0,0.0,0.0,0.0,0.0,1878
-0.9166666666666666,-0.10152284263959391,0.625,0.3336351996355,-1.0300469483568075,-0.01075268817204301,0.0,0.0,-0.5,1.0,1.0,1.0,0.0,0.0,0.0,502
-0.25,-0.7614213197969544,-0.3125,1.4521169265310525,0.18591549295774648,0.2258064516129032,0.0,0.0,1.0,-0.8,0.0,0.0,0.0,1.0,0.0,509
0.0,-0.46700507614213194,0.15625,0.0707286024015658,-1.143661971830986,0.5483870967741935,0.0,0.0,1.0,0.8666666666666667,0.0,0.0,0.0,1.0,0.0,363
0.4166666666666667,0.5126903553299493,-0.59375,-0.07312821817005527,0.29107981220657275,1.10752688172043,0.0,0.0,0.5,0.6666666666666666,0.0,0.0,0.0,0.0,0.0,2349
-0.3333333333333333,0.030456852791878156,1.28125,-0.14891824053188613,-0.8037558685446009,0.26881720430107525,0.0,0.0,-0.16666666666666666,-0.2,1.0,1.0,0.0,0.0,0.0,397
-0.75,-0.6040609137055838,1.25,0.5138834935935143,-1.1464788732394366,-0.01075268817204301,0.1,0.0,-0.5,-1.0,0.0,1.0,0.0,0.0,-1.0,92
-0.08333333333333333,-0.6446700507614213,0.15625,0.7898955205469734,-0.8347417840375587,0.9354838709677419,0.0,1.1,1.0,1.0,1.0,0.0,0.0,1.0,-1.0,142
0.8333333333333334,-0.09644670050761424,1.0,0.3336351996355,-1.1464788732394366,-0.01075268817204301,4.0,0.0,-0.3333333333333333,0.4,1.0,1.0,0.0,0.0,0.0,13
-0.08333333333333333,-0.4568527918781726,0.78125,0.3336351996355,-0.4356807511737089,0.7741935483870968,0.0,0.0,-0.5,-0.5333333333333333,0.0,1.0,0.0,0.0,0.0,290
0.5,0.5228426395939086,1.1875,0.7368002283746548,0.23286384976525823,0.10752688172043011,1.5,0.0,0.3333333333333333,0.5333333333333333,0.0,0.0,1.0,0.0,0.0,916
-1.0,-0.25380710659898476,0.9375,-0.4861165064064858,-1.3023474178403756,-0.01075268817204301,0.0,0.0,-0.5,-0.8,1.0,1.0,0.0,0.0,0.0,161
-0.3333333333333333,0.2944162436548224,0.8125,-0.7926654504863353,-1.2169014084507042,0.23655913978494622,0.0,0.0,-0.16666666666666666,0.9333333333333333,0.0,1.0,0.0,0.0,0.0,1937
-0.4166666666666667,-0.3350253807106599,0.96875,-0.4861165064064858,0.28262910798122065,-0.01075268817204301,0.0,0.0,0.6666666666666666,0.8,1.0,0.0,0.0,0.0,0.0,134
0.75,-0.3096446700507614,-0.09375,0.3336351996355,-0.5145539906103287,-0.01075268817204301,0.0,0.0,-0.5,0.06666666666666667,1.0,1.0,0.0,0.0,0.0,624
-0.8333333333333334,0.3959390862944163,0.59375,0.455183241303237,-0.12300469483568074,-0.01075268817204301,0.5,0.0,0.5,-0.6,0.0,0.0,0.0,0.0,0.0,259
-0.5833333333333334,0.416243654822335,0.96875,-0.7926654504863353,-1.315492957746479,-0.01075268817204301,0.0,0.0,0.0,0.9333333333333333,1.0,0.0,1.0,0.0,0.0,247
0.5833333333333334,0.22335025380710655,-0.46875,0.3951330286481768,0.29107981220657275,0.3870967741935484,0.0,0.0,-0.16666666666666666,-0.5333333333333333,0.0,1.0,0.0,0.0,0.0,2241
0.75,-0.29949238578680204,0.0625,0.8933144384752442,0.2244131455399061,-0.01075268817204301,0.0,0.0,0.6666666666666666,1.0,0.0,0.0,0.0,0.0,0.0,1069
0.75,0.25380710659898476,-0.28125,-0.39575298507290857,0.29107981220657275,-0.01075268817204301,0.0,0.0,0.5,0.6,0.0,0.0,0.0,0.0,-1.0,1565
0.4166666666666667,-0.11675126903553304,-0.9375,1.137688257706579,-0.09859154929577464,1.268817204301075,0.0,0.0,-0.5,0.4666666666666667,0.0,1.0,0.0,0.0,0.0,1108
-0.4166666666666667,-0.7055837563451777,-0.71875,-0.39575298507290857,0.28075117370892017,-0.01075268817204301,0.0,0.0,-0.8333333333333334,0.4,0.0,0.0,0.0,1.0,0.0,316
0.3333333333333333,-0.20304568527918782,-0.8125,0.9437305196070348,-0.6732394366197183,1.6451612903225805,0.0,0.0,-0.6666666666666666,0.6666666666666666,0.0,0.0,0.0,1.0,0.0,555
-1.0,0.40609137055837563,0.59375,-0.07312821817005527,-0.6338028169014085,-0.01075268817204301,0.0,0.0,0.0,0.06666666666666667,1.0,0.0,1.0,0.0,0.0,1394
-0.8333333333333334,-0.20304568527918782,0.03125,0.8933144384752442,0.29107981220657275,-0.01075268817204301,0.0,0.0,0.6666666666666666,0.7333333333333333,1.0,0.0,0.0,0.0,0.0,478
-1.0,0.3299492385786802,0.8125,0.682712243030312,-1.0732394366197182,-0.01075268817204301,0.0,0.0,0.0,0.3333333333333333,0.0,0.0,1.0,0.0,0.0,1083
-0.16666666666666666,-0.7766497461928935,-0.53125,0.2058418822217645,-0.1267605633802817,0.5053763440860215,0.0,0.0,-0.8333333333333334,-0.6,1.0,0.0,0.0,1.0,0.0,179
0.6666666666666666,-0.5177664974619289,0.25,0.9933397872392326,-0.4863849765258216,-0.01075268817204301,0.0,2.7,1.0,0.13333333333333333,0.0,0.0,0.0,1.0,0.0,165
0.75,0.918781725888325,0.1875,-0.22768379202711048,0.27230046948356806,-0.01075268817204301,0.0,0.0,0.3333333333333333,-0.3333333333333333,1.0,0.0,1.0,0.0,0.0,1437
0.4166666666666667,-0.11167512690355327,-0.5,0.2058418822217645,0.29107981220657275,0.5376344086021505,0.0,0.0,0.6666666666666666,1.0,0.0,0.0,0.0,0.0,0.0,1462
0.16666666666666666,0.6954314720812182,-0.25,0.0,0.23943661971830985,2.720430107526882,0.0,0.0,0.5,-0.2,0.0,0.0,0.0,0.0,0.0,1097
-0.6666666666666666,-0.1421319796954315,0.40625,-0.6833781561418334,-0.26854460093896715,-0.01075268817204301,0.0,0.0,-0.3333333333333333,0.6666666666666666,0.0,1.0,0.0,0.0,0.0,140
-0.8333333333333334,-0.23857868020304565,0.75,-2.15665183283064,-0.8610328638497653,-0.01075268817204301,0.0,0.0,0.8333333333333334,-0.7333333333333333,0.0,0.0,0.0,0.0,0.0,206
0.8333333333333334,-0.6091370558375635,-0.28125,0.5713209318579696,-1.1906103286384977,-0.01075268817204301,0.0,0.0,-0.8333333333333334,0.26666666666666666,1.0,0.0,0.0,1.0,0.0,232
0.3333333333333333,0.30456852791878175,0.25,0.8420508501474621,-0.7821596244131456,2.10752688172043,0.0,0.0,-0.16666666666666666,-0.2,1.0,1.0,0.0,0.0,0.0,2379
-0.3333333333333333,0.05583756345177664,0.40625,0.9437305196070348,0.29107981220657275,1.3655913978494623,0.0,0.0,-0.16666666666666666,0.4666666666666667,0.0,1.0,0.0,0.0,0.0,2035
-0.3333333333333333,0.5329949238578681,0.84375,1.137688257706579,0.2676056338028169,0.49462365591397844,0.0,0.0,0.3333333333333333,0.3333333333333333,0.0,0.0,1.0,0.0,0.0,1530
-0.9166666666666666,0.7715736040609137,0.3125,0.682712243030312,0.29107981220657275,-0.01075268817204301,0.0,0.0,0.16666666666666666,0.6,0.0,0.0,1.0,0.0,0.0,726
0.4166666666666667,0.299492385786802,0.1875,0.682712243030312,-0.5549295774647888,1.7204301075268817,0.0,0.0,-0.16666666666666666,-0.2,1.0,1.0,0.0,0.0,0.0,2410
0.8333333333333334,0.416243654822335,1.25,-1.0429616152145371,-1.1737089201877935,-0.01075268817204301,0.5,0.0,0.5,-0.8666666666666667,0.0,0.0,0.0,0.0,0.0,379
0.08333333333333333,-1.0659898477157361,-0.90625,1.4948257357364156,0.20093896713615023,2.4623655913978495,0.0,0.0,-0.6666666666666666,-0.6666666666666666,0.0,0.0,0.0,1.0,0.0,165
0.3333333333333333,-0.12690355329949238,-0.71875,0.5138834935935143,0.29014084507042254,1.236559139784946,0.0,0.0,0.6666666666666666,0.9333333333333333,0.0,0.0,0.0,0.0,0.0,1110
0.6666666666666666,0.035532994923857836,-1.3125,0.682712243030312,0.29107981220657275,-0.01075268817204301,0.0,0.0,-0.3333333333333333,-0.26666666666666666,0.0,1.0,0.0,0.0,0.0,1319
-0.3333333333333333,0.19796954314720805,-0.03125,-0.5816560227957038,0.29107981220657275,0.5161290322580645,0.0,0.0,0.5,-0.4666666666666667,1.0,0.0,0.0,0.0,0.0,644
-0.9166666666666666,0.27918781725888325,0.65625,0.0707286024015658,0.29107981220657275,-0.01075268817204301,0.0,0.0,0.5,0.3333333333333333,0.0,0.0,0.0,0.0,0.0,674
0.3333333333333333,-0.30456852791878175,-0.625,-0.4861165064064858,-0.8234741784037559,0.5053763440860215,0.0,0.0,-0.8333333333333334,-0.06666666666666667,0.0,0.0,0.0,1.0,0.0,365
-0.75,-0.43147208121827413,-0.1875,-0.5816560227957038,-0.968075117370892,-0.01075268817204301,0.0,0.0,-0.5,0.5333333333333333,1.0,1.0,0.0,0.0,0.0,197
-0.3333333333333333,-0.751269035532995,-0.09375,-0.7926654504863353,-0.08732394366197183,0.05376344086021505,0.0,0.0,-0.6666666666666666,0.6,1.0,0.0,0.0,1.0,0.0,158
-0.4166666666666667,-0.39086294416243655,0.6875,-0.39575298507290857,-0.7774647887323943,-0.01075268817204301,0.0,0.0,0.8333333333333334,-0.8,1.0,0.0,0.0,0.0,0.0,259
-0.5833333333333334,0.6700507614213198,0.5625,-1.1921678124288753,0.1699530516431925,-0.01075268817204301,0.0,0.0,0.16666666666666666,0.8666666666666667,1.0,0.0,1.0,0.0,0.0,199
-0.5833333333333334,0.6954314720812182,0.90625,-0.5816560227957038,-0.9699530516431925,-0.01075268817204301,0.0,0.0,0.16666666666666666,0.7333333333333333,0.0,0.0,1.0,0.0,0.0,295
-0.25,0.9238578680203046,0.0625,-0.39575298507290857,0.015023474178403756,1.8064516129032255,0.0,0.0,0.16666666666666666,0.5333333333333333,0.0,0.0,1.0,0.0,0.0,926
0.0,0.06091370558375631,-0.59375,-0.39575298507290857,0.18215962441314554,2.7311827956989245,0.0,0.0,0.6666666666666666,-0.26666666666666666,0.0,0.0,0.0,0.0,0.0,1073
0.75,-0.29949238578680204,0.5625,-0.3098055405697065,0.29107981220657275,-0.01075268817204301,0.0,0.0,0.6666666666666666,0.8,1.0,0.0,0.0,0.0,0.0,670
0.6666666666666666,-0.21827411167512695,0.28125,-0.3098055405697065,-1.1051643192488263,-0.01075268817204301,0.0,0.0,-0.5,0.13333333333333333,1.0,1.0,0.0,0.0,0.0,146
0.16666666666666666,0.43147208121827413,1.21875,0.8420508501474621,-0.3408450704225352,0.4086021505376344,0.0,0.0,-0.16666666666666666,0.0,0.0,1.0,0.0,0.0,0.0,248
-0.8333333333333334,-0.29441624365482233,0.09375,-1.1921678124288753,0.28450704225352114,-0.01075268817204301,0.0,0.0,-0.3333333333333333,0.6,0.0,1.0,0.0,0.0,0.0,306
0.0,-0.6345177664974619,-0.5,1.0421797791354965,0.09765258215962441,2.258064516129032,0.0,0.0,-0.6666666666666666,-0.2,0.0,0.0,0.0,1.0,0.0,281
0.8333333333333334,0.6649746192893402,0.84375,0.13927936789351517,0.11737089201877934,-0.01075268817204301,1.5,0.0,0.3333333333333333,0.4666666666666667,0.0,0.0,1.0,0.0,0.0,215
-0.3333333333333333,0.2690355329949239,0.59375,-0.7926654504863353,-1.304225352112676,0.3763440860215053,0.0,0.0,-0.16666666666666666,-1.0,0.0,1.0,0.0,0.0,-1.0,1067
0.9166666666666666,-0.5786802030456853,-0.78125,0.0,0.2892018779342723,-0.01075268817204301,0.0,0.0,0.8333333333333334,0.4666666666666667,0.0,0.0,0.0,0.0,0.0,548
-1.0,-0.39086294416243655,0.5625,0.2705797236685667,-0.8469483568075117,-0.01075268817204301,0.0,0.0,1.0,0.4666666666666667,1.0,0.0,0.0,1.0,0.0,282
-0.5,0.25380710659898476,0.5,-0.3098055405697065,-0.6215962441314554,0.05376344086021505,0.0,0.0,0.0,-0.6666666666666666,0.0,0.0,1.0,0.0,-1.0,351
0.0,0.6395939086294418,0.3125,0.455183241303237,-0.8751173708920188,2.3010752688172045,0.0,0.0,0.0,0.8666666666666667,0.0,0.0,1.0,0.0,0.0,1168
-1.0,-0.8629441624365483,-0.28125,-0.4861165064064858,0.26009389671361505,-0.01075268817204301,0.0,0.0,1.0,-0.4666666666666667,1.0,0.0,0.0,1.0,0.0,267
-0.6666666666666666,-1.0659898477157361,-0.0625,-0.14891824053188613,0.27605633802816903,-0.01075268817204301,0.0,0.0,-0.8333333333333334,-0.8,0.0,0.0,0.0,1.0,0.0,38
0.8333333333333334,-0.48223350253807107,0.0,-1.1921678124288753,-1.1830985915492958,-0.01075268817204301,0.0,0.0,-0.8333333333333334,0.0,0.0,0.0,0.0,1.0,0.0,321
0.75,0.17766497461928935,0.875,-0.3098055405697065,-1.0262910798122065,-0.01075268817204301,0.5,0.0,-0.16666666666666666,0.4,0.0,1.0,0.0,0.0,-1.0,58
0.25,0.5685279187817259,-0.6875,-0.22768379202711048,0.29107981220657275,2.4408602150537635,0.0,0.0,0.5,0.6666666666666666,0.0,0.0,0.0,0.0,0.0,2170
0.8333333333333334,-1.0355329949238579,-0.5625,0.0707286024015658,0.29107981220657275,-0.01075268817204301,0.0,0.0,-0.8333333333333334,-0.26666666666666666,0.0,0.0,0.0,1.0,0.0,186
-0.08333333333333333,-0.24365482233502542,-0.5,0.682712243030312,0.20375586854460093,2.096774193548387,0.0,0.0,0.6666666666666666,1.0,0.0,0.0,0.0,0.0,0.0,818
0.3333333333333333,-0.9137055837563453,-0.96875,0.455183241303237,0.29107981220657275,0.5913978494623656,0.0,0.0,1.0,-0.2,0.0,0.0,0.0,1.0,0.0,278
0.16666666666666666,0.40609137055837563,1.25,-0.6833781561418334,-0.15774647887323945,0.30107526881720426,1.0,0.0,0.16666666666666666,-1.0,1.0,0.0,1.0,0.0,0.0,14
0.6666666666666666,-1.3197969543147208,-0.15625,0.8933144384752442,0.29107981220657275,-0.01075268817204301,0.0,0.9,-0.8333333333333334,0.4666666666666667,0.0,0.0,0.0,1.0,0.0,178
0.8333333333333334,-0.46700507614213194,1.0,0.2058418822217645,-1.3981220657276996,-0.01075268817204301,0.0,0.0,1.0,-0.8666666666666667,1.0,0.0,0.0,1.0,0.0,350
-0.6666666666666666,-0.04568527918781728,0.09375,-0.7926654504863353,-0.03943661971830986,-0.01075268817204301,0.0,0.0,0.6666666666666666,0.6666666666666666,0.0,0.0,0.0,0.0,0.0,185
0.4166666666666667,0.6142131979695432,-0.84375,0.5138834935935143,-0.9568075117370892,1.5698924731182795,0.0,0.0,-0.3333333333333333,0.26666666666666666,0.0,1.0,0.0,0.0,0.0,1543
-0.25,0.5736040609137056,0.5625,-0.3098055405697065,-0.25539906103286386,0.6666666666666666,0.0,0.0,0.0,0.8,0.0,0.0,1.0,0.0,0.0,1246
0.9166666666666666,-0.5126903553299492,0.375,-0.3098055405697065,-0.7464788732394366,-0.01075268817204301,0.0,0.0,-0.5,0.4,0.0,1.0,0.0,0.0,0.0,428
0.5,-0.32487309644670054,-0.53125,-0.7926654504863353,0.2863849765258216,0.0,0.0,0.0,0.8333333333333334,0.06666666666666667,1.0,0.0,0.0,0.0,0.0,877
0.6666666666666666,0.44670050761421326,-0.21875,0.7368002283746548,-0.1671361502347418,0.04301075268817204,0.0,0.0,-0.16666666666666666,0.6666666666666666,1.0,1.0,0.0,0.0,0.0,1909
0.25,0.5482233502538072,-0.15625,0.8933144384752442,-0.22816901408450704,2.7311827956989245,0.0,0.0,-0.16666666666666666,0.9333333333333333,0.0,1.0,0.0,0.0,0.0,1280
0.25,-0.7461928934010152,-0.8125,-0.5816560227957038,0.03943661971830986,0.49462365591397844,0.0,0.0,-0.8333333333333334,-0.8,0.0,0.0,0.0,1.0,0.0,281
0.6666666666666666,0.5025380710659898,-0.4375,-0.3098055405697065,0.29107981220657275,0.0,0.0,0.0,0.0,-0.8,0.0,0.0,1.0,0.0,0.0,2508
0.3333333333333333,-0.7969543147208121,0.59375,0.13927936789351517,-1.368075117370892,0.25806451612903225,0.0,0.0,-0.8333333333333334,0.9333333333333333,0.0,0.0,0.0,1.0,0.0,94
0.25,-0.1878172588832487,0.0,0.8933144384752442,0.29107981220657275,0.4516129032258064,0.0,0.0,-0.5,0.2,0.0,1.0,0.0,0.0,0.0,263
0.0,0.751269035532995,0.34375,0.2705797236685667,-0.1352112676056338,1.4408602150537635,0.0,0.0,0.16666666666666666,-0.2,0.0,0.0,1.0,0.0,0.0,1013
0.8333333333333334,-0.7360406091370558,-0.03125,1.6608858990800979,0.29107981220657275,-0.01075268817204301,0.0,0.0,1.0,-0.4,1.0,0.0,0.0,1.0,0.0,152
0.6666666666666666,-0.868020304568528,-0.59375,0.8933144384752442,0.29107981220657275,-0.01075268817204301,0.0,0.0,1.0,-0.8,0.0,0.0,0.0,1.0,0.0,398
-0.9166666666666666,0.06598984771573609,1.21875,0.13927936789351517,-1.3906103286384977,-0.01075268817204301,0.0,0.0,-0.3333333333333333,-0.8,0.0,1.0,0.0,0.0,0.0,113
0.5833333333333334,0.20812182741116758,1.125,-1.1921678124288753,-1.276056338028169,0.05376344086021505,1.5,0.0,-0.16666666666666666,0.4,0.0,1.0,0.0,0.0,-1.0,45
-0.6666666666666666,-0.0812182741116751,0.875,-0.6833781561418334,-1.2910798122065728,-0.01075268817204301,0.0,0.0,-0.16666666666666666,-0.3333333333333333,0.0,1.0,0.0,0.0,0.0,154
-0.5833333333333334,0.6395939086294418,0.8125,-1.1921678124288753,-0.06854460093896714,-0.01075268817204301,0.0,0.0,0.3333333333333333,-0.4,0.0,0.0,1.0,0.0,0.0,283
0.16666666666666666,1.0456852791878173,0.0,0.2058418822217645,-0.9605633802816902,1.204301075268817,0.0,0.0,0.16666666666666666,0.7333333333333333,0.0,0.0,1.0,0.0,0.0,507
-0.3333333333333333,0.40101522842639586,0.25,0.2705797236685667,-0.815962441314554,1.225806451612903,0.0,0.0,0.0,0.3333333333333333,0.0,0.0,1.0,0.0,0.0,2370
0.6666666666666666,0.5177664974619289,-0.25,1.0421797791354965,0.29107981220657275,-0.01075268817204301,0.0,0.0,0.5,-0.8,0.0,0.0,0.0,0.0,0.0,2259
-0.9166666666666666,0.2741116751269035,0.625,-0.6833781561418334,0.27887323943661974,-0.01075268817204301,0.0,0.0,0.0,-0.2,0.0,0.0,1.0,0.0,0.0,1088
-0.5,0.5634517766497463,0.78125,-1.3691539278131721,-0.5004694835680751,0.01075268817204301,0.0,0.0,0.16666666666666666,0.26666666666666666,0.0,0.0,1.0,0.0,0.0,672
0.4166666666666667,-1.1573604060913707,-0.4375,0.7898955205469734,0.19718309859154928,0.2903225806451613,0.0,0.0,-0.8333333333333334,-0.3333333333333333,0.0,0.0,0.0,1.0,0.0,219
-0.3333333333333333,0.42639593908629436,0.15625,-0.4861165064064858,-0.5812206572769953,1.096774193548387,0.0,0.0,0.0,-0.4666666666666667,1.0,0.0,1.0,0.0,0.0,963
-0.75,-0.7461928934010152,-0.375,-0.3098055405697065,0.29107981220657275,-0.01075268817204301,0.0,0.0,0.8333333333333334,0.4666666666666667,0.0,0.0,0.0,0.0,0.0,191
-0.9166666666666666,-0.583756345177665,0.5625,-0.39575298507290857,-0.9690140845070423,-0.01075268817204301,0.0,0.0,-0.5,-0.4,1.0,1.0,0.0,0.0,0.0,305
0.08333333333333333,1.1624365482233503,-0.5,-0.14891824053188613,-0.03286384976525822,3.064516129032258,0.0,0.0,0.16666666666666666,0.5333333333333333,0.0,0.0,1.0,0.0,0.0,688
-0.16666666666666666,0.24873096446700502,1.0625,-0.22768379202711048,-1.2169014084507042,0.25806451612903225,0.5,0.0,0.5,0.26666666666666666,0.0,0.0,0.0,0.0,0.0,87
-1.0,-0.09137055837563456,-0.125,-0.07312821817005527,-0.06572769953051644,-0.01075268817204301,0.0,0.0,-0.3333333333333333,0.8666666666666667,1.0,1.0,0.0,0.0,0.0,790
0.0,0.1472081218274111,-0.28125,0.3951330286481768,-0.9737089201877934,1.7956989247311825,0.0,0.0,0.8333333333333334,-0.7333333333333333,0.0,0.0,0.0,0.0,0.0,971
-1.0,0.1421319796954315,0.0625,-1.3691539278131721,-0.8769953051643192,-0.01075268817204301,0.0,0.0,-0.3333333333333333,0.3333333333333333,1.0,1.0,0.0,0.0,0.0,707
-0.5,-0.43147208121827413,0.40625,-0.6833781561418334,0.046009389671361506,-0.01075268817204301,0.0,0.0,-0.3333333333333333,0.0,0.0,1.0,0.0,0.0,0.0,405
-1.0,0.6192893401015228,0.8125,0.3336351996355,0.29107981220657275,-0.01075268817204301,0.5,0.0,0.3333333333333333,0.5333333333333333,0.0,0.0,1.0,0.0,0.0,238
0.6666666666666666,-0.751269035532995,-0.1875,0.5713209318579696,-0.19624413145539907,-0.01075268817204301,0.0,0.0,-0.6666666666666666,-0.9333333333333333,0.0,0.0,0.0,1.0,0.0,241
-0.16666666666666666,-0.38578680203045684,0.375,0.682712243030312,-1.2769953051643192,1.5268817204301073,0.0,0.0,-0.5,-0.3333333333333333,1.0,1.0,0.0,0.0,0.0,394
0.3333333333333333,0.583756345177665,0.53125,0.455183241303237,-1.044131455399061,0.5483870967741935,0.0,0.0,0.0,0.7333333333333333,0.0,0.0,1.0,0.0,0.0,1618
-0.08333333333333333,0.7868020304568528,0.25,0.3336351996355,-0.04507042253521127,2.3763440860215055,0.0,0.0,0.16666666666666666,-0.13333333333333333,1.0,0.0,1.0,0.0,0.0,945
-0.75,-0.9543147208121828,0.59375,-0.39575298507290857,-0.8666666666666667,-0.01075268817204301,0.3,0.5,1.0,0.13333333333333333,0.0,0.0,0.0,1.0,0.0,32
-0.4166666666666667,0.5025380710659898,1.15625,0.5713209318579696,0.07793427230046948,0.01075268817204301,2.0,0.0,0.3333333333333333,0.3333333333333333,0.0,0.0,1.0,0.0,0.0,608
0.8333333333333334,-0.06091370558375631,0.5,-0.4861165064064858,-0.27981220657276995,-0.01075268817204301,0.0,0.0,0.6666666666666666,0.4666666666666667,0.0,0.0,0.0,0.0,0.0,1257
-0.8333333333333334,-0.6142131979695431,1.09375,-0.6833781561418334,-1.4291079812206573,-0.01075268817204301,0.0,0.9,1.0,-0.6,0.0,0.0,0.0,1.0,0.0,149
-0.08333333333333333,0.5279187817258882,0.0625,0.3951330286481768,0.29107981220657275,1.1505376344086022,0.0,0.0,0.16666666666666666,-0.6666666666666666,0.0,0.0,1.0,0.0,0.0,1024
0.75,-0.005076142131979678,0.5,0.0,-1.2816901408450705,-0.01075268817204301,0.0,0.0,-0.5,0.7333333333333333,0.0,1.0,0.0,0.0,0.0,866
0.5833333333333334,0.4974619289340102,0.0625,0.682712243030312,-0.4469483568075117,0.2903225806451613,0.0,0.0,0.0,0.2,0.0,0.0,1.0,0.0,0.0,2809
0.3333333333333333,0.035532994923857836,-0.625,0.3336351996355,0.08732394366197183,0.9677419354838709,0.0,0.0,0.8333333333333334,-0.2,0.0,0.0,0.0,0.0,0.0,1188
0.6666666666666666,1.0355329949238579,0.03125,0.5713209318579696,-0.16056338028169015,0.03225806451612903,0.0,0.0,0.3333333333333333,-0.9333333333333333,0.0,0.0,1.0,0.0,0.0,1480
0.6666666666666666,0.5532994923857868,0.875,-0.6833781561418334,0.29107981220657275,0.0,0.0,0.0,0.3333333333333333,0.7333333333333333,0.0,0.0,1.0,0.0,0.0,1560
-0.16666666666666666,-0.3654822335025381,-0.5625,0.7898955205469734,0.29107981220657275,1.6559139784946235,0.0,0.0,-0.3333333333333333,-0.5333333333333333,1.0,1.0,0.0,0.0,0.0,494
-0.08333333333333333,0.46700507614213194,0.1875,-0.3098055405697065,-1.0187793427230047,1.4516129032258065,0.0,0.0,-0.16666666666666666,-1.0,0.0,1.0,0.0,0.0,-1.0,1117
0.16666666666666666,0.918781725888325,-1.0,0.5138834935935143,0.08450704225352113,3.4408602150537635,0.0,0.0,0.0,0.4,0.0,0.0,1.0,0.0,0.0,1087
-0.3333333333333333,-1.1624365482233503,-0.875,0.2705797236685667,0.26009389671361505,0.021505376344086016,0.0,0.0,-0.6666666666666666,-0.3333333333333333,1.0,0.0,0.0,1.0,0.0,81
0.9166666666666666,-0.12690355329949238,0.53125,-1.5998067240225886,0.11924882629107982,-0.01075268817204301,0.0,0.0,0.6666666666666666,0.5333333333333333,0.0,0.0,0.0,0.0,0.0,884
0.3333333333333333,1.0253807106598987,-0.4375,0.7368002283746548,0.18779342723004694,2.7311827956989245,0.0,0.0,0.16666666666666666,0.2,0.0,0.0,1.0,0.0,0.0,1017
0.4166666666666667,-0.0812182741116751,1.25,-0.6833781561418334,-1.3342723004694836,-0.01075268817204301,0.0,0.0,0.8333333333333334,-0.5333333333333333,0.0,0.0,0.0,0.0,0.0,30
0.25,0.49238578680203043,0.8125,0.0,-1.2591549295774649,0.8172043010752688,0.5,0.0,0.5,0.0,1.0,0.0,0.0,0.0,0.0,222
-0.25,0.5076142131979695,0.46875,-0.91150831659757,-0.19248826291079812,1.010752688172043,0.0,0.0,0.5,-0.6666666666666666,0.0,0.0,0.0,0.0,0.0,1186
-0.9166666666666666,0.3147208121827411,0.75,-0.7926654504863353,-1.1934272300469484,-0.01075268817204301,0.0,0.0,0.0,-0.4666666666666667,1.0,0.0,1.0,0.0,0.0,1029
-0.25,-1.1827411167512691,-0.75,0.3336351996355,0.28826291079812205,0.17204301075268816,0.0,0.0,1.0,0.7333333333333333,0.0,0.0,0.0,1.0,0.0,279
0.75,-0.3147208121827411,1.21875,0.0,-0.8835680751173709,-0.01075268817204301,1.0,0.0,-0.3333333333333333,-0.7333333333333333,0.0,1.0,0.0,0.0,0.0,99
0.5,-0.5989847715736041,0.21875,-0.14891824053188613,-0.5164319248826291,-0.01075268817204301,0.0,0.8,1.0,0.3333333333333333,0.0,0.0,0.0,1.0,0.0,531
-0.25,-0.15736040609137056,0.75,-0.07312821817005527,0.29107981220657275,0.3763440860215053,0.0,0.0,-0.3333333333333333,-0.8,0.0,1.0,0.0,0.0,0.0,378
0.25,0.2588832487309645,-0.3125,1.0421797791354965,-0.12206572769953052,2.2258064516129035,0.0,0.0,-0.5,-0.2,0.0,1.0,0.0,0.0,0.0,815
-0.16666666666666666,0.6548223350253807,-0.0625,-0.4861165064064858,-0.7408450704225352,1.236559139784946,0.0,0.0,0.0,0.6,0.0,0.0,1.0,0.0,0.0,878
0.08333333333333333,-0.9238578680203046,-1.21875,1.2305047302068106,0.29107981220657275,1.236559139784946,0.0,0.0,1.0,0.7333333333333333,0.0,0.0,0.0,1.0,0.0,258
-1.0,-0.6395939086294417,1.1875,0.2058418822217645,-1.5276995305164318,-0.01075268817204301,0.2,0.2,1.0,1.0,1.0,0.0,0.0,1.0,-1.0,43
0.3333333333333333,1.1573604060913705,-0.5,0.5713209318579696,0.2507042253521127,1.978494623655914,0.0,0.0,0.3333333333333333,-0.13333333333333333,0.0,0.0,1.0,0.0,0.0,920
-1.0,-1.16751269035533,-0.28125,-0.14891824053188613,0.28732394366197184,-0.01075268817204301,0.0,0.0,1.0,-0.2,0.0,0.0,0.0,1.0,0.0,168
0.08333333333333333,-0.5634517766497462,-1.09375,0.5138834935935143,0.21690140845070421,1.1720430107526882,0.0,0.0,-0.8333333333333334,-1.0,0.0,0.0,0.0,1.0,-1.0,248
0.5,0.27918781725888325,0.28125,-0.14891824053188613,-0.543661971830986,1.010752688172043,0.0,0.0,-0.16666666666666666,-0.2,1.0,1.0,0.0,0.0,0.0,2338
0.6666666666666666,0.3756345177664974,-0.71875,-0.07312821817005527,0.29107981220657275,0.021505376344086016,0.0,0.0,-0.16666666666666666,0.2,1.0,1.0,0.0,0.0,0.0,1872
0.4166666666666667,-0.46700507614213194,0.71875,0.682712243030312,-0.3126760563380282,0.23655913978494622,0.1,0.0,-0.3333333333333333,-0.5333333333333333,1.0,1.0,0.0,0.0,0.0,58
-0.6666666666666666,0.751269035532995,0.8125,0.13927936789351517,-0.8225352112676056,-0.01075268817204301,0.0,0.0,0.16666666666666666,0.8,1.0,0.0,1.0,0.0,0.0,340
-0.4166666666666667,0.1421319796954315,0.15625,0.3336351996355,0.29107981220657275,0.0,0.0,0.0,0.5,0.6666666666666666,0.0,0.0,0.0,0.0,0.0,335
0.8333333333333334,0.5025380710659898,0.5625,0.0707286024015658,0.29107981220657275,-0.01075268817204301,0.0,0.0,0.3333333333333333,0.6,1.0,0.0,1.0,0.0,0.0,1717
0.4166666666666667,-0.8223350253807107,-0.6875,0.2058418822217645,0.29107981220657275,0.18279569892473116,0.0,2.0,1.0,0.2,0.0,0.0,0.0,1.0,0.0,256
0.6666666666666666,-0.7918781725888325,-0.25,0.13927936789351517,0.29107981220657275,-0.01075268817204301,0.0,0.0,1.0,0.6,0.0,0.0,0.0,1.0,-1.0,181
0.75,0.04568527918781728,-0.65625,-0.39575298507290857,0.29107981220657275,-0.01075268817204301,0.0,0.0,0.6666666666666666,-0.6,1.0,0.0,0.0,0.0,0.0,1385
-0.5,0.17258883248730958,0.15625,-1.0429616152145371,0.07323943661971831,0.05376344086021505,0.0,0.0,0.0,-0.8666666666666667,1.0,0.0,1.0,0.0,0.0,228
0.4166666666666667,0.7563451776649746,-0.4375,1.0421797791354965,0.023474178403755867,2.1827956989247315,0.0,0.0,0.0,0.3333333333333333,0.0,0.0,1.0,0.0,0.0,2176
0.0,-0.6243654822335026,0.03125,-0.5816560227957038,-1.0704225352112675,0.7849462365591398,0.0,0.0,-0.8333333333333334,-0.13333333333333333,1.0,0.0,0.0,1.0,0.0,226
0.8333333333333334,-0.6345177664974619,0.375,-0.6833781561418334,-1.0938967136150235,-0.01075268817204301,0.0,0.0,-0.6666666666666666,0.2,0.0,0.0,0.0,1.0,0.0,357
0.25,-0.7918781725888325,-1.15625,0.5138834935935143,0.2544600938967136,2.0,0.0,0.0,-0.6666666666666666,-0.6,0.0,0.0,0.0,1.0,0.0,221
0.16666666666666666,-0.46700507614213194,-0.3125,0.5138834935935143,-0.692018779342723,1.021505376344086,0.0,1.6,1.0,0.3333333333333333,0.0,0.0,0.0,1.0,0.0,255
-0.08333333333333333,0.030456852791878156,0.15625,0.0707286024015658,0.29107981220657275,1.1505376344086022,0.0,0.0,-0.3333333333333333,0.5333333333333333,0.0,1.0,0.0,0.0,0.0,710
0.9166666666666666,0.44670050761421326,0.8125,0.682712243030312,-1.1267605633802817,-0.01075268817204301,0.0,0.0,0.0,0.7333333333333333,0.0,0.0,1.0,0.0,0.0,980
-0.6666666666666666,-0.19289340101522848,0.59375,-2.15665183283064,-0.3586854460093897,-0.01075268817204301,0.0,0.0,0.6666666666666666,0.06666666666666667,0.0,0.0,0.0,0.0,0.0,157
0.0,-0.21319796954314718,-0.625,0.5138834935935143,-0.704225352112676,2.913978494623656,0.0,0.0,-0.5,0.4666666666666667,0.0,1.0,0.0,0.0,0.0,690
0.0,0.7055837563451777,0.71875,0.7368002283746548,-0.5699530516431925,1.032258064516129,0.0,0.0,0.16666666666666666,-0.26666666666666666,0.0,0.0,1.0,0.0,0.0,991
0.6666666666666666,-0.5329949238578681,0.125,0.2705797236685667,-0.7962441314553991,-0.01075268817204301,0.0,0.0,-0.6666666666666666,-0.4666666666666667,0.0,0.0,0.0,1.0,0.0,308
0.4166666666666667,0.5380710659898478,-0.5,0.5713209318579696,0.29107981220657275,1.247311827956989,0.0,0.0,0.5,0.4666666666666667,1.0,0.0,0.0,0.0,-1.0,1591
-0.3333333333333333,0.23857868020304565,0.90625,-2.15665183283064,-0.7812206572769953,0.5053763440860215,0.0,0.0,0.5,0.4,1.0,0.0,0.0,0.0,0.0,654
-0.08333333333333333,-0.13197969543147206,1.1875,0.5713209318579696,-1.099530516431925,0.11827956989247311,0.0,0.0,0.8333333333333334,-0.5333333333333333,0.0,0.0,0.0,0.0,0.0,25
-0.6666666666666666,0.3197969543147209,0.09375,0.2705797236685667,-0.3061032863849765,-0.01075268817204301,0.0,0.0,-0.16666666666666666,0.8666666666666667,0.0,1.0,0.0,0.0,0.0,204
0.16666666666666666,0.48223350253807107,-0.46875,1.0902852095090052,-0.352112676056338,2.2473118279569895,0.0,0.0,-0.3333333333333333,-0.9333333333333333,0.0,1.0,0.0,0.0,0.0,920
0.6666666666666666,0.3959390862944163,-0.34375,-1.5998067240225886,0.29107981220657275,-0.01075268817204301,0.0,0.0,0.5,0.8666666666666667,1.0,0.0,0.0,0.0,0.0,1835
-0.5833333333333334,0.3096446700507615,0.21875,-1.1921678124288753,-0.19436619718309858,-0.01075268817204301,0.0,0.0,-0.16666666666666666,0.8666666666666667,0.0,1.0,0.0,0.0,0.0,252
0.8333333333333334,-0.1878172588832487,1.03125,1.2305047302068106,-1.123943661971831,-0.01075268817204301,0.0,0.0,-0.5,-0.06666666666666667,0.0,1.0,0.0,0.0,0.0,506
-0.08333333333333333,-0.4416243654822335,-0.5,-0.5816560227957038,-0.8431924882629108,0.5591397849462365,0.0,0.0,-0.6666666666666666,0.7333333333333333,0.0,0.0,0.0,1.0,0.0,342
0.08333333333333333,0.6192893401015228,-0.34375,-0.5816560227957038,0.29107981220657275,3.4086021505376345,0.0,0.0,0.0,-0.26666666666666666,0.0,0.0,1.0,0.0,0.0,1215
0.16666666666666666,-0.6802030456852792,-0.9375,1.5787787158685695,0.29107981220657275,1.1612903225806452,0.0,0.0,1.0,-0.8,0.0,0.0,0.0,1.0,0.0,338
0.4166666666666667,0.36548223350253806,-0.84375,1.0421797791354965,-0.19530516431924883,1.5806451612903225,0.0,0.0,-0.3333333333333333,0.6666666666666666,0.0,1.0,0.0,0.0,0.0,1796
-0.6666666666666666,-0.5532994923857868,0.125,0.13927936789351517,0.2892018779342723,-0.01075268817204301,0.0,0.0,-0.5,-0.6,0.0,1.0,0.0,0.0,0.0,49
0.08333333333333333,-0.18274111675126903,-0.875,0.9933397872392326,-0.046009389671361506,3.1182795698924735,0.0,0.0,-0.5,0.4,0.0,1.0,0.0,0.0,0.0,648
0.08333333333333333,0.9898477157360407,-0.03125,1.137688257706579,0.1568075117370892,2.870967741935484,0.0,0.0,0.3333333333333333,-0.7333333333333333,1.0,0.0,1.0,0.0,0.0,600
0.5,1.0913705583756346,-0.46875,0.8420508501474621,0.24694835680751173,1.3440860215053763,0.0,0.0,0.16666666666666666,0.3333333333333333,1.0,0.0,1.0,0.0,0.0,1202
0.5,0.22335025380710655,-0.875,0.7898955205469734,0.29107981220657275,0.16129032258064516,0.0,0.0,0.6666666666666666,-0.6,1.0,0.0,0.0,0.0,0.0,2069
-0.8333333333333334,-0.35025380710659904,0.90625,-0.7926654504863353,-1.196244131455399,-0.01075268817204301,0.0,0.0,-0.5,0.2,0.0,1.0,0.0,0.0,0.0,28
0.25,0.5279187817258882,-0.625,0.682712243030312,0.18685446009389672,1.946236559139785,0.0,0.0,-0.16666666666666666,0.7333333333333333,1.0,1.0,0.0,0.0,0.0,2019
-0.16666666666666666,-0.46700507614213194,-0.8125,1.7412639288257201,-0.027230046948356807,1.8924731182795698,0.0,0.0,-0.3333333333333333,-0.6,1.0,1.0,0.0,0.0,0.0,453
0.75,-1.0609137055837563,-0.75,-0.07312821817005527,0.29107981220657275,-0.01075268817204301,0.0,0.0,-0.8333333333333334,-0.26666666666666666,0.0,0.0,0.0,1.0,0.0,184
0.3333333333333333,-0.416243654822335,-0.625,0.8420508501474621,0.29107981220657275,0.3763440860215053,0.0,0.0,1.0,-0.6666666666666666,0.0,0.0,0.0,1.0,0.0,496
0.6666666666666666,0.0406091370558376,0.1875,0.682712243030312,-0.707981220657277,-0.01075268817204301,0.0,0.0,-0.5,0.9333333333333333,0.0,1.0,0.0,0.0,0.0,1045
-0.4166666666666667,0.4365482233502539,0.53125,-1.1921678124288753,-0.8075117370892019,0.3870967741935484,0.0,0.0,0.0,0.6,0.0,0.0,1.0,0.0,0.0,1620
0.9166666666666666,0.1421319796954315,1.21875,-0.3098055405697065,-1.4009389671361503,-0.01075268817204301,2.5,0.0,-0.16666666666666666,0.4,0.0,1.0,0.0,0.0,-1.0,18
-0.3333333333333333,-0.39593908629441626,0.0,0.6275737112096174,-1.1568075117370893,0.03225806451612903,0.0,0.0,-0.6666666666666666,0.8,0.0,0.0,0.0,1.0,0.0,816
0.5833333333333334,0.5279187817258882,-0.1875,0.5138834935935143,0.29107981220657275,0.11827956989247311,0.0,0.0,0.0,-0.8,0.0,0.0,1.0,0.0,0.0,2788
0.8333333333333334,0.48730964467005083,0.6875,-0.7926654504863353,0.18873239436619718,-0.01075268817204301,0.0,0.0,0.5,-0.06666666666666667,1.0,0.0,0.0,0.0,0.0,1566
0.08333333333333333,0.969543147208122,-0.3125,0.7368002283746548,-0.046009389671361506,3.6021505376344085,0.0,0.0,0.16666666666666666,0.2,0.0,0.0,1.0,0.0,0.0,798
-0.9166666666666666,-0.17258883248730966,0.8125,0.0707286024015658,0.29107981220657275,-0.01075268817204301,0.0,0.0,-0.3333333333333333,0.5333333333333333,0.0,1.0,0.0,0.0,0.0,157
-1.0,-0.7157360406091371,0.09375,-0.7926654504863353,-0.24131455399061033,-0.01075268817204301,0.0,0.0,-0.8333333333333334,0.26666666666666666,1.0,0.0,0.0,1.0,0.0,228
-0.25,-0.6598984771573604,1.15625,-0.7926654504863353,-1.4,0.3870967741935484,0.0,3.7,-0.6666666666666666,0.4666666666666667,0.0,0.0,0.0,1.0,0.0,214
0.75,-1.0203045685279188,-0.5625,0.9933397872392326,0.29107981220657275,-0.01075268817204301,0.0,0.0,1.0,0.6666666666666666,0.0,0.0,0.0,1.0,0.0,220
0.25,0.09644670050761424,0.46875,-0.3098055405697065,-1.015962441314554,0.6021505376344085,0.0,0.0,0.8333333333333334,-0.6,0.0,0.0,0.0,0.0,0.0,848
-0.6666666666666666,-0.36040609137055835,0.28125,-0.91150831659757,0.29107981220657275,-0.01075268817204301,0.0,0.0,-0.3333333333333333,0.6,0.0,1.0,0.0,0.0,0.0,117
0.16666666666666666,-0.5177664974619289,1.03125,0.6275737112096174,-1.060093896713615,0.1935483870967742,0.0,0.0,1.0,0.5333333333333333,1.0,0.0,0.0,1.0,-1.0,28
-0.8333333333333334,0.2944162436548224,-0.09375,-0.07312821817005527,0.29107981220657275,-0.01075268817204301,0.0,0.0,0.16666666666666666,-0.5333333333333333,1.0,0.0,1.0,0.0,0.0,648
0.08333333333333333,-0.5736040609137056,-1.21875,1.0902852095090052,0.23661971830985915,2.4623655913978495,0.0,0.0,-0.6666666666666666,-0.06666666666666667,0.0,0.0,0.0,1.0,-1.0,240
0.16666666666666666,-1.2131979695431472,-1.0,0.5138834935935143,0.27323943661971833,1.2903225806451613,0.0,0.5,-0.8333333333333334,0.6,0.0,0.0,0.0,1.0,0.0,160
0.8333333333333334,0.46700507614213194,-0.40625,0.0,0.29107981220657275,-0.01075268817204301,0.0,0.0,0.0,-1.0,0.0,0.0,1.0,0.0,0.0,1991
0.6666666666666666,-0.4263959390862945,-0.4375,-0.6833781561418334,0.22347417840375586,-0.01075268817204301,0.0,0.0,0.8333333333333334,0.3333333333333333,0.0,0.0,0.0,0.0,0.0,936
-0.08333333333333333,-0.4517766497461929,-0.625,0.0707286024015658,-0.35774647887323946,2.086021505376344,0.0,0.0,-0.6666666666666666,0.6666666666666666,0.0,0.0,0.0,1.0,0.0,356
-0.08333333333333333,0.5736040609137056,-0.40625,0.3951330286481768,0.24882629107981222,2.7311827956989245,0.0,0.0,0.5,-0.26666666666666666,0.0,0.0,0.0,0.0,0.0,1017
0.0,0.8781725888324874,0.0,0.5138834935935143,-0.704225352112676,2.698924731182796,0.0,0.0,0.16666666666666666,0.06666666666666667,0.0,0.0,1.0,0.0,0.0,803
-1.0,0.9441624365482234,0.3125,-0.3098055405697065,-0.5755868544600939,-0.01075268817204301,0.0,0.0,0.3333333333333333,-0.8666666666666667,0.0,0.0,1.0,0.0,0.0,763
-0.3333333333333333,0.7614213197969544,0.59375,-0.4861165064064858,-0.9061032863849765,0.6236559139784945,0.0,0.0,0.16666666666666666,0.7333333333333333,0.0,0.0,1.0,0.0,0.0,1763
-0.3333333333333333,-0.852791878172589,-0.5625,-0.4861165064064858,-0.38591549295774646,0.01075268817204301,0.0,0.0,-0.6666666666666666,-0.4666666666666667,0.0,0.0,0.0,1.0,0.0,589
-0.5,0.1421319796954315,0.28125,-0.6833781561418334,0.29107981220657275,0.04301075268817204,0.0,0.0,0.0,0.0,1.0,0.0,1.0,0.0,0.0,381
-0.9166666666666666,-0.852791878172589,-0.5,-0.6833781561418334,0.29107981220657275,-0.01075268817204301,0.0,0.0,-0.8333333333333334,-1.0,0.0,0.0,0.0,1.0,-1.0,230
-0.8333333333333334,0.7614213197969544,0.6875,-0.22768379202711048,-0.1352112676056338,-0.01075268817204301,0.0,0.0,0.3333333333333333,-0.4666666666666667,0.0,0.0,1.0,0.0,0.0,466
-0.8333333333333334,-0.4720812182741117,0.96875,-0.4861165064064858,-1.0676056338028168,-0.01075268817204301,0.0,0.0,-0.5,-0.5333333333333333,0.0,1.0,0.0,0.0,0.0,19
-0.08333333333333333,0.21319796954314718,-0.40625,0.0,-0.6995305164319249,2.6881720430107525,0.0,0.0,-0.3333333333333333,0.7333333333333333,0.0,1.0,0.0,0.0,0.0,986
-0.75,-0.9746192893401016,-0.21875,0.13927936789351517,-0.12300469483568074,-0.01075268817204301,0.0,0.0,-0.5,-0.9333333333333333,0.0,1.0,0.0,0.0,0.0,49
-0.75,-0.9035532994923858,-0.3125,-0.7926654504863353,0.28356807511737087,-0.01075268817204301,0.0,0.0,1.0,-0.4666666666666667,1.0,0.0,0.0,1.0,0.0,169
-1.0,-0.5482233502538072,0.5,-0.39575298507290857,-1.3145539906103287,-0.01075268817204301,0.0,0.0,-0.8333333333333334,0.13333333333333333,0.0,0.0,0.0,1.0,0.0,215
-0.08333333333333333,0.2639593908629441,-0.84375,0.2705797236685667,0.29107981220657275,1.7741935483870965,0.0,0.0,-0.16666666666666666,0.26666666666666666,1.0,1.0,0.0,0.0,0.0,1013
-0.75,0.802030456852792,0.0,0.0707286024015658,0.29107981220657275,-0.01075268817204301,0.0,0.0,0.16666666666666666,1.0,0.0,0.0,1.0,0.0,0.0,334
-0.16666666666666666,-0.969543147208122,-0.59375,0.8420508501474621,0.05821596244131456,0.5806451612903226,0.0,0.0,-0.8333333333333334,-0.8666666666666667,0.0,0.0,0.0,1.0,0.0,213
0.5,-0.005076142131979678,-0.25,0.5713209318579696,0.27417840375586855,0.6344086021505375,0.0,0.0,-0.16666666666666666,-0.8666666666666667,0.0,1.0,0.0,0.0,0.0,2310
-0.3333333333333333,0.6395939086294418,0.53125,-0.6833781561418334,-0.40938967136150234,0.9247311827956989,0.0,0.0,0.16666666666666666,-0.13333333333333333,1.0,0.0,1.0,0.0,0.0,787
0.8333333333333334,-0.5431472081218274,0.53125,0.3951330286481768,-1.1464788732394366,-0.01075268817204301,0.0,0.0,-0.5,-0.5333333333333333,0.0,1.0,0.0,0.0,0.0,498
0.16666666666666666,0.5279187817258882,-0.3125,-0.39575298507290857,0.29107981220657275,1.032258064516129,0.0,0.0,0.0,-0.3333333333333333,0.0,0.0,1.0,0.0,0.0,1075
-0.75,0.0,-0.5,-0.39575298507290857,0.29107981220657275,-0.01075268817204301,0.0,0.0,-0.16666666666666666,0.26666666666666666,1.0,1.0,0.0,0.0,0.0,347
-0.6666666666666666,-0.27918781725888325,0.75,-1.0429616152145371,-0.9615023474178404,-0.01075268817204301,0.0,0.0,0.8333333333333334,-0.7333333333333333,0.0,0.0,0.0,0.0,0.0,107
0.16666666666666666,0.9898477157360407,-0.03125,0.6275737112096174,-0.7615023474178404,1.4193548387096775,0.0,0.0,0.16666666666666666,0.6666666666666666,0.0,0.0,1.0,0.0,0.0,706
-0.6666666666666666,-0.7411167512690355,-0.4375,-0.6833781561418334,-0.12394366197183099,-0.01075268817204301,0.0,0.0,-0.6666666666666666,0.6,1.0,0.0,0.0,1.0,0.0,52
-0.75,-0.0812182741116751,0.4375,-0.6833781561418334,-0.7859154929577464,-0.01075268817204301,0.0,0.0,-0.3333333333333333,-1.0,1.0,1.0,0.0,0.0,0.0,221
0.75,-0.04568527918781728,0.09375,-0.91150831659757,0.29107981220657275,-0.01075268817204301,0.0,0.0,0.6666666666666666,0.13333333333333333,0.0,0.0,0.0,0.0,0.0,1466
0.9166666666666666,0.3908629441624365,-0.03125,0.6275737112096174,0.29107981220657275,-0.01075268817204301,0.0,0.0,0.5,-0.4666666666666667,1.0,0.0,0.0,0.0,0.0,941
0.6666666666666666,-0.9847715736040609,-0.71875,-0.4861165064064858,0.29107981220657275,-0.01075268817204301,0.0,0.0,1.0,0.7333333333333333,0.0,0.0,0.0,1.0,0.0,262
-0.16666666666666666,-0.20304568527918782,-0.34375,1.2305047302068106,0.1699530516431925,1.5913978494623655,0.0,0.0,0.6666666666666666,0.7333333333333333,1.0,0.0,0.0,0.0,0.0,898
0.9166666666666666,0.5532994923857868,-0.09375,0.0707286024015658,0.29107981220657275,-0.01075268817204301,0.0,0.0,0.5,-1.0,1.0,0.0,0.0,0.0,0.0,1523
-1.0,0.12690355329949238,0.4375,-0.91150831659757,-0.3671361502347418,-0.01075268817204301,0.0,0.0,-0.16666666666666666,0.4,0.0,1.0,0.0,0.0,-1.0,957
0.4166666666666667,0.6802030456852791,-0.25,0.5138834935935143,-0.4507042253521127,1.8387096774193548,0.0,0.0,0.0,-0.5333333333333333,0.0,0.0,1.0,0.0,0.0,2314
-0.8333333333333334,0.7411167512690356,0.65625,-0.4861165064064858,-0.46854460093896716,-0.01075268817204301,0.0,0.0,0.3333333333333333,-0.2,0.0,0.0,1.0,0.0,0.0,212
0.6666666666666666,0.38578680203045695,0.96875,0.13927936789351517,-1.207511737089202,-0.01075268817204301,0.0,0.0,0.5,0.0,1.0,0.0,0.0,0.0,0.0,1073
-1.0,-0.8274111675126904,0.625,-2.15665183283064,-1.276056338028169,-0.01075268817204301,0.1,0.1,1.0,-0.6666666666666666,0.0,0.0,0.0,1.0,0.0,145
-0.9166666666666666,-0.9644670050761421,0.09375,-0.14891824053188613,0.28544600938967135,-0.01075268817204301,0.0,0.0,-0.6666666666666666,-0.2,0.0,0.0,0.0,1.0,0.0,146
-0.5833333333333334,-0.0812182741116751,1.25,1.0902852095090052,-1.300469483568075,-0.01075268817204301,3.0,0.0,-0.3333333333333333,-0.8,0.0,1.0,0.0,0.0,0.0,19
-0.6666666666666666,0.2284263959390863,1.125,0.0707286024015658,-0.9981220657276996,-0.01075268817204301,10.5,0.0,0.0,-0.06666666666666667,0.0,0.0,1.0,0.0,0.0,72
-0.8333333333333334,-0.5736040609137056,-0.25,0.2705797236685667,0.29107981220657275,-0.01075268817204301,0.0,0.0,-0.3333333333333333,-0.5333333333333333,1.0,1.0,0.0,0.0,0.0,191
0.75,0.299492385786802,-0.0625,-0.5816560227957038,0.29107981220657275,-0.01075268817204301,0.0,0.0,0.5,0.4,1.0,0.0,0.0,0.0,0.0,1502
-0.08333333333333333,0.5228426395939086,-0.3125,0.3951330286481768,0.29107981220657275,2.7741935483870965,0.0,0.0,0.16666666666666666,-0.5333333333333333,1.0,0.0,1.0,0.0,0.0,1053
-0.5833333333333334,-0.17766497461928935,0.5,-0.91150831659757,-1.0300469483568075,-0.01075268817204301,0.0,0.0,0.6666666666666666,0.4666666666666667,0.0,0.0,0.0,0.0,0.0,193
-0.08333333333333333,-0.2639593908629441,0.375,1.4088965798741255,-0.444131455399061,1.9354838709677418,0.0,0.0,-0.3333333333333333,-0.6666666666666666,0.0,1.0,0.0,0.0,0.0,598
0.16666666666666666,0.8883248730964467,-0.03125,0.0,0.29107981220657275,1.5698924731182795,0.0,0.0,0.16666666666666666,-0.8666666666666667,0.0,0.0,1.0,0.0,0.0,1001
0.9166666666666666,-0.416243654822335,-0.125,0.0,-1.0403755868544602,-0.01075268817204301,0.0,0.0,-0.6666666666666666,0.7333333333333333,0.0,0.0,0.0,1.0,0.0,310
0.4166666666666667,1.0253807106598987,-0.28125,0.5138834935935143,0.29107981220657275,0.4301075268817204,0.0,0.0,0.3333333333333333,-0.26666666666666666,1.0,0.0,1.0,0.0,0.0,1156
0.5,0.05583756345177664,-0.46875,-0.07312821817005527,-0.2460093896713615,0.01075268817204301,0.0,0.0,0.8333333333333334,-0.9333333333333333,0.0,0.0,0.0,0.0,0.0,2314
0.08333333333333333,-0.09644670050761424,-1.15625,-0.14891824053188613,0.12300469483568074,2.0,0.0,0.0,0.8333333333333334,0.26666666666666666,0.0,0.0,0.0,0.0,0.0,798
0.16666666666666666,-0.40609137055837563,-0.71875,-0.39575298507290857,0.2591549295774648,1.021505376344086,0.0,0.0,1.0,-0.6666666666666666,0.0,0.0,0.0,1.0,0.0,416
-0.75,-0.22335025380710663,0.09375,0.7898955205469734,0.29107981220657275,-0.01075268817204301,0.0,0.0,0.6666666666666666,0.7333333333333333,1.0,0.0,0.0,0.0,0.0,346
-0.16666666666666666,0.42639593908629436,0.15625,0.13927936789351517,-0.024413145539906103,1.4516129032258065,0.0,0.0,0.0,-0.5333333333333333,0.0,0.0,1.0,0.0,0.0,1002
0.25,0.8629441624365483,-0.71875,0.7898955205469734,-0.09389671361502347,3.0752688172043015,0.0,0.0,0.0,0.13333333333333333,0.0,0.0,1.0,0.0,0.0,1177
-0.3333333333333333,0.42639593908629436,0.03125,-0.22768379202711048,-0.8629107981220657,1.3763440860215053,0.0,0.0,0.0,0.4,0.0,0.0,1.0,0.0,0.0,2283
0.3333333333333333,0.25380710659898476,-1.03125,0.8933144384752442,0.07793427230046948,2.4301075268817205,0.0,0.0,-0.3333333333333333,0.0,0.0,1.0,0.0,0.0,0.0,1452
-0.75,-0.5583756345177665,0.625,0.5138834935935143,-0.6553990610328638,-0.01075268817204301,0.0,0.0,0.8333333333333334,0.06666666666666667,1.0,0.0,0.0,0.0,0.0,288
-0.16666666666666666,-0.6142131979695431,0.75,0.3951330286481768,-1.3474178403755868,0.2150537634408602,0.0,0.0,-0.8333333333333334,0.13333333333333333,0.0,0.0,0.0,1.0,0.0,188
0.25,-0.015228426395939123,-1.0625,0.7898955205469734,0.005633802816901409,2.698924731182796,0.0,0.0,-0.5,0.06666666666666667,1.0,1.0,0.0,0.0,0.0,1514
0.08333333333333333,0.1472081218274111,1.15625,-0.4861165064064858,0.24131455399061033,0.8279569892473118,0.0,0.0,-0.16666666666666666,-0.6666666666666666,1.0,1.0,0.0,0.0,0.0,211
0.16666666666666666,-0.29949238578680204,0.59375,-0.22768379202711048,-1.1906103286384977,0.7311827956989246,0.0,0.0,1.0,-0.8666666666666667,1.0,0.0,0.0,1.0,0.0,563
-0.9166666666666666,0.5380710659898478,0.3125,-0.91150831659757,-0.9427230046948357,-0.01075268817204301,0.0,0.0,-0.16666666666666666,0.0,0.0,1.0,0.0,0.0,0.0,502
-0.9166666666666666,0.24365482233502542,0.8125,-0.3098055405697065,-1.1633802816901408,-0.01075268817204301,0.0,0.0,-0.16666666666666666,-1.0,0.0,1.0,0.0,0.0,-1.0,705
0.4166666666666667,0.7461928934010152,0.8125,-0.14891824053188613,-0.5549295774647888,0.10752688172043011,0.0,0.0,0.16666666666666666,0.8,1.0,0.0,1.0,0.0,0.0,863
-0.5833333333333334,-0.2081218274111675,0.25,-0.5816560227957038,-0.02910798122065728,-0.01075268817204301,0.0,0.0,0.6666666666666666,0.4,0.0,0.0,0.0,0.0,0.0,202
0.5,0.7360406091370558,-0.34375,0.5138834935935143,0.13427230046948357,1.3118279569892473,0.0,0.0,0.0,0.0,1.0,0.0,1.0,0.0,0.0,2451
-0.16666666666666666,-1.1725888324873097,-0.5625,-0.6833781561418334,-0.10328638497652583,1.129032258064516,0.0,0.0,-0.6666666666666666,-0.6,0.0,0.0,0.0,1.0,0.0,155
-1.0,0.3451776649746193,0.03125,-0.07312821817005527,0.29107981220657275,-0.01075268817204301,0.0,0.0,0.0,-0.3333333333333333,0.0,0.0,1.0,0.0,0.0,918
-0.5,-0.3197969543147208,0.8125,-0.5816560227957038,-0.9896713615023475,-0.01075268817204301,0.0,0.0,0.8333333333333334,-0.7333333333333333,0.0,0.0,0.0,0.0,0.0,448
0.5833333333333334,0.030456852791878156,0.625,0.3336351996355,-0.4225352112676056,0.03225806451612903,0.0,0.0,-0.5,-0.2,0.0,1.0,0.0,0.0,0.0,1224
-0.4166666666666667,-0.6395939086294417,0.3125,-0.7926654504863353,-0.9690140845070423,-0.01075268817204301,0.0,0.0,1.0,0.8666666666666667,0.0,0.0,0.0,1.0,0.0,289
-0.5833333333333334,0.3451776649746193,0.9375,-0.39575298507290857,-1.3511737089201878,-0.01075268817204301,0.0,0.0,0.0,0.5333333333333333,1.0,0.0,1.0,0.0,0.0,235
0.75,-0.766497461928934,-0.6875,-0.39575298507290857,0.29107981220657275,-0.01075268817204301,0.0,0.0,1.0,1.0,1.0,0.0,0.0,1.0,-1.0,179
-0.08333333333333333,-0.4974619289340102,0.0625,0.2058418822217645,-0.6685446009389672,0.5376344086021505,0.0,0.0,-0.8333333333333334,0.26666666666666666,1.0,0.0,0.0,1.0,0.0,285
-0.16666666666666666,-0.6802030456852792,-0.125,1.8972417506003412,-0.6272300469483568,1.1935483870967742,0.0,0.0,-0.5,-1.0,0.0,1.0,0.0,0.0,-1.0,191
0.9166666666666666,-0.16751269035532998,0.21875,1.3208447570935795,0.29107981220657275,-0.01075268817204301,0.0,0.0,0.6666666666666666,0.6666666666666666,0.0,0.0,0.0,0.0,0.0,603
0.4166666666666667,0.0203045685279188,1.15625,0.682712243030312,-1.3023474178403756,0.2150537634408602,0.0,0.0,-0.16666666666666666,-0.9333333333333333,0.0,1.0,0.0,0.0,0.0,813
0.25,-0.07614213197969544,-0.6875,0.8933144384752442,0.20469483568075117,1.8387096774193548,0.0,0.0,0.6666666666666666,1.0,0.0,0.0,0.0,0.0,0.0,994
-0.4166666666666667,0.8629441624365483,-0.125,-0.3098055405697065,0.29107981220657275,0.2258064516129032,0.0,0.0,0.3333333333333333,-0.9333333333333333,0.0,0.0,1.0,0.0,0.0,1006
0.6666666666666666,0.025380710659898477,-0.375,0.0707286024015658,0.036619718309859155,-0.01075268817204301,0.0,0.0,-0.5,1.0,1.0,1.0,0.0,0.0,0.0,972
0.5,0.17766497461928935,-0.90625,0.9437305196070348,0.29107981220657275,0.9354838709677419,0.0,0.0,-0.3333333333333333,0.0,0.0,1.0,0.0,0.0,0.0,2692
0.25,-0.5380710659898477,1.03125,0.3336351996355,-1.2300469483568075,0.07526881720430108,3.5,0.0,1.0,0.5333333333333333,1.0,0.0,0.0,1.0,-1.0,38
-0.9166666666666666,-0.8426395939086295,-0.65625,1.137688257706579,0.29107981220657275,-0.01075268817204301,0.0,0.0,-0.6666666666666666,0.06666666666666667,1.0,0.0,0.0,1.0,-1.0,71
-1.0,-1.015228426395939,-0.5,0.13927936789351517,0.29107981220657275,-0.01075268817204301,0.0,0.0,1.0,0.8,0.0,0.0,0.0,1.0,0.0,164
-0.6666666666666666,-0.3654822335025381,1.03125,-0.39575298507290857,-1.3615023474178405,-0.01075268817204301,0.0,0.0,-0.5,0.2,0.0,1.0,0.0,0.0,0.0,9
0.08333333333333333,-0.5431472081218274,-0.8125,1.365145862684823,-0.6788732394366197,1.5161290322580643,0.0,0.0,-0.6666666666666666,-0.4,1.0,0.0,0.0,1.0,0.0,296
-0.16666666666666666,0.17766497461928935,1.25,0.0,-0.952112676056338,0.15053763440860213,6.0,0.0,0.6666666666666666,-0.6666666666666666,1.0,0.0,0.0,0.0,0.0,2
-0.08333333333333333,0.13197969543147217,0.1875,-0.22768379202711048,-1.0657276995305165,1.1505376344086022,0.0,0.0,-0.5,0.8666666666666667,0.0,1.0,0.0,0.0,0.0,583
-1.0,-1.0659898477157361,-0.65625,0.5138834935935143,0.2647887323943662,-0.01075268817204301,0.0,0.0,-0.8333333333333334,0.8,1.0,0.0,0.0,1.0,0.0,125
-0.08333333333333333,0.22335025380710655,-0.5625,-0.14891824053188613,0.17183098591549295,2.2043010752688175,0.0,0.0,0.6666666666666666,-0.5333333333333333,0.0,0.0,0.0,0.0,0.0,1117
-1.0,0.5989847715736041,-0.125,0.5713209318579696,0.29107981220657275,-0.01075268817204301,0.0,0.0,0.3333333333333333,0.2,1.0,0.0,1.0,0.0,0.0,1100
-0.25,-0.32487309644670054,0.125,-0.91150831659757,-0.18497652582159624,0.6021505376344085,0.0,0.0,0.8333333333333334,-0.13333333333333333,0.0,0.0,0.0,0.0,0.0,1019
0.08333333333333333,0.7258883248730965,-0.8125,0.3336351996355,-0.34178403755868547,3.5268817204301075,0.0,0.0,-0.16666666666666666,0.6666666666666666,1.0,1.0,0.0,0.0,0.0,1441
0.16666666666666666,1.2081218274111674,-0.53125,0.2058418822217645,-0.022535211267605635,1.6236559139784945,0.0,0.0,0.3333333333333333,-0.9333333333333333,0.0,0.0,1.0,0.0,0.0,535
-0.4166666666666667,-0.3147208121827411,0.875,-0.07312821817005527,-0.6112676056338028,-0.01075268817204301,0.0,0.0,0.6666666666666666,0.6,0.0,0.0,0.0,0.0,0.0,1251
-0.5833333333333334,0.299492385786802,0.84375,0.0707286024015658,-0.4112676056338028,-0.01075268817204301,0.0,0.0,0.5,0.06666666666666667,0.0,0.0,0.0,0.0,0.0,246
-0.25,-0.9543147208121828,0.96875,-1.0429616152145371,-1.152112676056338,0.2150537634408602,0.0,2.2,1.0,0.3333333333333333,0.0,0.0,0.0,1.0,0.0,265
0.08333333333333333,-0.5228426395939086,-0.46875,0.2058418822217645,-0.32018779342723,1.1505376344086022,0.0,1.8,1.0,0.3333333333333333,0.0,0.0,0.0,1.0,0.0,285
0.5,-0.5025380710659899,0.15625,-0.07312821817005527,-1.2215962441314554,0.0,0.0,0.0,1.0,0.8666666666666667,0.0,0.0,0.0,1.0,0.0,574
-0.5,0.3807106598984772,0.84375,-0.4861165064064858,0.29107981220657275,-0.01075268817204301,0.1,0.0,0.5,-0.06666666666666667,1.0,0.0,0.0,0.0,0.0,272
-0.5833333333333334,-0.0812182741116751,0.84375,0.0,-1.2507042253521128,-0.01075268817204301,0.0,0.0,-0.16666666666666666,-0.3333333333333333,0.0,1.0,0.0,0.0,0.0,223
-0.8333333333333334,-0.7918781725888325,0.375,-0.39575298507290857,0.2863849765258216,-0.01075268817204301,0.0,0.0,1.0,0.6666666666666666,0.0,0.0,0.0,1.0,0.0,85
0.25,-0.43147208121827413,-1.28125,0.3336351996355,0.26291079812206575,1.5161290322580643,0.0,0.0,-0.6666666666666666,0.13333333333333333,1.0,0.0,0.0,1.0,0.0,440
0.5833333333333334,0.2588832487309645,-0.09375,0.7368002283746548,0.29107981220657275,0.0,0.0,0.0,0.5,0.5333333333333333,0.0,0.0,0.0,0.0,-1.0,1280
-1.0,-0.09137055837563456,0.625,-0.14891824053188613,-1.0347417840375588,-0.01075268817204301,0.0,0.0,-0.5,1.0,1.0,1.0,0.0,0.0,0.0,537
-0.75,0.15228426395939088,0.0,0.0707286024015658,0.29107981220657275,-0.01075268817204301,0.0,0.0,0.5,0.6666666666666666,0.0,0.0,0.0,0.0,0.0,355
-0.75,-0.6548223350253808,-0.46875,-0.3098055405697065,0.29107981220657275,-0.01075268817204301,0.0,0.0,0.8333333333333334,0.4,0.0,0.0,0.0,0.0,0.0,164
-0.4166666666666667,-0.13705583756345174,1.0625,-0.14891824053188613,-1.384037558685446,-0.01075268817204301,0.0,0.0,0.8333333333333334,-0.6,0.0,0.0,0.0,0.0,0.0,526
0.08333333333333333,0.5177664974619289,-0.40625,0.13927936789351517,0.19436619718309858,2.5161290322580645,0.0,0.0,-0.16666666666666666,-0.6,0.0,1.0,0.0,0.0,0.0,1665
-0.9166666666666666,0.3147208121827411,0.4375,-0.22768379202711048,0.27793427230046946,-0.01075268817204301,0.5,0.0,0.0,-0.4,1.0,0.0,1.0,0.0,0.0,375
-0.08333333333333333,0.8781725888324874,0.1875,0.5713209318579696,0.21502347417840376,0.9999999999999999,0.0,0.0,0.3333333333333333,-0.4666666666666667,0.0,0.0,1.0,0.0,0.0,659
0.16666666666666666,-0.27918781725888325,-0.46875,0.0,0.0,1.3225806451612903,0.0,0.0,-0.5,-0.4666666666666667,0.0,1.0,0.0,0.0,0.0,542
0.3333333333333333,0.3451776649746193,-0.40625,0.455183241303237,-0.8422535211267606,1.1612903225806452,0.0,0.0,0.6666666666666666,-0.06666666666666667,0.0,0.0,0.0,0.0,0.0,1413
-0.08333333333333333,-0.5736040609137056,-1.15625,-0.7926654504863353,0.09765258215962441,0.8817204301075268,0.0,0.0,-0.8333333333333334,0.2,0.0,0.0,0.0,1.0,0.0,283
-0.16666666666666666,-1.218274111675127,-0.375,1.0421797791354965,0.15492957746478872,0.6344086021505375,0.0,0.0,1.0,-0.26666666666666666,0.0,0.0,0.0,1.0,0.0,184
0.0,0.16751269035532998,-0.28125,0.0707286024015658,-0.01596244131455399,2.2473118279569895,0.0,0.0,0.6666666666666666,0.5333333333333333,0.0,0.0,0.0,0.0,0.0,1126
-0.6666666666666666,0.09644670050761424,0.53125,-0.4861165064064858,0.29107981220657275,-0.01075268817204301,0.0,0.0,0.5,0.8666666666666667,1.0,0.0,0.0,0.0,0.0,301
0.4166666666666667,-1.2690355329949239,-0.8125,1.0421797791354965,0.051643192488262914,0.4301075268817204,0.0,0.3,-0.8333333333333334,0.6666666666666666,0.0,0.0,0.0,1.0,0.0,196
0.5,0.5126903553299493,-0.46875,0.3951330286481768,0.29107981220657275,1.3118279569892473,0.0,0.0,-0.16666666666666666,0.9333333333333333,0.0,1.0,0.0,0.0,0.0,3251
0.16666666666666666,-0.5228426395939086,-0.96875,0.455183241303237,-0.17934272300469484,1.236559139784946,0.0,0.0,-0.6666666666666666,-0.9333333333333333,0.0,0.0,0.0,1.0,0.0,293
0.16666666666666666,0.7106598984771574,0.28125,0.7898955205469734,-0.6582159624413145,0.8064516129032258,0.0,0.0,0.3333333333333333,0.9333333333333333,0.0,0.0,1.0,0.0,0.0,837
0.0,0.8274111675126904,-0.46875,0.3951330286481768,-0.4413145539906103,3.10752688172043,0.0,0.0,0.0,0.6,0.0,0.0,1.0,0.0,0.0,1039
-0.9166666666666666,-1.0050761421319798,0.0,-1.0429616152145371,-0.5089201877934272,-0.01075268817204301,0.0,0.0,1.0,-0.06666666666666667,0.0,0.0,0.0,1.0,0.0,241
0.25,-0.9137055837563453,-0.8125,1.4948257357364156,0.27136150234741785,2.043010752688172,0.0,0.0,-0.6666666666666666,-0.8666666666666667,1.0,0.0,0.0,1.0,0.0,210
0.5,-0.8629441624365483,-0.6875,-0.3098055405697065,-0.2591549295774648,-0.01075268817204301,0.0,0.0,1.0,-0.13333333333333333,0.0,0.0,0.0,1.0,0.0,612
0.5833333333333334,-0.3401015228426396,-0.15625,-0.5816560227957038,-0.6854460093896714,-0.01075268817204301,0.0,0.0,0.8333333333333334,0.2,0.0,0.0,0.0,0.0,0.0,1304
0.4166666666666667,-1.2385786802030456,-0.78125,1.365145862684823,0.29107981220657275,0.2903225806451613,0.0,0.5,-0.8333333333333334,0.6,0.0,0.0,0.0,1.0,0.0,170
0.08333333333333333,0.42131979695431476,0.0625,0.2705797236685667,-1.207511737089202,2.9354838709677424,0.0,0.0,-0.16666666666666666,-0.13333333333333333,0.0,1.0,0.0,0.0,0.0,1051
-0.16666666666666666,-0.32487309644670054,0.9375,0.8420508501474621,0.29107981220657275,0.15053763440860213,0.0,0.0,-0.3333333333333333,-0.7333333333333333,0.0,1.0,0.0,0.0,0.0,95
-0.25,-0.9898477157360407,0.125,0.6275737112096174,-0.13427230046948357,0.12903225806451613,0.0,0.6,-0.8333333333333334,-0.4666666666666667,0.0,0.0,0.0,1.0,0.0,320
0.5833333333333334,0.5989847715736041,0.09375,-0.22768379202711048,0.29107981220657275,0.03225806451612903,0.0,0.0,0.5,-0.13333333333333333,0.0,0.0,0.0,0.0,0.0,1996
0.5,-0.10152284263959391,0.75,0.0,-0.20187793427230047,0.06451612903225806,0.0,0.0,-0.5,-0.8,1.0,1.0,0.0,0.0,0.0,436
-0.25,-0.5329949238578681,-0.84375,-0.14891824053188613,-0.42065727699530514,0.31182795698924726,0.0,0.0,0.8333333333333334,0.8,0.0,0.0,0.0,0.0,0.0,798
-0.25,-1.0304568527918783,-0.40625,0.13927936789351517,0.15774647887323945,0.16129032258064516,0.0,0.0,-0.8333333333333334,-0.8666666666666667,0.0,0.0,0.0,1.0,0.0,342
0.3333333333333333,0.7461928934010152,0.4375,0.13927936789351517,0.29107981220657275,1.021505376344086,0.0,0.0,0.16666666666666666,-0.7333333333333333,0.0,0.0,1.0,0.0,0.0,1105
0.5,-0.38578680203045684,0.34375,1.0902852095090052,-1.0769953051643193,0.3978494623655914,0.0,0.0,-0.5,-0.5333333333333333,0.0,1.0,0.0,0.0,0.0,1091
0.6666666666666666,-0.42131979695431476,0.9375,-0.07312821817005527,-1.3492957746478873,-0.01075268817204301,0.0,0.0,1.0,-0.8666666666666667,1.0,0.0,0.0,1.0,0.0,397
0.3333333333333333,0.40609137055837563,0.65625,-0.22768379202711048,0.29107981220657275,0.5376344086021505,0.0,0.0,0.5,0.3333333333333333,0.0,0.0,0.0,0.0,0.0,1550
0.9166666666666666,0.6294416243654822,-0.15625,-0.14891824053188613,0.29107981220657275,-0.01075268817204301,0.0,0.0,0.3333333333333333,0.13333333333333333,1.0,0.0,1.0,0.0,0.0,1342
-1.0,-0.2284263959390863,0.34375,-0.3098055405697065,-1.1868544600938966,-0.01075268817204301,0.0,0.0,-0.5,0.7333333333333333,0.0,1.0,0.0,0.0,0.0,380
0.16666666666666666,-1.0101522842639594,-1.03125,1.6200554445948598,0.26291079812206575,2.3870967741935485,0.0,0.0,-0.6666666666666666,-0.7333333333333333,0.0,0.0,0.0,1.0,0.0,170
-0.4166666666666667,0.1827411167512691,0.625,0.0,0.054460093896713614,0.5161290322580645,0.0,0.0,0.0,-0.26666666666666666,0.0,0.0,1.0,0.0,0.0,1573
-0.3333333333333333,0.5126903553299493,1.125,-0.4861165064064858,-1.2976525821596243,0.2150537634408602,0.0,0.0,0.16666666666666666,-0.7333333333333333,0.0,0.0,1.0,0.0,0.0,1836
-0.25,0.3147208121827411,0.65625,-0.14891824053188613,-0.892018779342723,1.247311827956989,0.0,0.0,0.5,0.4,1.0,0.0,0.0,0.0,0.0,810
0.25,-0.6497461928934011,-1.0,0.8933144384752442,0.27887323943661974,1.1935483870967742,0.0,0.0,-0.6666666666666666,-1.0,0.0,0.0,0.0,1.0,0.0,293
0.5,0.6852791878172589,-0.0625,0.9437305196070348,-0.4169014084507042,1.3440860215053763,0.0,0.0,0.0,0.26666666666666666,0.0,0.0,1.0,0.0,0.0,3384
-0.5,-0.6345177664974619,1.125,-0.91150831659757,-1.447887323943662,-0.01075268817204301,0.0,0.9,1.0,-0.6,0.0,0.0,0.0,1.0,0.0,137
0.6666666666666666,0.0203045685279188,0.46875,0.5713209318579696,-1.2253521126760563,-0.01075268817204301,0.0,0.0,-0.5,0.7333333333333333,0.0,1.0,0.0,0.0,0.0,864
0.6666666666666666,-0.29949238578680204,0.0625,-0.3098055405697065,0.29107981220657275,-0.01075268817204301,0.0,0.0,0.6666666666666666,0.9333333333333333,0.0,0.0,0.0,0.0,0.0,1186
0.8333333333333334,-0.6852791878172589,-0.09375,0.6275737112096174,0.2244131455399061,-0.01075268817204301,0.0,0.0,-0.6666666666666666,0.6,1.0,0.0,0.0,1.0,0.0,230
-0.4166666666666667,0.035532994923857836,0.75,-1.1921678124288753,0.28262910798122065,0.12903225806451613,0.0,0.0,-0.16666666666666666,-0.6,0.0,1.0,0.0,0.0,0.0,389
-0.16666666666666666,-0.13705583756345174,1.15625,0.2058418822217645,-1.044131455399061,0.15053763440860213,0.0,0.0,0.8333333333333334,-0.5333333333333333,0.0,0.0,0.0,0.0,0.0,17
-0.75,-0.39593908629441626,1.09375,0.3336351996355,-1.1568075117370893,-0.01075268817204301,1.5,0.0,-0.5,-0.7333333333333333,0.0,1.0,0.0,0.0,0.0,2
-0.25,0.11167512690355327,-0.25,0.0707286024015658,0.29107981220657275,2.139784946236559,0.0,0.0,-0.16666666666666666,0.2,1.0,1.0,0.0,0.0,0.0,932
0.5,0.15228426395939088,-0.59375,0.0707286024015658,-0.4169014084507042,0.13978494623655913,0.0,0.0,0.6666666666666666,-0.2,1.0,0.0,0.0,0.0,0.0,1695
-0.75,0.2741116751269035,0.1875,0.0,-0.6413145539906103,-0.01075268817204301,0.0,0.0,0.0,-0.9333333333333333,1.0,0.0,1.0,0.0,0.0,475
-0.4166666666666667,-0.13705583756345174,0.46875,-0.4861165064064858,0.29107981220657275,0.021505376344086016,0.0,0.0,0.5,0.6,0.0,0.0,0.0,0.0,-1.0,262
-0.5833333333333334,0.20812182741116758,-1.78125,-0.5816560227957038,-0.3624413145539906,-0.01075268817204301,0.0,0.0,-0.16666666666666666,0.7333333333333333,1.0,1.0,0.0,0.0,0.0,174
0.3333333333333333,0.015228426395939123,1.25,-0.6833781561418334,-1.4028169014084506,0.11827956989247311,1.5,0.0,-0.16666666666666666,-0.26666666666666666,1.0,1.0,0.0,0.0,0.0,34
0.5833333333333334,-0.8121827411167513,-0.25,-0.7926654504863353,-0.23849765258215963,-0.01075268817204301,0.0,0.0,-0.8333333333333334,-0.7333333333333333,0.0,0.0,0.0,1.0,0.0,443
-0.4166666666666667,0.751269035532995,-0.0625,-0.3098055405697065,0.29107981220657275,0.021505376344086016,0.0,0.0,0.3333333333333333,0.4666666666666667,0.0,0.0,1.0,0.0,0.0,720
0.16666666666666666,0.9289340101522844,-0.25,1.137688257706579,-0.24507042253521127,3.1397849462365595,0.0,0.0,0.16666666666666666,0.06666666666666667,0.0,0.0,1.0,0.0,0.0,786
-0.75,-0.5989847715736041,0.0625,-0.91150831659757,0.29107981220657275,-0.01075268817204301,0.0,0.0,0.6666666666666666,0.9333333333333333,0.0,0.0,0.0,0.0,0.0,182
-0.16666666666666666,0.1421319796954315,1.25,-0.39575298507290857,-0.936150234741784,0.3870967741935484,0.0,0.0,-0.16666666666666666,0.13333333333333333,0.0,1.0,0.0,0.0,0.0,454
-1.0,0.8629441624365483,0.34375,0.2705797236685667,0.29107981220657275,-0.01075268817204301,0.0,0.0,0.3333333333333333,-1.0,0.0,0.0,1.0,0.0,0.0,875
0.08333333333333333,0.3451776649746193,0.9375,-0.39575298507290857,-0.8629107981220657,0.3225806451612903,0.5,0.0,0.16666666666666666,-0.4666666666666667,0.0,0.0,1.0,0.0,0.0,99
0.25,0.5939086294416244,1.21875,-0.7926654504863353,0.06009389671361502,0.5376344086021505,0.5,0.0,0.3333333333333333,0.8,0.0,0.0,1.0,0.0,0.0,122
0.5,0.5685279187817259,-0.375,-0.6833781561418334,0.29107981220657275,0.31182795698924726,0.0,0.0,0.5,-0.3333333333333333,0.0,0.0,0.0,0.0,0.0,3222
0.0,0.6852791878172589,0.53125,0.6275737112096174,-0.7276995305164319,0.9999999999999999,0.0,0.0,0.3333333333333333,0.9333333333333333,0.0,0.0,1.0,0.0,0.0,768
-0.5,-0.9949238578680204,0.375,0.8420508501474621,-0.8685446009389671,-0.01075268817204301,0.0,0.0,1.0,0.0,1.0,0.0,0.0,1.0,0.0,66
-0.08333333333333333,0.15736040609137064,1.21875,-0.6833781561418334,-1.0807511737089202,0.4301075268817204,0.0,0.0,-0.16666666666666666,0.13333333333333333,0.0,1.0,0.0,0.0,0.0,352
0.3333333333333333,-0.9644670050761421,-0.90625,1.4948257357364156,0.2215962441314554,0.8279569892473118,0.0,0.0,-0.8333333333333334,0.8666666666666667,0.0,0.0,0.0,1.0,0.0,195
0.0,0.5736040609137056,-0.4375,-0.22768379202711048,0.2375586854460094,3.5053763440860215,0.0,0.0,0.0,0.0,1.0,0.0,1.0,0.0,0.0,1525
-0.5833333333333334,0.7664974619289341,0.5,-0.5816560227957038,0.1107981220657277,-0.01075268817204301,0.0,0.0,0.3333333333333333,-0.06666666666666667,0.0,0.0,1.0,0.0,-1.0,227
-0.8333333333333334,0.030456852791878156,0.15625,-0.22768379202711048,-1.115492957746479,-0.01075268817204301,0.0,0.0,-0.3333333333333333,0.9333333333333333,0.0,1.0,0.0,0.0,0.0,246
-0.75,-1.0,0.125,-0.14891824053188613,0.28356807511737087,-0.01075268817204301,0.0,0.0,-0.6666666666666666,-0.2,0.0,0.0,0.0,1.0,0.0,70
-0.16666666666666666,0.4974619289340102,0.25,-0.07312821817005527,0.28732394366197184,0.8064516129032258,0.0,0.0,0.5,-0.13333333333333333,0.0,0.0,0.0,0.0,0.0,936
-0.5833333333333334,0.5736040609137056,0.84375,-0.07312821817005527,-0.36338028169014086,-0.01075268817204301,0.0,0.0,0.16666666666666666,-0.2,0.0,0.0,1.0,0.0,0.0,301
0.25,0.9238578680203046,-0.84375,0.2705797236685667,0.2375586854460094,2.3870967741935485,0.0,0.0,0.3333333333333333,0.13333333333333333,1.0,0.0,1.0,0.0,0.0,1196
0.5,-0.4263959390862945,-0.71875,0.5138834935935143,-0.2347417840375587,0.08602150537634408,0.0,0.0,-0.6666666666666666,-0.13333333333333333,0.0,0.0,0.0,1.0,0.0,559
-0.9166666666666666,-0.13197969543147206,0.46875,-2.15665183283064,0.2591549295774648,-0.01075268817204301,0.0,0.0,0.6666666666666666,0.26666666666666666,1.0,0.0,0.0,0.0,0.0,774
-0.9166666666666666,-0.9441624365482234,-0.1875,0.0,-0.13145539906103287,-0.01075268817204301,0.0,0.0,-0.8333333333333334,-0.7333333333333333,0.0,0.0,0.0,1.0,0.0,170
0.3333333333333333,-0.06598984771573609,-1.03125,0.7898955205469734,-0.03286384976525822,2.118279569892473,0.0,0.0,-0.5,0.4666666666666667,0.0,1.0,0.0,0.0,0.0,901
0.08333333333333333,-0.44670050761421326,-0.96875,0.682712243030312,-0.3004694835680751,1.1827956989247312,0.0,0.0,-0.8333333333333334,0.2,0.0,0.0,0.0,1.0,0.0,341
-0.4166666666666667,-1.015228426395939,0.0,-0.5816560227957038,0.08075117370892018,-0.01075268817204301,0.0,0.0,1.0,-0.5333333333333333,0.0,0.0,0.0,1.0,0.0,387
0.5833333333333334,0.5126903553299493,0.90625,0.8933144384752442,-0.38967136150234744,0.03225806451612903,0.0,0.0,0.3333333333333333,0.5333333333333333,0.0,0.0,1.0,0.0,0.0,948
0.3333333333333333,0.802030456852792,-0.5,0.3336351996355,-0.7370892018779343,2.086021505376344,0.0,0.0,0.0,-0.6,0.0,0.0,1.0,0.0,0.0,1442
0.75,-0.39086294416243655,-0.40625,0.455183241303237,-0.45539906103286387,-0.01075268817204301,0.0,0.0,0.8333333333333334,0.2,0.0,0.0,0.0,0.0,0.0,1019
0.4166666666666667,-0.868020304568528,-1.15625,1.2305047302068106,0.29107981220657275,0.23655913978494622,0.0,0.0,1.0,0.6666666666666666,0.0,0.0,0.0,1.0,0.0,350
-0.5833333333333334,-0.8121827411167513,0.5,-0.5816560227957038,-0.5220657276995305,-0.01075268817204301,0.0,0.0,-0.6666666666666666,0.6666666666666666,0.0,0.0,0.0,1.0,0.0,65
-0.08333333333333333,0.6446700507614213,0.59375,0.682712243030312,0.2863849765258216,0.9354838709677419,0.0,0.0,0.3333333333333333,0.5333333333333333,0.0,0.0,1.0,0.0,0.0,415
-0.08333333333333333,0.23350253807106608,-0.46875,0.7368002283746548,-0.5427230046948357,2.3225806451612905,0.0,0.0,-0.3333333333333333,0.6666666666666666,0.0,1.0,0.0,0.0,0.0,930
0.9166666666666666,-0.09137055837563456,0.03125,-2.15665183283064,-0.11549295774647887,-0.01075268817204301,0.0,0.0,0.6666666666666666,0.26666666666666666,1.0,0.0,0.0,0.0,0.0,922
-0.16666666666666666,-0.7411167512690355,-0.53125,1.5787787158685695,0.29107981220657275,0.6774193548387096,0.0,0.0,1.0,-0.8,0.0,0.0,0.0,1.0,0.0,311
-1.0,-1.0050761421319798,-0.09375,-0.07312821817005527,0.28169014084507044,-0.01075268817204301,0.0,0.0,-0.8333333333333334,-0.8,0.0,0.0,0.0,1.0,0.0,159
-0.25,0.44670050761421326,0.90625,-0.39575298507290857,0.29107981220657275,0.4408602150537634,0.0,0.0,0.16666666666666666,-0.4,0.0,0.0,1.0,0.0,0.0,1061
-0.3333333333333333,0.4619289340101524,-0.46875,-0.6833781561418334,0.18497652582159624,0.6559139784946236,0.0,0.0,0.0,0.4666666666666667,1.0,0.0,1.0,0.0,0.0,934
0.5833333333333334,-1.101522842639594,-0.4375,-0.3098055405697065,0.29107981220657275,-0.01075268817204301,0.0,0.0,1.0,-0.26666666666666666,0.0,0.0,0.0,1.0,0.0,350
-0.8333333333333334,0.5989847715736041,0.875,0.13927936789351517,-0.09014084507042254,-0.01075268817204301,0.0,0.0,0.16666666666666666,-0.13333333333333333,1.0,0.0,1.0,0.0,0.0,783
-0.5,0.2690355329949239,0.96875,-0.22768379202711048,-0.8375586854460094,-0.01075268817204301,0.0,0.0,0.5,0.06666666666666667,0.0,0.0,0.0,0.0,0.0,625
-0.08333333333333333,0.1624365482233502,-0.0625,0.3951330286481768,-0.47699530516431926,1.4623655913978495,0.0,0.0,-0.3333333333333333,-1.0,1.0,1.0,0.0,0.0,0.0,737
0.08333333333333333,-0.3197969543147208,0.25,1.2759719533904954,-0.8610328638497653,0.6451612903225806,0.0,0.0,-0.6666666666666666,-0.13333333333333333,0.0,0.0,0.0,1.0,0.0,349
0.9166666666666666,-0.8984771573604061,0.6875,0.8420508501474621,-1.0666666666666667,-0.01075268817204301,0.0,1.0,-0.8333333333333334,0.4,0.0,0.0,0.0,1.0,0.0,139
0.9166666666666666,0.3756345177664974,-0.125,0.0707286024015658,0.020657276995305163,-0.01075268817204301,0.0,0.0,-0.16666666666666666,0.8,0.0,1.0,0.0,0.0,0.0,1247
-0.5,-0.4263959390862945,0.59375,-0.3098055405697065,-0.4647887323943662,-0.01075268817204301,0.0,0.0,0.8333333333333334,-0.13333333333333333,0.0,0.0,0.0,0.0,0.0,362
-1.0,0.5279187817258882,0.5625,0.13927936789351517,-0.4676056338028169,-0.01075268817204301,0.0,0.0,0.3333333333333333,1.0,0.0,0.0,1.0,0.0,0.0,861
-0.16666666666666666,0.4619289340101524,0.875,-0.4861165064064858,0.28732394366197184,0.3978494623655914,0.0,0.0,0.16666666666666666,-0.4,0.0,0.0,1.0,0.0,0.0,768
-0.8333333333333334,-0.6142131979695431,-0.53125,0.8420508501474621,0.29107981220657275,-0.01075268817204301,0.0,0.0,-0.5,0.3333333333333333,0.0,1.0,0.0,0.0,0.0,147
0.75,0.5177664974619289,0.21875,0.13927936789351517,0.01596244131455399,-0.01075268817204301,0.0,0.0,0.0,0.0,1.0,0.0,1.0,0.0,0.0,2435
-0.9166666666666666,-0.5431472081218274,-0.34375,0.3336351996355,0.01784037558685446,-0.01075268817204301,0.0,0.0,-0.5,-0.6,0.0,1.0,0.0,0.0,0.0,194
-0.3333333333333333,0.2639593908629441,0.4375,-0.3098055405697065,0.28356807511737087,0.6451612903225806,0.0,0.0,0.0,-0.06666666666666667,0.0,0.0,1.0,0.0,0.0,2328
-0.25,-0.08629441624365479,1.1875,-0.39575298507290857,-1.4291079812206573,0.13978494623655913,3.0,0.0,-0.16666666666666666,-0.26666666666666666,1.0,1.0,0.0,0.0,0.0,16
0.16666666666666666,-0.21827411167512695,-0.15625,-0.14891824053188613,-0.8685446009389671,1.075268817204301,0.0,1.3,0.8333333333333334,0.6,1.0,0.0,0.0,0.0,0.0,777
-0.75,0.45177664974619286,-0.15625,-0.14891824053188613,0.29107981220657275,-0.01075268817204301,0.0,0.0,0.3333333333333333,0.06666666666666667,0.0,0.0,1.0,0.0,0.0,375
-0.4166666666666667,0.7208121827411167,0.5625,-0.22768379202711048,-0.5511737089201878,0.09677419354838711,0.0,0.0,0.16666666666666666,0.6666666666666666,0.0,0.0,1.0,0.0,0.0,1175
0.16666666666666666,-0.09644670050761424,-1.15625,0.7368002283746548,-0.04037558685446009,2.881720430107527,0.0,0.0,-0.5,-0.3333333333333333,1.0,1.0,0.0,0.0,0.0,1154
-0.8333333333333334,-0.13197969543147206,-0.03125,-0.22768379202711048,-0.215962441314554,-0.01075268817204301,0.0,0.0,-0.3333333333333333,0.8666666666666667,1.0,1.0,0.0,0.0,0.0,425
-0.08333333333333333,-0.6802030456852792,-0.84375,0.2058418822217645,-0.046948356807511735,2.3440860215053765,0.0,0.0,-0.5,-0.9333333333333333,0.0,1.0,0.0,0.0,0.0,343
-0.3333333333333333,-0.3147208121827411,0.84375,0.455183241303237,-0.8234741784037559,0.04301075268817204,0.0,0.0,-0.5,0.2,0.0,1.0,0.0,0.0,0.0,592
0.9166666666666666,0.852791878172589,0.25,-1.0429616152145371,0.29107981220657275,-0.01075268817204301,0.0,0.0,0.3333333333333333,-0.13333333333333333,0.0,0.0,1.0,0.0,0.0,1165
-0.5,-0.06091370558375631,0.3125,-0.91150831659757,-1.1333333333333333,-0.01075268817204301,0.0,0.0,-0.3333333333333333,0.3333333333333333,1.0,1.0,0.0,0.0,0.0,184
-0.5,0.21319796954314718,0.34375,-0.14891824053188613,-0.7962441314553991,0.04301075268817204,0.0,0.0,0.0,-0.9333333333333333,1.0,0.0,1.0,0.0,0.0,342
0.8333333333333334,0.4416243654822335,0.40625,-0.91150831659757,-0.5953051643192488,-0.01075268817204301,0.0,0.0,0.0,0.06666666666666667,1.0,0.0,1.0,0.0,0.0,1819
0.4166666666666667,-0.4365482233502538,-0.4375,1.4948257357364156,0.29107981220657275,0.4408602150537634,0.0,0.0,-0.5,0.26666666666666666,0.0,1.0,0.0,0.0,0.0,719
-1.0,0.8375634517766498,0.125,0.13927936789351517,0.09765258215962441,-0.01075268817204301,0.0,0.0,0.3333333333333333,-0.8,1.0,0.0,1.0,0.0,0.0,953
-0.16666666666666666,-0.35025380710659904,-0.53125,-0.39575298507290857,-0.5906103286384976,0.6881720430107526,0.0,0.0,-0.5,-0.26666666666666666,0.0,1.0,0.0,0.0,0.0,406
-0.75,0.5736040609137056,0.9375,0.455183241303237,-0.37934272300469485,-0.01075268817204301,1.0,0.0,0.3333333333333333,0.5333333333333333,0.0,0.0,1.0,0.0,0.0,62
-0.3333333333333333,-0.4974619289340102,0.3125,0.2058418822217645,0.27887323943661974,0.15053763440860213,0.0,0.0,0.6666666666666666,1.0,0.0,0.0,0.0,0.0,0.0,1907
-0.25,-0.4263959390862945,-0.03125,0.2058418822217645,0.1267605633802817,0.9462365591397849,0.0,0.0,0.6666666666666666,1.0,0.0,0.0,0.0,0.0,0.0,996
0.4166666666666667,0.33502538071065996,-0.875,1.0421797791354965,0.14084507042253522,1.9032258064516128,0.0,0.0,-0.3333333333333333,0.8,1.0,1.0,0.0,0.0,0.0,2043
0.08333333333333333,-0.3553299492385787,-0.96875,0.5713209318579696,0.26666666666666666,1.967741935483871,0.0,0.0,0.8333333333333334,0.4,0.0,0.0,0.0,0.0,0.0,678
0.6666666666666666,-0.4416243654822335,-0.875,-0.7926654504863353,0.061971830985915494,-0.01075268817204301,0.0,0.0,0.8333333333333334,0.8,0.0,0.0,0.0,0.0,0.0,842
0.08333333333333333,-0.41116751269035534,-0.0625,-0.22768379202711048,-0.8169014084507042,0.6989247311827956,0.0,0.0,1.0,0.4,0.0,0.0,0.0,1.0,-1.0,320
0.5833333333333334,0.7055837563451777,-0.875,0.5713209318579696,0.29107981220657275,0.5268817204301075,0.0,0.0,0.0,-0.8666666666666667,1.0,0.0,1.0,0.0,0.0,2514
-0.3333333333333333,0.3705583756345178,1.15625,-0.39575298507290857,-1.4375586854460094,0.04301075268817204,3.5,0.0,0.0,0.6666666666666666,0.0,0.0,1.0,0.0,0.0,53
0.9166666666666666,-1.1269035532994924,-0.46875,0.3951330286481768,0.27323943661971833,-0.01075268817204301,0.0,0.0,-0.8333333333333334,0.8,1.0,0.0,0.0,1.0,0.0,81
-0.8333333333333334,0.284263959390863,0.65625,-0.14891824053188613,0.29107981220657275,-0.01075268817204301,0.0,0.0,0.5,0.3333333333333333,0.0,0.0,0.0,0.0,0.0,122
-0.4166666666666667,-0.8984771573604061,0.625,-2.15665183283064,0.04788732394366197,-0.01075268817204301,0.0,0.3,1.0,-0.6666666666666666,0.0,0.0,0.0,1.0,0.0,379
0.5,0.3908629441624365,-0.78125,1.2759719533904954,0.22253521126760564,0.9999999999999999,0.0,0.0,-0.3333333333333333,0.6,0.0,1.0,0.0,0.0,0.0,2807
0.75,0.36040609137055846,-0.28125,0.3951330286481768,0.29107981220657275,-0.01075268817204301,0.0,0.0,0.5,-0.6,0.0,0.0,0.0,0.0,0.0,1915
0.16666666666666666,0.07106598984771575,-0.71875,0.7898955205469734,-1.208450704225352,2.3763440860215055,0.0,0.0,-0.5,-0.26666666666666666,0.0,1.0,0.0,0.0,0.0,603
0.75,0.3096446700507615,0.21875,0.0,-0.36901408450704226,-0.01075268817204301,0.0,0.0,-0.16666666666666666,-0.6,0.0,1.0,0.0,0.0,0.0,1717
0.8333333333333334,0.883248730964467,0.1875,-0.6833781561418334,0.29107981220657275,-0.01075268817204301,0.0,0.0,0.3333333333333333,-0.13333333333333333,0.0,0.0,1.0,0.0,0.0,1587
0.75,0.4365482233502539,0.46875,0.6275737112096174,-0.72018779342723,-0.01075268817204301,0.0,0.0,0.0,-0.6666666666666666,0.0,0.0,1.0,0.0,-1.0,1935
0.4166666666666667,-0.4365482233502538,-0.5,1.0421797791354965,0.27699530516431925,0.25806451612903225,0.0,0.0,0.8333333333333334,0.4,0.0,0.0,0.0,0.0,0.0,1101
-0.25,-0.852791878172589,0.625,-0.22768379202711048,-0.7267605633802817,0.09677419354838711,0.0,3.4,-0.8333333333333334,1.0,0.0,0.0,0.0,1.0,0.0,137
-0.4166666666666667,0.43147208121827413,1.25,-0.4861165064064858,-1.3342723004694836,0.021505376344086016,0.0,0.0,0.0,0.8666666666666667,0.0,0.0,1.0,0.0,0.0,883
-0.3333333333333333,-0.06598984771573609,-0.21875,-0.5816560227957038,-0.26103286384976526,0.8924731182795698,0.0,0.0,-0.3333333333333333,0.8666666666666667,1.0,1.0,0.0,0.0,0.0,485
0.25,0.43147208121827413,1.21875,0.8420508501474621,-1.2929577464788733,0.2043010752688172,0.0,0.0,-0.16666666666666666,0.0,0.0,1.0,0.0,0.0,0.0,240
-0.9166666666666666,-0.4873096446700508,0.375,0.13927936789351517,-1.1314553990610328,-0.01075268817204301,0.0,0.0,1.0,-0.8666666666666667,1.0,0.0,0.0,1.0,0.0,227
-0.75,0.4974619289340102,0.75,0.13927936789351517,-0.584037558685446,-0.01075268817204301,0.0,0.0,0.3333333333333333,1.0,0.0,0.0,1.0,0.0,0.0,297
0.9166666666666666,-0.8477157360406091,-0.21875,-0.5816560227957038,-0.24507042253521127,-0.01075268817204301,0.0,0.0,-0.8333333333333334,-0.6666666666666666,1.0,0.0,0.0,1.0,0.0,169
-0.5,-0.37055837563451777,0.5,-1.1921678124288753,-0.6309859154929578,-0.01075268817204301,0.0,0.0,0.8333333333333334,-0.8,1.0,0.0,0.0,0.0,0.0,141
0.0,-0.4568527918781726,-0.03125,-0.5816560227957038,-0.8018779342723005,0.7526881720430106,0.0,0.0,1.0,0.4,0.0,0.0,0.0,1.0,-1.0,301
-1.0,-0.10659898477157359,-1.09375,0.0,0.29107981220657275,-0.01075268817204301,0.0,0.0,-0.3333333333333333,-0.2,0.0,1.0,0.0,0.0,0.0,525
0.75,0.22335025380710655,0.21875,0.3951330286481768,-0.03568075117370892,-0.01075268817204301,0.0,0.0,-0.3333333333333333,-0.9333333333333333,0.0,1.0,0.0,0.0,0.0,1503
-0.3333333333333333,-1.2690355329949239,-0.59375,-0.39575298507290857,0.2892018779342723,0.0,0.0,0.0,-0.8333333333333334,0.8666666666666667,0.0,0.0,0.0,1.0,0.0,450
0.5833333333333334,-0.6243654822335026,1.09375,-0.6833781561418334,-1.4178403755868545,-0.01075268817204301,0.0,1.0,1.0,-0.6666666666666666,0.0,0.0,0.0,1.0,0.0,205
-0.6666666666666666,-0.7817258883248731,-0.40625,-0.6833781561418334,0.20375586854460093,-0.01075268817204301,0.0,0.0,-0.6666666666666666,0.2,0.0,0.0,0.0,1.0,0.0,50
-0.8333333333333334,-0.6040609137055838,0.6875,-0.4861165064064858,-0.9436619718309859,-0.01075268817204301,0.0,0.0,-0.5,-0.4,1.0,1.0,0.0,0.0,0.0,241
-0.5833333333333334,-0.20304568527918782,0.59375,-0.5816560227957038,0.25539906103286386,-0.01075268817204301,0.0,0.0,-0.3333333333333333,-0.13333333333333333,1.0,1.0,0.0,0.0,0.0,20
0.3333333333333333,-0.7106598984771574,-0.84375,-2.15665183283064,0.29107981220657275,-0.01075268817204301,0.0,0.0,1.0,-0.7333333333333333,0.0,0.0,0.0,1.0,0.0,435
-0.16666666666666666,-0.05583756345177664,-0.71875,-0.22768379202711048,0.2375586854460094,2.397849462365592,0.0,0.0,-0.3333333333333333,0.0,0.0,1.0,0.0,0.0,0.0,700
-1.0,0.6700507614213198,0.6875,-0.4861165064064858,-0.09389671361502347,-0.01075268817204301,0.0,0.0,0.16666666666666666,-0.26666666666666666,0.0,0.0,1.0,0.0,0.0,938
0.6666666666666666,1.0050761421319796,-0.21875,0.5138834935935143,0.015023474178403756,0.09677419354838711,0.0,0.0,0.16666666666666666,0.4,1.0,0.0,1.0,0.0,0.0,1688
0.16666666666666666,-0.05583756345177664,0.46875,0.2705797236685667,0.1596244131455399,1.129032258064516,0.0,0.0,0.6666666666666666,0.8,1.0,0.0,0.0,0.0,0.0,962
0.08333333333333333,0.284263959390863,-0.96875,0.6275737112096174,-0.5220657276995305,3.3870967741935485,0.0,0.0,-0.3333333333333333,0.06666666666666667,0.0,1.0,0.0,0.0,0.0,1007
-1.0,0.3147208121827411,0.8125,0.0,-1.2206572769953052,-0.01075268817204301,0.0,0.0,0.0,-0.4666666666666667,1.0,0.0,1.0,0.0,0.0,1247
-0.16666666666666666,0.4416243654822335,-0.4375,-0.4861165064064858,0.18873239436619718,2.236559139784946,0.0,0.0,0.5,-0.5333333333333333,1.0,0.0,0.0,0.0,0.0,1096
-0.9166666666666666,0.3299492385786802,0.3125,-0.6833781561418334,-0.24788732394366197,-0.01075268817204301,0.0,0.0,0.0,-0.7333333333333333,0.0,0.0,1.0,0.0,0.0,742
-0.8333333333333334,0.5685279187817259,1.21875,-0.39575298507290857,-1.2704225352112677,-0.01075268817204301,6.5,0.0,0.3333333333333333,0.9333333333333333,0.0,0.0,1.0,0.0,0.0,80
0.9166666666666666,-0.25888324873096447,0.09375,0.0,0.29107981220657275,-0.01075268817204301,0.0,0.0,0.6666666666666666,-0.3333333333333333,0.0,0.0,0.0,0.0,0.0,857
-0.3333333333333333,-0.39593908629441626,0.65625,-0.3098055405697065,-0.9164319248826291,0.08602150537634408,0.0,0.0,0.8333333333333334,-0.8,1.0,0.0,0.0,0.0,0.0,481
0.6666666666666666,0.34010152284263956,-0.28125,1.0421797791354965,0.29107981220657275,-0.01075268817204301,0.0,0.0,0.5,0.4666666666666667,1.0,0.0,0.0,0.0,-1.0,1287
0.5833333333333334,-0.9137055837563453,-0.1875,0.3336351996355,0.29107981220657275,-0.01075268817204301,0.0,2.0,1.0,0.2,0.0,0.0,0.0,1.0,0.0,276
-0.08333333333333333,0.10152284263959391,1.25,-0.5816560227957038,-1.155868544600939,0.41935483870967744,3.5,0.0,-0.16666666666666666,-0.6666666666666666,1.0,1.0,0.0,0.0,0.0,10
0.16666666666666666,0.3959390862944163,-0.84375,1.4948257357364156,0.29107981220657275,2.978494623655914,0.0,0.0,0.5,0.5333333333333333,0.0,0.0,0.0,0.0,-1.0,1099
0.3333333333333333,0.7461928934010152,-0.28125,-0.07312821817005527,0.2863849765258216,1.8172043010752688,0.0,0.0,0.5,-0.2,0.0,0.0,0.0,0.0,0.0,1436
-0.75,-0.40609137055837563,1.21875,0.0707286024015658,-1.5192488262910797,-0.01075268817204301,0.0,0.0,-0.5,0.6666666666666666,0.0,1.0,0.0,0.0,0.0,62
-0.16666666666666666,-0.8578680203045684,-0.75,-0.14891824053188613,0.1624413145539906,0.3440860215053763,0.0,0.0,1.0,0.8,0.0,0.0,0.0,1.0,0.0,225
-0.6666666666666666,0.5888324873096448,0.8125,-2.15665183283064,-0.4103286384976526,-0.01075268817204301,0.0,0.0,0.16666666666666666,0.26666666666666666,0.0,0.0,1.0,0.0,0.0,267
0.25,-1.1065989847715736,-0.46875,1.2759719533904954,0.051643192488262914,0.989247311827957,0.0,0.0,-0.8333333333333334,-0.3333333333333333,0.0,0.0,0.0,1.0,0.0,181
-0.5833333333333334,-1.1776649746192893,-0.5,0.9437305196070348,0.29107981220657275,-0.01075268817204301,0.0,0.0,1.0,0.06666666666666667,1.0,0.0,0.0,1.0,0.0,31
0.9166666666666666,-0.11167512690355327,1.15625,0.0707286024015658,-1.2413145539906103,-0.01075268817204301,3.0,0.0,-0.3333333333333333,0.4,1.0,1.0,0.0,0.0,0.0,18
0.0,-0.7360406091370558,-0.6875,0.7368002283746548,0.21690140845070421,0.6774193548387096,0.0,3.0,-0.8333333333333334,1.0,0.0,0.0,0.0,1.0,0.0,160
-0.3333333333333333,-0.2639593908629441,1.25,-0.7926654504863353,-1.444131455399061,0.0,0.0,0.0,-0.5,-0.8,1.0,1.0,0.0,0.0,0.0,70
0.25,0.06598984771573609,-0.84375,0.7368002283746548,0.28169014084507044,1.8279569892473118,0.0,0.0,0.8333333333333334,-1.0,0.0,0.0,0.0,0.0,0.0,1094
-0.5,-0.20304568527918782,0.34375,-0.4861165064064858,0.29107981220657275,-0.01075268817204301,0.0,0.0,0.6666666666666666,-0.5333333333333333,0.0,0.0,0.0,0.0,0.0,503
-0.16666666666666666,0.46700507614213194,-0.625,-0.4861165064064858,-0.7615023474178404,2.3333333333333335,0.0,0.0,-0.16666666666666666,-0.06666666666666667,0.0,1.0,0.0,0.0,0.0,832
0.6666666666666666,0.19289340101522848,0.71875,0.5713209318579696,-0.7164319248826291,-0.01075268817204301,0.0,0.0,-0.3333333333333333,-0.8666666666666667,0.0,1.0,0.0,0.0,0.0,1470
-0.8333333333333334,0.09644670050761424,-0.5,-0.91150831659757,-0.3483568075117371,-0.01075268817204301,0.0,0.0,-0.3333333333333333,0.4,1.0,1.0,0.0,0.0,0.0,410
0.75,-1.3553299492385786,-0.25,1.4088965798741255,0.29107981220657275,-0.01075268817204301,0.0,0.9,-0.8333333333333334,0.4666666666666667,0.0,0.0,0.0,1.0,0.0,145
0.08333333333333333,-0.04568527918781728,0.9375,0.5138834935935143,-1.0807511737089202,0.12903225806451613,1.5,0.0,0.6666666666666666,0.6666666666666666,0.0,0.0,0.0,0.0,0.0,18
0.4166666666666667,0.299492385786802,-0.375,0.8420508501474621,-0.856338028169014,1.204301075268817,0.0,0.0,-0.5,0.9333333333333333,0.0,1.0,0.0,0.0,0.0,1460
0.75,0.284263959390863,-0.21875,-0.07312821817005527,-0.29295774647887324,-0.01075268817204301,0.0,0.0,-0.16666666666666666,0.6,0.0,1.0,0.0,0.0,0.0,1740
0.25,-0.0812182741116751,-0.78125,0.2705797236685667,0.26854460093896715,2.806451612903226,0.0,0.0,-0.5,0.0,0.0,1.0,0.0,0.0,0.0,923
-0.16666666666666666,-0.16751269035532998,-0.40625,0.5138834935935143,0.27793427230046946,1.9247311827956988,0.0,0.0,0.6666666666666666,-0.3333333333333333,0.0,0.0,0.0,0.0,0.0,792
-0.08333333333333333,-0.6852791878172589,-1.15625,-0.5816560227957038,0.2676056338028169,1.118279569892473,0.0,0.0,-0.6666666666666666,0.13333333333333333,1.0,0.0,0.0,1.0,0.0,183
-0.8333333333333334,0.7614213197969544,0.34375,-0.3098055405697065,0.13990610328638498,-0.01075268817204301,0.0,0.0,0.3333333333333333,-0.3333333333333333,1.0,0.0,1.0,0.0,0.0,691
-0.3333333333333333,-1.0558375634517767,0.15625,0.682712243030312,-0.5427230046948357,-0.01075268817204301,0.0,0.0,1.0,0.0,1.0,0.0,0.0,1.0,0.0,190
0.9166666666666666,-0.5482233502538072,0.53125,-0.5816560227957038,-1.3136150234741784,-0.01075268817204301,0.0,0.0,-0.8333333333333334,0.06666666666666667,0.0,0.0,0.0,1.0,0.0,227
-0.08333333333333333,0.08629441624365479,-0.40625,-0.22768379202711048,-0.3652582159624413,2.3118279569892475,0.0,0.0,0.6666666666666666,-0.2,1.0,0.0,0.0,0.0,0.0,1179
0.25,0.4416243654822335,0.09375,-0.14891824053188613,0.20375586854460093,0.3548387096774194,0.0,0.0,0.0,-0.3333333333333333,0.0,0.0,1.0,0.0,0.0,1240
-0.9166666666666666,-0.0812182741116751,0.59375,-0.07312821817005527,-1.3183098591549296,-0.01075268817204301,0.0,0.0,0.8333333333333334,-0.6,0.0,0.0,0.0,0.0,0.0,410
-0.8333333333333334,-0.4771573604060914,-0.71875,-0.14891824053188613,-0.7154929577464789,-0.01075268817204301,0.0,0.0,0.8333333333333334,0.8,0.0,0.0,0.0,0.0,0.0,275
-0.16666666666666666,0.7614213197969544,0.28125,0.13927936789351517,-0.3483568075117371,1.956989247311828,0.0,0.0,0.16666666666666666,-0.06666666666666667,1.0,0.0,1.0,0.0,0.0,701
-0.3333333333333333,0.1827411167512691,0.0,0.13927936789351517,-0.8431924882629108,1.2903225806451613,0.0,0.0,-0.16666666666666666,0.6,0.0,1.0,0.0,0.0,0.0,1996
0.4166666666666667,0.83248730964467,-0.5625,0.8420508501474621,0.29107981220657275,0.9139784946236559,0.0,0.0,0.3333333333333333,0.13333333333333333,1.0,0.0,1.0,0.0,0.0,1806
-0.5833333333333334,0.005076142131979678,1.0,0.7368002283746548,-0.6572769953051644,-0.01075268817204301,0.0,0.0,0.6666666666666666,-0.4,0.0,0.0,0.0,0.0,0.0,152
-0.5,-0.9898477157360407,-0.03125,1.137688257706579,0.15305164319248826,-0.01075268817204301,0.0,0.0,1.0,-0.5333333333333333,0.0,0.0,0.0,1.0,0.0,158
-0.4166666666666667,-0.918781725888325,-0.8125,-0.22768379202711048,0.29107981220657275,-0.01075268817204301,0.0,0.0,-0.6666666666666666,0.13333333333333333,1.0,0.0,0.0,1.0,0.0,52
0.5833333333333334,-0.4619289340101523,-0.125,-0.22768379202711048,-1.0816901408450703,-0.01075268817204301,0.0,0.0,-0.8333333333333334,-0.06666666666666667,0.0,0.0,0.0,1.0,0.0,444
0.16666666666666666,1.2791878172588835,-0.59375,0.5713209318579696,0.2375586854460094,3.3440860215053765,0.0,0.0,0.3333333333333333,-1.0,0.0,0.0,1.0,0.0,0.0,475
-1.0,-0.1421319796954315,1.15625,0.682712243030312,-1.1389671361502347,-0.01075268817204301,2.0,0.0,-0.3333333333333333,0.4666666666666667,0.0,1.0,0.0,0.0,0.0,81
-0.8333333333333334,-0.8578680203045684,0.78125,1.4521169265310525,-1.4140845070422534,-0.01075268817204301,0.0,0.0,-0.6666666666666666,-0.8666666666666667,1.0,0.0,0.0,1.0,0.0,123
0.0,-0.25380710659898476,-0.71875,0.2705797236685667,0.17464788732394365,2.7311827956989245,0.0,0.0,-0.5,-0.6666666666666666,0.0,1.0,0.0,0.0,0.0,504
-0.25,-0.0812182741116751,-0.21875,-0.3098055405697065,-0.1511737089201878,0.7956989247311828,0.0,0.0,0.6666666666666666,0.4,0.0,0.0,0.0,0.0,0.0,1104
0.5833333333333334,-1.3553299492385786,-0.75,0.5713209318579696,0.1624413145539906,-0.01075268817204301,0.0,0.3,-0.8333333333333334,0.6666666666666666,0.0,0.0,0.0,1.0,0.0,171
0.5833333333333334,0.7258883248730965,-0.5,0.7368002283746548,0.28169014084507044,0.47311827956989244,0.0,0.0,0.0,0.5333333333333333,1.0,0.0,1.0,0.0,0.0,2290
-1.0,0.40101522842639586,1.25,-0.7926654504863353,-0.9483568075117371,-0.01075268817204301,2.5,0.0,0.16666666666666666,-0.9333333333333333,0.0,0.0,1.0,0.0,0.0,26
-0.3333333333333333,-0.6345177664974619,0.34375,-0.7926654504863353,-1.0009389671361502,-0.01075268817204301,0.0,0.0,1.0,0.8666666666666667,0.0,0.0,0.0,1.0,0.0,636
-0.3333333333333333,0.6091370558375635,0.25,-0.4861165064064858,-0.8046948356807512,1.1720430107526882,0.0,0.0,0.16666666666666666,0.2,0.0,0.0,1.0,0.0,0.0,1993
0.3333333333333333,-0.035532994923857836,-0.125,1.0421797791354965,0.29107981220657275,0.8064516129032258,0.0,0.0,-0.16666666666666666,-0.8666666666666667,0.0,1.0,0.0,0.0,0.0,911
-0.5833333333333334,-1.1421319796954315,-0.03125,-1.0429616152145371,-0.011267605633802818,-0.01075268817204301,0.0,0.0,-0.6666666666666666,-0.5333333333333333,0.0,0.0,0.0,1.0,0.0,39
-0.6666666666666666,-0.7005076142131981,0.59375,-0.4861165064064858,-0.8732394366197183,-0.01075268817204301,0.0,0.7,1.0,0.4,0.0,0.0,0.0,1.0,-1.0,64
0.8333333333333334,-0.8223350253807107,-0.28125,0.682712243030312,0.14460093896713616,-0.01075268817204301,0.0,0.0,1.0,-0.6,0.0,0.0,0.0,1.0,0.0,389
0.4166666666666667,1.1573604060913705,-0.53125,0.7368002283746548,0.29107981220657275,2.064516129032258,0.0,0.0,0.3333333333333333,-0.4,0.0,0.0,1.0,0.0,0.0,1293
0.8333333333333334,-1.3401015228426396,-0.15625,0.7898955205469734,0.29107981220657275,-0.01075268817204301,0.0,0.0,-0.8333333333333334,-0.3333333333333333,0.0,0.0,0.0,1.0,0.0,172
-0.5833333333333334,0.7309644670050761,0.4375,-1.1921678124288753,0.29107981220657275,-0.01075268817204301,0.0,0.0,0.3333333333333333,-0.13333333333333333,0.0,0.0,1.0,0.0,0.0,254
0.16666666666666666,0.1878172588832487,1.1875,0.0707286024015658,-1.0676056338028168,0.5053763440860215,2.5,0.0,0.6666666666666666,-0.7333333333333333,0.0,0.0,0.0,0.0,0.0,17
0.16666666666666666,0.4111675126903554,-0.90625,0.9437305196070348,-0.2591549295774648,3.043010752688172,0.0,0.0,-0.3333333333333333,0.6666666666666666,0.0,1.0,0.0,0.0,0.0,1123
-0.3333333333333333,0.6954314720812182,0.375,0.2058418822217645,0.29014084507042254,0.7419354838709676,0.0,0.0,0.3333333333333333,-0.4,0.0,0.0,1.0,0.0,0.0,1728
-1.0,-0.5279187817258884,-0.46875,1.0902852095090052,0.2863849765258216,-0.01075268817204301,0.0,0.0,0.8333333333333334,0.4,0.0,0.0,0.0,0.0,0.0,443
0.3333333333333333,-0.09644670050761424,-0.8125,-0.07312821817005527,0.29014084507042254,2.258064516129032,0.0,0.0,-0.5,0.0,0.0,1.0,0.0,0.0,0.0,976
-1.0,-0.5939086294416244,0.3125,-0.22768379202711048,-1.223474178403756,-0.01075268817204301,0.0,0.0,-0.8333333333333334,0.0,0.0,0.0,0.0,1.0,0.0,212
-0.08333333333333333,0.1472081218274111,0.65625,0.0707286024015658,-0.4516431924882629,1.4623655913978495,0.0,0.0,-0.16666666666666666,-0.2,1.0,1.0,0.0,0.0,0.0,993
-0.3333333333333333,0.6446700507614213,0.5625,-0.4861165064064858,-0.12206572769953052,0.8172043010752688,0.0,0.0,0.16666666666666666,-0.06666666666666667,1.0,0.0,1.0,0.0,0.0,613
-1.0,-1.0761421319796953,-0.15625,0.9933397872392326,0.27417840375586855,-0.01075268817204301,0.0,0.0,-0.6666666666666666,-0.26666666666666666,0.0,0.0,0.0,1.0,0.0,103
-0.75,0.42639593908629436,0.1875,-0.14891824053188613,0.29107981220657275,-0.01075268817204301,0.0,0.0,0.16666666666666666,-0.4666666666666667,0.0,0.0,1.0,0.0,0.0,285
0.0,0.2284263959390863,-0.125,0.9437305196070348,-0.3192488262910798,1.6344086021505375,0.0,0.0,-0.3333333333333333,-1.0,1.0,1.0,0.0,0.0,0.0,926
-0.25,-0.17766497461928935,-0.03125,-0.39575298507290857,0.06666666666666667,1.096774193548387,0.0,0.0,0.6666666666666666,-0.2,1.0,0.0,0.0,0.0,0.0,853
-0.3333333333333333,-0.6954314720812182,1.21875,-0.5816560227957038,-1.424413145539906,0.0,0.0,0.8,1.0,-0.6,0.0,0.0,0.0,1.0,0.0,754
0.5833333333333334,0.46700507614213194,-0.03125,0.2058418822217645,-1.0253521126760563,0.3225806451612903,0.0,0.0,-0.16666666666666666,-0.13333333333333333,0.0,1.0,0.0,0.0,0.0,2236
0.3333333333333333,0.015228426395939123,-0.65625,0.8420508501474621,0.29107981220657275,1.043010752688172,0.0,0.0,0.6666666666666666,-0.3333333333333333,0.0,0.0,0.0,0.0,0.0,1284
-0.3333333333333333,-0.6192893401015228,0.0,-0.39575298507290857,0.26666666666666666,0.3333333333333333,0.0,0.0,-0.5,0.06666666666666667,1.0,1.0,0.0,0.0,0.0,384
0.08333333333333333,0.12690355329949238,-0.3125,0.6275737112096174,-1.155868544600939,3.0,0.0,0.0,-0.5,0.6666666666666666,0.0,1.0,0.0,0.0,0.0,504
-0.25,0.46700507614213194,-0.5625,-0.6833781561418334,0.1784037558685446,2.043010752688172,0.0,0.0,0.0,-0.8666666666666667,1.0,0.0,1.0,0.0,0.0,831
0.9166666666666666,-0.06091370558375631,-0.1875,-0.39575298507290857,-0.03943661971830986,-0.01075268817204301,0.0,0.0,-0.3333333333333333,0.8,1.0,1.0,0.0,0.0,0.0,905
-0.8333333333333334,0.19289340101522848,0.78125,0.3951330286481768,-0.8657276995305164,-0.01075268817204301,0.5,0.0,-0.16666666666666666,-0.6666666666666666,1.0,1.0,0.0,0.0,0.0,74
0.0,0.6243654822335026,-0.28125,0.0,-0.19061032863849764,2.4731182795698925,0.0,0.0,0.0,0.2,0.0,0.0,1.0,0.0,0.0,1224
0.16666666666666666,0.4974619289340102,1.0,0.0,-0.23943661971830985,1.3118279569892473,0.5,0.0,0.3333333333333333,0.7333333333333333,0.0,0.0,1.0,0.0,0.0,231
0.25,0.7563451776649746,-0.4375,0.9437305196070348,-0.3314553990610329,2.838709677419355,0.0,0.0,0.0,0.4666666666666667,1.0,0.0,1.0,0.0,0.0,1589
0.8333333333333334,-0.6700507614213198,-0.75,1.365145862684823,-0.23849765258215963,-0.01075268817204301,0.0,0.0,-0.6666666666666666,-0.13333333333333333,0.0,0.0,0.0,1.0,0.0,218
-0.5,0.10152284263959391,-1.78125,-0.91150831659757,0.0009389671361502347,0.05376344086021505,0.0,0.0,-0.16666666666666666,0.4,0.0,1.0,0.0,0.0,-1.0,277
0.5,0.0406091370558376,-0.34375,-0.14891824053188613,0.29107981220657275,0.16129032258064516,0.0,0.0,0.6666666666666666,-0.26666666666666666,0.0,0.0,0.0,0.0,0.0,2618
-1.0,0.34010152284263956,-0.09375,-0.22768379202711048,0.29107981220657275,-0.01075268817204301,0.0,0.0,0.5,-0.26666666666666666,0.0,0.0,0.0,0.0,0.0,949
-0.25,0.8223350253807107,0.03125,-0.14891824053188613,0.24882629107981222,1.7956989247311825,0.0,0.0,0.3333333333333333,-0.3333333333333333,1.0,0.0,1.0,0.0,0.0,672
0.5,0.6294416243654822,-0.46875,-0.3098055405697065,0.29107981220657275,0.5053763440860215,0.0,0.0,0.5,-0.4,0.0,0.0,0.0,0.0,0.0,3298
0.75,-1.1065989847715736,-0.5625,-0.39575298507290857,0.29107981220657275,-0.01075268817204301,0.0,0.0,1.0,-0.2,0.0,0.0,0.0,1.0,0.0,271
-0.16666666666666666,0.38578680203045695,0.5,-0.22768379202711048,0.2507042253521127,0.41935483870967744,0.0,0.0,0.16666666666666666,-0.4666666666666667,0.0,0.0,1.0,0.0,0.0,217
0.9166666666666666,0.22335025380710655,0.6875,-1.0429616152145371,-1.2835680751173708,-0.01075268817204301,0.0,0.0,-0.3333333333333333,0.9333333333333333,0.0,1.0,0.0,0.0,0.0,1044
0.8333333333333334,0.3248730964467004,0.5625,-0.5816560227957038,-1.1023474178403756,-0.01075268817204301,0.0,0.0,-0.16666666666666666,-1.0,0.0,1.0,0.0,0.0,-1.0,1400
0.5,-0.44670050761421326,-0.71875,0.2705797236685667,-0.027230046948356807,-0.01075268817204301,0.0,0.0,0.8333333333333334,0.9333333333333333,0.0,0.0,0.0,0.0,0.0,1384
0.5,0.030456852791878156,-0.4375,0.0707286024015658,0.29107981220657275,0.3763440860215053,0.0,0.0,-0.3333333333333333,0.5333333333333333,0.0,1.0,0.0,0.0,0.0,2318
0.08333333333333333,-0.4873096446700508,-0.65625,0.3336351996355,0.011267605633802818,1.204301075268817,0.0,0.0,1.0,-0.4666666666666667,1.0,0.0,0.0,1.0,0.0,431
-0.4166666666666667,-0.5583756345177665,0.4375,-0.4861165064064858,-1.315492957746479,-0.01075268817204301,0.0,0.0,-0.8333333333333334,0.06666666666666667,0.0,0.0,0.0,1.0,0.0,272
0.08333333333333333,0.05583756345177664,-0.59375,0.2705797236685667,-1.2910798122065728,2.946236559139785,0.0,0.0,-0.5,0.6,1.0,1.0,0.0,0.0,0.0,784
0.08333333333333333,0.48223350253807107,0.1875,0.9437305196070348,-1.1230046948356807,2.053763440860215,0.0,0.0,-0.16666666666666666,-1.0,0.0,1.0,0.0,0.0,-1.0,1493
0.4166666666666667,-0.969543147208122,-0.875,0.13927936789351517,0.29107981220657275,0.18279569892473116,0.0,0.0,1.0,-0.2,0.0,0.0,0.0,1.0,0.0,392
-0.9166666666666666,-0.868020304568528,-0.6875,0.3336351996355,0.2375586854460094,-0.01075268817204301,0.0,0.0,-0.6666666666666666,0.0,0.0,0.0,0.0,1.0,-1.0,77
0.5,0.5025380710659898,0.1875,1.1844188200176686,-0.41784037558685444,0.5268817204301075,0.0,0.0,0.0,-0.2,0.0,0.0,1.0,0.0,0.0,2479
0.6666666666666666,-0.7411167512690355,-0.4375,0.0,0.29107981220657275,-0.01075268817204301,0.0,0.0,-0.6666666666666666,0.3333333333333333,0.0,0.0,0.0,1.0,0.0,356
-1.0,-0.2639593908629441,0.0625,0.3951330286481768,0.2084507042253521,-0.01075268817204301,0.0,0.0,-0.3333333333333333,0.0,0.0,1.0,0.0,0.0,0.0,401
0.16666666666666666,0.299492385786802,-0.375,0.3336351996355,-1.0009389671361502,2.193548387096774,0.0,0.0,-0.5,0.7333333333333333,0.0,1.0,0.0,0.0,0.0,618
-0.16666666666666666,-0.5380710659898477,-1.09375,0.3336351996355,0.28075117370892017,1.258064516129032,0.0,0.0,0.8333333333333334,0.4,0.0,0.0,0.0,0.0,0.0,603
0.08333333333333333,-0.05583756345177664,-0.78125,0.13927936789351517,-0.23380281690140844,3.2795698924731185,0.0,0.0,-0.3333333333333333,-0.4666666666666667,0.0,1.0,0.0,0.0,0.0,869
-0.75,-0.025380710659898477,-1.78125,-0.5816560227957038,0.29107981220657275,-0.01075268817204301,0.0,0.0,-0.16666666666666666,0.3333333333333333,0.0,1.0,0.0,0.0,0.0,165
0.5833333333333334,-0.6903553299492385,-0.5625,0.7898955205469734,0.29107981220657275,-0.01075268817204301,0.0,0.0,-0.6666666666666666,0.3333333333333333,0.0,0.0,0.0,1.0,0.0,460
0.6666666666666666,0.8477157360406091,0.28125,0.7898955205469734,0.29107981220657275,0.01075268817204301,0.0,0.0,0.3333333333333333,-0.8,1.0,0.0,1.0,0.0,0.0,1387
0.9166666666666666,-1.0913705583756346,-0.5,0.455183241303237,0.29107981220657275,-0.01075268817204301,0.0,0.0,1.0,0.0,1.0,0.0,0.0,1.0,0.0,142
-0.6666666666666666,0.07106598984771575,-0.6875,-0.5816560227957038,0.29107981220657275,-0.01075268817204301,0.0,0.0,-0.3333333333333333,0.4,1.0,1.0,0.0,0.0,0.0,192
0.16666666666666666,0.5939086294416244,-0.90625,1.5370407516912272,0.29107981220657275,2.956989247311828,0.0,0.0,0.5,0.4,1.0,0.0,0.0,0.0,0.0,1532
0.25,-0.05583756345177664,0.03125,1.4088965798741255,-1.207511737089202,2.4193548387096775,0.0,0.0,-0.5,0.5333333333333333,1.0,1.0,0.0,0.0,0.0,1025
0.5,0.5380710659898478,-0.125,-0.14891824053188613,0.29107981220657275,0.5053763440860215,0.0,0.0,0.0,-0.4,1.0,0.0,1.0,0.0,0.0,2367
0.8333333333333334,0.3553299492385787,0.65625,-0.4861165064064858,-1.0704225352112675,-0.01075268817204301,0.0,0.0,0.0,-0.5333333333333333,0.0,0.0,1.0,0.0,0.0,2140
-0.6666666666666666,0.4111675126903554,0.9375,-1.0429616152145371,-0.6938967136150235,-0.01075268817204301,0.0,0.0,0.5,-0.6666666666666666,0.0,0.0,0.0,0.0,0.0,215
0.0,0.7461928934010152,-0.71875,0.682712243030312,0.16619718309859155,3.4946236559139785,0.0,0.0,0.0,-1.0,0.0,0.0,1.0,0.0,0.0,1076
0.3333333333333333,0.284263959390863,-0.09375,0.9933397872392326,-1.0779342723004695,0.9999999999999999,0.0,0.0,-0.16666666666666666,-0.3333333333333333,0.0,1.0,0.0,0.0,0.0,1496
0.16666666666666666,0.5939086294416244,-0.4375,0.9933397872392326,0.27323943661971833,2.7741935483870965,0.0,0.0,0.5,-0.6,0.0,0.0,0.0,0.0,0.0,1187
-0.6666666666666666,0.24365482233502542,0.84375,-0.4861165064064858,-1.2028169014084507,-0.01075268817204301,0.0,0.0,-0.16666666666666666,0.9333333333333333,0.0,1.0,0.0,0.0,0.0,167
0.08333333333333333,-0.9593908629441624,-0.78125,1.8200176575062148,0.27793427230046946,1.3225806451612903,0.0,0.0,1.0,-0.3333333333333333,0.0,0.0,0.0,1.0,0.0,241
-0.8333333333333334,-0.37055837563451777,0.0625,-0.7926654504863353,-0.09953051643192488,-0.01075268817204301,0.0,0.0,0.8333333333333334,-0.13333333333333333,0.0,0.0,0.0,0.0,0.0,327
0.5,0.6700507614213198,-0.28125,-0.39575298507290857,0.29107981220657275,0.5591397849462365,0.0,0.0,0.16666666666666666,-0.5333333333333333,1.0,0.0,1.0,0.0,0.0,2351
0.16666666666666666,-0.9593908629441624,-0.78125,0.3336351996355,0.22535211267605634,1.1935483870967742,0.0,0.0,1.0,-0.26666666666666666,0.0,0.0,0.0,1.0,0.0,258
0.0,0.10152284263959391,-0.75,0.6275737112096174,0.19061032863849764,3.3225806451612905,0.0,0.0,-0.3333333333333333,0.0,0.0,1.0,0.0,0.0,0.0,1052
-0.3333333333333333,0.035532994923857836,0.3125,-0.4861165064064858,0.11455399061032864,0.05376344086021505,0.0,0.0,-0.5,-0.13333333333333333,0.0,1.0,0.0,0.0,0.0,1371
-0.9166666666666666,-1.2030456852791878,-0.15625,0.0707286024015658,0.28826291079812205,-0.01075268817204301,0.0,0.0,1.0,-0.2,0.0,0.0,0.0,1.0,0.0,183
0.9166666666666666,0.36040609137055846,-0.15625,-0.91150831659757,0.29107981220657275,-0.01075268817204301,0.0,0.0,0.0,-0.9333333333333333,1.0,0.0,1.0,0.0,0.0,1490
-0.75,-0.583756345177665,-0.21875,0.3336351996355,0.29107981220657275,-0.01075268817204301,0.0,0.0,-0.3333333333333333,-0.5333333333333333,1.0,1.0,0.0,0.0,0.0,141
-0.5,0.7258883248730965,0.5,-0.4861165064064858,0.26384976525821596,0.0,0.0,0.0,0.3333333333333333,-1.0,0.0,0.0,1.0,0.0,0.0,622
0.9166666666666666,-0.005076142131979678,0.375,1.2305047302068106,0.29107981220657275,-0.01075268817204301,0.0,0.0,0.6666666666666666,-1.0,0.0,0.0,0.0,0.0,0.0,1057
0.16666666666666666,0.6446700507614213,-0.75,0.2058418822217645,0.29107981220657275,2.806451612903226,0.0,0.0,0.5,0.8666666666666667,1.0,0.0,0.0,0.0,0.0,1892
-0.75,-0.3096446700507614,0.1875,-0.7926654504863353,-0.9305164319248826,-0.01075268817204301,0.0,0.0,0.8333333333333334,0.0,0.0,0.0,0.0,0.0,0.0,262
0.75,-0.23857868020304565,-0.625,1.2759719533904954,0.056338028169014086,-0.01075268817204301,0.0,0.0,0.8333333333333334,0.26666666666666666,0.0,0.0,0.0,0.0,0.0,1020
0.5,-0.08629441624365479,-0.4375,-0.14891824053188613,0.2863849765258216,0.021505376344086016,0.0,0.0,0.8333333333333334,-1.0,0.0,0.0,0.0,0.0,0.0,2254
-0.75,0.3096446700507615,-0.1875,-0.39575298507290857,0.2187793427230047,-0.01075268817204301,0.0,0.0,0.0,-0.8,0.0,0.0,1.0,0.0,0.0,244
-0.08333333333333333,1.030456852791878,-0.375,0.2705797236685667,0.22347417840375586,2.9354838709677424,0.0,0.0,0.16666666666666666,0.4,1.0,0.0,1.0,0.0,0.0,499
-0.5,-1.2842639593908631,-0.3125,0.6275737112096174,0.26572769953051645,-0.01075268817204301,0.0,0.0,1.0,-0.26666666666666666,0.0,0.0,0.0,1.0,0.0,104
0.5833333333333334,0.9238578680203046,0.09375,0.5138834935935143,-0.18591549295774648,0.23655913978494622,0.0,0.0,0.16666666666666666,0.6,0.0,0.0,1.0,0.0,0.0,2039
0.8333333333333334,-0.09137055837563456,0.09375,-0.91150831659757,-0.6460093896713615,-0.01075268817204301,0.0,0.0,0.6666666666666666,-0.2,1.0,0.0,0.0,0.0,0.0,1147
-0.6666666666666666,0.5126903553299493,0.75,-0.5816560227957038,0.2375586854460094,-0.01075268817204301,0.0,0.0,0.3333333333333333,0.4,0.0,0.0,1.0,0.0,0.0,214
0.3333333333333333,0.5126903553299493,-0.8125,-0.3098055405697065,0.29107981220657275,1.4623655913978495,0.0,0.0,0.5,0.7333333333333333,0.0,0.0,0.0,0.0,0.0,1636
-0.4166666666666667,0.20812182741116758,-1.78125,-0.07312821817005527,-0.4422535211267606,0.3548387096774194,0.0,0.0,-0.16666666666666666,0.7333333333333333,1.0,1.0,0.0,0.0,0.0,341
-0.8333333333333334,-0.34517766497461927,0.71875,0.7898955205469734,-0.3267605633802817,-0.01075268817204301,0.0,0.0,-0.3333333333333333,-0.06666666666666667,1.0,1.0,0.0,0.0,0.0,254
0.9166666666666666,-1.071065989847716,-0.46875,-0.22768379202711048,0.06572769953051644,-0.01075268817204301,0.0,0.0,-0.8333333333333334,0.7333333333333333,1.0,0.0,0.0,1.0,0.0,103
0.25,0.4720812182741117,1.1875,0.0707286024015658,-1.3107981220657277,0.10752688172043011,0.5,0.0,-0.16666666666666666,0.06666666666666667,0.0,1.0,0.0,0.0,0.0,186
0.6666666666666666,0.48730964467005083,0.03125,0.8420508501474621,0.24413145539906103,0.05376344086021505,0.0,0.0,-0.16666666666666666,1.0,0.0,1.0,0.0,0.0,0.0,2164
-0.16666666666666666,0.918781725888325,-0.1875,0.5138834935935143,0.2619718309859155,2.4623655913978495,0.0,0.0,0.3333333333333333,-0.26666666666666666,1.0,0.0,1.0,0.0,0.0,483
-0.5833333333333334,0.36040609137055846,1.25,-0.7926654504863353,0.29107981220657275,-0.01075268817204301,0.0,0.0,0.16666666666666666,-0.4,0.0,0.0,1.0,0.0,0.0,174
-0.3333333333333333,0.21827411167512695,1.25,0.3336351996355,-0.3812206572769953,0.08602150537634408,4.0,0.0,0.5,0.3333333333333333,0.0,0.0,0.0,0.0,0.0,127
-0.08333333333333333,-0.7106598984771574,-0.5,1.4088965798741255,0.10234741784037558,0.9999999999999999,0.0,0.0,1.0,-0.8,0.0,0.0,0.0,1.0,0.0,379
-0.25,-0.9796954314720813,-0.25,-0.07312821817005527,0.03568075117370892,0.16129032258064516,0.0,0.0,-0.8333333333333334,-0.6666666666666666,1.0,0.0,0.0,1.0,0.0,221
0.6666666666666666,-0.15228426395939088,-0.15625,-0.07312821817005527,-0.504225352112676,-0.01075268817204301,0.0,0.0,0.8333333333333334,-0.13333333333333333,0.0,0.0,0.0,0.0,0.0,1269
0.9166666666666666,0.6548223350253807,0.59375,-0.7926654504863353,-0.6863849765258216,-0.01075268817204301,0.0,0.0,0.16666666666666666,0.13333333333333333,0.0,0.0,1.0,0.0,0.0,1354
-0.08333333333333333,-0.09137055837563456,-0.65625,1.4948257357364156,0.29107981220657275,2.4408602150537635,0.0,0.0,0.6666666666666666,-0.3333333333333333,0.0,0.0,0.0,0.0,0.0,926
-0.9166666666666666,-0.5380710659898477,-0.4375,-0.39575298507290857,0.056338028169014086,-0.01075268817204301,0.0,0.0,0.8333333333333334,0.26666666666666666,0.0,0.0,0.0,0.0,0.0,422
-0.9166666666666666,0.5279187817258882,-0.1875,-0.4861165064064858,0.29107981220657275,-0.01075268817204301,0.0,0.0,0.3333333333333333,0.13333333333333333,1.0,0.0,1.0,0.0,0.0,969
-0.8333333333333334,-0.41116751269035534,0.28125,-0.7926654504863353,-1.0018779342723005,-0.01075268817204301,0.0,0.0,-0.5,-0.2,0.0,1.0,0.0,0.0,0.0,161
0.5,0.42639593908629436,1.25,0.3951330286481768,-1.4075117370892019,0.07526881720430108,0.0,0.0,-0.16666666666666666,0.0,0.0,1.0,0.0,0.0,0.0,562
-0.9166666666666666,-0.44670050761421326,0.90625,-0.6833781561418334,-0.9136150234741784,-0.01075268817204301,0.0,0.0,-0.5,-0.5333333333333333,0.0,1.0,0.0,0.0,0.0,23
0.75,-0.18274111675126903,-0.21875,-0.22768379202711048,0.29107981220657275,-0.01075268817204301,0.0,0.0,0.6666666666666666,-0.4,0.0,0.0,0.0,0.0,0.0,1445
0.16666666666666666,0.6091370558375635,0.625,-0.5816560227957038,0.2507042253521127,0.7956989247311828,0.0,0.0,0.16666666666666666,-0.4,0.0,0.0,1.0,0.0,0.0,1142
0.75,-0.1472081218274112,0.40625,0.5713209318579696,0.29107981220657275,-0.01075268817204301,0.0,0.0,0.6666666666666666,0.6666666666666666,0.0,0.0,0.0,0.0,0.0,542
-1.0,0.3807106598984772,0.40625,-0.4861165064064858,0.29107981220657275,-0.01075268817204301,0.0,0.0,0.0,-0.06666666666666667,0.0,0.0,1.0,0.0,0.0,986
-0.16666666666666666,0.5177664974619289,-0.03125,0.0707286024015658,-0.5784037558685446,1.4301075268817205,0.0,0.0,0.0,0.2,0.0,0.0,1.0,0.0,0.0,937
0.9166666666666666,0.6649746192893402,0.59375,0.0707286024015658,-0.707981220657277,-0.01075268817204301,0.0,0.0,0.16666666666666666,0.06666666666666667,0.0,0.0,1.0,0.0,0.0,1340
-0.8333333333333334,0.3756345177664974,1.21875,-1.0429616152145371,-0.676056338028169,-0.01075268817204301,0.0,0.0,0.5,-0.8,0.0,0.0,0.0,0.0,0.0,324
0.3333333333333333,-0.35025380710659904,-0.46875,0.8933144384752442,-1.2535211267605635,0.5053763440860215,0.0,0.0,-0.8333333333333334,0.26666666666666666,1.0,0.0,0.0,1.0,0.0,352
0.9166666666666666,0.5279187817258882,0.4375,1.6608858990800979,0.27417840375586855,-0.01075268817204301,0.0,0.0,0.5,-0.6666666666666666,0.0,0.0,0.0,0.0,0.0,562
-0.16666666666666666,-0.44670050761421326,-0.3125,-0.22768379202711048,0.09201877934272301,1.3010752688172043,0.0,0.0,0.8333333333333334,0.06666666666666667,1.0,0.0,0.0,0.0,0.0,733
-0.3333333333333333,-0.8781725888324874,0.6875,-0.5816560227957038,-1.2,-0.01075268817204301,0.0,0.0,-0.8333333333333334,-0.13333333333333333,1.0,0.0,0.0,1.0,0.0,81
0.5,0.36548223350253806,-0.53125,-0.07312821817005527,0.29107981220657275,1.129032258064516,0.0,0.0,-0.16666666666666666,-0.5333333333333333,0.0,1.0,0.0,0.0,0.0,2142
-0.75,0.43147208121827413,-0.46875,-1.3691539278131721,0.18873239436619718,-0.01075268817204301,0.0,0.0,0.0,0.4666666666666667,1.0,0.0,1.0,0.0,0.0,540
-0.75,0.4111675126903554,0.71875,-0.22768379202711048,0.29107981220657275,-0.01075268817204301,0.0,0.0,0.5,-0.06666666666666667,1.0,0.0,0.0,0.0,0.0,302
-0.9166666666666666,-0.6192893401015228,0.1875,0.3336351996355,-0.292018779342723,-0.01075268817204301,0.0,0.0,0.8333333333333334,0.9333333333333333,0.0,0.0,0.0,0.0,0.0,456
-0.3333333333333333,-0.34517766497461927,1.15625,0.7368002283746548,-0.5286384976525822,0.04301075268817204,2.0,0.0,-0.3333333333333333,-0.7333333333333333,0.0,1.0,0.0,0.0,0.0,207
-0.9166666666666666,-0.6243654822335026,0.21875,-0.6833781561418334,-1.15962441314554,-0.01075268817204301,0.0,0.0,-0.8333333333333334,0.0,0.0,0.0,0.0,1.0,0.0,207
-1.0,0.3147208121827411,0.4375,0.3336351996355,-0.3380281690140845,-0.01075268817204301,0.0,0.0,0.0,0.26666666666666666,0.0,0.0,1.0,0.0,0.0,1030
-0.75,0.4771573604060913,1.125,-0.7926654504863353,0.29107981220657275,-0.01075268817204301,0.0,0.0,0.3333333333333333,0.8,0.0,0.0,1.0,0.0,0.0,281
-0.8333333333333334,0.5888324873096448,0.875,-0.3098055405697065,-0.292018779342723,-0.01075268817204301,0.0,0.0,0.16666666666666666,-0.06666666666666667,1.0,0.0,1.0,0.0,0.0,632
0.4166666666666667,0.9137055837563453,-0.125,1.2305047302068106,0.26666666666666666,2.1612903225806455,0.0,0.0,0.16666666666666666,-0.13333333333333333,1.0,0.0,1.0,0.0,0.0,1433
-0.5833333333333334,-0.41116751269035534,1.25,0.0,-1.5511737089201878,-0.01075268817204301,0.0,0.0,-0.5,0.6666666666666666,0.0,1.0,0.0,0.0,0.0,98
0.4166666666666667,0.7614213197969544,-0.4375,0.13927936789351517,-0.26854460093896715,1.129032258064516,0.0,0.0,-0.16666666666666666,-0.06666666666666667,0.0,1.0,0.0,0.0,0.0,1951
-0.25,-0.5279187817258884,0.625,-0.4861165064064858,-1.1577464788732394,0.41935483870967744,0.0,0.2,0.8333333333333334,0.6666666666666666,0.0,0.0,0.0,0.0,0.0,795
-0.16666666666666666,0.4771573604060913,-0.375,0.0,0.29107981220657275,2.2473118279569895,0.0,0.0,0.5,-0.4666666666666667,1.0,0.0,0.0,0.0,0.0,928
0.08333333333333333,0.9086294416243654,-0.125,0.9933397872392326,0.004694835680751174,3.5161290322580645,0.0,0.0,0.16666666666666666,-0.06666666666666667,1.0,0.0,1.0,0.0,0.0,810
0.9166666666666666,0.6548223350253807,0.65625,-1.1921678124288753,0.29107981220657275,-0.01075268817204301,0.0,0.0,0.16666666666666666,-0.8666666666666667,0.0,0.0,1.0,0.0,0.0,1365
0.5833333333333334,-0.28426395939086296,-0.375,-0.39575298507290857,-0.08262910798122065,-0.01075268817204301,0.0,0.0,0.8333333333333334,0.13333333333333333,1.0,0.0,0.0,0.0,0.0,759
-0.75,-0.40609137055837563,0.15625,-0.7926654504863353,-0.9089201877934272,-0.01075268817204301,0.0,0.0,-0.5,-0.2,0.0,1.0,0.0,0.0,0.0,103
0.5,0.6142131979695432,0.0,0.7368002283746548,-0.444131455399061,1.021505376344086,0.0,0.0,0.0,-0.6,0.0,0.0,1.0,0.0,0.0,3221
0.25,0.5025380710659898,-0.6875,-0.07312821817005527,0.29107981220657275,1.4838709677419353,0.0,0.0,0.5,0.7333333333333333,0.0,0.0,0.0,0.0,0.0,1404
-0.3333333333333333,-0.0203045685279188,0.65625,-0.22768379202711048,-1.2769953051643192,0.4301075268817204,0.0,0.0,-0.16666666666666666,-0.3333333333333333,0.0,1.0,0.0,0.0,0.0,1881
0.0,-0.4416243654822335,-0.1875,0.455183241303237,0.023474178403755867,1.1935483870967742,0.0,0.0,-0.5,0.3333333333333333,0.0,1.0,0.0,0.0,0.0,333
0.9166666666666666,0.0,-0.0625,-0.91150831659757,0.29107981220657275,-0.01075268817204301,0.0,0.0,0.6666666666666666,-0.5333333333333333,0.0,0.0,0.0,0.0,0.0,1196
0.9166666666666666,0.12182741116751271,0.8125,-0.7926654504863353,0.29107981220657275,-0.01075268817204301,0.0,0.0,-0.16666666666666666,-0.6666666666666666,1.0,1.0,0.0,0.0,0.0,1016
0.3333333333333333,-0.6142131979695431,-0.75,1.7012842487764193,-0.19718309859154928,2.118279569892473,0.0,0.0,-0.5,-1.0,0.0,1.0,0.0,0.0,-1.0,460
-0.25,-0.15736040609137056,0.09375,-0.14891824053188613,-0.34178403755868547,1.053763440860215,0.0,0.0,0.6666666666666666,0.26666666666666666,1.0,0.0,0.0,0.0,0.0,921
-0.5,-0.29949238578680204,-0.0625,-0.22768379202711048,-0.6281690140845071,-0.01075268817204301,0.0,0.0,-0.3333333333333333,0.2,0.0,1.0,0.0,0.0,0.0,367
0.9166666666666666,0.5634517766497463,0.09375,0.682712243030312,0.29107981220657275,-0.01075268817204301,0.0,0.0,0.16666666666666666,-0.5333333333333333,1.0,0.0,1.0,0.0,0.0,1252
-0.75,-0.2741116751269036,0.4375,-0.4861165064064858,-1.231924882629108,-0.01075268817204301,0.0,0.0,-0.5,0.7333333333333333,0.0,1.0,0.0,0.0,0.0,127
-0.9166666666666666,0.09137055837563456,1.25,0.9933397872392326,-1.419718309859155,-0.01075268817204301,3.0,0.0,-0.16666666666666666,0.4666666666666667,0.0,1.0,0.0,0.0,0.0,25
0.8333333333333334,0.42131979695431476,-0.09375,0.0707286024015658,0.29107981220657275,-0.01075268817204301,0.0,0.0,0.5,-0.4666666666666667,1.0,0.0,0.0,0.0,0.0,1291
0.6666666666666666,-0.8274111675126904,-0.53125,0.0,-0.09107981220657277,-0.01075268817204301,0.0,0.0,-0.6666666666666666,-0.5333333333333333,0.0,0.0,0.0,1.0,0.0,277
-0.08333333333333333,0.46700507614213194,1.125,1.7012842487764193,-0.8056338028169014,0.17204301075268816,0.0,0.0,-0.16666666666666666,0.0,0.0,1.0,0.0,0.0,0.0,243
-0.8333333333333334,0.4365482233502539,0.84375,-0.7926654504863353,0.29107981220657275,-0.01075268817204301,0.0,0.0,0.3333333333333333,0.6666666666666666,1.0,0.0,1.0,0.0,0.0,600
-0.5833333333333334,0.284263959390863,0.8125,0.3336351996355,-1.1577464788732394,-0.01075268817204301,0.0,0.0,0.0,0.26666666666666666,0.0,0.0,1.0,0.0,0.0,336
0.5833333333333334,1.0659898477157361,-0.3125,0.7898955205469734,0.0676056338028169,0.4408602150537634,0.0,0.0,0.16666666666666666,0.4,1.0,0.0,1.0,0.0,0.0,1478
0.75,0.6751269035532995,0.46875,-1.0429616152145371,0.27699530516431925,-0.01075268817204301,0.0,0.0,0.3333333333333333,0.3333333333333333,0.0,0.0,1.0,0.0,0.0,2057
-0.4166666666666667,0.0406091370558376,1.25,-1.1921678124288753,-1.4093896713615024,-0.01075268817204301,0.0,0.0,-0.5,-0.06666666666666667,0.0,1.0,0.0,0.0,0.0,15
0.8333333333333334,0.9441624365482234,-0.3125,0.3336351996355,0.29107981220657275,-0.01075268817204301,0.0,0.0,0.3333333333333333,0.4,0.0,0.0,1.0,0.0,0.0,1556
0.4166666666666667,-0.23350253807106597,-0.34375,0.2058418822217645,-0.8460093896713615,1.064516129032258,0.0,0.0,-0.5,-0.4666666666666667,0.0,1.0,0.0,0.0,0.0,834
-0.25,-0.5736040609137056,-0.84375,0.0,-0.16619718309859155,0.8602150537634409,0.0,0.0,-0.5,-0.8666666666666667,1.0,1.0,0.0,0.0,0.0,329
-0.16666666666666666,-0.4263959390862945,-0.9375,-0.22768379202711048,-0.11924882629107982,1.6451612903225805,0.0,0.0,-0.5,-0.8666666666666667,1.0,1.0,0.0,0.0,0.0,354
0.16666666666666666,0.3553299492385787,-1.25,0.9437305196070348,-0.1671361502347418,3.032258064516129,0.0,0.0,-0.3333333333333333,0.2,0.0,1.0,0.0,0.0,0.0,996
-0.75,0.2690355329949239,1.03125,-0.39575298507290857,-0.46854460093896716,-0.01075268817204301,0.0,0.0,0.5,0.4,1.0,0.0,0.0,0.0,0.0,458
-0.4166666666666667,0.0812182741116751,0.65625,0.0,-1.2544600938967136,0.05376344086021505,0.0,0.0,-0.3333333333333333,0.9333333333333333,0.0,1.0,0.0,0.0,0.0,1075
-1.0,-0.17258883248730966,0.5625,-2.15665183283064,-0.7211267605633803,-0.01075268817204301,0.0,0.0,0.8333333333333334,-0.7333333333333333,0.0,0.0,0.0,0.0,0.0,520
-0.5,0.7918781725888326,0.1875,0.0707286024015658,0.12018779342723004,-0.01075268817204301,0.0,0.0,0.3333333333333333,-0.8,1.0,0.0,1.0,0.0,0.0,289
-1.0,0.7106598984771574,0.5,-0.3098055405697065,0.1352112676056338,-0.01075268817204301,0.0,0.0,0.16666666666666666,0.3333333333333333,1.0,0.0,1.0,0.0,0.0,1132
0.0,0.5583756345177665,-0.03125,0.5138834935935143,-0.5596244131455399,1.8602150537634408,0.0,0.0,0.0,-0.2,0.0,0.0,1.0,0.0,0.0,1747
0.75,-0.13705583756345174,-0.125,-0.4861165064064858,0.29107981220657275,-0.01075268817204301,0.0,0.0,0.6666666666666666,0.06666666666666667,0.0,0.0,0.0,0.0,0.0,1493
0.08333333333333333,-0.6852791878172589,-0.84375,1.9353073142022745,0.23286384976525823,1.247311827956989,0.0,0.0,1.0,-0.8,0.0,0.0,0.0,1.0,0.0,391
0.4166666666666667,0.24873096446700502,-0.09375,0.9933397872392326,-1.0187793427230047,1.118279569892473,0.0,0.0,-0.5,0.7333333333333333,0.0,1.0,0.0,0.0,0.0,960
0.9166666666666666,-0.1472081218274112,0.15625,0.3951330286481768,0.003755868544600939,-0.01075268817204301,0.0,0.0,-0.16666666666666666,-0.8666666666666667,0.0,1.0,0.0,0.0,0.0,832
0.5833333333333334,-0.010152284263959355,-0.25,1.1844188200176686,0.21502347417840376,0.47311827956989244,0.0,0.0,-0.16666666666666666,-0.8666666666666667,0.0,1.0,0.0,0.0,0.0,1663
0.16666666666666666,-0.3654822335025381,-1.28125,0.8420508501474621,0.29107981220657275,1.7849462365591395,0.0,0.0,0.8333333333333334,0.4666666666666667,0.0,0.0,0.0,0.0,0.0,719
-0.75,-0.6395939086294417,1.25,-0.22768379202711048,-1.3586854460093896,-0.01075268817204301,3.7,4.1,-0.6666666666666666,0.4666666666666667,0.0,0.0,0.0,1.0,0.0,32
0.5,1.0862944162436547,-0.125,0.455183241303237,-0.3699530516431925,0.9139784946236559,0.0,0.0,0.16666666666666666,0.5333333333333333,0.0,0.0,1.0,0.0,0.0,2300
-0.5833333333333334,-0.42131979695431476,0.09375,0.3336351996355,0.29107981220657275,-0.01075268817204301,0.0,0.0,-0.5,0.0,0.0,1.0,0.0,0.0,0.0,85
0.6666666666666666,-0.29949238578680204,0.59375,1.3208447570935795,-1.020657276995305,-0.01075268817204301,0.0,0.0,0.8333333333333334,0.0,0.0,0.0,0.0,0.0,0.0,995
-0.08333333333333333,0.5025380710659898,0.15625,0.2058418822217645,-1.020657276995305,3.0752688172043015,0.0,0.0,0.0,-0.6,0.0,0.0,1.0,0.0,0.0,967
-0.4166666666666667,0.2741116751269035,0.1875,0.2058418822217645,0.29107981220657275,0.08602150537634408,0.0,0.0,0.5,-0.4,0.0,0.0,0.0,0.0,0.0,1463
0.08333333333333333,0.5634517766497463,1.25,-0.91150831659757,-0.8685446009389671,0.09677419354838711,9.5,0.0,0.3333333333333333,0.8,0.0,0.0,1.0,0.0,0.0,31
0.25,0.5939086294416244,0.4375,-1.3691539278131721,0.29107981220657275,0.4301075268817204,0.0,0.0,0.5,-0.06666666666666667,1.0,0.0,0.0,0.0,0.0,1077
0.25,0.2741116751269035,-0.90625,1.2305047302068106,0.07417840375586854,2.236559139784946,0.0,0.0,-0.5,1.0,1.0,1.0,0.0,0.0,0.0,1542
0.6666666666666666,0.4771573604060913,0.03125,0.682712243030312,0.29107981220657275,-0.01075268817204301,0.0,0.0,0.5,-0.4666666666666667,1.0,0.0,0.0,0.0,0.0,1930
-0.4166666666666667,-0.5126903553299492,0.5,-0.3098055405697065,-0.6366197183098592,-0.01075268817204301,0.0,0.0,0.8333333333333334,0.2,0.0,0.0,0.0,0.0,0.0,991
0.4166666666666667,-0.2081218274111675,1.1875,0.2705797236685667,-0.9671361502347418,0.10752688172043011,0.5,0.0,-0.3333333333333333,0.4666666666666667,0.0,1.0,0.0,0.0,0.0,42
-0.5,0.43147208121827413,1.03125,-1.0429616152145371,-1.236619718309859,0.03225806451612903,0.1,0.0,0.0,0.8,0.0,0.0,1.0,0.0,0.0,594
-1.0,0.36548223350253806,0.3125,0.2705797236685667,-0.755868544600939,-0.01075268817204301,0.0,0.0,0.0,0.4,0.0,0.0,1.0,0.0,0.0,1137
-0.9166666666666666,0.30456852791878175,0.8125,0.0,-0.21690140845070421,-0.01075268817204301,0.0,0.0,0.5,0.4,1.0,0.0,0.0,0.0,0.0,875
-0.25,0.3502538071065989,-0.1875,0.2058418822217645,0.29107981220657275,1.5268817204301073,0.0,0.0,0.5,-0.4666666666666667,1.0,0.0,0.0,0.0,0.0,803
0.16666666666666666,0.7258883248730965,0.59375,0.9437305196070348,-0.1624413145539906,1.064516129032258,0.0,0.0,0.16666666666666666,-0.26666666666666666,0.0,0.0,1.0,0.0,0.0,976
-0.25,-0.7817258883248731,-0.1875,-0.4861165064064858,-0.03380281690140845,0.6129032258064515,0.0,0.0,-0.6666666666666666,0.4,0.0,0.0,0.0,1.0,0.0,383
0.9166666666666666,0.5228426395939086,0.75,-0.7926654504863353,0.19061032863849764,-0.01075268817204301,0.0,0.0,0.3333333333333333,1.0,0.0,0.0,1.0,0.0,0.0,1329
-0.5833333333333334,-0.9949238578680204,0.21875,-0.39575298507290857,-0.4309859154929577,-0.01075268817204301,0.0,0.0,-0.8333333333333334,-0.6666666666666666,1.0,0.0,0.0,1.0,0.0,48
0.6666666666666666,-0.6395939086294417,-0.46875,-0.22768379202711048,-0.5417840375586854,-0.01075268817204301,0.0,0.0,1.0,-0.06666666666666667,0.0,0.0,0.0,1.0,0.0,320
0.25,-0.12182741116751271,-0.6875,0.2705797236685667,-0.7784037558685446,1.1827956989247312,0.0,0.0,0.8333333333333334,0.2,0.0,0.0,0.0,0.0,0.0,839
0.75,0.8274111675126904,0.0625,-0.07312821817005527,0.29107981220657275,-0.01075268817204301,0.0,0.0,0.16666666666666666,0.26666666666666666,0.0,0.0,1.0,0.0,0.0,1869
-0.75,-1.1218274111675128,0.34375,1.0421797791354965,0.29107981220657275,-0.01075268817204301,0.0,1.0,-0.8333333333333334,0.4666666666666667,0.0,0.0,0.0,1.0,0.0,55
0.5,-0.7005076142131981,-1.25,0.2705797236685667,0.29107981220657275,0.2043010752688172,0.0,0.0,-0.6666666666666666,0.06666666666666667,1.0,0.0,0.0,1.0,-1.0,223
0.0,0.5736040609137056,-0.03125,-0.4861165064064858,-1.0892018779342723,1.6774193548387097,0.0,0.0,0.0,0.06666666666666667,1.0,0.0,1.0,0.0,0.0,1422
-0.6666666666666666,-0.12690355329949238,0.78125,-1.5998067240225886,-0.6938967136150235,-0.01075268817204301,0.0,0.0,0.6666666666666666,-0.06666666666666667,0.0,0.0,0.0,0.0,0.0,152
-0.08333333333333333,0.3096446700507615,-0.90625,0.3336351996355,0.004694835680751174,2.989247311827957,0.0,0.0,-0.3333333333333333,0.8666666666666667,1.0,1.0,0.0,0.0,0.0,1060
0.8333333333333334,0.8426395939086295,0.46875,-1.0429616152145371,0.10892018779342723,-0.01075268817204301,0.0,0.0,0.3333333333333333,-0.6666666666666666,0.0,0.0,1.0,0.0,0.0,1371
-0.6666666666666666,-0.6395939086294417,0.75,-0.7926654504863353,-1.0046948356807512,-0.01075268817204301,0.0,0.0,-0.5,-0.4,1.0,1.0,0.0,0.0,0.0,91
-0.6666666666666666,-0.23857868020304565,0.4375,-0.4861165064064858,-0.16338028169014085,-0.01075268817204301,0.0,0.0,0.6666666666666666,0.3333333333333333,1.0,0.0,0.0,0.0,0.0,206
0.16666666666666666,1.0203045685279188,-0.0625,-0.3098055405697065,-0.29577464788732394,0.9999999999999999,0.0,0.0,0.3333333333333333,-0.2,0.0,0.0,1.0,0.0,0.0,651
-0.9166666666666666,0.5025380710659898,-0.3125,0.3951330286481768,0.29107981220657275,-0.01075268817204301,0.0,0.0,0.3333333333333333,0.06666666666666667,0.0,0.0,1.0,0.0,0.0,842
0.5,0.15736040609137064,-0.75,1.0902852095090052,-0.47699530516431926,0.9139784946236559,0.0,0.0,-0.3333333333333333,0.13333333333333333,0.0,1.0,0.0,0.0,0.0,1918
0.5833333333333334,0.5532994923857868,-0.3125,0.3336351996355,0.29107981220657275,0.04301075268817204,0.0,0.0,0.5,-0.4,0.0,0.0,0.0,0.0,0.0,2518
0.5833333333333334,0.08629441624365479,-0.375,1.0421797791354965,-0.5183098591549296,0.24731182795698922,0.0,0.0,-0.3333333333333333,0.6666666666666666,0.0,1.0,0.0,0.0,0.0,1891
0.8333333333333334,0.005076142131979678,-0.03125,-0.39575298507290857,-0.07417840375586854,-0.01075268817204301,0.0,0.0,0.6666666666666666,0.6,0.0,0.0,0.0,0.0,0.0,1316
0.0,-0.42131979695431476,-0.15625,-0.22768379202711048,-1.2591549295774649,0.47311827956989244,0.0,0.0,-0.8333333333333334,0.0,0.0,0.0,0.0,1.0,0.0,276
-0.08333333333333333,-0.1624365482233502,-0.53125,-0.6833781561418334,-0.016901408450704224,1.7741935483870965,0.0,0.0,0.8333333333333334,-0.26666666666666666,0.0,0.0,0.0,0.0,0.0,785
0.9166666666666666,0.3756345177664974,-0.125,0.2058418822217645,0.29107981220657275,-0.01075268817204301,0.0,0.0,0.5,-0.3333333333333333,0.0,0.0,0.0,0.0,0.0,1240
0.08333333333333333,0.7005076142131981,-0.75,1.0902852095090052,0.21690140845070421,3.6666666666666665,0.0,0.0,0.0,0.3333333333333333,0.0,0.0,1.0,0.0,0.0,1147
-0.5833333333333334,0.751269035532995,0.8125,0.13927936789351517,-0.6769953051643193,-0.01075268817204301,0.0,0.0,0.3333333333333333,-0.6666666666666666,0.0,0.0,1.0,0.0,0.0,258
0.08333333333333333,1.050761421319797,0.03125,0.2058418822217645,-0.7107981220657277,1.4193548387096775,0.0,0.0,0.16666666666666666,0.8,1.0,0.0,1.0,0.0,0.0,741
0.75,-0.15228426395939088,1.15625,0.7898955205469734,-0.059154929577464786,-0.01075268817204301,1.0,0.0,-0.16666666666666666,-0.9333333333333333,0.0,1.0,0.0,0.0,0.0,327
-0.6666666666666666,0.0812182741116751,0.90625,0.3951330286481768,-0.7633802816901408,-0.01075268817204301,0.0,0.0,-0.5,-0.06666666666666667,0.0,1.0,0.0,0.0,0.0,9
0.3333333333333333,0.6598984771573604,-0.375,0.0707286024015658,0.29107981220657275,2.043010752688172,0.0,0.0,0.0,-0.06666666666666667,0.0,0.0,1.0,0.0,0.0,1726
0.5833333333333334,-0.25888324873096447,0.875,-0.22768379202711048,0.29107981220657275,-0.01075268817204301,0.0,0.0,0.6666666666666666,0.8,1.0,0.0,0.0,0.0,0.0,645
0.4166666666666667,0.3959390862944163,-0.71875,0.7368002283746548,0.26009389671361505,1.946236559139785,0.0,0.0,-0.16666666666666666,-0.4666666666666667,0.0,1.0,0.0,0.0,0.0,2034
0.4166666666666667,1.131979695431472,-0.25,1.3208447570935795,-0.05352112676056338,1.6236559139784945,0.0,0.0,0.3333333333333333,-0.8666666666666667,0.0,0.0,1.0,0.0,0.0,1105
-0.16666666666666666,0.4974619289340102,1.0,-0.6833781561418334,0.024413145539906103,0.2043010752688172,0.5,0.0,0.5,-0.8666666666666667,0.0,0.0,0.0,0.0,0.0,434
0.08333333333333333,-0.18274111675126903,-0.625,0.3951330286481768,0.19718309859154928,1.4086021505376345,0.0,0.0,0.8333333333333334,0.13333333333333333,1.0,0.0,0.0,0.0,0.0,905
0.3333333333333333,-0.3807106598984772,-0.90625,0.13927936789351517,-0.476056338028169,1.096774193548387,0.0,0.0,-0.6666666666666666,-0.4666666666666667,0.0,0.0,0.0,1.0,0.0,319
-0.16666666666666666,0.6142131979695432,0.5625,-0.3098055405697065,-0.6215962441314554,1.3010752688172043,0.0,0.0,0.16666666666666666,-0.7333333333333333,0.0,0.0,1.0,0.0,0.0,827
0.0,-0.48223350253807107,-0.625,-0.07312821817005527,-0.8704225352112676,1.8709677419354838,0.0,0.0,-0.6666666666666666,0.5333333333333333,1.0,0.0,0.0,1.0,0.0,363
-1.0,-0.9390862944162437,0.09375,0.2058418822217645,0.2863849765258216,-0.01075268817204301,0.0,0.0,-0.6666666666666666,-0.2,0.0,0.0,0.0,1.0,0.0,158
-0.6666666666666666,0.299492385786802,0.78125,-0.4861165064064858,-1.088262910798122,-0.01075268817204301,0.0,0.0,0.0,0.06666666666666667,1.0,0.0,1.0,0.0,0.0,304
-0.9166666666666666,-0.21319796954314718,-0.375,-0.5816560227957038,-0.40093896713615024,-0.01075268817204301,0.0,0.0,-0.3333333333333333,0.2,0.0,1.0,0.0,0.0,0.0,42
0.25,0.8121827411167513,0.0,0.3336351996355,0.29107981220657275,2.2473118279569895,0.0,0.0,0.3333333333333333,0.3333333333333333,0.0,0.0,1.0,0.0,0.0,957
0.0,1.050761421319797,-0.6875,0.2058418822217645,-0.15211267605633802,3.3655913978494625,0.0,0.0,0.16666666666666666,0.3333333333333333,1.0,0.0,1.0,0.0,0.0,735
-0.3333333333333333,-1.2690355329949239,-0.53125,0.7898955205469734,0.29107981220657275,0.01075268817204301,0.0,0.0,-0.6666666666666666,-0.7333333333333333,0.0,0.0,0.0,1.0,0.0,433
0.5833333333333334,-0.8426395939086295,-1.34375,1.8200176575062148,0.29107981220657275,-0.01075268817204301,0.0,0.0,-0.6666666666666666,-0.4,1.0,0.0,0.0,1.0,0.0,151
0.25,0.7258883248730965,-0.25,-0.07312821817005527,0.2563380281690141,2.10752688172043,0.0,0.0,0.5,-0.2,0.0,0.0,0.0,0.0,0.0,1200
-0.8333333333333334,0.36040609137055846,0.46875,-0.4861165064064858,0.29107981220657275,-0.01075268817204301,0.0,0.0,0.5,-0.7333333333333333,0.0,0.0,0.0,0.0,0.0,493
0.8333333333333334,0.8274111675126904,0.5625,-0.07312821817005527,-0.07605633802816901,-0.01075268817204301,0.0,0.0,0.3333333333333333,-0.6,0.0,0.0,1.0,0.0,0.0,1664
-0.16666666666666666,-0.8375634517766498,0.4375,-0.6833781561418334,-1.015962441314554,0.7096774193548387,0.0,2.1,1.0,0.3333333333333333,0.0,0.0,0.0,1.0,0.0,169
0.16666666666666666,-0.005076142131979678,-0.78125,1.7412639288257201,0.29107981220657275,1.9032258064516128,0.0,0.0,0.6666666666666666,-0.3333333333333333,0.0,0.0,0.0,0.0,0.0,991
-0.75,-0.11167512690355327,0.28125,-0.39575298507290857,-0.1727699530516432,-0.01075268817204301,0.0,0.0,-0.3333333333333333,0.6666666666666666,0.0,1.0,0.0,0.0,0.0,239
0.9166666666666666,-0.1878172588832487,0.9375,0.2705797236685667,0.29107981220657275,-0.01075268817204301,0.0,0.0,-0.3333333333333333,0.4666666666666667,0.0,1.0,0.0,0.0,0.0,233
-0.8333333333333334,0.5482233502538072,0.34375,-0.39575298507290857,0.29107981220657275,-0.01075268817204301,0.0,0.0,0.5,-0.8666666666666667,0.0,0.0,0.0,0.0,0.0,321
-0.75,0.6395939086294418,0.53125,-1.5998067240225886,-0.006572769953051643,-0.01075268817204301,0.0,0.0,0.16666666666666666,0.3333333333333333,1.0,0.0,1.0,0.0,0.0,477
-0.9166666666666666,-0.7969543147208121,0.90625,-0.7926654504863353,-0.6572769953051644,-0.01075268817204301,0.0,0.0,1.0,-0.9333333333333333,1.0,0.0,0.0,1.0,0.0,308
0.0,-0.13705583756345174,-0.25,0.7368002283746548,0.29107981220657275,1.5483870967741935,0.0,0.0,0.6666666666666666,0.8666666666666667,0.0,0.0,0.0,0.0,0.0,737
-0.25,-0.4873096446700508,0.625,0.3336351996355,-1.339906103286385,0.6881720430107526,0.0,0.0,-0.5,-0.3333333333333333,1.0,1.0,0.0,0.0,0.0,289
-0.5,-0.3350253807106599,0.0,-0.91150831659757,0.07981220657276995,-0.01075268817204301,0.0,0.0,-0.3333333333333333,0.06666666666666667,0.0,1.0,0.0,0.0,0.0,406
0.3333333333333333,-0.8984771573604061,-0.8125,1.137688257706579,0.26666666666666666,1.5161290322580643,0.0,0.0,-0.6666666666666666,-0.8666666666666667,1.0,0.0,0.0,1.0,0.0,205
-0.16666666666666666,0.04568527918781728,-0.375,-0.7926654504863353,-0.4544600938967136,1.3655913978494623,0.0,0.0,0.6666666666666666,0.0,0.0,0.0,0.0,0.0,0.0,854
-0.3333333333333333,0.44670050761421326,0.21875,0.13927936789351517,0.29107981220657275,0.7956989247311828,0.0,0.0,0.5,-1.0,1.0,0.0,0.0,0.0,0.0,812
-0.4166666666666667,0.010152284263959355,1.28125,0.0707286024015658,-1.1474178403755868,0.09677419354838711,0.0,0.0,-0.16666666666666666,-0.2,1.0,1.0,0.0,0.0,0.0,220
0.5,0.13197969543147217,0.5,-0.14891824053188613,-0.36807511737089205,0.10752688172043011,0.5,0.0,-0.3333333333333333,0.4,1.0,1.0,0.0,0.0,0.0,63
0.5833333333333334,-1.116751269035533,-0.6875,0.8420508501474621,0.29107981220657275,-0.01075268817204301,0.0,0.0,-0.8333333333333334,-0.4,0.0,0.0,0.0,1.0,0.0,259
0.25,-0.5736040609137056,0.875,-0.14891824053188613,0.29107981220657275,0.4301075268817204,0.5,0.0,-0.5,0.3333333333333333,0.0,1.0,0.0,0.0,0.0,184
0.9166666666666666,-0.8121827411167513,-0.8125,-0.07312821817005527,0.28732394366197184,-0.01075268817204301,0.0,0.0,-0.6666666666666666,-0.06666666666666667,0.0,0.0,0.0,1.0,-1.0,92
0.0,1.0203045685279188,0.15625,0.2705797236685667,-0.8169014084507042,1.4408602150537635,0.0,0.0,0.16666666666666666,0.8,1.0,0.0,1.0,0.0,0.0,632
-0.25,-0.12182741116751271,-0.125,-0.39575298507290857,0.29107981220657275,1.118279569892473,0.0,0.0,0.6666666666666666,0.2,0.0,0.0,0.0,0.0,0.0,1191
-0.5,0.4771573604060913,0.8125,-2.15665183283064,-0.42347417840375584,-0.01075268817204301,0.0,0.0,0.3333333333333333,1.0,0.0,0.0,1.0,0.0,0.0,436
0.25,0.6954314720812182,0.375,1.137688257706579,-0.6826291079812207,1.010752688172043,0.0,0.0,0.3333333333333333,0.9333333333333333,0.0,0.0,1.0,0.0,0.0,982
-0.3333333333333333,0.49238578680203043,0.09375,0.13927936789351517,0.29107981220657275,0.6129032258064515,0.0,0.0,0.16666666666666666,-0.6666666666666666,0.0,0.0,1.0,0.0,0.0,2273
0.8333333333333334,-0.5329949238578681,0.125,0.0707286024015658,-1.1549295774647887,-0.01075268817204301,0.0,0.0,-0.8333333333333334,-0.06666666666666667,0.0,0.0,0.0,1.0,0.0,333
0.0,0.2284263959390863,-0.96875,0.455183241303237,-0.21690140845070421,3.247311827956989,0.0,0.0,-0.3333333333333333,0.06666666666666667,0.0,1.0,0.0,0.0,0.0,1112
0.4166666666666667,1.0558375634517765,-0.28125,1.0902852095090052,0.29107981220657275,1.946236559139785,0.0,0.0,0.3333333333333333,-0.8,1.0,0.0,1.0,0.0,0.0,901
-0.25,0.583756345177665,1.09375,-0.3098055405697065,-0.8525821596244132,0.4086021505376344,0.0,0.0,0.3333333333333333,0.9333333333333333,0.0,0.0,1.0,0.0,0.0,846
-0.3333333333333333,0.7360406091370558,0.65625,-0.3098055405697065,-0.7746478873239436,0.7849462365591398,0.0,0.0,0.3333333333333333,-0.2,0.0,0.0,1.0,0.0,0.0,1657
0.0,0.15736040609137064,1.21875,-0.5816560227957038,-1.1830985915492958,0.3548387096774194,0.0,0.0,-0.16666666666666666,0.13333333333333333,0.0,1.0,0.0,0.0,0.0,185
-0.8333333333333334,-0.9238578680203046,-0.21875,-0.6833781561418334,0.27511737089201876,-0.01075268817204301,0.0,0.0,1.0,-0.4666666666666667,1.0,0.0,0.0,1.0,0.0,237
0.5833333333333334,-0.9644670050761421,-0.8125,0.3951330286481768,0.29107981220657275,-0.01075268817204301,0.0,0.0,1.0,0.7333333333333333,0.0,0.0,0.0,1.0,0.0,315
0.75,-0.09137055837563456,-0.8125,0.682712243030312,-0.06854460093896714,-0.01075268817204301,0.0,0.0,-0.3333333333333333,0.06666666666666667,0.0,1.0,0.0,0.0,0.0,1320
0.6666666666666666,-0.09137055837563456,-0.71875,-0.4861165064064858,-0.27887323943661974,-0.01075268817204301,0.0,0.0,-0.3333333333333333,-0.4666666666666667,0.0,1.0,0.0,0.0,0.0,1362
0.9166666666666666,0.08629441624365479,-0.1875,-0.39575298507290857,-0.7812206572769953,-0.01075268817204301,0.0,0.0,-0.3333333333333333,0.8666666666666667,1.0,1.0,0.0,0.0,0.0,820
0.75,0.33502538071065996,-0.09375,-0.22768379202711048,0.29107981220657275,-0.01075268817204301,0.0,0.0,0.5,0.8666666666666667,1.0,0.0,0.0,0.0,0.0,1781
-1.0,0.33502538071065996,0.1875,-0.3098055405697065,0.007511737089201878,-0.01075268817204301,0.0,0.0,0.0,-1.0,0.0,0.0,1.0,0.0,0.0,963
0.3333333333333333,-0.3197969543147208,-1.0625,0.0,0.23943661971830985,0.7634408602150536,0.0,0.0,0.8333333333333334,0.9333333333333333,0.0,0.0,0.0,0.0,0.0,837
0.9166666666666666,-0.6700507614213198,-0.59375,-1.3691539278131721,0.19248826291079812,-0.01075268817204301,0.0,0.0,-0.5,-0.9333333333333333,0.0,1.0,0.0,0.0,0.0,284
0.0,0.36548223350253806,0.8125,-0.7926654504863353,-0.4187793427230047,0.3333333333333333,0.0,0.0,0.16666666666666666,-0.4666666666666667,0.0,0.0,1.0,0.0,0.0,71
0.8333333333333334,0.284263959390863,0.125,0.7368002283746548,0.13145539906103287,-0.01075268817204301,0.0,0.0,-0.16666666666666666,-0.7333333333333333,1.0,1.0,0.0,0.0,0.0,1360
0.0,-0.969543147208122,-0.40625,1.5787787158685695,0.13145539906103287,1.1720430107526882,0.0,0.5,-0.8333333333333334,-0.4,0.0,0.0,0.0,1.0,0.0,217
0.9166666666666666,-0.6142131979695431,1.09375,0.2705797236685667,-1.5183098591549296,-0.01075268817204301,0.0,0.0,1.0,0.9333333333333333,1.0,0.0,0.0,1.0,0.0,42
-0.5,-0.5025380710659899,0.5625,-0.5816560227957038,0.29107981220657275,-0.01075268817204301,0.0,0.0,0.6666666666666666,1.0,0.0,0.0,0.0,0.0,0.0,402
-0.3333333333333333,0.015228426395939123,0.6875,-0.4861165064064858,-1.2929577464788733,0.46236559139784944,0.0,0.0,-0.16666666666666666,-0.13333333333333333,0.0,1.0,0.0,0.0,0.0,1997
0.5833333333333334,0.07614213197969544,0.3125,0.682712243030312,-1.1624413145539907,0.06451612903225806,0.0,0.0,-0.5,0.7333333333333333,0.0,1.0,0.0,0.0,0.0,1020
0.8333333333333334,-0.3299492385786802,-0.0625,0.7368002283746548,-0.6093896713615023,-0.01075268817204301,0.0,0.0,-0.5,0.06666666666666667,1.0,1.0,0.0,0.0,0.0,562
0.4166666666666667,0.5583756345177665,-0.6875,0.2058418822217645,0.22253521126760564,2.064516129032258,0.0,0.0,-0.16666666666666666,0.2,1.0,1.0,0.0,0.0,0.0,2355
-0.3333333333333333,-0.8984771573604061,0.6875,0.3951330286481768,-0.23849765258215963,0.0,0.0,0.0,1.0,-0.9333333333333333,1.0,0.0,0.0,1.0,0.0,219
-0.8333333333333334,0.416243654822335,0.65625,-0.39575298507290857,0.29107981220657275,-0.01075268817204301,0.0,0.0,0.5,-0.06666666666666667,1.0,0.0,0.0,0.0,0.0,580
-0.4166666666666667,-0.06091370558375631,-1.78125,-0.4861165064064858,0.28075117370892017,0.5053763440860215,0.0,0.0,-0.16666666666666666,0.3333333333333333,0.0,1.0,0.0,0.0,0.0,1135
-0.5833333333333334,0.04568527918781728,0.28125,-1.1921678124288753,0.29107981220657275,-0.01075268817204301,0.0,0.0,0.5,0.5333333333333333,0.0,0.0,0.0,0.0,-1.0,105
0.4166666666666667,-0.4416243654822335,-0.59375,0.8933144384752442,-0.10140845070422536,0.49462365591397844,0.0,0.0,-0.6666666666666666,-0.4666666666666667,0.0,0.0,0.0,1.0,0.0,422
-0.3333333333333333,-0.21319796954314718,0.15625,-0.7926654504863353,-1.099530516431925,0.25806451612903225,0.0,0.0,-0.5,0.7333333333333333,0.0,1.0,0.0,0.0,0.0,1201
0.16666666666666666,0.04568527918781728,-1.34375,-0.07312821817005527,0.13427230046948357,2.849462365591398,0.0,0.0,-0.5,-0.8666666666666667,1.0,1.0,0.0,0.0,0.0,1025
0.6666666666666666,0.3756345177664974,0.125,0.7368002283746548,-0.1568075117370892,0.0,0.0,0.0,-0.16666666666666666,-0.6,0.0,1.0,0.0,0.0,0.0,1912
-0.8333333333333334,0.050761421319796954,1.25,0.8420508501474621,-1.2497652582159624,-0.01075268817204301,0.1,0.0,-0.16666666666666666,-0.2,1.0,1.0,0.0,0.0,0.0,189
-0.16666666666666666,0.48730964467005083,0.5,0.9437305196070348,0.29107981220657275,2.397849462365592,0.0,0.0,0.5,-0.8,0.0,0.0,0.0,0.0,0.0,822
0.5,-0.22335025380710663,-0.8125,0.3336351996355,0.2272300469483568,-0.01075268817204301,0.0,0.0,0.8333333333333334,0.26666666666666666,0.0,0.0,0.0,0.0,0.0,1857
-0.9166666666666666,0.3959390862944163,1.25,-0.39575298507290857,-0.2244131455399061,-0.01075268817204301,3.0,0.0,0.16666666666666666,-0.9333333333333333,0.0,0.0,1.0,0.0,0.0,28
-0.4166666666666667,0.5786802030456852,0.75,-1.1921678124288753,-0.37652582159624415,0.24731182795698922,0.0,0.0,0.16666666666666666,-0.13333333333333333,1.0,0.0,1.0,0.0,0.0,537
0.16666666666666666,0.5380710659898478,-0.46875,-0.22768379202711048,0.07511737089201878,2.064516129032258,0.0,0.0,-0.16666666666666666,-0.6,0.0,1.0,0.0,0.0,0.0,1970
0.5,1.1776649746192895,-0.3125,0.6275737112096174,0.10610328638497653,1.053763440860215,0.0,0.0,0.3333333333333333,-0.9333333333333333,0.0,0.0,1.0,0.0,0.0,1881
-0.08333333333333333,-0.08629441624365479,0.0,0.682712243030312,-0.6093896713615023,2.3333333333333335,0.0,0.0,-0.3333333333333333,-0.06666666666666667,1.0,1.0,0.0,0.0,0.0,797
0.5833333333333334,0.969543147208122,0.03125,0.9933397872392326,0.25539906103286386,0.47311827956989244,0.0,0.0,0.16666666666666666,0.4666666666666667,0.0,0.0,1.0,0.0,0.0,2112
0.16666666666666666,1.203045685279188,-0.59375,-0.4861165064064858,0.26854460093896715,2.096774193548387,0.0,0.0,0.3333333333333333,-0.06666666666666667,0.0,0.0,1.0,0.0,-1.0,627
0.3333333333333333,0.5482233502538072,-0.09375,0.682712243030312,-1.2619718309859156,1.9354838709677418,0.0,0.0,-0.16666666666666666,-0.13333333333333333,0.0,1.0,0.0,0.0,0.0,1433
0.75,-0.5279187817258884,0.0625,0.0,0.29107981220657275,-0.01075268817204301,0.0,0.0,-0.5,-0.7333333333333333,0.0,1.0,0.0,0.0,0.0,533
-0.5,-0.5532994923857868,-0.75,0.0,-0.47417840375586856,-0.01075268817204301,0.0,0.0,0.8333333333333334,0.8,0.0,0.0,0.0,0.0,0.0,287
-0.25,-1.0812182741116751,-0.5,0.2058418822217645,0.2187793427230047,0.17204301075268816,0.0,0.0,-0.8333333333333334,0.8,1.0,0.0,0.0,1.0,0.0,104
0.5833333333333334,-0.6852791878172589,-0.8125,0.455183241303237,0.29107981220657275,-0.01075268817204301,0.0,0.0,1.0,1.0,1.0,0.0,0.0,1.0,-1.0,163
0.5,0.48730964467005083,0.34375,0.8420508501474621,-0.1727699530516432,0.4408602150537634,0.0,0.0,-0.16666666666666666,0.8666666666666667,0.0,1.0,0.0,0.0,0.0,2154
-0.5833333333333334,0.5786802030456852,0.8125,-1.1921678124288753,-0.4535211267605634,-0.01075268817204301,0.0,0.0,0.16666666666666666,0.26666666666666666,0.0,0.0,1.0,0.0,0.0,327
-0.5,-0.12690355329949238,1.0625,-0.39575298507290857,-1.4704225352112676,-0.01075268817204301,1.0,0.0,0.8333333333333334,-0.6,0.0,0.0,0.0,0.0,0.0,194
-0.5833333333333334,0.36040609137055846,0.25,-0.3098055405697065,0.29107981220657275,-0.01075268817204301,0.0,0.0,0.5,-0.9333333333333333,1.0,0.0,0.0,0.0,0.0,179
0.25,1.0761421319796955,-0.28125,1.1844188200176686,0.26572769953051645,2.645161290322581,0.0,0.0,0.3333333333333333,-0.8,1.0,0.0,1.0,0.0,0.0,690
-0.25,0.6243654822335026,0.6875,0.7368002283746548,0.2563380281690141,0.31182795698924726,0.0,0.0,0.3333333333333333,0.8666666666666667,0.0,0.0,1.0,0.0,0.0,867
0.75,-0.07106598984771575,0.3125,-0.39575298507290857,0.26948356807511736,-0.01075268817204301,0.0,0.0,0.6666666666666666,0.5333333333333333,0.0,0.0,0.0,0.0,0.0,1464
-0.8333333333333334,-0.6598984771573604,0.1875,-0.39575298507290857,-0.9380281690140845,-0.01075268817204301,0.0,0.0,1.0,0.8666666666666667,0.0,0.0,0.0,1.0,0.0,210
0.8333333333333334,0.4111675126903554,-0.15625,0.2705797236685667,0.29107981220657275,-0.01075268817204301,0.0,0.0,0.5,-0.3333333333333333,0.0,0.0,0.0,0.0,0.0,1868
-0.5,0.44670050761421326,1.125,-0.7926654504863353,-0.40187793427230045,0.0,0.4,0.0,0.16666666666666666,-1.0,1.0,0.0,1.0,0.0,0.0,60
-0.9166666666666666,0.12182741116751271,-0.1875,0.2058418822217645,-0.7737089201877935,-0.01075268817204301,0.0,0.0,-0.16666666666666666,-0.26666666666666666,1.0,1.0,0.0,0.0,0.0,669
0.25,-0.24365482233502542,-0.28125,1.4088965798741255,-0.8666666666666667,1.7956989247311825,0.0,0.0,-0.6666666666666666,-0.13333333333333333,0.0,0.0,0.0,1.0,0.0,461
0.8333333333333334,0.40609137055837563,-0.1875,0.3336351996355,0.29107981220657275,-0.01075268817204301,0.0,0.0,0.5,-0.5333333333333333,1.0,0.0,0.0,0.0,0.0,1675
-0.4166666666666667,-0.6192893401015228,1.21875,-0.4861165064064858,-1.4009389671361503,-0.01075268817204301,0.0,2.5,0.8333333333333334,0.6,1.0,0.0,0.0,0.0,0.0,142
0.25,0.3248730964467004,-0.8125,0.3336351996355,-0.07230046948356808,1.6774193548387097,0.0,0.0,0.6666666666666666,0.0,0.0,0.0,0.0,0.0,0.0,1203
-0.25,0.38578680203045695,0.46875,-0.39575298507290857,0.27417840375586855,0.5483870967741935,0.0,0.0,0.16666666666666666,-0.4666666666666667,0.0,0.0,1.0,0.0,0.0,575
0.0,-0.3350253807106599,-0.90625,-0.3098055405697065,-0.3652582159624413,2.5161290322580645,0.0,0.0,-0.6666666666666666,0.6666666666666666,0.0,0.0,0.0,1.0,0.0,428
-0.75,-0.3553299492385787,0.375,-1.1921678124288753,0.27323943661971833,-0.01075268817204301,0.0,0.0,0.6666666666666666,-0.26666666666666666,0.0,0.0,0.0,0.0,0.0,225
0.08333333333333333,-0.2741116751269036,-0.96875,-0.22768379202711048,-0.2516431924882629,2.6559139784946235,0.0,0.0,-0.6666666666666666,0.6666666666666666,0.0,0.0,0.0,1.0,0.0,444
0.08333333333333333,0.5482233502538072,-0.625,0.5138834935935143,-0.10046948356807511,2.3763440860215055,0.0,0.0,-0.16666666666666666,0.7333333333333333,1.0,1.0,0.0,0.0,0.0,1579
-0.75,0.44670050761421326,1.21875,-0.22768379202711048,-1.3145539906103287,-0.01075268817204301,0.1,0.0,0.0,0.8666666666666667,0.0,0.0,1.0,0.0,0.0,227
0.0,-0.9898477157360407,-0.59375,1.0902852095090052,0.22535211267605634,2.1827956989247315,0.0,0.0,-0.6666666666666666,-0.8666666666666667,1.0,0.0,0.0,1.0,0.0,192
0.5,0.5786802030456852,-0.125,1.1844188200176686,0.29107981220657275,1.3655913978494623,0.0,0.0,0.0,-0.26666666666666666,0.0,0.0,1.0,0.0,0.0,3404
-0.08333333333333333,0.13197969543147217,-1.0625,0.6275737112096174,-0.3089201877934272,2.698924731182796,0.0,0.0,-0.3333333333333333,0.2,0.0,1.0,0.0,0.0,0.0,795
0.6666666666666666,0.5634517766497463,-0.1875,0.13927936789351517,0.29107981220657275,0.06451612903225806,0.0,0.0,0.16666666666666666,-0.6,1.0,0.0,1.0,0.0,0.0,2232
0.5833333333333334,-0.6548223350253808,-0.5,-0.22768379202711048,-0.13145539906103287,-0.01075268817204301,0.0,0.0,1.0,-0.06666666666666667,0.0,0.0,0.0,1.0,0.0,451
0.75,-0.766497461928934,1.0625,-0.14891824053188613,-1.1098591549295775,-0.01075268817204301,1.5,3.5,-0.8333333333333334,0.9333333333333333,0.0,0.0,0.0,1.0,0.0,60
0.08333333333333333,0.12182741116751271,-0.28125,0.7368002283746548,-1.0816901408450703,2.0,0.0,0.0,0.8333333333333334,-0.4,1.0,0.0,0.0,0.0,0.0,1094
-0.6666666666666666,-0.3807106598984772,0.84375,0.13927936789351517,-0.6938967136150235,-0.01075268817204301,0.0,0.0,-0.3333333333333333,-0.06666666666666667,1.0,1.0,0.0,0.0,0.0,110
0.9166666666666666,0.7106598984771574,0.09375,-1.1921678124288753,0.29107981220657275,-0.01075268817204301,0.0,0.0,0.3333333333333333,0.2,1.0,0.0,1.0,0.0,0.0,1016
-0.5,0.7055837563451777,0.625,-0.6833781561418334,-0.5417840375586854,-0.01075268817204301,0.0,0.0,0.16666666666666666,0.6666666666666666,0.0,0.0,1.0,0.0,0.0,602
0.9166666666666666,-1.0406091370558377,-0.25,1.0902852095090052,0.27605633802816903,-0.01075268817204301,0.0,0.0,-0.6666666666666666,-0.3333333333333333,1.0,0.0,0.0,1.0,0.0,91
-0.16666666666666666,-0.08629441624365479,0.0625,-0.4861165064064858,-1.008450704225352,1.3118279569892473,0.0,0.0,0.8333333333333334,-0.7333333333333333,0.0,0.0,0.0,0.0,0.0,790
-0.6666666666666666,0.36548223350253806,0.375,-0.14891824053188613,0.29107981220657275,-0.01075268817204301,0.0,0.0,0.5,-0.2,0.0,0.0,0.0,0.0,0.0,240
0.6666666666666666,-0.9238578680203046,-0.0625,0.13927936789351517,0.29107981220657275,-0.01075268817204301,0.0,0.0,-0.6666666666666666,-0.26666666666666666,0.0,0.0,0.0,1.0,0.0,244
0.6666666666666666,-0.6243654822335026,-0.1875,-0.7926654504863353,-0.13708920187793427,-0.01075268817204301,0.0,0.0,-0.8333333333333334,0.2,0.0,0.0,0.0,1.0,0.0,342
-0.5,-1.0,-0.78125,0.6275737112096174,0.29107981220657275,-0.01075268817204301,0.0,0.0,-0.6666666666666666,0.06666666666666667,1.0,0.0,0.0,1.0,-1.0,39
-0.6666666666666666,-0.6192893401015228,0.9375,0.455183241303237,-0.7070422535211267,-0.01075268817204301,0.0,0.0,-0.5,0.4,0.0,1.0,0.0,0.0,0.0,75
-0.75,-0.18274111675126903,-0.9375,-0.14891824053188613,0.29107981220657275,-0.01075268817204301,0.0,0.0,-0.3333333333333333,-0.2,0.0,1.0,0.0,0.0,0.0,167
-1.0,-0.5989847715736041,0.90625,0.7368002283746548,-1.5361502347417841,-0.01075268817204301,0.4,0.4,-0.6666666666666666,0.4666666666666667,0.0,0.0,0.0,1.0,0.0,42
0.08333333333333333,-0.4568527918781726,-0.1875,1.2759719533904954,-0.5464788732394367,1.1505376344086022,0.0,0.0,-0.6666666666666666,0.4,0.0,0.0,0.0,1.0,0.0,316
-0.5833333333333334,-0.0812182741116751,1.125,-0.5816560227957038,-1.36056338028169,-0.01075268817204301,0.0,0.0,-0.16666666666666666,-0.13333333333333333,0.0,1.0,0.0,0.0,0.0,199
0.75,-0.19796954314720816,0.28125,0.13927936789351517,0.15023474178403756,-0.01075268817204301,0.0,0.0,-0.3333333333333333,-0.06666666666666667,1.0,1.0,0.0,0.0,0.0,464
-0.3333333333333333,0.40609137055837563,0.03125,-0.3098055405697065,-0.6281690140845071,1.2903225806451613,0.0,0.0,0.0,-0.7333333333333333,0.0,0.0,1.0,0.0,0.0,2322
0.16666666666666666,-0.3299492385786802,-1.0625,0.5713209318579696,-0.04225352112676056,2.698924731182796,0.0,0.0,-0.6666666666666666,0.6,1.0,0.0,0.0,1.0,0.0,572
0.0,-0.9340101522842639,-1.0,0.682712243030312,0.2591549295774648,1.1505376344086022,0.0,0.0,1.0,0.06666666666666667,1.0,0.0,0.0,1.0,0.0,216
-0.6666666666666666,-0.2893401015228427,0.40625,-1.1921678124288753,-1.215962441314554,-0.01075268817204301,0.0,0.0,-0.5,0.7333333333333333,0.0,1.0,0.0,0.0,0.0,95
0.4166666666666667,0.17258883248730958,-0.71875,0.6275737112096174,0.29107981220657275,0.7849462365591398,0.0,0.0,0.6666666666666666,0.06666666666666667,0.0,0.0,0.0,0.0,0.0,1896
0.3333333333333333,0.46700507614213194,-0.46875,0.2705797236685667,0.29107981220657275,1.204301075268817,0.0,0.0,-0.16666666666666666,0.3333333333333333,0.0,1.0,0.0,0.0,0.0,1820
-0.3333333333333333,0.83248730964467,0.09375,-0.5816560227957038,0.07699530516431925,0.8817204301075268,0.0,0.0,0.3333333333333333,-0.06666666666666667,0.0,0.0,1.0,0.0,-1.0,553
-0.75,0.3502538071065989,0.0625,-0.39575298507290857,0.29107981220657275,-0.01075268817204301,0.0,0.0,0.16666666666666666,-0.6,1.0,0.0,1.0,0.0,0.0,545
-0.4166666666666667,-1.0609137055837563,0.15625,0.0,0.2056338028169014,-0.01075268817204301,0.0,0.0,-0.6666666666666666,-0.9333333333333333,0.0,0.0,0.0,1.0,0.0,267
-0.4166666666666667,0.15228426395939088,1.25,0.5138834935935143,-1.2450704225352112,-0.01075268817204301,9.5,0.0,0.6666666666666666,-0.6666666666666666,1.0,0.0,0.0,0.0,0.0,5
-0.16666666666666666,-1.3096446700507616,-0.6875,-0.7926654504863353,-0.1812206572769953,0.6344086021505375,0.0,0.3,-0.8333333333333334,0.7333333333333333,1.0,0.0,0.0,1.0,0.0,96
0.25,-1.015228426395939,-0.96875,0.5713209318579696,0.27887323943661974,1.021505376344086,0.0,0.0,-0.8333333333333334,-0.26666666666666666,0.0,0.0,0.0,1.0,0.0,177
0.5833333333333334,-0.17766497461928935,-0.125,0.13927936789351517,-0.8394366197183099,0.0,0.0,0.0,-0.5,0.13333333333333333,1.0,1.0,0.0,0.0,0.0,237
-0.9166666666666666,0.6040609137055837,0.6875,-0.5816560227957038,-0.7192488262910798,-0.01075268817204301,0.0,0.0,0.16666666666666666,0.2,0.0,0.0,1.0,0.0,0.0,824
-0.9166666666666666,-0.10659898477157359,0.625,-0.6833781561418334,-1.1492957746478873,-0.01075268817204301,0.0,0.0,-0.5,0.9333333333333333,0.0,1.0,0.0,0.0,0.0,401
0.6666666666666666,0.06598984771573609,0.34375,0.3336351996355,-0.17652582159624414,-0.01075268817204301,0.0,0.0,0.6666666666666666,0.0,0.0,0.0,0.0,0.0,0.0,1568
0.75,-1.2233502538071068,-0.5625,0.9437305196070348,0.29107981220657275,-0.01075268817204301,0.0,0.0,-0.6666666666666666,-0.6666666666666666,0.0,0.0,0.0,1.0,0.0,175
0.16666666666666666,0.8426395939086295,-0.6875,-0.07312821817005527,-0.10046948356807511,2.7096774193548385,0.0,0.0,0.0,-0.4666666666666667,1.0,0.0,1.0,0.0,0.0,1744
0.5833333333333334,0.2639593908629441,-0.125,0.7368002283746548,-0.8798122065727699,0.24731182795698922,0.0,0.0,-0.3333333333333333,0.7333333333333333,0.0,1.0,0.0,0.0,0.0,1812
-0.5833333333333334,0.802030456852792,-0.0625,0.0707286024015658,0.29107981220657275,-0.01075268817204301,0.0,0.0,0.16666666666666666,0.4666666666666667,0.0,0.0,1.0,0.0,0.0,310
-0.4166666666666667,0.2284263959390863,0.78125,-0.6833781561418334,-1.3389671361502347,0.10752688172043011,0.0,0.0,-0.16666666666666666,-1.0,0.0,1.0,0.0,0.0,-1.0,614
-0.16666666666666666,-0.3756345177664975,-0.59375,0.6275737112096174,0.21032863849765257,1.6129032258064515,0.0,0.0,0.6666666666666666,0.9333333333333333,0.0,0.0,0.0,0.0,0.0,684
0.5,-0.583756345177665,0.125,0.8933144384752442,0.29107981220657275,-0.01075268817204301,0.0,0.0,1.0,-0.4,1.0,0.0,0.0,1.0,0.0,210
0.0,1.116751269035533,-0.5625,0.2705797236685667,0.10610328638497653,3.268817204301075,0.0,0.0,0.16666666666666666,0.4,1.0,0.0,1.0,0.0,0.0,560
-0.6666666666666666,-0.17766497461928935,0.21875,0.0,0.29107981220657275,-0.01075268817204301,0.0,0.0,-0.16666666666666666,-0.4666666666666667,0.0,1.0,0.0,0.0,0.0,114
0.16666666666666666,0.43147208121827413,-0.75,1.0902852095090052,0.2591549295774648,3.655913978494624,0.0,0.0,-0.16666666666666666,0.4666666666666667,0.0,1.0,0.0,0.0,0.0,1183
-0.3333333333333333,-0.06091370558375631,-0.125,0.0707286024015658,0.29107981220657275,1.1612903225806452,0.0,0.0,-0.16666666666666666,-0.4666666666666667,0.0,1.0,0.0,0.0,0.0,2068
-0.8333333333333334,0.6040609137055837,0.84375,-0.7926654504863353,-0.3286384976525822,-0.01075268817204301,0.0,0.0,0.16666666666666666,0.0,0.0,0.0,1.0,0.0,0.0,469
-0.9166666666666666,0.48730964467005083,1.15625,-0.7926654504863353,0.29107981220657275,-0.01075268817204301,0.0,0.0,0.3333333333333333,0.8,0.0,0.0,1.0,0.0,0.0,653
-0.6666666666666666,-0.766497461928934,0.8125,-0.7926654504863353,-1.2413145539906103,-0.01075268817204301,0.0,0.0,-0.6666666666666666,0.26666666666666666,0.0,0.0,0.0,1.0,0.0,64
0.5,-0.015228426395939123,0.0,0.455183241303237,-1.0065727699530516,0.0,0.0,0.0,0.8333333333333334,-0.4,1.0,0.0,0.0,0.0,0.0,1226
-0.4166666666666667,0.5583756345177665,0.5,-0.4861165064064858,0.19812206572769953,0.3763440860215053,0.0,0.0,0.16666666666666666,0.0,0.0,0.0,1.0,0.0,0.0,1344
0.0,0.3096446700507615,-0.65625,0.455183241303237,-0.6835680751173709,2.7311827956989245,0.0,0.0,-0.3333333333333333,0.6666666666666666,0.0,1.0,0.0,0.0,0.0,1197
-0.4166666666666667,-0.6548223350253808,0.875,0.0,-0.3464788732394366,0.0,0.0,0.0,-0.5,0.4,0.0,1.0,0.0,0.0,0.0,600
0.3333333333333333,0.36548223350253806,-0.71875,0.3336351996355,0.29107981220657275,1.3118279569892473,0.0,0.0,0.6666666666666666,-0.6,1.0,0.0,0.0,0.0,0.0,2270
0.3333333333333333,0.11675126903553304,-1.3125,0.682712243030312,0.16619718309859155,1.8172043010752688,0.0,0.0,-0.5,-0.8666666666666667,1.0,1.0,0.0,0.0,0.0,1285
-0.8333333333333334,-0.6598984771573604,0.46875,-0.6833781561418334,-1.2253521126760563,-0.01075268817204301,0.0,0.0,-0.8333333333333334,0.0,0.0,0.0,0.0,1.0,0.0,141
-0.08333333333333333,0.3451776649746193,-0.34375,0.0707286024015658,-0.26384976525821596,2.4516129032258065,0.0,0.0,0.6666666666666666,-0.8666666666666667,0.0,0.0,0.0,0.0,-1.0,1248
-0.8333333333333334,-1.0558375634517767,0.0,0.3336351996355,0.2704225352112676,-0.01075268817204301,0.0,0.0,-0.8333333333333334,-0.8,0.0,0.0,0.0,1.0,0.0,123
-0.08333333333333333,0.6954314720812182,-0.34375,0.13927936789351517,-0.3652582159624413,3.086021505376344,0.0,0.0,0.0,-0.4666666666666667,1.0,0.0,1.0,0.0,0.0,1200
-0.5,0.17766497461928935,0.1875,-0.14891824053188613,0.29107981220657275,-0.01075268817204301,0.0,0.0,0.5,-0.26666666666666666,0.0,0.0,0.0,0.0,0.0,656
-0.4166666666666667,0.11167512690355327,0.34375,-0.4861165064064858,0.29107981220657275,0.04301075268817204,0.0,0.0,0.5,-0.4666666666666667,1.0,0.0,0.0,0.0,0.0,366
0.4166666666666667,-0.39086294416243655,-0.59375,-0.14891824053188613,-0.015023474178403756,0.0,0.0,0.0,0.8333333333333334,0.8666666666666667,0.0,0.0,0.0,0.0,0.0,996
-1.0,-0.8781725888324874,-0.28125,-0.6833781561418334,-0.10892018779342723,-0.01075268817204301,0.0,0.0,-0.8333333333333334,-0.6,1.0,0.0,0.0,1.0,0.0,192
0.08333333333333333,0.005076142131979678,-0.71875,0.2058418822217645,-1.1568075117370893,2.3870967741935485,0.0,0.0,-0.5,-0.26666666666666666,0.0,1.0,0.0,0.0,0.0,588
-0.9166666666666666,-1.0355329949238579,-0.03125,0.5138834935935143,0.28544600938967135,-0.01075268817204301,0.0,0.0,-0.8333333333333334,-0.8,0.0,0.0,0.0,1.0,0.0,150
-0.5,-0.22335025380710663,1.1875,0.7368002283746548,-1.236619718309859,-0.01075268817204301,7.0,0.0,-0.3333333333333333,0.4666666666666667,0.0,1.0,0.0,0.0,0.0,5
0.08333333333333333,-0.34517766497461927,0.25,0.9933397872392326,-0.036619718309859155,1.8817204301075268,0.0,0.0,-0.5,-0.5333333333333333,0.0,1.0,0.0,0.0,0.0,405
-0.3333333333333333,0.010152284263959355,-0.09375,0.5713209318579696,0.2535211267605634,0.4086021505376344,0.0,0.0,0.6666666666666666,-1.0,0.0,0.0,0.0,0.0,0.0,2101
0.9166666666666666,-0.04568527918781728,-1.28125,0.13927936789351517,0.29107981220657275,-0.01075268817204301,0.0,0.0,-0.3333333333333333,-0.26666666666666666,0.0,1.0,0.0,0.0,0.0,772
0.9166666666666666,0.4720812182741117,1.25,-0.39575298507290857,-1.0234741784037558,-0.01075268817204301,3.5,0.0,0.3333333333333333,0.8,0.0,0.0,1.0,0.0,0.0,59
0.08333333333333333,1.0761421319796955,-0.4375,-0.14891824053188613,0.29107981220657275,2.193548387096774,0.0,0.0,0.16666666666666666,0.9333333333333333,0.0,0.0,1.0,0.0,0.0,688
0.3333333333333333,-0.583756345177665,0.9375,0.2705797236685667,-1.4553990610328638,0.021505376344086016,0.0,0.0,-0.8333333333333334,0.4,0.0,0.0,0.0,1.0,0.0,18
-0.25,0.4771573604060913,-0.03125,0.5138834935935143,-0.8704225352112676,1.8602150537634408,0.0,0.0,0.0,-0.6666666666666666,0.0,0.0,1.0,0.0,-1.0,925
-0.4166666666666667,-0.4619289340101523,0.46875,-1.1921678124288753,-0.4704225352112676,-0.01075268817204301,0.0,0.0,0.8333333333333334,-0.2,0.0,0.0,0.0,0.0,0.0,1066
0.3333333333333333,1.2131979695431472,-0.6875,-0.14891824053188613,0.29107981220657275,2.139784946236559,0.0,0.0,0.3333333333333333,0.4,0.0,0.0,1.0,0.0,0.0,993
-0.3333333333333333,0.5431472081218274,0.40625,-0.07312821817005527,0.29107981220657275,0.16129032258064516,0.0,0.0,0.5,-0.8666666666666667,0.0,0.0,0.0,0.0,0.0,1580
-0.6666666666666666,-0.802030456852792,-0.3125,-0.6833781561418334,-0.6629107981220658,-0.01075268817204301,0.0,0.0,-0.8333333333333334,0.3333333333333333,1.0,0.0,0.0,1.0,0.0,73
-0.5833333333333334,0.23350253807106608,0.0,-0.07312821817005527,0.29107981220657275,-0.01075268817204301,0.0,0.0,0.16666666666666666,-0.5333333333333333,1.0,0.0,1.0,0.0,0.0,253
-0.6666666666666666,-0.5076142131979695,0.5,-0.39575298507290857,-0.5915492957746479,-0.01075268817204301,0.0,0.0,1.0,-0.8666666666666667,1.0,0.0,0.0,1.0,0.0,76
0.5833333333333334,0.9390862944162437,0.0,0.8420508501474621,0.29107981220657275,0.5053763440860215,0.0,0.0,0.3333333333333333,-0.8,1.0,0.0,1.0,0.0,0.0,1277
0.75,0.6751269035532995,-0.34375,0.3336351996355,0.29107981220657275,-0.01075268817204301,0.0,0.0,0.3333333333333333,0.0,0.0,0.0,1.0,0.0,0.0,2127
0.25,-0.48223350253807107,-0.6875,0.9437305196070348,0.25539906103286386,0.8924731182795698,0.0,0.0,1.0,-0.6,0.0,0.0,0.0,1.0,0.0,430
-0.6666666666666666,0.5634517766497463,0.84375,-0.6833781561418334,-0.2976525821596244,-0.01075268817204301,0.0,0.0,0.16666666666666666,0.0,0.0,0.0,1.0,0.0,0.0,211
-0.75,-1.2588832487309645,-0.09375,-0.7926654504863353,0.29107981220657275,-0.01075268817204301,0.0,0.0,-0.6666666666666666,-0.7333333333333333,0.0,0.0,0.0,1.0,0.0,33
-0.5833333333333334,-1.2741116751269037,-0.375,0.5713209318579696,0.29107981220657275,-0.01075268817204301,0.0,0.0,-0.6666666666666666,-0.7333333333333333,0.0,0.0,0.0,1.0,0.0,37
0.5,-0.41116751269035534,0.03125,-1.3691539278131721,0.29107981220657275,-0.01075268817204301,0.0,0.0,0.8333333333333334,0.3333333333333333,0.0,0.0,0.0,0.0,0.0,1679
-0.5,-0.34517766497461927,0.90625,-1.1921678124288753,-1.0300469483568075,-0.01075268817204301,0.0,0.0,0.8333333333333334,0.3333333333333333,0.0,0.0,0.0,0.0,0.0,299
0.08333333333333333,0.9593908629441624,-0.09375,0.5713209318579696,-0.9220657276995305,2.67741935483871,0.0,0.0,0.16666666666666666,0.26666666666666666,0.0,0.0,1.0,0.0,0.0,805
0.5,0.09644670050761424,1.25,0.2705797236685667,-1.267605633802817,0.021505376344086016,2.0,0.0,-0.16666666666666666,-0.26666666666666666,1.0,1.0,0.0,0.0,0.0,22
0.5833333333333334,0.09137055837563456,-0.125,0.5713209318579696,0.29107981220657275,-0.01075268817204301,0.0,0.0,0.6666666666666666,0.2,0.0,0.0,0.0,0.0,0.0,1769
0.6666666666666666,0.08629441624365479,0.25,0.455183241303237,-0.6591549295774648,-0.01075268817204301,0.0,0.0,-0.5,0.8,0.0,1.0,0.0,0.0,0.0,1133
-0.6666666666666666,-0.83248730964467,0.0625,0.2058418822217645,-0.37934272300469485,-0.01075268817204301,0.0,2.6,1.0,0.2,0.0,0.0,0.0,1.0,0.0,39
-0.6666666666666666,0.8883248730964467,0.5,-0.91150831659757,-0.6572769953051644,-0.01075268817204301,0.0,0.0,0.3333333333333333,-0.8666666666666667,0.0,0.0,1.0,0.0,0.0,236
0.16666666666666666,0.3147208121827411,0.21875,0.8420508501474621,-0.7145539906103286,2.129032258064516,0.0,0.0,-0.16666666666666666,-0.2,1.0,1.0,0.0,0.0,0.0,2055
-0.6666666666666666,-1.2791878172588833,-0.1875,-0.22768379202711048,0.29107981220657275,-0.01075268817204301,0.0,0.0,-0.6666666666666666,-0.7333333333333333,0.0,0.0,0.0,1.0,0.0,20
0.6666666666666666,-0.030456852791878156,-0.46875,0.7898955205469734,-0.603755868544601,-0.01075268817204301,0.0,0.0,-0.5,0.6666666666666666,0.0,1.0,0.0,0.0,0.0,835
-0.16666666666666666,0.299492385786802,-0.3125,0.5138834935935143,0.29107981220657275,1.5483870967741935,0.0,0.0,0.5,0.6666666666666666,0.0,0.0,0.0,0.0,0.0,923
-0.08333333333333333,0.6294416243654822,0.6875,0.13927936789351517,0.19718309859154928,0.9569892473118279,0.0,0.0,0.3333333333333333,0.8,0.0,0.0,1.0,0.0,0.0,411
0.5,0.5736040609137056,0.8125,-0.5816560227957038,0.24131455399061033,0.26881720430107525,0.0,0.0,0.3333333333333333,0.7333333333333333,0.0,0.0,1.0,0.0,0.0,2153
0.08333333333333333,-0.9441624365482234,-0.4375,1.6608858990800979,0.19812206572769953,1.258064516129032,0.0,0.4,-0.8333333333333334,-0.4,0.0,0.0,0.0,1.0,0.0,207
0.16666666666666666,-0.41116751269035534,-1.21875,-0.22768379202711048,0.2187793427230047,1.021505376344086,0.0,0.0,-0.8333333333333334,0.3333333333333333,1.0,0.0,0.0,1.0,0.0,340
0.9166666666666666,0.16751269035532998,0.40625,-0.4861165064064858,-0.24788732394366197,-0.01075268817204301,0.0,0.0,-0.3333333333333333,-0.9333333333333333,0.0,1.0,0.0,0.0,0.0,803
0.16666666666666666,-0.29441624365482233,0.15625,0.5713209318579696,0.06384976525821597,1.7526881720430105,0.0,0.0,-0.5,-0.5333333333333333,0.0,1.0,0.0,0.0,0.0,452
-0.4166666666666667,0.3756345177664974,0.28125,-0.07312821817005527,0.29107981220657275,0.09677419354838711,0.0,0.0,0.16666666666666666,-0.4666666666666667,0.0,0.0,1.0,0.0,0.0,451
-0.4166666666666667,-0.16751269035532998,0.34375,-1.0429616152145371,-0.18497652582159624,-0.01075268817204301,0.0,0.0,0.6666666666666666,0.0,0.0,0.0,0.0,0.0,0.0,1216
-0.25,-1.0862944162436547,-0.21875,-0.7926654504863353,0.107981220657277,0.23655913978494622,0.0,1.6,-0.6666666666666666,-1.0,0.0,0.0,0.0,1.0,0.0,259
-0.25,0.2893401015228426,0.25,-0.07312821817005527,0.29107981220657275,0.3548387096774194,0.0,0.0,0.0,-0.4,1.0,0.0,1.0,0.0,0.0,786
-0.25,0.3807106598984772,0.3125,-0.3098055405697065,-0.6366197183098592,0.5698924731182796,0.0,0.0,-0.16666666666666666,0.8666666666666667,0.0,1.0,0.0,0.0,0.0,1192
0.8333333333333334,-0.416243654822335,-0.8125,0.5138834935935143,0.14272300469483568,-0.01075268817204301,0.0,0.0,-0.5,-0.3333333333333333,1.0,1.0,0.0,0.0,0.0,419
0.3333333333333333,-0.06598984771573609,0.25,0.2705797236685667,0.29107981220657275,0.5483870967741935,0.0,0.0,0.6666666666666666,0.8,1.0,0.0,0.0,0.0,0.0,385
-0.75,0.005076142131979678,-0.03125,0.0707286024015658,0.29107981220657275,-0.01075268817204301,0.0,0.0,0.6666666666666666,-1.0,0.0,0.0,0.0,0.0,0.0,179
0.6666666666666666,0.015228426395939123,-0.03125,0.2705797236685667,0.29107981220657275,-0.01075268817204301,0.0,0.0,0.6666666666666666,0.13333333333333333,0.0,0.0,0.0,0.0,0.0,1528
-0.6666666666666666,-0.802030456852792,0.375,-0.3098055405697065,-0.2619718309859155,-0.01075268817204301,0.0,0.0,-0.6666666666666666,0.6666666666666666,0.0,0.0,0.0,1.0,0.0,46
0.9166666666666666,-0.5380710659898477,0.1875,0.682712243030312,-0.4103286384976526,-0.01075268817204301,0.0,0.0,-0.6666666666666666,0.4,0.0,0.0,0.0,1.0,0.0,202
-0.08333333333333333,0.13197969543147217,1.0,0.5713209318579696,-0.5427230046948357,0.41935483870967744,1.5,0.0,0.6666666666666666,-0.7333333333333333,0.0,0.0,0.0,0.0,0.0,29
-1.0,0.2893401015228426,-0.125,1.2305047302068106,0.29107981220657275,-0.01075268817204301,0.0,0.0,0.5,-0.5333333333333333,1.0,0.0,0.0,0.0,0.0,1107
0.5833333333333334,-0.852791878172589,-0.6875,-0.3098055405697065,0.29107981220657275,-0.01075268817204301,0.0,0.0,1.0,-0.5333333333333333,0.0,0.0,0.0,1.0,0.0,477
-0.75,0.6040609137055837,-0.21875,-0.3098055405697065,-0.7699530516431925,-0.01075268817204301,0.0,0.0,0.0,0.6666666666666666,0.0,0.0,1.0,0.0,0.0,353
-0.4166666666666667,-0.25888324873096447,0.8125,-0.07312821817005527,-0.27230046948356806,0.3225806451612903,0.0,0.0,-0.16666666666666666,-0.8666666666666667,0.0,1.0,0.0,0.0,0.0,1160
0.5,-0.2081218274111675,1.21875,0.2705797236685667,-1.0234741784037558,0.06451612903225806,1.0,0.0,-0.3333333333333333,0.4666666666666667,0.0,1.0,0.0,0.0,0.0,39
0.9166666666666666,0.5279187817258882,0.28125,0.0,0.29107981220657275,-0.01075268817204301,0.0,0.0,0.16666666666666666,-0.7333333333333333,0.0,0.0,1.0,0.0,0.0,1406
0.08333333333333333,-1.0203045685279188,-0.9375,0.3951330286481768,0.18685446009389672,1.3225806451612903,0.0,0.3,-0.8333333333333334,0.7333333333333333,1.0,0.0,0.0,1.0,0.0,189
0.5,0.9796954314720812,0.1875,0.5138834935935143,-0.1352112676056338,0.9462365591397849,0.1,0.0,0.3333333333333333,-0.06666666666666667,0.0,0.0,1.0,0.0,-1.0,925
-0.5833333333333334,-0.9543147208121828,0.75,-0.4861165064064858,-0.72018779342723,-0.01075268817204301,0.0,0.8,1.0,0.13333333333333333,0.0,0.0,0.0,1.0,0.0,27
-1.0,-0.05583756345177664,-0.03125,-0.91150831659757,-0.6215962441314554,-0.01075268817204301,0.0,0.0,-0.3333333333333333,0.26666666666666666,0.0,1.0,0.0,0.0,0.0,553
-0.5,0.21827411167512695,0.875,-0.7926654504863353,-1.3380281690140845,-0.01075268817204301,0.0,0.0,-0.16666666666666666,-1.0,0.0,1.0,0.0,0.0,-1.0,306
0.6666666666666666,-0.3096446700507614,-0.21875,-0.6833781561418334,-0.17934272300469484,-0.01075268817204301,0.0,0.0,0.8333333333333334,0.13333333333333333,1.0,0.0,0.0,0.0,0.0,719
-0.6666666666666666,0.49238578680203043,0.6875,0.2058418822217645,0.23568075117370893,-0.01075268817204301,0.0,0.0,0.3333333333333333,0.6,1.0,0.0,1.0,0.0,0.0,306
0.16666666666666666,-0.06091370558375631,-1.28125,0.6275737112096174,0.10046948356807511,1.8064516129032255,0.0,0.0,0.8333333333333334,0.26666666666666666,0.0,0.0,0.0,0.0,0.0,790
0.25,1.1116751269035532,-0.34375,0.455183241303237,0.16056338028169015,2.6559139784946235,0.0,0.0,0.16666666666666666,0.4666666666666667,0.0,0.0,1.0,0.0,0.0,739
0.3333333333333333,-0.9898477157360407,-0.53125,1.365145862684823,0.29107981220657275,0.5806451612903226,0.0,0.0,1.0,-0.3333333333333333,0.0,0.0,0.0,1.0,0.0,277
0.0,0.9593908629441624,-0.25,0.3336351996355,0.14460093896713616,3.311827956989247,0.0,0.0,0.16666666666666666,0.0,0.0,0.0,1.0,0.0,0.0,719
-0.3333333333333333,-0.9593908629441624,-0.03125,-0.6833781561418334,0.2347417840375587,0.0,0.0,0.0,1.0,-0.4666666666666667,1.0,0.0,0.0,1.0,0.0,222
-0.75,-0.25380710659898476,1.21875,-1.0429616152145371,-1.3633802816901408,-0.01075268817204301,0.1,0.0,-0.5,-0.8,1.0,1.0,0.0,0.0,0.0,90
0.25,-0.7918781725888325,-0.84375,1.3208447570935795,0.22816901408450704,2.3763440860215055,0.0,0.0,-0.6666666666666666,-0.26666666666666666,0.0,0.0,0.0,1.0,0.0,228
0.0,0.6497461928934011,-0.40625,0.2058418822217645,0.29107981220657275,3.473118279569893,0.0,0.0,-0.16666666666666666,0.8,0.0,1.0,0.0,0.0,0.0,1139
-0.4166666666666667,0.6040609137055837,0.09375,-0.07312821817005527,0.17746478873239438,0.16129032258064516,0.0,0.0,0.3333333333333333,0.26666666666666666,0.0,0.0,1.0,0.0,0.0,1285
0.0,-1.1065989847715736,-0.78125,0.2058418822217645,-0.37089201877934275,2.129032258064516,0.0,0.0,-0.6666666666666666,-0.8,1.0,0.0,0.0,1.0,0.0,165
-1.0,-0.7766497461928935,0.9375,-0.3098055405697065,-0.6535211267605634,-0.01075268817204301,0.0,0.0,1.0,-0.9333333333333333,1.0,0.0,0.0,1.0,0.0,328
-0.25,0.44670050761421326,0.84375,0.2705797236685667,-0.8816901408450705,0.49462365591397844,0.0,0.0,0.5,0.0,1.0,0.0,0.0,0.0,0.0,725
-0.3333333333333333,-0.4771573604060914,0.875,-0.3098055405697065,-1.1455399061032865,-0.01075268817204301,0.0,0.0,-0.8333333333333334,-0.06666666666666667,0.0,0.0,0.0,1.0,0.0,444
0.5,0.6294416243654822,-0.40625,0.0,0.29107981220657275,1.4516129032258065,0.0,0.0,0.0,-0.06666666666666667,0.0,0.0,1.0,0.0,0.0,2891
-0.5,-0.5685279187817259,0.71875,-0.6833781561418334,-1.0741784037558686,-0.01075268817204301,0.0,0.0,-0.5,0.4666666666666667,0.0,1.0,0.0,0.0,0.0,243
0.6666666666666666,-0.06598984771573609,-0.3125,-0.3098055405697065,0.29107981220657275,-0.01075268817204301,0.0,0.0,0.6666666666666666,0.06666666666666667,0.0,0.0,0.0,0.0,0.0,1558
0.16666666666666666,0.36548223350253806,-0.78125,0.0,0.28732394366197184,0.7311827956989246,0.0,0.0,-0.3333333333333333,0.4,1.0,1.0,0.0,0.0,0.0,384
-0.4166666666666667,-0.18274111675126903,0.0625,-0.6833781561418334,0.01596244131455399,0.25806451612903225,0.0,0.0,-0.3333333333333333,0.8666666666666667,1.0,1.0,0.0,0.0,0.0,307
-1.0,-0.22335025380710663,0.375,-0.4861165064064858,0.18309859154929578,-0.01075268817204301,0.0,0.0,0.6666666666666666,-0.2,1.0,0.0,0.0,0.0,0.0,835
-0.25,0.0,0.6875,0.2705797236685667,-1.228169014084507,0.2043010752688172,0.0,0.0,-0.5,0.8666666666666667,0.0,1.0,0.0,0.0,0.0,757
-0.4166666666666667,-0.5736040609137056,0.25,0.2705797236685667,0.29107981220657275,-0.01075268817204301,0.0,0.0,-0.5,-0.6,0.0,1.0,0.0,0.0,0.0,598
-0.9166666666666666,0.7461928934010152,0.96875,-1.3691539278131721,-0.7145539906103286,-0.01075268817204301,1.0,0.0,0.3333333333333333,-0.2,0.0,0.0,1.0,0.0,0.0,231
0.5,-0.0812182741116751,0.03125,0.455183241303237,-0.04225352112676056,0.6451612903225806,0.0,0.0,-0.3333333333333333,-0.06666666666666667,1.0,1.0,0.0,0.0,0.0,343
-1.0,0.20812182741116758,0.0,0.2058418822217645,-0.7014084507042253,-0.01075268817204301,0.0,0.0,-0.16666666666666666,0.6,0.0,1.0,0.0,0.0,0.0,831
0.08333333333333333,-1.2944162436548223,-1.0,2.15665183283064,0.18497652582159624,1.3548387096774193,0.0,0.9,-0.8333333333333334,0.5333333333333333,0.0,0.0,0.0,1.0,0.0,140
0.9166666666666666,-0.6700507614213198,0.71875,-0.5816560227957038,-1.3389671361502347,-0.01075268817204301,0.0,0.0,1.0,0.8666666666666667,0.0,0.0,0.0,1.0,0.0,236
-0.4166666666666667,0.21319796954314718,-0.03125,-0.14891824053188613,0.29107981220657275,-0.01075268817204301,0.0,0.0,0.6666666666666666,-0.7333333333333333,0.0,0.0,0.0,0.0,0.0,282
-0.3333333333333333,0.06598984771573609,0.71875,-1.1921678124288753,0.21690140845070421,0.3225806451612903,0.0,0.0,-0.16666666666666666,-0.6,0.0,1.0,0.0,0.0,0.0,600
-0.75,-0.7868020304568528,0.09375,-0.91150831659757,-1.1417840375586854,-0.01075268817204301,0.0,0.0,-0.8333333333333334,0.3333333333333333,1.0,0.0,0.0,1.0,0.0,107
-0.4166666666666667,-0.8730964467005076,0.21875,-0.6833781561418334,0.18873239436619718,-0.01075268817204301,0.0,0.0,-0.6666666666666666,0.4,0.0,0.0,0.0,1.0,0.0,373
0.0,-1.1065989847715736,-0.6875,0.8420508501474621,0.26009389671361505,1.21505376344086,0.0,0.0,1.0,-0.26666666666666666,0.0,0.0,0.0,1.0,0.0,228
-0.25,0.5482233502538072,-0.625,-0.3098055405697065,0.23380281690140844,1.3978494623655913,0.0,0.0,0.0,0.4666666666666667,1.0,0.0,1.0,0.0,0.0,1072
-0.75,-0.3553299492385787,0.5625,-0.3098055405697065,-0.676056338028169,-0.01075268817204301,0.0,0.0,0.8333333333333334,-0.06666666666666667,0.0,0.0,0.0,0.0,0.0,219
-0.9166666666666666,0.3553299492385787,0.5,0.2705797236685667,0.0028169014084507044,-0.01075268817204301,0.0,0.0,0.5,0.06666666666666667,0.0,0.0,0.0,0.0,0.0,337
-0.8333333333333334,-0.44670050761421326,0.75,-0.39575298507290857,0.2140845070422535,-0.01075268817204301,0.0,0.0,0.6666666666666666,0.8666666666666667,0.0,0.0,0.0,0.0,0.0,184
0.75,-0.44670050761421326,0.75,-0.39575298507290857,-1.1765258215962442,-0.01075268817204301,0.0,0.4,0.8333333333333334,0.6,1.0,0.0,0.0,0.0,0.0,546
-0.5833333333333334,-0.6497461928934011,-0.25,-1.0429616152145371,0.2892018779342723,-0.01075268817204301,0.0,0.0,0.8333333333333334,0.26666666666666666,0.0,0.0,0.0,0.0,0.0,141
0.08333333333333333,0.3756345177664974,-0.75,1.3208447570935795,0.15305164319248826,3.774193548387097,0.0,0.0,-0.16666666666666666,0.4666666666666667,0.0,1.0,0.0,0.0,0.0,1167
-0.6666666666666666,0.46700507614213194,0.875,-0.6833781561418334,-0.13427230046948357,-0.01075268817204301,0.0,0.0,0.16666666666666666,-1.0,1.0,0.0,1.0,0.0,0.0,211
-0.25,-0.5329949238578681,0.28125,-0.6833781561418334,-1.2995305164319249,0.11827956989247311,0.0,0.0,-0.8333333333333334,0.06666666666666667,0.0,0.0,0.0,1.0,0.0,337
-0.4166666666666667,-0.3807106598984772,1.21875,-0.7926654504863353,-1.4985915492957746,-0.01075268817204301,0.0,0.0,-0.5,0.6666666666666666,0.0,1.0,0.0,0.0,0.0,581
0.5833333333333334,0.883248730964467,0.34375,1.0421797791354965,0.12300469483568074,0.5483870967741935,0.0,0.0,0.3333333333333333,-0.7333333333333333,1.0,0.0,1.0,0.0,0.0,1411
0.3333333333333333,1.1776649746192895,-0.40625,1.137688257706579,-0.022535211267605635,2.3118279569892475,0.0,0.0,0.3333333333333333,-0.8666666666666667,0.0,0.0,1.0,0.0,0.0,763
-0.5,-0.969543147208122,-0.15625,1.2305047302068106,0.0892018779342723,-0.01075268817204301,0.0,0.9,-0.8333333333333334,-0.4666666666666667,0.0,0.0,0.0,1.0,0.0,126
0.75,0.284263959390863,-0.59375,0.3951330286481768,0.29107981220657275,-0.01075268817204301,0.0,0.0,0.5,0.4666666666666667,1.0,0.0,0.0,0.0,-1.0,1148
0.9166666666666666,0.5736040609137056,0.09375,-0.39575298507290857,-0.8403755868544601,-0.01075268817204301,0.0,0.0,-0.16666666666666666,-0.06666666666666667,0.0,1.0,0.0,0.0,0.0,848
-0.3333333333333333,-0.6091370558375635,0.5,-0.22768379202711048,-1.1492957746478873,0.10752688172043011,0.0,0.0,-0.5,-0.4,1.0,1.0,0.0,0.0,0.0,340
0.5833333333333334,-0.8477157360406091,-0.375,-2.15665183283064,0.29107981220657275,-0.01075268817204301,0.0,0.0,1.0,-0.7333333333333333,0.0,0.0,0.0,1.0,0.0,597
-0.25,0.8883248730964467,-0.03125,-0.5816560227957038,0.23943661971830985,1.4086021505376345,0.0,0.0,0.3333333333333333,-0.13333333333333333,0.0,0.0,1.0,0.0,0.0,944
-0.8333333333333334,-0.6548223350253808,0.28125,-0.91150831659757,-0.3023474178403756,-0.01075268817204301,0.0,0.0,0.8333333333333334,0.9333333333333333,0.0,0.0,0.0,0.0,0.0,300
0.9166666666666666,-0.19796954314720816,-0.4375,-0.22768379202711048,-0.3352112676056338,-0.01075268817204301,0.0,0.0,-0.3333333333333333,-0.4666666666666667,0.0,1.0,0.0,0.0,0.0,623
-0.16666666666666666,0.4111675126903554,0.34375,0.0707286024015658,-0.6666666666666666,0.8817204301075268,0.0,0.0,-0.16666666666666666,0.8666666666666667,0.0,1.0,0.0,0.0,0.0,893
0.08333333333333333,0.7715736040609137,-0.34375,0.682712243030312,0.11737089201877934,3.3225806451612905,0.0,0.0,0.3333333333333333,1.0,0.0,0.0,1.0,0.0,0.0,965
0.9166666666666666,-0.1878172588832487,0.28125,-0.91150831659757,0.27136150234741785,-0.01075268817204301,0.0,0.0,0.6666666666666666,-0.26666666666666666,0.0,0.0,0.0,0.0,0.0,940
-0.08333333333333333,0.10659898477157359,0.09375,1.2305047302068106,-0.819718309859155,1.5376344086021503,0.0,0.0,-0.5,0.8,0.0,1.0,0.0,0.0,0.0,588
-0.5,-0.07614213197969544,0.8125,-1.0429616152145371,-1.2854460093896714,0.0,0.0,0.0,-0.16666666666666666,-0.3333333333333333,0.0,1.0,0.0,0.0,0.0,486
0.4166666666666667,0.299492385786802,-0.78125,0.9933397872392326,0.29107981220657275,0.6666666666666666,0.0,0.0,0.6666666666666666,-0.6,1.0,0.0,0.0,0.0,0.0,2255
-1.0,-0.11167512690355327,0.4375,-0.22768379202711048,0.28826291079812205,-0.01075268817204301,0.0,0.0,0.6666666666666666,0.26666666666666666,1.0,0.0,0.0,0.0,0.0,891
-0.5,0.24873096446700502,1.1875,-1.5998067240225886,-0.8807511737089202,-0.01075268817204301,0.0,0.0,0.5,0.4,1.0,0.0,0.0,0.0,0.0,215
-0.16666666666666666,0.13197969543147217,-0.4375,-0.07312821817005527,0.27699530516431925,2.580645161290323,0.0,0.0,-0.16666666666666666,-0.4666666666666667,0.0,1.0,0.0,0.0,0.0,954
-0.3333333333333333,-0.0406091370558376,0.3125,-0.7926654504863353,-1.231924882629108,0.9139784946236559,0.0,0.0,-0.3333333333333333,0.8,1.0,1.0,0.0,0.0,0.0,647
-0.25,0.0406091370558376,0.46875,-0.6833781561418334,-1.2657276995305164,0.8924731182795698,0.0,0.0,-0.16666666666666666,-0.3333333333333333,0.0,1.0,0.0,0.0,0.0,850
-0.6666666666666666,0.5329949238578681,0.40625,-0.22768379202711048,0.29107981220657275,-0.01075268817204301,0.0,0.0,0.5,-0.8666666666666667,0.0,0.0,0.0,0.0,0.0,153
-0.8333333333333334,-0.7258883248730965,0.59375,-0.5816560227957038,-1.1915492957746479,-0.01075268817204301,0.0,0.0,-0.6666666666666666,0.26666666666666666,0.0,0.0,0.0,1.0,0.0,115
-0.6666666666666666,0.7614213197969544,0.53125,0.682712243030312,-0.1323943661971831,-0.01075268817204301,0.0,0.0,0.16666666666666666,0.6,0.0,0.0,1.0,0.0,0.0,212
-0.5,0.5329949238578681,0.84375,-1.5998067240225886,0.2619718309859155,0.04301075268817204,0.0,0.0,0.16666666666666666,-0.8,0.0,0.0,1.0,0.0,0.0,747
-0.3333333333333333,-0.09137055837563456,0.15625,-0.7926654504863353,-0.6892018779342723,0.6559139784946236,0.0,0.0,-0.3333333333333333,0.6666666666666666,0.0,1.0,0.0,0.0,0.0,1933
-0.8333333333333334,-1.2538071065989849,-0.65625,0.8420508501474621,0.27323943661971833,-0.01075268817204301,0.0,0.0,-0.6666666666666666,-0.6666666666666666,0.0,0.0,0.0,1.0,0.0,59
0.75,0.40101522842639586,-0.09375,0.0,0.29107981220657275,-0.01075268817204301,0.0,0.0,0.0,-0.06666666666666667,0.0,0.0,1.0,0.0,0.0,2337
-0.08333333333333333,0.5177664974619289,-0.53125,0.3336351996355,0.29107981220657275,2.78494623655914,0.0,0.0,0.5,-0.3333333333333333,0.0,0.0,0.0,0.0,0.0,1012
-0.16666666666666666,-0.7766497461928935,-0.84375,0.3951330286481768,-0.07699530516431925,1.6989247311827957,0.0,0.0,-0.5,-0.9333333333333333,0.0,1.0,0.0,0.0,0.0,274
-0.16666666666666666,-0.005076142131979678,-0.34375,-0.5816560227957038,0.02629107981220657,1.7204301075268817,0.0,0.0,0.6666666666666666,0.3333333333333333,1.0,0.0,0.0,0.0,0.0,936
-0.5833333333333334,-0.4263959390862945,0.78125,-0.7926654504863353,-1.4131455399061033,-0.01075268817204301,0.0,0.0,1.0,0.5333333333333333,1.0,0.0,0.0,1.0,-1.0,44
0.4166666666666667,0.7766497461928935,0.8125,1.365145862684823,-0.6769953051643193,0.4086021505376344,1.1,0.0,0.3333333333333333,-0.4666666666666667,0.0,0.0,1.0,0.0,0.0,740
-0.4166666666666667,-0.6751269035532995,0.09375,-1.1921678124288753,-0.5117370892018779,-0.01075268817204301,0.0,0.0,-0.8333333333333334,0.26666666666666666,1.0,0.0,0.0,1.0,0.0,101
-1.0,0.781725888324873,0.5625,0.0707286024015658,0.2403755868544601,-0.01075268817204301,0.0,0.0,0.3333333333333333,-0.4666666666666667,0.0,0.0,1.0,0.0,0.0,929
0.5833333333333334,0.9746192893401017,-0.03125,0.455183241303237,0.29107981220657275,0.3440860215053763,0.0,0.0,0.3333333333333333,-0.13333333333333333,0.0,0.0,1.0,0.0,0.0,1972
0.8333333333333334,-0.883248730964467,-0.15625,-0.22768379202711048,0.1699530516431925,-0.01075268817204301,0.0,0.0,-0.6666666666666666,-1.0,0.0,0.0,0.0,1.0,0.0,235
0.08333333333333333,0.3705583756345178,-0.375,0.7898955205469734,-0.9408450704225352,3.3978494623655915,0.0,0.0,-0.16666666666666666,-0.3333333333333333,0.0,1.0,0.0,0.0,0.0,1177
0.0,0.11167512690355327,1.21875,-0.3098055405697065,-1.0535211267605633,0.5268817204301075,3.0,0.0,-0.16666666666666666,-0.6666666666666666,1.0,1.0,0.0,0.0,0.0,71
-1.0,-0.41116751269035534,0.21875,-0.5816560227957038,0.29107981220657275,-0.01075268817204301,0.0,0.0,0.8333333333333334,-0.26666666666666666,0.0,0.0,0.0,0.0,0.0,456
0.5833333333333334,-0.20304568527918782,0.59375,0.5138834935935143,0.29107981220657275,0.01075268817204301,0.0,0.0,-0.3333333333333333,-0.13333333333333333,1.0,1.0,0.0,0.0,0.0,612
-0.5,0.22335025380710655,1.125,-0.4861165064064858,-1.3971830985915492,-0.01075268817204301,0.1,0.0,-0.16666666666666666,-0.9333333333333333,0.0,1.0,0.0,0.0,0.0,67
-0.8333333333333334,-0.22335025380710663,0.34375,-1.1921678124288753,-0.7220657276995305,-0.01075268817204301,0.0,0.0,0.6666666666666666,-0.13333333333333333,1.0,0.0,0.0,0.0,0.0,429
0.5,1.0659898477157361,-0.375,0.3336351996355,0.29107981220657275,1.064516129032258,0.0,0.0,0.3333333333333333,-0.5333333333333333,0.0,0.0,1.0,0.0,0.0,2326
-0.8333333333333334,-1.2690355329949239,-0.21875,-0.6833781561418334,0.29107981220657275,-0.01075268817204301,0.0,0.0,1.0,-0.26666666666666666,0.0,0.0,0.0,1.0,0.0,95
0.0,-0.2741116751269036,-0.1875,-0.07312821817005527,-1.2422535211267605,0.7956989247311828,0.0,0.0,-0.8333333333333334,0.06666666666666667,0.0,0.0,0.0,1.0,0.0,310
0.5,0.22335025380710655,-1.28125,1.2305047302068106,0.29107981220657275,0.978494623655914,0.0,0.0,-0.3333333333333333,-0.26666666666666666,0.0,1.0,0.0,0.0,0.0,2359
0.5,0.8426395939086295,-0.625,0.3951330286481768,0.29107981220657275,0.9354838709677419,0.0,0.0,0.3333333333333333,0.13333333333333333,1.0,0.0,1.0,0.0,0.0,1979
0.9166666666666666,-0.3654822335025381,0.15625,-2.15665183283064,0.28450704225352114,-0.01075268817204301,0.0,0.0,0.8333333333333334,-0.3333333333333333,1.0,0.0,0.0,0.0,0.0,554
0.08333333333333333,-0.4974619289340102,-1.25,-0.07312821817005527,0.29107981220657275,2.118279569892473,0.0,0.0,-0.6666666666666666,0.13333333333333333,1.0,0.0,0.0,1.0,0.0,337
-0.16666666666666666,0.8274111675126904,-0.09375,0.2058418822217645,0.044131455399061034,2.5053763440860215,0.0,0.0,0.16666666666666666,0.0,0.0,0.0,1.0,0.0,0.0,678
0.75,0.10152284263959391,0.90625,-0.14891824053188613,-1.419718309859155,-0.01075268817204301,0.0,0.0,0.6666666666666666,-0.06666666666666667,0.0,0.0,0.0,0.0,0.0,1556
-0.3333333333333333,-0.9238578680203046,-0.84375,-0.7926654504863353,0.29107981220657275,-0.01075268817204301,0.0,0.0,1.0,0.8,0.0,0.0,0.0,1.0,0.0,554
-1.0,0.42131979695431476,0.8125,0.0,0.29107981220657275,-0.01075268817204301,0.0,0.0,0.5,-0.06666666666666667,1.0,0.0,0.0,0.0,0.0,906
0.4166666666666667,1.0862944162436547,-0.1875,0.455183241303237,-0.4272300469483568,1.043010752688172,0.0,0.0,0.16666666666666666,0.5333333333333333,0.0,0.0,1.0,0.0,0.0,1297
0.16666666666666666,-1.0609137055837563,-0.59375,1.0421797791354965,0.02629107981220657,1.225806451612903,0.0,0.0,-0.8333333333333334,-0.3333333333333333,0.0,0.0,0.0,1.0,0.0,187
0.3333333333333333,-0.1472081218274112,-0.6875,1.0421797791354965,0.29107981220657275,1.086021505376344,0.0,0.0,0.6666666666666666,0.7333333333333333,1.0,0.0,0.0,0.0,0.0,1308
-0.8333333333333334,-0.030456852791878156,0.8125,0.0707286024015658,-1.2403755868544601,-0.01075268817204301,0.0,0.0,-0.5,0.8666666666666667,0.0,1.0,0.0,0.0,0.0,254
-0.75,-0.3756345177664975,0.28125,-0.91150831659757,-0.3220657276995305,-0.01075268817204301,0.0,0.0,0.8333333333333334,-0.13333333333333333,0.0,0.0,0.0,0.0,0.0,210
0.08333333333333333,-0.4365482233502538,-1.09375,0.3336351996355,-0.2291079812206573,1.064516129032258,0.0,0.0,-0.8333333333333334,0.3333333333333333,1.0,0.0,0.0,1.0,0.0,343
0.6666666666666666,0.10152284263959391,-0.625,0.2705797236685667,0.29107981220657275,-0.01075268817204301,0.0,0.0,0.6666666666666666,-0.6,1.0,0.0,0.0,0.0,0.0,1519
-0.3333333333333333,0.7664974619289341,0.1875,-0.5816560227957038,0.16619718309859155,1.064516129032258,0.0,0.0,0.16666666666666666,0.8666666666666667,1.0,0.0,1.0,0.0,0.0,456
-0.9166666666666666,0.4111675126903554,0.625,0.682712243030312,0.08169014084507042,-0.01075268817204301,0.0,0.0,0.5,-0.6,0.0,0.0,0.0,0.0,0.0,345
-0.8333333333333334,-0.9543147208121828,-0.15625,-0.22768379202711048,-0.2403755868544601,-0.01075268817204301,0.0,0.0,-0.5,-0.9333333333333333,0.0,1.0,0.0,0.0,0.0,71
-0.5,-0.5482233502538072,0.4375,-0.3098055405697065,-1.3333333333333333,-0.01075268817204301,0.0,0.0,-0.8333333333333334,0.06666666666666667,0.0,0.0,0.0,1.0,0.0,115
-0.4166666666666667,-1.4923857868020305,-0.84375,0.8933144384752442,0.29107981220657275,-0.01075268817204301,0.0,0.9,-0.8333333333333334,0.5333333333333333,0.0,0.0,0.0,1.0,0.0,164
0.5833333333333334,-1.1116751269035532,-0.625,1.365145862684823,0.29107981220657275,-0.01075268817204301,0.0,0.0,-0.6666666666666666,-0.6666666666666666,0.0,0.0,0.0,1.0,0.0,251
0.4166666666666667,1.0000000000000002,-0.03125,0.455183241303237,-0.2460093896713615,1.096774193548387,0.0,0.0,0.16666666666666666,0.6,0.0,0.0,1.0,0.0,0.0,1412
-0.16666666666666666,-0.8934010152284265,-0.4375,-0.22768379202711048,-0.4723004694835681,0.6236559139784945,0.0,0.0,-0.6666666666666666,-0.9333333333333333,0.0,0.0,0.0,1.0,0.0,187
0.8333333333333334,-0.6903553299492385,-0.25,0.3336351996355,-0.7699530516431925,-0.01075268817204301,0.0,0.0,1.0,-0.06666666666666667,0.0,0.0,0.0,1.0,0.0,296
0.5,-0.5989847715736041,1.03125,-0.39575298507290857,-1.5248826291079811,-0.01075268817204301,0.3,0.3,1.0,-0.6666666666666666,0.0,0.0,0.0,1.0,0.0,204
-0.08333333333333333,-1.0964467005076144,-0.6875,0.2058418822217645,0.10892018779342723,1.021505376344086,0.0,0.0,1.0,-0.2,0.0,0.0,0.0,1.0,0.0,251
0.6666666666666666,-1.116751269035533,-0.8125,1.4088965798741255,0.29107981220657275,-0.01075268817204301,0.0,0.0,-0.6666666666666666,-0.8666666666666667,1.0,0.0,0.0,1.0,0.0,109
0.8333333333333334,-1.071065989847716,-0.5,0.0707286024015658,0.29107981220657275,-0.01075268817204301,0.0,0.0,1.0,0.0,1.0,0.0,0.0,1.0,0.0,155
0.6666666666666666,0.9796954314720812,-0.3125,0.2705797236685667,0.29107981220657275,0.0,0.0,0.0,0.3333333333333333,-0.3333333333333333,1.0,0.0,1.0,0.0,0.0,1469
0.6666666666666666,0.9492385786802032,-0.15625,0.5138834935935143,0.29107981220657275,0.01075268817204301,0.0,0.0,0.3333333333333333,-0.4,0.0,0.0,1.0,0.0,0.0,1702
-0.75,0.3096446700507615,0.46875,0.13927936789351517,-0.5164319248826291,-0.01075268817204301,0.0,0.0,0.5,0.26666666666666666,0.0,0.0,0.0,0.0,0.0,294
-0.25,0.5736040609137056,0.875,0.13927936789351517,0.29107981220657275,0.3333333333333333,0.0,0.0,0.3333333333333333,0.5333333333333333,0.0,0.0,1.0,0.0,0.0,484
-0.6666666666666666,-0.17766497461928935,0.15625,-0.7926654504863353,0.0647887323943662,-0.01075268817204301,0.0,0.0,0.6666666666666666,0.4,0.0,0.0,0.0,0.0,0.0,110
0.75,0.16751269035532998,0.03125,-0.22768379202711048,0.29107981220657275,-0.01075268817204301,0.0,0.0,0.5,0.5333333333333333,0.0,0.0,0.0,0.0,-1.0,1145
0.16666666666666666,0.2944162436548224,-0.65625,1.137688257706579,0.27793427230046946,2.4408602150537635,0.0,0.0,0.6666666666666666,-1.0,0.0,0.0,0.0,0.0,0.0,1137
-1.0,-0.21827411167512695,0.21875,-0.6833781561418334,0.29107981220657275,-0.01075268817204301,0.0,0.0,0.6666666666666666,0.13333333333333333,0.0,0.0,0.0,0.0,0.0,694
-0.25,-0.3553299492385787,-0.53125,0.6275737112096174,-1.0347417840375588,0.7311827956989246,0.0,0.0,-0.5,0.5333333333333333,1.0,1.0,0.0,0.0,0.0,456
0.0,-0.44670050761421326,-0.4375,0.3951330286481768,-0.5248826291079812,1.4731182795698923,0.0,0.0,-0.6666666666666666,0.2,0.0,0.0,0.0,1.0,0.0,361
-0.16666666666666666,0.6700507614213198,0.96875,0.0707286024015658,-0.8338028169014085,0.9462365591397849,0.5,0.0,0.16666666666666666,-0.26666666666666666,0.0,0.0,1.0,0.0,0.0,746
0.4166666666666667,0.010152284263959355,-0.625,-0.07312821817005527,0.29107981220657275,0.5161290322580645,0.0,0.0,0.8333333333333334,-1.0,0.0,0.0,0.0,0.0,0.0,1569
0.4166666666666667,0.17258883248730958,-0.75,0.455183241303237,0.2647887323943662,0.4516129032258064,0.0,0.0,0.8333333333333334,-0.8,1.0,0.0,0.0,0.0,0.0,1596
-0.08333333333333333,0.48730964467005083,-0.84375,0.6275737112096174,0.19342723004694837,3.225806451612903,0.0,0.0,-0.16666666666666666,0.6,0.0,1.0,0.0,0.0,0.0,959
-0.25,0.23857868020304565,1.125,-0.07312821817005527,-1.0497652582159624,0.18279569892473116,1.0,0.0,0.5,0.26666666666666666,0.0,0.0,0.0,0.0,0.0,89
0.25,0.3908629441624365,-0.6875,0.8420508501474621,0.04037558685446009,3.086021505376344,0.0,0.0,-0.16666666666666666,-0.4666666666666667,0.0,1.0,0.0,0.0,0.0,1324
-0.25,-0.08629441624365479,-0.0625,-0.6833781561418334,-0.47699530516431926,0.5806451612903226,0.0,0.0,0.6666666666666666,0.0,0.0,0.0,0.0,0.0,0.0,1177
0.16666666666666666,0.5025380710659898,0.46875,0.455183241303237,-0.9464788732394366,0.7741935483870968,0.0,0.0,0.5,0.0,1.0,0.0,0.0,0.0,0.0,409
-0.8333333333333334,0.13197969543147217,0.40625,-0.7926654504863353,-0.847887323943662,-0.01075268817204301,0.0,0.0,-0.16666666666666666,0.6,0.0,1.0,0.0,0.0,0.0,437
0.6666666666666666,0.3502538071065989,-0.375,0.3336351996355,-0.2187793427230047,0.05376344086021505,0.0,0.0,-0.16666666666666666,0.6,0.0,1.0,0.0,0.0,0.0,1905
-0.6666666666666666,-0.9949238578680204,-0.375,0.5138834935935143,0.29107981220657275,-0.01075268817204301,0.0,0.0,-0.8333333333333334,-0.8666666666666667,0.0,0.0,0.0,1.0,0.0,43
0.3333333333333333,-0.0812182741116751,-1.0,0.7368002283746548,-0.24976525821596243,1.956989247311828,0.0,0.0,-0.5,-0.3333333333333333,1.0,1.0,0.0,0.0,0.0,1205
0.4166666666666667,-0.6700507614213198,-0.9375,0.682712243030312,0.29107981220657275,0.18279569892473116,0.0,0.0,-0.8333333333333334,-0.9333333333333333,0.0,0.0,0.0,1.0,0.0,373
0.16666666666666666,0.2690355329949239,-0.9375,1.7412639288257201,0.18591549295774648,3.3548387096774195,0.0,0.0,-0.3333333333333333,-0.26666666666666666,0.0,1.0,0.0,0.0,0.0,990
-0.75,-0.8477157360406091,0.65625,-2.15665183283064,0.1107981220657277,-0.01075268817204301,0.2,0.4,1.0,-0.6666666666666666,0.0,0.0,0.0,1.0,0.0,78
0.0,-0.6598984771573604,-0.34375,1.6608858990800979,-0.4863849765258216,2.666666666666667,0.0,0.0,-0.5,-1.0,0.0,1.0,0.0,0.0,-1.0,311
0.9166666666666666,0.8984771573604061,-0.21875,0.2058418822217645,0.29107981220657275,-0.01075268817204301,0.0,0.0,0.3333333333333333,0.4,0.0,0.0,1.0,0.0,0.0,1117
0.5,0.918781725888325,-0.3125,0.3951330286481768,0.16619718309859155,0.26881720430107525,0.0,0.0,0.3333333333333333,0.26666666666666666,0.0,0.0,1.0,0.0,0.0,2628
-0.75,-0.16751269035532998,0.09375,-0.39575298507290857,0.09953051643192488,-0.01075268817204301,0.0,0.0,0.6666666666666666,0.4,0.0,0.0,0.0,0.0,0.0,175
0.6666666666666666,0.583756345177665,-0.5625,0.7898955205469734,0.29107981220657275,0.05376344086021505,0.0,0.0,0.0,-1.0,0.0,0.0,1.0,0.0,0.0,2163
0.8333333333333334,-0.6294416243654822,-0.53125,-0.91150831659757,-0.3615023474178404,-0.01075268817204301,0.0,0.0,-0.8333333333333334,-0.6,1.0,0.0,0.0,1.0,0.0,214
-0.5833333333333334,-0.5583756345177665,0.1875,-0.14891824053188613,0.27887323943661974,-0.01075268817204301,0.0,0.0,-0.5,-0.6,0.0,1.0,0.0,0.0,0.0,97
-0.3333333333333333,-0.5532994923857868,-0.125,-0.6833781561418334,-0.13333333333333333,0.021505376344086016,0.0,0.0,0.8333333333333334,0.13333333333333333,1.0,0.0,0.0,0.0,0.0,371
-0.16666666666666666,0.21319796954314718,0.96875,-0.3098055405697065,-1.2845070422535212,0.3763440860215053,0.0,0.0,-0.16666666666666666,-0.9333333333333333,0.0,1.0,0.0,0.0,0.0,486
-0.25,-0.6802030456852792,-0.75,-0.5816560227957038,0.19812206572769953,0.05376344086021505,0.0,0.0,-0.8333333333333334,0.4,0.0,0.0,0.0,1.0,0.0,365
0.5,0.6649746192893402,-0.15625,0.6275737112096174,-0.3023474178403756,1.1612903225806452,0.0,0.0,0.0,-0.6666666666666666,0.0,0.0,1.0,0.0,-1.0,2162
-0.8333333333333334,-0.7005076142131981,-0.40625,0.13927936789351517,-0.37089201877934275,-0.01075268817204301,0.0,0.0,-0.8333333333333334,0.2,0.0,0.0,0.0,1.0,0.0,140
0.6666666666666666,0.4619289340101524,0.53125,-0.22768379202711048,-0.09014084507042254,0.0,0.0,0.0,0.0,-0.13333333333333333,0.0,0.0,1.0,0.0,0.0,1557
-0.8333333333333334,-0.3147208121827411,0.90625,0.13927936789351517,0.29107981220657275,-0.01075268817204301,0.0,0.0,-0.16666666666666666,-0.8666666666666667,0.0,1.0,0.0,0.0,0.0,251
-0.16666666666666666,-0.918781725888325,-0.5,0.7898955205469734,0.11737089201877934,0.6021505376344085,0.0,2.5,1.0,0.2,0.0,0.0,0.0,1.0,0.0,151
-0.6666666666666666,0.1878172588832487,0.28125,-0.7926654504863353,0.29107981220657275,-0.01075268817204301,0.0,0.0,0.5,-0.5333333333333333,1.0,0.0,0.0,0.0,0.0,285
-0.4166666666666667,-1.0913705583756346,-0.5625,0.2705797236685667,0.29107981220657275,-0.01075268817204301,0.0,0.0,-0.8333333333333334,0.8,1.0,0.0,0.0,1.0,0.0,42
0.4166666666666667,-0.8071065989847717,0.875,-1.1921678124288753,-1.423474178403756,0.05376344086021505,0.0,0.6,-0.8333333333333334,0.9333333333333333,0.0,0.0,0.0,1.0,0.0,53
-0.25,0.6852791878172589,0.4375,-0.39575298507290857,-0.16150234741784036,1.032258064516129,0.0,0.0,0.16666666666666666,-0.06666666666666667,1.0,0.0,1.0,0.0,0.0,715
0.8333333333333334,-0.9035532994923858,0.75,-1.0429616152145371,-1.1784037558685445,-0.01075268817204301,0.0,0.0,-0.8333333333333334,-0.2,1.0,0.0,0.0,1.0,0.0,168
-0.08333333333333333,0.17258883248730958,-0.9375,0.0,-0.3154929577464789,2.849462365591398,0.0,0.0,-0.3333333333333333,0.06666666666666667,0.0,1.0,0.0,0.0,0.0,822
-0.5,0.13705583756345174,0.40625,-1.1921678124288753,0.29107981220657275,-0.01075268817204301,0.0,0.0,0.5,-0.5333333333333333,1.0,0.0,0.0,0.0,0.0,322
-0.75,-0.09644670050761424,-0.125,-0.3098055405697065,0.20093896713615023,-0.01075268817204301,0.0,0.0,-0.16666666666666666,-0.7333333333333333,1.0,1.0,0.0,0.0,0.0,392
0.25,0.5634517766497463,-0.59375,0.3951330286481768,-0.19906103286384977,1.978494623655914,0.0,0.0,-0.16666666666666666,-0.6,0.0,1.0,0.0,0.0,0.0,2191
0.4166666666666667,-0.5482233502538072,-0.21875,0.7898955205469734,0.2507042253521127,0.05376344086021505,0.0,0.0,-0.8333333333333334,-0.5333333333333333,0.0,0.0,0.0,1.0,0.0,385
0.5833333333333334,0.8883248730964467,-0.8125,0.0,0.29107981220657275,0.3548387096774194,0.0,0.0,0.3333333333333333,0.06666666666666667,0.0,0.0,1.0,0.0,0.0,2353
-0.5833333333333334,-0.8071065989847717,-0.75,0.9437305196070348,0.29107981220657275,-0.01075268817204301,0.0,0.0,-0.6666666666666666,-0.06666666666666667,0.0,0.0,0.0,1.0,-1.0,32
0.9166666666666666,-0.12690355329949238,0.15625,-1.1921678124288753,-0.6985915492957746,-0.01075268817204301,0.0,0.0,0.6666666666666666,-0.2,1.0,0.0,0.0,0.0,0.0,971
0.75,0.30456852791878175,-0.34375,0.2058418822217645,0.04131455399061033,-0.01075268817204301,0.0,0.0,-0.16666666666666666,0.7333333333333333,1.0,1.0,0.0,0.0,0.0,1729
-0.3333333333333333,-0.3654822335025381,0.75,-0.5816560227957038,-1.244131455399061,0.10752688172043011,0.0,0.0,0.8333333333333334,-0.3333333333333333,1.0,0.0,0.0,0.0,0.0,395
0.08333333333333333,0.46700507614213194,-0.40625,-0.07312821817005527,0.20938967136150236,1.8924731182795698,0.0,0.0,0.5,0.4666666666666667,1.0,0.0,0.0,0.0,-1.0,1031
-0.5833333333333334,0.5329949238578681,1.25,-0.4861165064064858,-0.3220657276995305,-0.01075268817204301,0.5,0.0,0.3333333333333333,0.9333333333333333,0.0,0.0,1.0,0.0,0.0,73
0.5833333333333334,-0.5076142131979695,0.09375,0.7368002283746548,-0.707981220657277,-0.01075268817204301,0.0,0.0,-0.6666666666666666,0.4,0.0,0.0,0.0,1.0,0.0,499
-0.75,0.34010152284263956,0.625,-1.0429616152145371,0.29107981220657275,-0.01075268817204301,0.0,0.0,0.5,-0.7333333333333333,0.0,0.0,0.0,0.0,0.0,376
-0.5,0.42131979695431476,-0.1875,0.3336351996355,0.29107981220657275,-0.01075268817204301,0.0,0.0,0.3333333333333333,0.06666666666666667,0.0,0.0,1.0,0.0,0.0,719
-0.75,-0.36040609137055835,0.8125,0.5138834935935143,-0.49953051643192486,-0.01075268817204301,0.0,0.0,-0.3333333333333333,-0.06666666666666667,1.0,1.0,0.0,0.0,0.0,183
0.16666666666666666,-0.17258883248730966,0.0625,1.0421797791354965,0.29107981220657275,0.6021505376344085,0.0,0.0,-0.5,0.2,0.0,1.0,0.0,0.0,0.0,326
-1.0,-0.19796954314720816,-0.8125,-0.5816560227957038,0.29107981220657275,-0.01075268817204301,0.0,0.0,-0.3333333333333333,0.06666666666666667,0.0,1.0,0.0,0.0,0.0,503
-0.3333333333333333,0.3553299492385787,1.03125,0.2705797236685667,-1.1267605633802817,0.5591397849462365,0.0,0.0,0.5,-0.8,0.0,0.0,0.0,0.0,0.0,2059
-0.9166666666666666,0.9137055837563453,0.375,0.0,-0.1671361502347418,-0.01075268817204301,0.0,0.0,0.3333333333333333,-0.9333333333333333,0.0,0.0,1.0,0.0,0.0,647
-0.5,-1.0203045685279188,-0.6875,-0.14891824053188613,0.29107981220657275,-0.01075268817204301,0.0,0.0,1.0,-1.0,0.0,0.0,0.0,1.0,0.0,181
-0.6666666666666666,0.030456852791878156,1.25,0.13927936789351517,-1.2995305164319249,-0.01075268817204301,3.0,0.0,-0.3333333333333333,-0.8,0.0,1.0,0.0,0.0,0.0,14
-0.9166666666666666,0.10152284263959391,0.09375,-0.3098055405697065,-0.9690140845070423,-0.01075268817204301,0.0,0.0,-0.3333333333333333,0.3333333333333333,1.0,1.0,0.0,0.0,0.0,628
0.8333333333333334,0.3705583756345178,0.4375,0.3951330286481768,-0.8356807511737089,-0.01075268817204301,0.0,0.0,0.0,0.2,0.0,0.0,1.0,0.0,0.0,2096
0.9166666666666666,-0.6598984771573604,0.5,0.0,-1.1502347417840375,-0.01075268817204301,0.0,0.0,-0.6666666666666666,0.2,0.0,0.0,0.0,1.0,0.0,218
-0.6666666666666666,0.5736040609137056,0.90625,0.3951330286481768,-0.5511737089201878,-0.01075268817204301,0.0,0.0,0.16666666666666666,-0.2,0.0,0.0,1.0,0.0,0.0,241
0.16666666666666666,0.035532994923857836,-0.75,0.0,-0.29671361502347415,1.967741935483871,0.0,0.0,0.8333333333333334,-0.26666666666666666,0.0,0.0,0.0,0.0,0.0,886
-0.5,-0.35025380710659904,0.71875,-0.39575298507290857,-0.24976525821596243,-0.01075268817204301,0.0,0.0,0.6666666666666666,-0.2,1.0,0.0,0.0,0.0,0.0,209
0.16666666666666666,-0.1472081218274112,-0.71875,0.7898955205469734,-0.7230046948356808,1.1397849462365592,0.0,0.0,0.8333333333333334,0.2,0.0,0.0,0.0,0.0,0.0,793
0.4166666666666667,-0.1878172588832487,-0.90625,0.5713209318579696,0.27511737089201876,0.30107526881720426,0.0,0.0,0.8333333333333334,0.26666666666666666,0.0,0.0,0.0,0.0,0.0,1269
-0.25,-0.42131979695431476,-0.0625,-0.07312821817005527,0.05821596244131456,0.7096774193548387,0.0,0.0,0.8333333333333334,-0.26666666666666666,0.0,0.0,0.0,0.0,0.0,931
0.16666666666666666,0.3908629441624365,-0.6875,2.6335109164979613,0.28356807511737087,1.9247311827956988,0.0,0.0,-0.3333333333333333,-0.4,0.0,1.0,0.0,0.0,0.0,913
0.4166666666666667,0.2639593908629441,-0.75,-0.3098055405697065,-0.49389671361502346,0.7419354838709676,0.0,0.0,0.6666666666666666,-0.2,1.0,0.0,0.0,0.0,0.0,1995
-0.16666666666666666,-0.1878172588832487,1.03125,-0.5816560227957038,-1.272300469483568,0.6774193548387096,0.0,0.0,-0.5,-0.8,1.0,1.0,0.0,0.0,0.0,239
-0.16666666666666666,-0.802030456852792,0.1875,0.13927936789351517,-0.37934272300469485,0.2258064516129032,0.0,3.2,-0.8333333333333334,1.0,0.0,0.0,0.0,1.0,0.0,102
-0.4166666666666667,0.5482233502538072,1.21875,-0.07312821817005527,-0.6244131455399061,0.03225806451612903,0.0,0.0,0.3333333333333333,0.9333333333333333,0.0,0.0,1.0,0.0,0.0,771
0.4166666666666667,-0.6548223350253808,-1.25,1.0421797791354965,0.29107981220657275,0.8387096774193549,0.0,0.0,-0.6666666666666666,0.06666666666666667,1.0,0.0,0.0,1.0,-1.0,250
-0.75,-0.19796954314720816,1.15625,-0.14891824053188613,-1.095774647887324,-0.01075268817204301,2.4,0.0,-0.3333333333333333,0.5333333333333333,0.0,1.0,0.0,0.0,0.0,35
0.3333333333333333,0.9390862944162437,-0.1875,0.5713209318579696,-0.2704225352112676,2.7311827956989245,0.0,0.0,0.16666666666666666,0.06666666666666667,0.0,0.0,1.0,0.0,0.0,1062
-0.25,0.13197969543147217,-0.21875,0.682712243030312,-0.05821596244131456,1.6236559139784945,0.0,0.0,-0.16666666666666666,-0.7333333333333333,1.0,1.0,0.0,0.0,0.0,759
-0.5833333333333334,-0.6345177664974619,1.0625,-0.6833781561418334,-1.3455399061032864,-0.01075268817204301,0.0,3.8,-0.6666666666666666,0.4666666666666667,0.0,0.0,0.0,1.0,0.0,39
0.0,0.3553299492385787,-0.46875,0.3951330286481768,0.29107981220657275,3.6666666666666665,0.0,0.0,-0.16666666666666666,0.2,1.0,1.0,0.0,0.0,0.0,1573
-0.9166666666666666,0.42131979695431476,0.6875,-0.07312821817005527,0.29107981220657275,-0.01075268817204301,0.0,0.0,0.5,-0.06666666666666667,1.0,0.0,0.0,0.0,0.0,881
0.25,-0.3350253807106599,-0.8125,0.8420508501474621,0.27417840375586855,1.2903225806451613,0.0,0.0,0.8333333333333334,0.4,0.0,0.0,0.0,0.0,0.0,716
-0.6666666666666666,0.17766497461928935,0.0625,-2.15665183283064,0.29107981220657275,-0.01075268817204301,0.0,0.0,0.5,-0.4666666666666667,1.0,0.0,0.0,0.0,0.0,264
0.5,-0.583756345177665,0.625,-0.14891824053188613,0.29107981220657275,0.06451612903225806,0.0,0.0,-0.5,0.3333333333333333,0.0,1.0,0.0,0.0,0.0,615
-0.8333333333333334,-0.5279187817258884,0.25,-0.5816560227957038,-1.295774647887324,-0.01075268817204301,0.0,0.0,-0.8333333333333334,0.06666666666666667,0.0,0.0,0.0,1.0,0.0,140
0.9166666666666666,-0.46700507614213194,0.03125,-0.07312821817005527,0.29107981220657275,-0.01075268817204301,0.0,0.0,0.6666666666666666,0.8666666666666667,0.0,0.0,0.0,0.0,0.0,658
-0.16666666666666666,-0.4619289340101523,-1.0625,0.0707286024015658,-0.4591549295774648,0.7419354838709676,0.0,0.0,0.8333333333333334,0.8,0.0,0.0,0.0,0.0,0.0,583
-0.5833333333333334,0.5736040609137056,0.90625,0.0707286024015658,-0.48826291079812206,-0.01075268817204301,0.0,0.0,0.16666666666666666,-0.13333333333333333,1.0,0.0,1.0,0.0,0.0,266
0.8333333333333334,0.38578680203045695,0.0625,0.3951330286481768,0.1727699530516432,-0.01075268817204301,0.0,0.0,-0.16666666666666666,1.0,0.0,1.0,0.0,0.0,0.0,1900
0.5833333333333334,-0.10152284263959391,-0.15625,0.5713209318579696,-0.3483568075117371,-0.01075268817204301,0.0,0.0,0.8333333333333334,-0.13333333333333333,0.0,0.0,0.0,0.0,0.0,1464
0.3333333333333333,0.5076142131979695,-0.65625,1.365145862684823,0.06854460093896714,2.5913978494623655,0.0,0.0,-0.16666666666666666,0.5333333333333333,0.0,1.0,0.0,0.0,0.0,1455
0.08333333333333333,0.5989847715736041,-0.28125,0.2058418822217645,0.2300469483568075,3.6666666666666665,0.0,0.0,0.0,-0.06666666666666667,0.0,0.0,1.0,0.0,0.0,1035
0.0,-0.4873096446700508,-0.84375,0.0707286024015658,-0.568075117370892,0.9677419354838709,0.0,0.0,-0.8333333333333334,0.3333333333333333,1.0,0.0,0.0,1.0,0.0,271
-0.5833333333333334,-0.5786802030456853,1.15625,-1.0429616152145371,-1.3539906103286385,-0.01075268817204301,0.0,2.5,0.8333333333333334,0.6,1.0,0.0,0.0,0.0,0.0,88
-0.08333333333333333,-0.12182741116751271,-0.34375,0.0707286024015658,-0.16150234741784036,1.967741935483871,0.0,0.0,0.8333333333333334,-1.0,0.0,0.0,0.0,0.0,0.0,852
-0.8333333333333334,-0.6700507614213198,0.4375,-0.4861165064064858,0.29014084507042254,-0.01075268817204301,0.0,0.0,-0.5,-0.6666666666666666,0.0,1.0,0.0,0.0,0.0,122
-1.0,0.7766497461928935,0.46875,-0.5816560227957038,0.29107981220657275,-0.01075268817204301,0.0,0.0,0.3333333333333333,-0.6,0.0,0.0,1.0,0.0,0.0,842
0.5,0.050761421319796954,0.4375,0.3951330286481768,-0.4272300469483568,0.05376344086021505,0.0,0.0,0.6666666666666666,0.4666666666666667,0.0,0.0,0.0,0.0,0.0,2415
0.08333333333333333,0.46700507614213194,-0.15625,-0.39575298507290857,-0.27323943661971833,0.9999999999999999,0.0,0.0,-0.16666666666666666,0.4,0.0,1.0,0.0,0.0,-1.0,2000
-0.75,0.38578680203045695,1.21875,0.5713209318579696,-0.7737089201877935,-0.01075268817204301,4.5,0.0,0.16666666666666666,-0.9333333333333333,0.0,0.0,1.0,0.0,0.0,23
0.5833333333333334,-0.030456852791878156,0.28125,0.6275737112096174,0.28826291079812205,-0.01075268817204301,0.0,0.0,0.6666666666666666,0.6666666666666666,0.0,0.0,0.0,0.0,0.0,1228
-0.8333333333333334,-1.1269035532994924,-0.53125,0.7898955205469734,0.29107981220657275,-0.01075268817204301,0.0,0.0,1.0,0.06666666666666667,1.0,0.0,0.0,1.0,0.0,132
0.6666666666666666,-1.1725888324873097,-0.71875,0.682712243030312,0.29107981220657275,-0.01075268817204301,0.0,0.0,-0.6666666666666666,-0.6666666666666666,0.0,0.0,0.0,1.0,0.0,193
-0.25,0.20304568527918782,0.25,-0.39575298507290857,-1.196244131455399,1.064516129032258,0.0,0.0,-0.3333333333333333,0.9333333333333333,0.0,1.0,0.0,0.0,0.0,983
-0.75,0.6446700507614213,0.8125,-1.1921678124288753,-0.37183098591549296,-0.01075268817204301,0.0,0.0,0.16666666666666666,-0.26666666666666666,0.0,0.0,1.0,0.0,0.0,322
-0.8333333333333334,-0.43147208121827413,-0.21875,0.13927936789351517,-0.9586854460093897,-0.01075268817204301,0.0,0.0,-0.5,0.5333333333333333,1.0,1.0,0.0,0.0,0.0,305
-0.25,-0.06598984771573609,-0.1875,-0.6833781561418334,0.2140845070422535,1.086021505376344,0.0,0.0,0.6666666666666666,-0.5333333333333333,0.0,0.0,0.0,0.0,0.0,1166
-1.0,0.5685279187817259,0.3125,-0.22768379202711048,0.29107981220657275,-0.01075268817204301,0.0,0.0,0.5,-0.8666666666666667,0.0,0.0,0.0,0.0,0.0,763
0.75,-0.04568527918781728,0.40625,-0.22768379202711048,-0.24882629107981222,-0.01075268817204301,0.0,0.0,0.6666666666666666,0.4666666666666667,0.0,0.0,0.0,0.0,0.0,1380
0.75,0.1472081218274111,-1.03125,0.8420508501474621,0.27511737089201876,-0.01075268817204301,0.0,0.0,-0.3333333333333333,-0.2,0.0,1.0,0.0,0.0,0.0,1311
0.5833333333333334,-0.42131979695431476,-0.28125,0.2705797236685667,-0.09389671361502347,-0.01075268817204301,0.0,0.0,0.8333333333333334,0.8666666666666667,0.0,0.0,0.0,0.0,0.0,1026
-0.25,0.2690355329949239,0.0625,0.0707286024015658,-0.4291079812206573,2.032258064516129,0.0,0.0,-0.16666666666666666,1.0,0.0,1.0,0.0,0.0,0.0,1277
0.75,-0.6243654822335026,-0.5625,-0.7926654504863353,-0.29295774647887324,-0.01075268817204301,0.0,0.0,-0.8333333333333334,-0.6,1.0,0.0,0.0,1.0,0.0,236
-0.75,0.36040609137055846,1.25,-1.3691539278131721,-1.1173708920187793,-0.01075268817204301,0.0,0.0,0.5,-0.8,0.0,0.0,0.0,0.0,0.0,223
0.5,-0.6142131979695431,-0.03125,0.9933397872392326,0.2272300469483568,0.2258064516129032,0.0,0.0,-0.6666666666666666,0.0,0.0,0.0,0.0,1.0,-1.0,165
0.5,-0.6294416243654822,-1.21875,0.6275737112096174,0.29107981220657275,0.2043010752688172,0.0,0.0,-0.6666666666666666,-0.06666666666666667,0.0,0.0,0.0,1.0,-1.0,190
-0.9166666666666666,0.1421319796954315,0.34375,0.3951330286481768,0.15868544600938966,-0.01075268817204301,0.0,0.0,-0.5,-0.06666666666666667,0.0,1.0,0.0,0.0,0.0,355
-0.4166666666666667,-0.11675126903553304,0.875,-1.1921678124288753,-0.09107981220657277,0.01075268817204301,0.0,0.0,0.6666666666666666,-0.8666666666666667,0.0,0.0,0.0,0.0,-1.0,440
0.8333333333333334,0.8071065989847716,0.65625,0.0707286024015658,-0.6375586854460094,-0.01075268817204301,0.0,0.0,0.16666666666666666,0.6666666666666666,0.0,0.0,1.0,0.0,0.0,1709
0.5,-0.4771573604060914,-0.34375,0.7368002283746548,0.29107981220657275,0.0,0.0,0.0,0.8333333333333334,0.4,0.0,0.0,0.0,0.0,0.0,1591
0.8333333333333334,0.035532994923857836,0.5,0.2705797236685667,0.29107981220657275,-0.01075268817204301,0.0,0.0,-0.16666666666666666,0.13333333333333333,0.0,1.0,0.0,0.0,0.0,1221
0.16666666666666666,-0.05583756345177664,-0.75,0.8420508501474621,-0.8253521126760563,2.903225806451613,0.0,0.0,-0.5,0.4666666666666667,0.0,1.0,0.0,0.0,0.0,758
0.25,0.27918781725888325,-0.53125,1.2759719533904954,0.27511737089201876,2.096774193548387,0.0,0.0,0.6666666666666666,-1.0,0.0,0.0,0.0,0.0,0.0,1258
0.5833333333333334,-0.8984771573604061,-0.53125,-0.4861165064064858,-0.4450704225352113,-0.01075268817204301,0.0,0.0,1.0,-0.13333333333333333,0.0,0.0,0.0,1.0,0.0,410
-0.3333333333333333,0.6548223350253807,0.21875,-0.91150831659757,0.2056338028169014,1.4193548387096775,0.0,0.0,0.16666666666666666,-0.8,0.0,0.0,1.0,0.0,0.0,2215
-0.08333333333333333,0.6497461928934011,0.4375,-0.3098055405697065,-0.3286384976525822,0.9139784946236559,0.0,0.0,0.16666666666666666,-0.7333333333333333,0.0,0.0,1.0,0.0,0.0,890
-0.08333333333333333,-0.04568527918781728,-0.25,-0.07312821817005527,-0.6591549295774648,0.8924731182795698,0.0,0.0,-0.5,-0.2,0.0,1.0,0.0,0.0,0.0,571
0.8333333333333334,-0.8984771573604061,0.0,0.13927936789351517,0.29107981220657275,-0.01075268817204301,0.0,0.0,-0.6666666666666666,-0.26666666666666666,0.0,0.0,0.0,1.0,0.0,200
0.4166666666666667,0.9289340101522844,-0.15625,0.5713209318579696,-0.23661971830985915,2.064516129032258,0.0,0.0,0.16666666666666666,0.06666666666666667,0.0,0.0,1.0,0.0,0.0,1591
-0.5833333333333334,-0.27918781725888325,0.25,0.0707286024015658,0.29107981220657275,-0.01075268817204301,0.0,0.0,0.6666666666666666,0.7333333333333333,1.0,0.0,0.0,0.0,0.0,146
0.8333333333333334,-0.4873096446700508,0.28125,0.7368002283746548,-0.6572769953051644,-0.01075268817204301,0.0,0.0,-0.5,0.4,0.0,1.0,0.0,0.0,0.0,621
-0.16666666666666666,-0.09644670050761424,-0.53125,0.13927936789351517,0.28262910798122065,1.8924731182795698,0.0,0.0,0.6666666666666666,-0.26666666666666666,0.0,0.0,0.0,0.0,0.0,877
0.4166666666666667,0.010152284263959355,-0.59375,-0.07312821817005527,-0.7568075117370892,0.30107526881720426,0.0,0.0,0.8333333333333334,-0.06666666666666667,0.0,0.0,0.0,0.0,0.0,1416
0.5833333333333334,0.9441624365482234,0.09375,0.5138834935935143,0.27887323943661974,0.25806451612903225,0.0,0.0,0.3333333333333333,-0.2,0.0,0.0,1.0,0.0,0.0,2036
0.3333333333333333,0.5685279187817259,0.875,-0.22768379202711048,-0.5136150234741784,1.053763440860215,0.0,0.0,0.3333333333333333,0.7333333333333333,0.0,0.0,1.0,0.0,0.0,886
-0.5,0.11675126903553304,0.375,-0.4861165064064858,0.29107981220657275,-0.01075268817204301,0.0,0.0,0.5,-0.4666666666666667,1.0,0.0,0.0,0.0,0.0,255
-0.6666666666666666,0.3705583756345178,0.28125,0.0,0.027230046948356807,-0.01075268817204301,0.0,0.0,0.5,-0.6,0.0,0.0,0.0,0.0,0.0,185
-0.25,-0.11675126903553304,0.90625,-0.39575298507290857,-1.2375586854460094,0.08602150537634408,0.5,0.0,0.8333333333333334,-0.6,0.0,0.0,0.0,0.0,0.0,740
0.8333333333333334,0.6192893401015228,0.21875,-0.3098055405697065,0.29107981220657275,-0.01075268817204301,0.0,0.0,0.5,-0.9333333333333333,1.0,0.0,0.0,0.0,0.0,1511
-0.5833333333333334,-0.9796954314720813,-0.03125,0.3336351996355,0.23568075117370893,-0.01075268817204301,0.0,0.0,1.0,-0.5333333333333333,0.0,0.0,0.0,1.0,0.0,84
-0.4166666666666667,0.299492385786802,0.375,-1.1921678124288753,-0.38779342723004695,0.4408602150537634,0.0,0.0,0.0,-0.2,0.0,0.0,1.0,0.0,0.0,657
-0.25,-0.05583756345177664,-0.875,0.0,-0.29107981220657275,1.5913978494623655,0.0,0.0,-0.3333333333333333,0.2,0.0,1.0,0.0,0.0,0.0,316
0.8333333333333334,0.4771573604060913,1.25,-0.14891824053188613,0.29107981220657275,-0.01075268817204301,0.5,0.0,0.3333333333333333,0.8,0.0,0.0,1.0,0.0,0.0,64
0.0,0.5482233502538072,-1.34375,1.0421797791354965,0.010328638497652582,3.4193548387096775,0.0,0.0,-0.3333333333333333,0.3333333333333333,1.0,1.0,0.0,0.0,0.0,1130
0.9166666666666666,-0.1421319796954315,-0.46875,-0.4861165064064858,-0.4262910798122066,-0.01075268817204301,0.0,0.0,-0.3333333333333333,0.13333333333333333,0.0,1.0,0.0,0.0,0.0,671
0.75,0.5989847715736041,-0.0625,-0.07312821817005527,0.29107981220657275,-0.01075268817204301,0.0,0.0,0.16666666666666666,-0.5333333333333333,1.0,0.0,1.0,0.0,0.0,2055
-0.25,0.7106598984771574,0.09375,0.455183241303237,-0.4112676056338028,1.6989247311827957,0.0,0.0,0.16666666666666666,0.06666666666666667,0.0,0.0,1.0,0.0,0.0,1031
-1.0,0.4365482233502539,0.53125,-0.3098055405697065,0.25539906103286386,-0.01075268817204301,0.0,0.0,0.5,-0.13333333333333333,0.0,0.0,0.0,0.0,0.0,971
0.9166666666666666,0.9593908629441624,0.21875,0.13927936789351517,-0.504225352112676,-0.01075268817204301,0.0,0.0,0.3333333333333333,-0.9333333333333333,0.0,0.0,1.0,0.0,0.0,1020
0.9166666666666666,0.3096446700507615,-0.0625,-0.07312821817005527,0.29107981220657275,-0.01075268817204301,0.0,0.0,0.0,-0.06666666666666667,0.0,0.0,1.0,0.0,0.0,1593
0.5833333333333334,0.08629441624365479,0.21875,0.13927936789351517,-0.47417840375586856,0.01075268817204301,0.5,0.0,-0.3333333333333333,0.4,1.0,1.0,0.0,0.0,0.0,32
0.5,-0.6548223350253808,0.28125,-0.07312821817005527,0.29107981220657275,-0.01075268817204301,0.0,0.0,1.0,-1.0,0.0,0.0,0.0,1.0,0.0,862
0.5833333333333334,0.10152284263959391,-0.34375,0.682712243030312,0.0863849765258216,0.3548387096774194,0.0,0.0,-0.16666666666666666,-0.8,0.0,1.0,0.0,0.0,0.0,1890
0.75,0.4111675126903554,1.25,-0.91150831659757,-0.9802816901408451,-0.01075268817204301,0.5,0.0,0.5,-0.8666666666666667,0.0,0.0,0.0,0.0,0.0,110
0.3333333333333333,0.30456852791878175,0.71875,-0.22768379202711048,-1.0676056338028168,0.5591397849462365,0.4,0.0,-0.16666666666666666,0.4,0.0,1.0,0.0,0.0,-1.0,86
-0.6666666666666666,0.24873096446700502,0.75,-1.0429616152145371,-1.3051643192488263,-0.01075268817204301,0.0,0.0,-0.16666666666666666,-0.9333333333333333,0.0,1.0,0.0,0.0,0.0,93
0.5,0.40609137055837563,1.0,0.8933144384752442,-1.2582159624413145,0.18279569892473116,0.0,0.0,0.5,0.0,1.0,0.0,0.0,0.0,0.0,520
0.16666666666666666,-0.6243654822335026,-0.65625,2.15665183283064,-0.24413145539906103,3.064516129032258,0.0,0.0,-0.5,-1.0,0.0,1.0,0.0,0.0,-1.0,375
0.0,-1.416243654822335,-0.84375,0.7368002283746548,0.2028169014084507,1.247311827956989,0.0,0.5,-0.8333333333333334,0.6666666666666666,0.0,0.0,0.0,1.0,0.0,111
-0.6666666666666666,-0.42131979695431476,0.53125,-0.14891824053188613,-0.28544600938967135,-0.01075268817204301,0.0,0.0,0.8333333333333334,-0.9333333333333333,0.0,0.0,0.0,0.0,0.0,166
-0.3333333333333333,-0.11167512690355327,1.0,-0.3098055405697065,-1.3248826291079812,0.0,0.0,0.0,0.8333333333333334,-0.6,0.0,0.0,0.0,0.0,0.0,1171
0.3333333333333333,0.09137055837563456,-1.03125,0.0,-0.14647887323943662,2.139784946236559,0.0,0.0,-0.3333333333333333,-0.4666666666666667,0.0,1.0,0.0,0.0,0.0,1185
0.16666666666666666,-0.751269035532995,-0.9375,0.9437305196070348,0.2028169014084507,1.1935483870967742,0.0,0.0,1.0,-0.5333333333333333,0.0,0.0,0.0,1.0,0.0,350
-1.0,0.42639593908629436,0.15625,-0.39575298507290857,0.12394366197183099,-0.01075268817204301,0.0,0.0,0.5,-0.2,0.0,0.0,0.0,0.0,0.0,968
-0.08333333333333333,0.5025380710659898,0.125,0.3951330286481768,0.25727699530516435,0.9677419354838709,0.0,0.0,0.5,0.0,1.0,0.0,0.0,0.0,0.0,1014
0.0,-0.3350253807106599,0.3125,1.3208447570935795,-0.6610328638497652,0.4408602150537634,0.0,0.0,-0.6666666666666666,-0.13333333333333333,0.0,0.0,0.0,1.0,0.0,312
-0.9166666666666666,0.7157360406091372,0.6875,-0.39575298507290857,-0.4028169014084507,-0.01075268817204301,0.0,0.0,0.16666666666666666,0.6666666666666666,0.0,0.0,1.0,0.0,0.0,718
0.3333333333333333,1.0050761421319796,-0.78125,0.5713209318579696,0.29107981220657275,2.118279569892473,0.0,0.0,0.3333333333333333,0.2,1.0,0.0,1.0,0.0,0.0,1395
0.3333333333333333,0.9492385786802032,-0.5625,0.7898955205469734,-0.7154929577464789,1.8602150537634408,0.0,0.0,0.0,0.6,0.0,0.0,1.0,0.0,0.0,1407
-1.0,-0.583756345177665,0.25,0.455183241303237,0.18309859154929578,-0.01075268817204301,0.0,0.0,-0.6666666666666666,-0.13333333333333333,0.0,0.0,0.0,1.0,0.0,178
-0.5833333333333334,-0.5177664974619289,-0.125,-1.0429616152145371,-0.45258215962441317,-0.01075268817204301,0.0,0.0,-0.5,-0.26666666666666666,0.0,1.0,0.0,0.0,0.0,106
0.75,0.4416243654822335,0.0,-0.22768379202711048,0.29107981220657275,-0.01075268817204301,0.0,0.0,0.5,-0.4666666666666667,1.0,0.0,0.0,0.0,0.0,1820
0.3333333333333333,0.25380710659898476,-0.53125,0.2058418822217645,0.29107981220657275,1.3655913978494623,0.0,0.0,0.6666666666666666,0.13333333333333333,0.0,0.0,0.0,0.0,0.0,1473
0.75,-0.19796954314720816,-0.15625,-0.14891824053188613,-0.7361502347417841,-0.01075268817204301,0.0,0.0,0.8333333333333334,-0.06666666666666667,0.0,0.0,0.0,0.0,0.0,1123
0.25,0.5329949238578681,1.15625,0.9437305196070348,-0.47136150234741786,0.4301075268817204,0.5,0.0,0.3333333333333333,0.5333333333333333,0.0,0.0,1.0,0.0,0.0,405
-0.3333333333333333,0.918781725888325,-0.21875,-0.3098055405697065,0.2375586854460094,0.8064516129032258,0.0,0.0,0.3333333333333333,-0.9333333333333333,0.0,0.0,1.0,0.0,0.0,1579
0.6666666666666666,0.7969543147208121,0.46875,0.3951330286481768,0.2272300469483568,0.08602150537634408,0.0,0.0,0.16666666666666666,-0.06666666666666667,1.0,0.0,1.0,0.0,0.0,2058
0.5833333333333334,0.3756345177664974,1.25,-0.39575298507290857,0.05352112676056338,0.1935483870967742,0.0,0.0,0.0,0.8,0.0,0.0,1.0,0.0,0.0,944
-0.5833333333333334,-0.7055837563451777,-0.5625,-0.5816560227957038,0.29107981220657275,-0.01075268817204301,0.0,0.0,0.8333333333333334,0.4,0.0,0.0,0.0,0.0,0.0,133
0.5,0.5329949238578681,0.125,0.0,0.2300469483568075,0.26881720430107525,0.0,0.0,0.0,-0.13333333333333333,0.0,0.0,1.0,0.0,0.0,2962
-0.4166666666666667,-0.6091370558375635,0.90625,-0.3098055405697065,-1.4093896713615024,-0.01075268817204301,0.0,0.0,-0.8333333333333334,0.13333333333333333,0.0,0.0,0.0,1.0,0.0,279
0.08333333333333333,-0.3654822335025381,-0.0625,0.8933144384752442,-0.8431924882629108,0.9032258064516128,0.0,0.0,-0.8333333333333334,0.26666666666666666,1.0,0.0,0.0,1.0,0.0,356
0.8333333333333334,-0.21827411167512695,-0.0625,-0.4861165064064858,0.29107981220657275,-0.01075268817204301,0.0,0.0,0.6666666666666666,-0.4,0.0,0.0,0.0,0.0,0.0,1255
-0.5833333333333334,-1.487309644670051,-0.625,0.7368002283746548,0.29107981220657275,-0.01075268817204301,0.0,0.7,-0.8333333333333334,0.6,0.0,0.0,0.0,1.0,0.0,34
-0.9166666666666666,0.6091370558375635,0.8125,0.5138834935935143,-0.10704225352112676,-0.01075268817204301,0.0,0.0,0.16666666666666666,-0.06666666666666667,1.0,0.0,1.0,0.0,0.0,868
0.6666666666666666,0.4974619289340102,0.34375,1.1844188200176686,-0.7464788732394366,0.10752688172043011,0.0,0.0,0.0,0.26666666666666666,0.0,0.0,1.0,0.0,0.0,2519
0.25,-0.766497461928934,-0.0625,0.6275737112096174,0.18873239436619718,0.6774193548387096,0.0,0.0,-0.8333333333333334,0.9333333333333333,0.0,0.0,0.0,1.0,0.0,173
-0.9166666666666666,0.6040609137055837,0.6875,-0.39575298507290857,0.29107981220657275,-0.01075268817204301,0.0,0.0,0.16666666666666666,-0.8,0.0,0.0,1.0,0.0,0.0,796
0.5,0.583756345177665,0.375,0.0,-0.5305164319248826,0.5483870967741935,0.0,0.0,0.0,0.7333333333333333,0.0,0.0,1.0,0.0,0.0,3172
-0.08333333333333333,0.5228426395939086,-0.1875,1.137688257706579,0.26291079812206575,2.806451612903226,0.0,0.0,0.5,-0.6,0.0,0.0,0.0,0.0,0.0,988
0.0,-0.9898477157360407,-1.03125,0.682712243030312,0.25727699530516435,2.10752688172043,0.0,0.0,-0.6666666666666666,-0.6,0.0,0.0,0.0,1.0,0.0,188
-0.6666666666666666,-0.41116751269035534,-0.03125,0.13927936789351517,-1.143661971830986,-0.01075268817204301,0.0,0.0,-0.6666666666666666,0.8,0.0,0.0,0.0,1.0,0.0,72
-1.0,0.34010152284263956,0.28125,0.0,0.29107981220657275,-0.01075268817204301,0.0,0.0,0.0,-0.4,1.0,0.0,1.0,0.0,0.0,483
0.4166666666666667,0.7055837563451777,-0.28125,0.7368002283746548,-0.5690140845070423,1.9247311827956988,0.0,0.0,0.0,-0.6666666666666666,0.0,0.0,1.0,0.0,-1.0,2104
-0.5,-0.5939086294416244,0.96875,-0.3098055405697065,-1.2929577464788733,-0.01075268817204301,0.0,0.3,0.8333333333333334,0.6666666666666666,0.0,0.0,0.0,0.0,0.0,339
-0.16666666666666666,0.5736040609137056,-0.71875,-0.14891824053188613,0.168075117370892,2.236559139784946,0.0,0.0,0.0,-0.8666666666666667,1.0,0.0,1.0,0.0,0.0,938
-0.25,-0.7817258883248731,0.78125,0.0707286024015658,-1.2018779342723005,0.15053763440860213,0.0,1.2,1.0,1.0,1.0,0.0,0.0,1.0,-1.0,103
0.08333333333333333,0.8172588832487311,-1.03125,0.5713209318579696,0.17183098591549295,3.6666666666666665,0.0,0.0,0.0,-0.9333333333333333,1.0,0.0,1.0,0.0,0.0,1334
-0.5,0.5989847715736041,0.5,-0.7926654504863353,0.27136150234741785,0.01075268817204301,0.0,0.0,0.16666666666666666,0.4,1.0,0.0,1.0,0.0,0.0,286
0.3333333333333333,-0.3654822335025381,-0.6875,0.8420508501474621,-0.5380281690140845,1.1720430107526882,0.0,0.0,-0.6666666666666666,0.2,0.0,0.0,0.0,1.0,0.0,403
-0.9166666666666666,-0.11167512690355327,0.03125,-0.14891824053188613,0.29107981220657275,-0.01075268817204301,0.0,0.0,-0.16666666666666666,-0.4666666666666667,0.0,1.0,0.0,0.0,0.0,34
-0.6666666666666666,-0.5989847715736041,0.53125,0.13927936789351517,-0.4356807511737089,-0.01075268817204301,0.0,0.0,0.8333333333333334,0.06666666666666667,1.0,0.0,0.0,0.0,0.0,195
-0.75,-0.25380710659898476,0.53125,-0.14891824053188613,0.29107981220657275,-0.01075268817204301,0.0,0.0,0.6666666666666666,0.2,0.0,0.0,0.0,0.0,0.0,262
0.5,0.9543147208121826,-0.5,0.2705797236685667,0.29107981220657275,0.6559139784946236,0.0,0.0,0.3333333333333333,0.2,1.0,0.0,1.0,0.0,0.0,1928
-0.5,-0.6243654822335026,0.375,-0.7926654504863353,-1.1774647887323944,-0.01075268817204301,0.0,0.0,-0.8333333333333334,0.0,0.0,0.0,0.0,1.0,0.0,140
-0.8333333333333334,0.15736040609137064,-0.09375,0.0,0.29107981220657275,-0.01075268817204301,0.0,0.0,0.5,0.6666666666666666,0.0,0.0,0.0,0.0,0.0,453
0.8333333333333334,-0.13197969543147206,0.03125,0.0,0.29107981220657275,-0.01075268817204301,0.0,0.0,-0.3333333333333333,-0.8,0.0,1.0,0.0,0.0,0.0,1041
0.5,-0.37055837563451777,0.125,0.9933397872392326,-0.2619718309859155,0.41935483870967744,0.0,0.0,-0.5,-0.4,1.0,1.0,0.0,0.0,0.0,664
-0.25,-0.7918781725888325,-0.46875,-0.14891824053188613,-0.16056338028169015,0.17204301075268816,0.0,0.0,-0.8333333333333334,0.2,0.0,0.0,0.0,1.0,0.0,387
0.25,-0.43147208121827413,-0.25,1.5370407516912272,-0.5183098591549296,1.021505376344086,0.0,0.0,-0.6666666666666666,0.4,0.0,0.0,0.0,1.0,0.0,356
-0.9166666666666666,-0.8934010152284265,-0.25,-0.7926654504863353,0.29107981220657275,-0.01075268817204301,0.0,0.0,1.0,-0.4666666666666667,1.0,0.0,0.0,1.0,0.0,296
0.08333333333333333,0.299492385786802,-0.78125,-0.3098055405697065,0.09107981220657277,2.4731182795698925,0.0,0.0,0.6666666666666666,0.6,0.0,0.0,0.0,0.0,0.0,1154
-0.8333333333333334,-0.7766497461928935,-0.125,1.4088965798741255,0.1267605633802817,-0.01075268817204301,0.0,0.0,1.0,0.6,0.0,0.0,0.0,1.0,-1.0,115
-0.75,-0.8121827411167513,0.15625,-1.0429616152145371,-0.06009389671361502,-0.01075268817204301,0.0,0.0,-0.8333333333333334,-0.9333333333333333,0.0,0.0,0.0,1.0,0.0,41
0.5833333333333334,-0.416243654822335,0.3125,0.682712243030312,-0.3530516431924883,0.01075268817204301,0.0,0.0,-0.5,-0.4,1.0,1.0,0.0,0.0,0.0,573
0.16666666666666666,-0.7208121827411167,-0.75,0.7368002283746548,0.27605633802816903,0.5913978494623656,0.0,2.5,-0.8333333333333334,1.0,0.0,0.0,0.0,1.0,0.0,156
0.8333333333333334,-0.7817258883248731,-0.84375,-0.5816560227957038,0.29107981220657275,-0.01075268817204301,0.0,0.0,-0.6666666666666666,-0.06666666666666667,0.0,0.0,0.0,1.0,-1.0,145
-1.0,0.15736040609137064,-0.125,-0.4861165064064858,0.29107981220657275,-0.01075268817204301,0.0,0.0,0.6666666666666666,-0.4,0.0,0.0,0.0,0.0,0.0,643
-0.8333333333333334,0.2639593908629441,0.8125,-0.7926654504863353,-1.1464788732394366,-0.01075268817204301,0.0,0.0,-0.16666666666666666,0.9333333333333333,0.0,1.0,0.0,0.0,0.0,422
0.6666666666666666,0.20812182741116758,0.625,-0.22768379202711048,0.29107981220657275,0.0,0.0,0.0,-0.16666666666666666,-0.6666666666666666,1.0,1.0,0.0,0.0,0.0,1526
0.3333333333333333,0.6446700507614213,-0.3125,1.2759719533904954,0.28732394366197184,2.623655913978495,0.0,0.0,0.0,-0.26666666666666666,0.0,0.0,1.0,0.0,0.0,1714
0.25,1.131979695431472,-0.3125,0.455183241303237,-0.6206572769953052,1.6129032258064515,0.0,0.0,0.16666666666666666,0.5333333333333333,0.0,0.0,1.0,0.0,0.0,735
-0.16666666666666666,0.6040609137055837,0.5625,-0.6833781561418334,0.2863849765258216,1.021505376344086,0.0,0.0,0.3333333333333333,0.8,0.0,0.0,1.0,0.0,0.0,670
0.5833333333333334,0.8274111675126904,-0.375,0.0,-0.6892018779342723,0.3333333333333333,0.0,0.0,0.0,0.6,0.0,0.0,1.0,0.0,0.0,2779
-0.25,-0.7005076142131981,-0.28125,-0.3098055405697065,-0.27793427230046946,0.4516129032258064,0.0,0.0,-0.6666666666666666,0.6,1.0,0.0,0.0,1.0,0.0,173
-0.8333333333333334,0.34010152284263956,0.4375,-0.22768379202711048,-0.2591549295774648,-0.01075268817204301,0.0,0.0,0.0,0.2,0.0,0.0,1.0,0.0,0.0,527
-1.0,-0.868020304568528,-0.75,0.13927936789351517,0.29107981220657275,-0.01075268817204301,0.0,0.0,-0.6666666666666666,0.13333333333333333,1.0,0.0,0.0,1.0,0.0,99
0.8333333333333334,0.5076142131979695,0.96875,-0.7926654504863353,0.29107981220657275,-0.01075268817204301,0.0,0.0,0.3333333333333333,0.7333333333333333,0.0,0.0,1.0,0.0,0.0,1571
-0.08333333333333333,0.06091370558375631,-0.375,0.8933144384752442,0.10234741784037558,1.7956989247311825,0.0,0.0,-0.16666666666666666,-0.8666666666666667,0.0,1.0,0.0,0.0,0.0,794
-0.75,-0.6192893401015228,0.71875,-0.7926654504863353,-0.9248826291079812,-0.01075268817204301,0.0,0.0,-0.5,-0.4,1.0,1.0,0.0,0.0,0.0,139
-0.4166666666666667,-1.2588832487309645,0.0,-0.4861165064064858,0.27605633802816903,-0.01075268817204301,0.0,0.0,-0.8333333333333334,0.9333333333333333,0.0,0.0,0.0,1.0,0.0,214
-0.5,-1.0609137055837563,0.21875,-0.6833781561418334,-0.7361502347417841,-0.01075268817204301,0.0,0.0,1.0,-0.06666666666666667,0.0,0.0,0.0,1.0,0.0,129
-0.08333333333333333,-0.05583756345177664,0.9375,-0.39575298507290857,-1.2892018779342722,0.24731182795698922,1.0,0.0,0.6666666666666666,0.6666666666666666,0.0,0.0,0.0,0.0,0.0,54
-0.4166666666666667,-0.4974619289340102,0.0625,0.8420508501474621,0.29107981220657275,-0.01075268817204301,0.0,0.0,-0.5,0.0,0.0,1.0,0.0,0.0,0.0,652
-0.4166666666666667,-0.7766497461928935,0.90625,0.13927936789351517,-1.2422535211267605,-0.01075268817204301,0.0,1.2,1.0,1.0,1.0,0.0,0.0,1.0,-1.0,39
0.4166666666666667,0.36548223350253806,0.46875,1.0902852095090052,0.29107981220657275,0.10752688172043011,0.0,0.0,0.0,-0.3333333333333333,0.0,0.0,1.0,0.0,0.0,1475
0.3333333333333333,-0.9593908629441624,-0.84375,1.3208447570935795,0.29107981220657275,0.7311827956989246,0.0,0.2,-0.8333333333333334,-0.4,0.0,0.0,0.0,1.0,0.0,196
0.5,0.1624365482233502,1.21875,0.0707286024015658,-0.21502347417840376,0.021505376344086016,1.0,0.0,0.6666666666666666,-0.7333333333333333,0.0,0.0,0.0,0.0,0.0,74
0.0,0.30456852791878175,-0.53125,-0.3098055405697065,-0.596244131455399,3.0967741935483875,0.0,0.0,-0.3333333333333333,0.7333333333333333,0.0,1.0,0.0,0.0,0.0,1142
0.5,0.7868020304568528,0.75,-0.5816560227957038,-0.6582159624413145,0.2258064516129032,0.0,0.0,0.16666666666666666,0.8,1.0,0.0,1.0,0.0,0.0,843
-0.3333333333333333,-0.8375634517766498,-0.4375,-0.3098055405697065,0.29107981220657275,0.021505376344086016,0.0,0.0,0.8333333333333334,0.4666666666666667,0.0,0.0,0.0,0.0,0.0,1516
-0.6666666666666666,0.44670050761421326,0.90625,-0.91150831659757,-1.223474178403756,-0.01075268817204301,0.0,0.0,-0.16666666666666666,0.0,0.0,1.0,0.0,0.0,0.0,124
-0.75,-1.4568527918781726,-0.84375,1.0902852095090052,0.29107981220657275,-0.01075268817204301,0.0,0.9,-0.8333333333333334,0.5333333333333333,0.0,0.0,0.0,1.0,0.0,32
0.5,-0.23350253807106597,-0.0625,0.3336351996355,-0.3352112676056338,-0.01075268817204301,0.0,0.0,0.8333333333333334,-0.3333333333333333,1.0,0.0,0.0,0.0,0.0,752
0.0,-0.7258883248730965,-0.59375,-0.39575298507290857,-0.003755868544600939,0.7956989247311828,0.0,0.0,1.0,0.8,0.0,0.0,0.0,1.0,0.0,286
-0.6666666666666666,-1.0456852791878173,-0.03125,0.2058418822217645,0.14178403755868543,-0.01075268817204301,0.0,1.6,-0.6666666666666666,-1.0,0.0,0.0,0.0,1.0,0.0,37
-0.3333333333333333,-0.5177664974619289,0.375,-2.15665183283064,0.29107981220657275,0.05376344086021505,0.0,0.0,0.8333333333333334,-0.26666666666666666,0.0,0.0,0.0,0.0,0.0,1699
-0.6666666666666666,0.6903553299492386,1.0625,-0.4861165064064858,-1.0375586854460095,-0.01075268817204301,0.0,0.0,0.3333333333333333,-0.2,0.0,0.0,1.0,0.0,0.0,151
-0.3333333333333333,0.4365482233502539,0.53125,-0.39575298507290857,-0.19812206572769953,0.8172043010752688,0.0,0.0,0.3333333333333333,0.6666666666666666,1.0,0.0,1.0,0.0,0.0,566
-0.08333333333333333,-0.27918781725888325,-0.4375,0.13927936789351517,0.2056338028169014,1.8602150537634408,0.0,0.0,-0.5,-0.6,0.0,1.0,0.0,0.0,0.0,441
-0.16666666666666666,-0.2487309644670051,0.0,-0.7926654504863353,-0.5521126760563381,0.8172043010752688,0.0,0.0,0.8333333333333334,-0.06666666666666667,0.0,0.0,0.0,0.0,0.0,782
0.4166666666666667,-0.08629441624365479,-0.4375,0.2058418822217645,-0.004694835680751174,0.3548387096774194,0.0,0.0,0.8333333333333334,-0.26666666666666666,0.0,0.0,0.0,0.0,0.0,1472
-0.5833333333333334,-0.43147208121827413,0.59375,0.2705797236685667,-0.828169014084507,-0.01075268817204301,0.0,0.0,-0.8333333333333334,-0.06666666666666667,0.0,0.0,0.0,1.0,0.0,55
-0.6666666666666666,-0.39593908629441626,0.15625,0.5713209318579696,0.29107981220657275,-0.01075268817204301,0.0,0.0,-0.5,0.0,0.0,1.0,0.0,0.0,0.0,85
0.16666666666666666,1.152284263959391,-0.65625,0.0,0.27699530516431925,3.0752688172043015,0.0,0.0,0.3333333333333333,0.4,0.0,0.0,1.0,0.0,0.0,760
-0.5,-0.24365482233502542,0.71875,-0.3098055405697065,-0.16150234741784036,-0.01075268817204301,1.0,0.0,-0.3333333333333333,-0.13333333333333333,1.0,1.0,0.0,0.0,0.0,12
0.08333333333333333,0.6751269035532995,-0.375,0.2058418822217645,0.27605633802816903,2.78494623655914,0.0,0.0,0.5,-0.26666666666666666,0.0,0.0,0.0,0.0,0.0,1066
0.9166666666666666,0.8071065989847716,0.6875,-0.22768379202711048,-0.8572769953051643,-0.01075268817204301,2.0,0.0,0.3333333333333333,-0.6666666666666666,0.0,0.0,1.0,0.0,0.0,969
0.5833333333333334,-0.39593908629441626,0.875,0.13927936789351517,-1.2967136150234742,-0.01075268817204301,0.0,0.0,1.0,-0.8666666666666667,1.0,0.0,0.0,1.0,0.0,422
0.5,0.5989847715736041,-0.03125,0.7898955205469734,0.28356807511737087,0.5698924731182796,0.0,0.0,0.5,0.06666666666666667,0.0,0.0,0.0,0.0,0.0,3277
0.08333333333333333,-0.2639593908629441,-0.1875,0.3336351996355,0.29107981220657275,1.5161290322580643,0.0,0.0,-0.5,-0.7333333333333333,0.0,1.0,0.0,0.0,0.0,465
-0.3333333333333333,0.6649746192893402,-0.09375,-0.3098055405697065,0.046009389671361506,0.7956989247311828,0.0,0.0,0.3333333333333333,0.26666666666666666,0.0,0.0,1.0,0.0,0.0,1912
-0.75,0.36040609137055846,1.28125,-0.5816560227957038,0.27793427230046946,-0.01075268817204301,0.5,0.0,0.16666666666666666,-0.4,0.0,0.0,1.0,0.0,0.0,136
0.5833333333333334,-0.3807106598984772,-1.03125,0.8933144384752442,0.16056338028169015,-0.01075268817204301,0.0,0.0,0.8333333333333334,0.8,0.0,0.0,0.0,0.0,0.0,1039
0.8333333333333334,0.005076142131979678,-0.59375,0.0,0.29107981220657275,-0.01075268817204301,0.0,0.0,0.6666666666666666,-0.6,1.0,0.0,0.0,0.0,0.0,1160
0.25,0.13197969543147217,-0.15625,0.0,0.29107981220657275,0.989247311827957,0.0,0.0,-0.3333333333333333,0.5333333333333333,0.0,1.0,0.0,0.0,0.0,971
0.25,-0.29441624365482233,-0.1875,0.8420508501474621,-0.9577464788732394,0.9999999999999999,0.0,0.0,-0.5,-0.4666666666666667,0.0,1.0,0.0,0.0,0.0,611
-0.9166666666666666,0.38578680203045695,0.0,0.3336351996355,0.29107981220657275,-0.01075268817204301,0.0,0.0,0.16666666666666666,-0.6,1.0,0.0,1.0,0.0,0.0,1079
-0.75,0.8984771573604061,0.34375,-0.07312821817005527,-0.6779342723004694,-0.01075268817204301,0.0,0.0,0.3333333333333333,-0.8666666666666667,0.0,0.0,1.0,0.0,0.0,327
0.3333333333333333,-0.1421319796954315,1.28125,-0.22768379202711048,-1.4028169014084506,0.13978494623655913,0.0,0.0,-0.5,-0.06666666666666667,0.0,1.0,0.0,0.0,0.0,214
-0.08333333333333333,-0.2284263959390863,-0.03125,0.3336351996355,-1.2122065727699531,1.1827956989247312,0.0,0.0,-0.5,0.5333333333333333,1.0,1.0,0.0,0.0,0.0,589
-0.3333333333333333,-0.07614213197969544,0.625,-1.0429616152145371,-0.7502347417840376,0.11827956989247311,0.0,0.0,0.6666666666666666,-0.06666666666666667,0.0,0.0,0.0,0.0,0.0,2070
-0.4166666666666667,0.583756345177665,0.875,0.8933144384752442,0.29107981220657275,0.01075268817204301,0.0,0.0,0.3333333333333333,0.8666666666666667,0.0,0.0,1.0,0.0,0.0,862
0.25,-0.25380710659898476,-0.25,-0.14891824053188613,-1.2112676056338028,0.7741935483870968,0.0,0.0,-0.8333333333333334,0.06666666666666667,0.0,0.0,0.0,1.0,0.0,278
0.0,-0.29441624365482233,-0.71875,-0.7926654504863353,0.2619718309859155,0.5161290322580645,0.0,0.0,0.8333333333333334,0.3333333333333333,0.0,0.0,0.0,0.0,0.0,697
-0.8333333333333334,0.25380710659898476,0.0,0.5138834935935143,0.29107981220657275,-0.01075268817204301,0.0,0.0,0.5,-0.5333333333333333,1.0,0.0,0.0,0.0,0.0,692
-0.75,0.6700507614213198,0.84375,-1.0429616152145371,-0.6535211267605634,-0.01075268817204301,0.0,0.0,0.3333333333333333,-0.4,0.0,0.0,1.0,0.0,0.0,346
-0.08333333333333333,0.10152284263959391,-1.0,0.6275737112096174,0.03474178403755868,2.2473118279569895,0.0,0.0,0.6666666666666666,0.06666666666666667,0.0,0.0,0.0,0.0,0.0,961
-1.0,0.3959390862944163,0.53125,-0.07312821817005527,-0.6826291079812207,-0.01075268817204301,0.0,0.0,0.0,0.13333333333333333,0.0,0.0,1.0,0.0,0.0,917
0.16666666666666666,1.0253807106598987,-0.375,0.6275737112096174,0.14366197183098592,3.4623655913978495,0.0,0.0,0.16666666666666666,0.0,0.0,0.0,1.0,0.0,0.0,691
0.75,0.050761421319796954,-0.25,0.2705797236685667,0.29107981220657275,-0.01075268817204301,0.0,0.0,-0.16666666666666666,-0.5333333333333333,0.0,1.0,0.0,0.0,0.0,1513
0.0,-0.1421319796954315,-1.28125,0.13927936789351517,-0.030985915492957747,2.741935483870968,0.0,0.0,-0.5,-0.8666666666666667,1.0,1.0,0.0,0.0,0.0,605
-0.08333333333333333,0.416243654822335,1.25,-0.91150831659757,-1.031924882629108,0.25806451612903225,8.0,0.0,0.16666666666666666,-0.9333333333333333,0.0,0.0,1.0,0.0,0.0,153
-0.75,-0.49238578680203043,1.03125,-0.5816560227957038,-1.1661971830985915,-0.01075268817204301,2.0,0.0,-0.5,-0.5333333333333333,0.0,1.0,0.0,0.0,0.0,12
0.75,0.6497461928934011,0.75,-0.5816560227957038,0.20657276995305165,-0.01075268817204301,0.0,0.0,0.16666666666666666,-0.26666666666666666,0.0,0.0,1.0,0.0,0.0,2115
-0.25,0.883248730964467,-0.3125,-0.39575298507290857,0.29107981220657275,1.7311827956989247,0.0,0.0,0.16666666666666666,1.0,0.0,0.0,1.0,0.0,0.0,860
0.8333333333333334,-0.09644670050761424,0.4375,-1.3691539278131721,0.15774647887323945,-0.01075268817204301,0.0,0.0,0.6666666666666666,0.5333333333333333,0.0,0.0,0.0,0.0,0.0,1281
-0.3333333333333333,0.23857868020304565,0.1875,-0.5816560227957038,0.038497652582159626,1.064516129032258,0.0,0.0,-0.16666666666666666,0.4,0.0,1.0,0.0,0.0,-1.0,694
0.9166666666666666,-0.7106598984771574,-0.96875,1.0421797791354965,0.29107981220657275,-0.01075268817204301,0.0,0.0,-0.6666666666666666,0.26666666666666666,0.0,0.0,0.0,1.0,0.0,242
0.75,0.2741116751269035,-0.4375,0.3336351996355,0.29107981220657275,-0.01075268817204301,0.0,0.0,0.5,0.6666666666666666,0.0,0.0,0.0,0.0,0.0,1529
-0.25,0.42131979695431476,0.21875,0.0707286024015658,0.29107981220657275,0.5483870967741935,0.0,0.0,0.5,-0.2,0.0,0.0,0.0,0.0,0.0,1322
0.16666666666666666,0.07614213197969544,-0.625,0.0707286024015658,0.012206572769953052,1.946236559139785,0.0,0.0,0.8333333333333334,-0.2,0.0,0.0,0.0,0.0,0.0,928
0.75,0.4365482233502539,-0.40625,0.6275737112096174,0.29107981220657275,-0.01075268817204301,0.0,0.0,0.0,-0.9333333333333333,1.0,0.0,1.0,0.0,0.0,2238
0.25,-0.6040609137055838,0.5,-0.4861165064064858,-1.1915492957746479,0.6344086021505375,0.0,3.2,1.0,0.13333333333333333,0.0,0.0,0.0,1.0,0.0,137
0.08333333333333333,0.299492385786802,-0.96875,-0.3098055405697065,0.23661971830985915,2.623655913978495,0.0,0.0,0.6666666666666666,0.26666666666666666,1.0,0.0,0.0,0.0,0.0,1585
-0.3333333333333333,-0.9289340101522844,-0.8125,-0.5816560227957038,0.29107981220657275,0.01075268817204301,0.0,0.0,-0.6666666666666666,0.13333333333333333,1.0,0.0,0.0,1.0,0.0,92
0.5,0.050761421319796954,-0.09375,-0.14891824053188613,-0.32582159624413143,0.0,0.0,0.0,0.8333333333333334,-0.7333333333333333,0.0,0.0,0.0,0.0,0.0,2357
-0.5833333333333334,0.11167512690355327,0.59375,-0.7926654504863353,-1.2769953051643192,-0.01075268817204301,0.0,0.0,-0.16666666666666666,-0.06666666666666667,0.0,1.0,0.0,0.0,0.0,182
0.5,0.4111675126903554,0.3125,0.3336351996355,-1.0384976525821596,0.24731182795698922,0.0,0.0,-0.16666666666666666,-1.0,0.0,1.0,0.0,0.0,-1.0,2082
0.9166666666666666,-0.8883248730964467,-0.28125,0.0,-0.14460093896713616,-0.01075268817204301,0.0,0.0,-0.8333333333333334,-0.8,0.0,0.0,0.0,1.0,0.0,221
0.0,0.5329949238578681,-0.1875,0.2058418822217645,0.29107981220657275,2.4516129032258065,0.0,0.0,0.0,-0.26666666666666666,0.0,0.0,1.0,0.0,0.0,1202
0.16666666666666666,0.8730964467005076,0.0625,0.8420508501474621,-0.07323943661971831,2.193548387096774,0.0,0.0,0.16666666666666666,-0.13333333333333333,1.0,0.0,1.0,0.0,0.0,1038
0.75,-0.6294416243654822,1.09375,-0.91150831659757,-1.3661971830985915,-0.01075268817204301,0.7,1.0,1.0,-0.6666666666666666,0.0,0.0,0.0,1.0,0.0,165
0.75,0.20812182741116758,0.0625,0.0707286024015658,0.29107981220657275,-0.01075268817204301,0.0,0.0,0.6666666666666666,-0.8666666666666667,0.0,0.0,0.0,0.0,-1.0,1594
-0.25,-1.451776649746193,-0.25,-0.3098055405697065,-0.27136150234741785,0.2043010752688172,0.0,0.3,-0.8333333333333334,0.7333333333333333,1.0,0.0,0.0,1.0,0.0,105
-0.8333333333333334,-0.19796954314720816,0.25,0.0,-0.03380281690140845,-0.01075268817204301,0.0,0.0,-0.16666666666666666,-0.8,0.0,1.0,0.0,0.0,0.0,352
0.4166666666666667,0.6040609137055837,-0.40625,-0.22768379202711048,0.29107981220657275,0.8924731182795698,0.0,0.0,0.5,-0.3333333333333333,0.0,0.0,0.0,0.0,0.0,2171
-0.4166666666666667,-0.5025380710659899,0.8125,-0.4861165064064858,-1.2582159624413145,-0.01075268817204301,0.0,0.0,0.8333333333333334,0.7333333333333333,0.0,0.0,0.0,0.0,0.0,815
0.08333333333333333,0.8071065989847716,-0.46875,0.13927936789351517,-0.939906103286385,3.3225806451612905,0.0,0.0,0.0,0.13333333333333333,0.0,0.0,1.0,0.0,0.0,938
0.3333333333333333,0.40101522842639586,-0.6875,0.7368002283746548,0.13896713615023473,2.5483870967741935,0.0,0.0,-0.16666666666666666,-0.4666666666666667,0.0,1.0,0.0,0.0,0.0,1603
-0.16666666666666666,-0.46700507614213194,0.03125,-0.91150831659757,-1.2103286384976526,0.23655913978494622,0.0,0.0,-0.8333333333333334,0.06666666666666667,0.0,0.0,0.0,1.0,0.0,212
-0.9166666666666666,-0.3299492385786802,0.96875,0.6275737112096174,0.29107981220657275,-0.01075268817204301,0.0,0.0,-0.5,-0.7333333333333333,0.0,1.0,0.0,0.0,0.0,23
0.6666666666666666,0.12182741116751271,0.75,0.7898955205469734,-1.352112676056338,-0.01075268817204301,0.0,0.0,0.6666666666666666,-0.06666666666666667,0.0,0.0,0.0,0.0,0.0,1659
-0.08333333333333333,-0.7005076142131981,-0.53125,1.0902852095090052,0.03568075117370892,1.8494623655913978,0.0,0.0,-0.6666666666666666,-0.2,0.0,0.0,0.0,1.0,0.0,252
-0.8333333333333334,0.5279187817258882,0.375,-1.1921678124288753,-1.088262910798122,-0.01075268817204301,0.2,0.0,-0.16666666666666666,0.0,0.0,1.0,0.0,0.0,0.0,145
0.5833333333333334,0.9543147208121826,0.1875,0.3951330286481768,-0.6131455399061033,0.4301075268817204,0.0,0.0,0.16666666666666666,0.6666666666666666,0.0,0.0,1.0,0.0,0.0,1994
0.25,0.015228426395939123,-0.71875,0.5713209318579696,-0.23661971830985915,1.5483870967741935,0.0,0.0,0.8333333333333334,-0.26666666666666666,0.0,0.0,0.0,0.0,0.0,1084
-0.75,-1.0964467005076144,0.40625,-0.14891824053188613,-0.12488262910798122,-0.01075268817204301,0.0,2.0,1.0,0.26666666666666666,0.0,0.0,0.0,1.0,0.0,71
-0.3333333333333333,-0.21319796954314718,0.875,-1.1921678124288753,-1.2929577464788733,0.06451612903225806,0.0,0.0,0.8333333333333334,-0.4,1.0,0.0,0.0,0.0,0.0,589
0.0,-0.8223350253807107,-0.375,0.5713209318579696,0.01596244131455399,1.118279569892473,0.0,0.4,-0.8333333333333334,-0.4666666666666667,0.0,0.0,0.0,1.0,0.0,262
-0.6666666666666666,-0.07106598984771575,-0.1875,0.0707286024015658,0.23380281690140844,-0.01075268817204301,0.0,0.0,-0.16666666666666666,-0.7333333333333333,1.0,1.0,0.0,0.0,0.0,252
0.3333333333333333,-1.1725888324873097,-0.8125,0.682712243030312,0.26572769953051645,0.6989247311827956,0.0,0.5,-0.8333333333333334,0.6,0.0,0.0,0.0,1.0,0.0,152
0.6666666666666666,0.4365482233502539,0.25,-0.14891824053188613,-0.07417840375586854,0.08602150537634408,0.0,0.0,0.0,-0.2,0.0,0.0,1.0,0.0,0.0,2276
-0.4166666666666667,-0.06091370558375631,0.84375,0.9933397872392326,-0.4413145539906103,-0.01075268817204301,0.0,0.0,0.6666666666666666,-0.4,0.0,0.0,0.0,0.0,0.0,1220
0.5,-1.071065989847716,-0.875,1.137688257706579,0.29107981220657275,0.16129032258064516,0.0,0.0,-0.6666666666666666,-0.7333333333333333,0.0,0.0,0.0,1.0,0.0,388
-0.5,-0.2487309644670051,1.21875,-0.6833781561418334,-1.3765258215962441,-0.01075268817204301,0.2,0.0,-0.5,-0.8,1.0,1.0,0.0,0.0,0.0,20
0.25,-0.8426395939086295,-1.28125,0.455183241303237,0.29107981220657275,0.9569892473118279,0.0,0.0,1.0,0.7333333333333333,0.0,0.0,0.0,1.0,0.0,228
0.08333333333333333,-0.5532994923857868,0.8125,0.2705797236685667,0.07887323943661972,0.8924731182795698,0.0,6.0,0.8333333333333334,0.5333333333333333,1.0,0.0,0.0,0.0,0.0,241
0.16666666666666666,0.3807106598984772,-0.3125,0.455183241303237,-1.0178403755868544,2.698924731182796,0.0,0.0,-0.16666666666666666,-0.3333333333333333,0.0,1.0,0.0,0.0,0.0,1174
0.4166666666666667,-0.2081218274111675,0.875,-0.22768379202711048,0.29107981220657275,0.06451612903225806,1.5,0.0,0.6666666666666666,0.8,1.0,0.0,0.0,0.0,0.0,535
-1.0,0.7563451776649746,0.40625,-0.4861165064064858,0.23943661971830985,-0.01075268817204301,0.0,0.0,0.16666666666666666,0.8666666666666667,1.0,0.0,1.0,0.0,0.0,921
-0.6666666666666666,-0.37055837563451777,0.4375,-0.3098055405697065,0.29107981220657275,-0.01075268817204301,0.0,0.0,0.6666666666666666,-0.26666666666666666,0.0,0.0,0.0,0.0,0.0,168
0.8333333333333334,-0.29949238578680204,-0.21875,0.2058418822217645,0.29107981220657275,-0.01075268817204301,0.0,0.0,0.6666666666666666,0.9333333333333333,0.0,0.0,0.0,0.0,0.0,948
0.16666666666666666,-0.4974619289340102,-0.125,-0.7926654504863353,-1.0309859154929577,0.7849462365591398,0.0,0.0,-0.8333333333333334,-0.13333333333333333,1.0,0.0,0.0,1.0,0.0,304
-0.08333333333333333,-0.5685279187817259,0.375,0.13927936789351517,-0.9971830985915493,0.6666666666666666,0.0,0.6,1.0,-0.6,0.0,0.0,0.0,1.0,0.0,333
0.25,-0.17258883248730966,-1.03125,0.2058418822217645,0.13990610328638498,2.2688172043010755,0.0,0.0,-0.5,-0.6666666666666666,0.0,1.0,0.0,0.0,0.0,616
0.0,-0.015228426395939123,-0.8125,1.2759719533904954,0.29107981220657275,2.763440860215054,0.0,0.0,0.6666666666666666,-0.3333333333333333,0.0,0.0,0.0,0.0,0.0,967
0.5,0.3197969543147209,0.71875,1.3208447570935795,0.29107981220657275,0.11827956989247311,0.0,0.0,0.0,-0.3333333333333333,0.0,0.0,1.0,0.0,0.0,1491
-0.25,-0.4873096446700508,0.90625,0.13927936789351517,-1.2122065727699531,0.10752688172043011,0.2,0.0,-0.8333333333333334,-0.06666666666666667,0.0,0.0,0.0,1.0,0.0,303
0.0,0.3705583756345178,-0.21875,0.3336351996355,-0.4225352112676056,1.946236559139785,0.0,0.0,-0.3333333333333333,-0.9333333333333333,0.0,1.0,0.0,0.0,0.0,818
-0.75,-0.29949238578680204,0.65625,-0.6833781561418334,-0.07136150234741784,-0.01075268817204301,0.0,0.0,0.6666666666666666,-0.2,1.0,0.0,0.0,0.0,0.0,374
0.3333333333333333,0.8578680203045684,-0.90625,1.1844188200176686,0.09389671361502347,2.6559139784946235,0.0,0.0,0.0,-0.8666666666666667,1.0,0.0,1.0,0.0,0.0,1834
0.5,-0.6091370558375635,0.40625,0.6275737112096174,-0.9877934272300469,-0.01075268817204301,0.0,0.0,-0.8333333333333334,-0.5333333333333333,0.0,0.0,0.0,1.0,0.0,316
-0.5833333333333334,-0.06091370558375631,0.25,-0.91150831659757,-0.568075117370892,-0.01075268817204301,0.0,0.0,-0.3333333333333333,-1.0,1.0,1.0,0.0,0.0,0.0,96
-0.75,-0.11167512690355327,0.875,-2.15665183283064,-0.7352112676056338,-0.01075268817204301,0.0,0.0,0.6666666666666666,-0.06666666666666667,0.0,0.0,0.0,0.0,0.0,171
-0.16666666666666666,-0.16751269035532998,0.34375,-0.6833781561418334,-1.2544600938967136,1.129032258064516,0.0,0.0,0.8333333333333334,-0.3333333333333333,1.0,0.0,0.0,0.0,0.0,563
-0.4166666666666667,-0.43147208121827413,0.3125,-0.39575298507290857,0.07887323943661972,0.18279569892473116,0.0,0.0,-0.3333333333333333,0.0,0.0,1.0,0.0,0.0,0.0,1049
-0.8333333333333334,-0.07614213197969544,0.75,-0.14891824053188613,-1.3098591549295775,-0.01075268817204301,0.0,0.0,0.8333333333333334,-0.6,0.0,0.0,0.0,0.0,0.0,136
-0.3333333333333333,0.5634517766497463,1.21875,-0.39575298507290857,-0.7577464788732394,0.1935483870967742,0.0,0.0,0.3333333333333333,0.9333333333333333,0.0,0.0,1.0,0.0,0.0,1330
0.75,0.4568527918781726,0.25,-0.3098055405697065,0.29107981220657275,-0.01075268817204301,0.0,0.0,0.3333333333333333,0.6666666666666666,1.0,0.0,1.0,0.0,0.0,1276
0.8333333333333334,0.5025380710659898,0.96875,-0.4861165064064858,-0.504225352112676,-0.01075268817204301,0.0,0.0,0.0,0.9333333333333333,1.0,0.0,1.0,0.0,0.0,1107
0.9166666666666666,-0.3654822335025381,-0.15625,0.2058418822217645,0.29107981220657275,-0.01075268817204301,0.0,0.0,0.6666666666666666,0.7333333333333333,1.0,0.0,0.0,0.0,0.0,658
0.08333333333333333,0.2741116751269035,-0.75,0.2058418822217645,0.29107981220657275,2.602150537634409,0.0,0.0,0.6666666666666666,0.2,0.0,0.0,0.0,0.0,0.0,1190
0.5,-0.18274111675126903,0.53125,0.682712243030312,-1.1248826291079812,-0.01075268817204301,0.0,0.0,0.8333333333333334,0.0,0.0,0.0,0.0,0.0,0.0,1956
0.5,-0.4771573604060914,-0.53125,0.3951330286481768,-0.3408450704225352,0.09677419354838711,0.0,0.0,-0.6666666666666666,-0.4666666666666667,0.0,0.0,0.0,1.0,0.0,659
0.8333333333333334,-0.416243654822335,-0.5625,0.5138834935935143,-0.1671361502347418,-0.01075268817204301,0.0,0.0,0.8333333333333334,0.2,0.0,0.0,0.0,0.0,0.0,910
0.8333333333333334,-0.5329949238578681,0.0625,-0.3098055405697065,-0.4431924882629108,-0.01075268817204301,0.0,0.0,0.8333333333333334,0.8666666666666667,0.0,0.0,0.0,0.0,0.0,726
-0.5833333333333334,-0.416243654822335,0.65625,-0.07312821817005527,-0.6929577464788732,-0.01075268817204301,0.0,0.0,0.8333333333333334,-0.06666666666666667,0.0,0.0,0.0,0.0,0.0,172
0.25,0.3248730964467004,-0.3125,1.0421797791354965,-1.1323943661971831,1.956989247311828,0.0,0.0,-0.16666666666666666,-0.3333333333333333,0.0,1.0,0.0,0.0,0.0,1295
-0.6666666666666666,-0.13705583756345174,0.9375,0.13927936789351517,-0.6892018779342723,-0.01075268817204301,0.0,0.0,0.8333333333333334,-0.5333333333333333,0.0,0.0,0.0,0.0,0.0,50
0.3333333333333333,0.08629441624365479,0.46875,-0.22768379202711048,-1.0,0.41935483870967744,0.0,0.0,0.8333333333333334,-0.6,0.0,0.0,0.0,0.0,0.0,834
-0.9166666666666666,-1.2233502538071068,-0.0625,0.8420508501474621,0.27887323943661974,-0.01075268817204301,0.0,0.0,-0.8333333333333334,-0.3333333333333333,0.0,0.0,0.0,1.0,0.0,100
0.75,-0.5989847715736041,-0.9375,0.9437305196070348,0.04131455399061033,-0.01075268817204301,0.0,0.0,-0.6666666666666666,-0.13333333333333333,0.0,0.0,0.0,1.0,0.0,216
-0.08333333333333333,0.1472081218274111,-0.4375,-0.6833781561418334,0.0215962441314554,2.096774193548387,0.0,0.0,0.6666666666666666,0.6,0.0,0.0,0.0,0.0,0.0,956
-0.08333333333333333,-0.8274111675126904,-0.6875,0.8420508501474621,0.27605633802816903,0.9247311827956989,0.0,0.0,1.0,0.6,0.0,0.0,0.0,1.0,-1.0,179
-0.5,-0.7360406091370558,-0.5,-0.6833781561418334,0.29107981220657275,-0.01075268817204301,0.0,0.0,0.8333333333333334,0.4,0.0,0.0,0.0,0.0,0.0,332
0.08333333333333333,0.4619289340101524,1.25,-0.7926654504863353,-1.2422535211267605,0.31182795698924726,0.5,0.0,0.16666666666666666,-0.9333333333333333,0.0,0.0,1.0,0.0,0.0,304
0.16666666666666666,1.0913705583756346,-0.375,0.455183241303237,0.2507042253521127,2.924731182795699,0.0,0.0,0.3333333333333333,-0.26666666666666666,1.0,0.0,1.0,0.0,0.0,697
0.8333333333333334,-0.015228426395939123,0.53125,-0.07312821817005527,-0.26572769953051645,-0.01075268817204301,0.0,0.0,0.8333333333333334,-0.6,0.0,0.0,0.0,0.0,0.0,1003
0.5,-0.6852791878172589,-0.34375,-0.4861165064064858,-0.11643192488262911,-0.01075268817204301,0.0,0.0,0.8333333333333334,0.8666666666666667,0.0,0.0,0.0,0.0,0.0,1577
-0.16666666666666666,1.0558375634517765,-0.375,-0.39575298507290857,0.21502347417840376,2.4731182795698925,0.0,0.0,0.3333333333333333,-1.0,0.0,0.0,1.0,0.0,0.0,540
-0.25,0.3553299492385787,0.28125,-0.3098055405697065,0.01971830985915493,1.1935483870967742,0.0,0.0,0.5,0.06666666666666667,0.0,0.0,0.0,0.0,0.0,1185
-0.5833333333333334,-0.19289340101522848,0.1875,-0.3098055405697065,-0.3624413145539906,-0.01075268817204301,0.0,0.0,-0.3333333333333333,0.8666666666666667,1.0,1.0,0.0,0.0,0.0,138
-0.75,-1.0761421319796953,-0.25,0.2058418822217645,-0.10985915492957747,-0.01075268817204301,0.0,0.0,-0.8333333333333334,0.8,1.0,0.0,0.0,1.0,0.0,67
-1.0,-1.2436548223350254,-0.1875,-0.3098055405697065,0.29107981220657275,-0.01075268817204301,0.0,0.0,1.0,-0.26666666666666666,0.0,0.0,0.0,1.0,0.0,133
0.5833333333333334,0.17258883248730958,-0.75,-0.14891824053188613,0.25821596244131456,0.3548387096774194,0.0,0.0,-0.3333333333333333,0.8,1.0,1.0,0.0,0.0,0.0,1590
0.4166666666666667,0.969543147208122,-0.34375,0.7898955205469734,-0.12206572769953052,2.086021505376344,0.0,0.0,0.16666666666666666,0.13333333333333333,0.0,0.0,1.0,0.0,0.0,1596
0.5833333333333334,-0.035532994923857836,1.25,-0.4861165064064858,-1.3568075117370892,-0.01075268817204301,0.0,0.0,0.8333333333333334,-0.5333333333333333,0.0,0.0,0.0,0.0,0.0,19
-0.25,0.5431472081218274,0.75,-0.4861165064064858,-1.3098591549295775,0.5591397849462365,0.0,0.0,0.0,0.9333333333333333,1.0,0.0,1.0,0.0,0.0,862
0.5,0.40609137055837563,-0.4375,0.2058418822217645,0.29107981220657275,0.26881720430107525,0.0,0.0,0.6666666666666666,-0.8666666666666667,0.0,0.0,0.0,0.0,-1.0,2235
-1.0,0.10152284263959391,1.25,0.0,-1.4169014084507043,-0.01075268817204301,0.5,0.0,-0.16666666666666666,-0.2,1.0,1.0,0.0,0.0,0.0,145
0.3333333333333333,0.40609137055837563,0.15625,1.0902852095090052,0.29107981220657275,1.3440860215053763,0.0,0.0,0.6666666666666666,-0.6666666666666666,1.0,0.0,0.0,0.0,0.0,1601
-1.0,-0.4263959390862945,0.625,0.2705797236685667,-0.9126760563380282,-0.01075268817204301,0.0,0.0,-0.5,-0.3333333333333333,1.0,1.0,0.0,0.0,0.0,376
-0.8333333333333334,0.8274111675126904,-0.125,-0.07312821817005527,0.29107981220657275,-0.01075268817204301,0.0,0.0,0.3333333333333333,0.4666666666666667,0.0,0.0,1.0,0.0,0.0,492
0.25,0.5228426395939086,-0.875,1.6608858990800979,0.17464788732394365,2.913978494623656,0.0,0.0,-0.16666666666666666,-0.7333333333333333,1.0,1.0,0.0,0.0,0.0,1837
-0.5,-0.9847715736040609,-0.5625,0.8420508501474621,0.27136150234741785,-0.01075268817204301,0.0,0.0,1.0,-0.3333333333333333,0.0,0.0,0.0,1.0,0.0,136
-0.16666666666666666,-1.1725888324873097,-0.78125,1.2305047302068106,0.29107981220657275,1.21505376344086,0.0,0.0,-0.6666666666666666,-0.7333333333333333,0.0,0.0,0.0,1.0,0.0,123
0.4166666666666667,-0.583756345177665,-1.0,0.5138834935935143,0.2892018779342723,0.3548387096774194,0.0,0.0,-0.6666666666666666,-0.9333333333333333,0.0,0.0,0.0,1.0,0.0,382
-0.9166666666666666,0.7715736040609137,0.71875,0.0,-0.37089201877934275,-0.01075268817204301,0.0,0.0,0.3333333333333333,-0.6666666666666666,0.0,0.0,1.0,0.0,0.0,455
-0.08333333333333333,-0.5989847715736041,-0.625,-0.7926654504863353,-0.5896713615023474,0.23655913978494622,0.0,0.0,-0.8333333333333334,-0.5333333333333333,0.0,0.0,0.0,1.0,0.0,278
-0.5833333333333334,0.5482233502538072,0.875,-0.39575298507290857,-0.18215962441314554,-0.01075268817204301,0.0,0.0,0.16666666666666666,0.0,0.0,0.0,1.0,0.0,0.0,324
0.16666666666666666,0.0812182741116751,-0.75,0.0,-0.6056338028169014,1.3978494623655913,0.0,0.0,0.8333333333333334,-0.06666666666666667,0.0,0.0,0.0,0.0,0.0,899
0.75,-0.6954314720812182,0.15625,-0.7926654504863353,-0.6610328638497652,-0.01075268817204301,0.0,0.0,1.0,0.8,0.0,0.0,0.0,1.0,0.0,332
-0.6666666666666666,0.2284263959390863,0.875,-1.1921678124288753,-1.3286384976525822,-0.01075268817204301,0.0,0.0,-0.16666666666666666,-1.0,0.0,1.0,0.0,0.0,-1.0,187
0.6666666666666666,0.7766497461928935,0.46875,-0.4861165064064858,0.29107981220657275,0.10752688172043011,0.0,0.0,0.16666666666666666,-0.8666666666666667,0.0,0.0,1.0,0.0,0.0,2398
0.16666666666666666,-0.4771573604060914,-1.25,0.2058418822217645,0.28732394366197184,2.0,0.0,0.0,-0.6666666666666666,0.13333333333333333,1.0,0.0,0.0,1.0,0.0,372
0.3333333333333333,1.015228426395939,-0.15625,0.455183241303237,0.10704225352112676,0.9677419354838709,0.0,0.0,0.3333333333333333,-0.2,0.0,0.0,1.0,0.0,0.0,901
0.8333333333333334,0.42639593908629436,1.25,0.0,-1.4328638497652582,-0.01075268817204301,0.0,0.0,-0.16666666666666666,0.0,0.0,1.0,0.0,0.0,0.0,399
-0.3333333333333333,-0.5532994923857868,0.625,-0.14891824053188613,-1.0544600938967137,0.2150537634408602,0.0,0.0,-0.5,0.4666666666666667,0.0,1.0,0.0,0.0,0.0,1216
0.9166666666666666,-0.3096446700507614,0.71875,-0.14891824053188613,-1.144600938967136,-0.01075268817204301,0.0,0.0,-0.5,0.13333333333333333,1.0,1.0,0.0,0.0,0.0,53
-0.5833333333333334,-1.0253807106598984,0.21875,0.0707286024015658,0.27323943661971833,-0.01075268817204301,0.0,0.0,-0.6666666666666666,-0.2,0.0,0.0,0.0,1.0,0.0,51
0.08333333333333333,-0.29441624365482233,1.1875,0.2705797236685667,-1.171830985915493,0.41935483870967744,0.0,0.0,-0.3333333333333333,-0.7333333333333333,0.0,1.0,0.0,0.0,0.0,84
-0.75,-0.5482233502538072,-0.0625,0.0,0.28075117370892017,-0.01075268817204301,0.0,0.0,-0.5,-0.6,0.0,1.0,0.0,0.0,0.0,92
-0.6666666666666666,-0.23350253807106597,0.5625,-1.0429616152145371,0.1755868544600939,-0.01075268817204301,0.0,0.0,0.6666666666666666,0.26666666666666666,1.0,0.0,0.0,0.0,0.0,246
0.5,0.1827411167512691,-0.6875,1.0902852095090052,0.2544600938967136,1.1827956989247312,0.0,0.0,-0.16666666666666666,-0.8,0.0,1.0,0.0,0.0,0.0,2661
0.25,-0.39593908629441626,-0.125,0.7368002283746548,-1.203755868544601,0.6881720430107526,0.0,0.0,1.0,0.8666666666666667,0.0,0.0,0.0,1.0,0.0,426
0.0,-0.751269035532995,-1.0625,1.365145862684823,0.29107981220657275,1.1612903225806452,0.0,0.0,1.0,0.6666666666666666,0.0,0.0,0.0,1.0,0.0,262
-0.6666666666666666,0.5329949238578681,0.9375,-0.4861165064064858,-1.0403755868544602,-0.01075268817204301,0.0,0.0,0.16666666666666666,0.2,0.0,0.0,1.0,0.0,0.0,231
-0.3333333333333333,-0.29441624365482233,0.96875,-0.07312821817005527,-1.1023474178403756,0.07526881720430108,1.0,0.0,-0.3333333333333333,-0.13333333333333333,1.0,1.0,0.0,0.0,0.0,17
-0.08333333333333333,-0.3756345177664975,0.28125,0.2705797236685667,0.29107981220657275,1.5161290322580643,0.0,0.0,-0.5,-0.7333333333333333,0.0,1.0,0.0,0.0,0.0,322
-0.6666666666666666,-0.7868020304568528,-0.46875,-0.6833781561418334,0.29107981220657275,-0.01075268817204301,0.0,0.0,0.8333333333333334,0.4666666666666667,0.0,0.0,0.0,0.0,0.0,109
0.25,0.7411167512690356,-0.4375,1.8200176575062148,0.2244131455399061,2.838709677419355,0.0,0.0,0.5,-0.7333333333333333,0.0,0.0,0.0,0.0,0.0,1131
-0.8333333333333334,-0.9238578680203046,-0.75,-1.5998067240225886,0.29107981220657275,-0.01075268817204301,0.0,0.0,-0.6666666666666666,0.13333333333333333,1.0,0.0,0.0,1.0,0.0,86
-0.4166666666666667,-0.37055837563451777,0.8125,-0.5816560227957038,-0.5539906103286385,0.0,0.0,0.0,0.6666666666666666,-0.2,1.0,0.0,0.0,0.0,0.0,412
0.5,-1.0862944162436547,-0.4375,1.0421797791354965,0.29107981220657275,-0.01075268817204301,0.0,0.0,1.0,-0.3333333333333333,0.0,0.0,0.0,1.0,0.0,557
0.6666666666666666,0.1827411167512691,0.71875,0.0,-1.136150234741784,-0.01075268817204301,0.0,0.0,-0.3333333333333333,-1.0,1.0,1.0,0.0,0.0,0.0,984
0.9166666666666666,0.4111675126903554,1.0,1.4948257357364156,-0.9314553990610329,-0.01075268817204301,0.0,0.0,0.0,0.6666666666666666,0.0,0.0,1.0,0.0,0.0,552
0.16666666666666666,0.2588832487309645,-0.34375,1.5370407516912272,-0.024413145539906103,2.2903225806451615,0.0,0.0,-0.5,0.8,0.0,1.0,0.0,0.0,0.0,698
-0.75,-0.11167512690355327,0.125,-1.1921678124288753,-0.7098591549295775,-0.01075268817204301,0.0,0.0,-0.3333333333333333,0.26666666666666666,0.0,1.0,0.0,0.0,0.0,188
0.75,0.11167512690355327,-0.1875,0.2705797236685667,-0.8300469483568075,-0.01075268817204301,0.0,0.0,-0.3333333333333333,0.7333333333333333,0.0,1.0,0.0,0.0,0.0,1362
-0.75,0.2690355329949239,0.125,-0.14891824053188613,0.29107981220657275,-0.01075268817204301,0.0,0.0,0.0,-0.3333333333333333,0.0,0.0,1.0,0.0,0.0,232
0.25,0.7157360406091372,-0.625,0.2705797236685667,0.29107981220657275,2.763440860215054,0.0,0.0,0.16666666666666666,-0.5333333333333333,1.0,0.0,1.0,0.0,0.0,1693
-0.5833333333333334,-0.7309644670050762,0.65625,-0.7926654504863353,-0.0028169014084507044,-0.01075268817204301,0.0,0.0,-0.5,-0.6666666666666666,0.0,1.0,0.0,0.0,0.0,80
0.8333333333333334,-0.15228426395939088,0.15625,-0.22768379202711048,0.29107981220657275,-0.01075268817204301,0.0,0.0,0.6666666666666666,-0.26666666666666666,0.0,0.0,0.0,0.0,0.0,1347
-0.6666666666666666,-0.5583756345177665,-0.25,-1.0429616152145371,0.27981220657276995,-0.01075268817204301,0.0,0.0,0.8333333333333334,0.13333333333333333,1.0,0.0,0.0,0.0,0.0,165
-0.6666666666666666,-0.868020304568528,1.0625,-0.22768379202711048,-1.36056338028169,-0.01075268817204301,0.0,2.2,1.0,0.3333333333333333,0.0,0.0,0.0,1.0,0.0,58
-0.75,-0.6446700507614213,-0.59375,-0.5816560227957038,-0.09014084507042254,-0.01075268817204301,0.0,0.0,-0.5,-0.8666666666666667,1.0,1.0,0.0,0.0,0.0,149
-1.0,-0.010152284263959355,0.21875,0.13927936789351517,-0.7793427230046949,-0.01075268817204301,0.0,0.0,0.6666666666666666,0.0,0.0,0.0,0.0,0.0,0.0,726
-0.08333333333333333,-0.27918781725888325,-0.5625,-0.22768379202711048,0.08732394366197183,2.4193548387096775,0.0,0.0,-0.5,0.06666666666666667,1.0,1.0,0.0,0.0,0.0,742
-0.4166666666666667,-1.0609137055837563,-0.59375,-0.4861165064064858,0.29107981220657275,-0.01075268817204301,0.0,0.0,1.0,-1.0,0.0,0.0,0.0,1.0,0.0,460
-0.25,-0.035532994923857836,-0.15625,1.3208447570935795,-0.07136150234741784,1.7634408602150535,0.0,0.0,-0.16666666666666666,-0.8666666666666667,0.0,1.0,0.0,0.0,0.0,1061
0.75,-0.04568527918781728,-0.03125,-0.3098055405697065,-0.5981220657276995,-0.01075268817204301,0.0,0.0,0.6666666666666666,-0.2,1.0,0.0,0.0,0.0,0.0,1312
-0.8333333333333334,0.3756345177664974,0.9375,0.2058418822217645,-1.3784037558685447,-0.01075268817204301,0.0,0.0,0.0,0.5333333333333333,1.0,0.0,1.0,0.0,0.0,1254
-0.16666666666666666,0.5888324873096448,-0.53125,0.7368002283746548,-0.5765258215962441,2.537634408602151,0.0,0.0,0.0,-0.8,0.0,0.0,1.0,0.0,0.0,970
-0.8333333333333334,-0.5482233502538072,-0.34375,-1.0429616152145371,-0.30704225352112674,-0.01075268817204301,0.0,0.0,-0.5,-0.26666666666666666,0.0,1.0,0.0,0.0,0.0,95
0.16666666666666666,-0.2893401015228427,0.0,1.137688257706579,-0.9530516431924883,1.4301075268817205,0.0,0.0,-0.6666666666666666,-0.13333333333333333,0.0,0.0,0.0,1.0,0.0,398
-0.9166666666666666,-0.2893401015228427,0.0625,-0.7926654504863353,-0.8657276995305164,-0.01075268817204301,0.0,0.0,0.8333333333333334,0.0,0.0,0.0,0.0,0.0,0.0,520
0.5,-0.2741116751269036,-0.3125,0.13927936789351517,0.29107981220657275,0.3548387096774194,0.0,0.0,-0.5,-0.7333333333333333,0.0,1.0,0.0,0.0,0.0,1155
-0.75,-1.4010152284263961,-0.375,0.2058418822217645,0.29107981220657275,-0.01075268817204301,0.0,0.0,-0.8333333333333334,-0.26666666666666666,0.0,0.0,0.0,1.0,0.0,42
-0.16666666666666666,0.8274111675126904,0.59375,-0.07312821817005527,-0.7887323943661971,1.6236559139784945,0.0,0.0,0.3333333333333333,-0.6666666666666666,0.0,0.0,1.0,0.0,0.0,533
-0.08333333333333333,-0.7106598984771574,0.21875,-0.6833781561418334,-1.0826291079812207,0.5161290322580645,0.0,0.0,-0.8333333333333334,-0.13333333333333333,1.0,0.0,0.0,1.0,0.0,174
0.9166666666666666,-0.8223350253807107,0.03125,-0.3098055405697065,0.29107981220657275,-0.01075268817204301,0.0,0.0,-0.6666666666666666,0.3333333333333333,0.0,0.0,0.0,1.0,0.0,223
-0.16666666666666666,0.33502538071065996,1.28125,-0.22768379202711048,-0.755868544600939,0.12903225806451613,2.0,0.0,-0.16666666666666666,0.06666666666666667,0.0,1.0,0.0,0.0,0.0,141
0.75,0.6751269035532995,-0.28125,-0.4861165064064858,0.29107981220657275,-0.01075268817204301,0.0,0.0,0.3333333333333333,0.13333333333333333,1.0,0.0,1.0,0.0,0.0,1886
-0.08333333333333333,0.1624365482233502,-0.625,-0.6833781561418334,-0.5784037558685446,1.8602150537634408,0.0,0.0,0.6666666666666666,0.4,0.0,0.0,0.0,0.0,0.0,941
-0.16666666666666666,-0.025380710659898477,0.1875,-0.4861165064064858,-0.7849765258215963,1.6021505376344085,0.0,0.0,0.6666666666666666,0.5333333333333333,0.0,0.0,0.0,0.0,0.0,811
-0.75,0.035532994923857836,1.28125,0.0,-1.460093896713615,-0.01075268817204301,0.2,0.0,-0.16666666666666666,-0.2,1.0,1.0,0.0,0.0,0.0,141
-0.5,-0.6446700507614213,0.375,-0.07312821817005527,0.29107981220657275,-0.01075268817204301,0.0,0.0,0.6666666666666666,0.9333333333333333,0.0,0.0,0.0,0.0,0.0,394
-1.0,-0.5329949238578681,0.3125,1.0421797791354965,-0.6995305164319249,-0.01075268817204301,0.0,0.0,-0.3333333333333333,-0.6,1.0,1.0,0.0,0.0,0.0,282
0.08333333333333333,-0.6091370558375635,-1.0625,1.1844188200176686,0.26291079812206575,1.010752688172043,0.0,0.0,-0.8333333333333334,-0.9333333333333333,0.0,0.0,0.0,1.0,0.0,273
-0.08333333333333333,-0.3350253807106599,-0.34375,0.3951330286481768,-0.13990610328638498,2.4946236559139785,0.0,0.0,-0.5,0.4,0.0,1.0,0.0,0.0,0.0,565
0.75,-0.969543147208122,0.375,0.455183241303237,0.27605633802816903,-0.01075268817204301,0.0,0.0,-0.6666666666666666,-0.3333333333333333,1.0,0.0,0.0,1.0,0.0,119
-0.4166666666666667,-0.25380710659898476,0.3125,-0.6833781561418334,-1.1408450704225352,0.01075268817204301,0.0,0.0,-0.5,0.7333333333333333,0.0,1.0,0.0,0.0,0.0,705
-0.08333333333333333,0.6598984771573604,0.21875,0.2058418822217645,0.10892018779342723,1.3870967741935483,0.0,0.0,0.0,0.8,0.0,0.0,1.0,0.0,0.0,938
-0.08333333333333333,-0.44670050761421326,0.5625,0.5138834935935143,-1.0863849765258216,0.5698924731182796,0.0,0.0,-0.8333333333333334,-0.06666666666666667,0.0,0.0,0.0,1.0,0.0,254
0.0,1.0000000000000002,-0.21875,0.5138834935935143,0.29107981220657275,3.043010752688172,0.0,0.0,0.3333333333333333,-0.3333333333333333,1.0,0.0,1.0,0.0,0.0,759
-0.9166666666666666,-0.25380710659898476,0.40625,-1.3691539278131721,0.15586854460093896,-0.01075268817204301,0.0,0.0,0.6666666666666666,-0.2,1.0,0.0,0.0,0.0,0.0,739
-0.5,-0.11675126903553304,0.75,-1.3691539278131721,-0.5812206572769953,-0.01075268817204301,0.0,0.0,0.6666666666666666,-0.06666666666666667,0.0,0.0,0.0,0.0,0.0,504
0.4166666666666667,0.4771573604060913,-0.75,-0.07312821817005527,0.29107981220657275,0.8817204301075268,0.0,0.0,0.5,0.6,0.0,0.0,0.0,0.0,-1.0,2033
0.25,0.42131979695431476,1.25,-0.6833781561418334,-1.2826291079812207,0.13978494623655913,5.5,0.0,0.16666666666666666,-1.0,1.0,0.0,1.0,0.0,0.0,51
0.3333333333333333,-0.23350253807106597,0.1875,0.8933144384752442,-0.07136150234741784,0.2903225806451613,0.0,0.0,-0.5,0.2,0.0,1.0,0.0,0.0,0.0,271
0.08333333333333333,0.04568527918781728,-0.25,1.137688257706579,-0.7511737089201878,1.8279569892473118,0.0,0.0,0.8333333333333334,0.0,0.0,0.0,0.0,0.0,0.0,920
-0.16666666666666666,-0.4974619289340102,-0.1875,-0.14891824053188613,-0.08826291079812207,1.6666666666666665,0.0,0.0,-0.5,-0.6666666666666666,0.0,1.0,0.0,0.0,0.0,380
0.9166666666666666,-1.0253807106598984,-0.6875,0.3951330286481768,0.29107981220657275,-0.01075268817204301,0.0,0.0,-0.6666666666666666,-0.4,1.0,0.0,0.0,1.0,0.0,118
-0.16666666666666666,-0.7969543147208121,-0.65625,1.4088965798741255,0.22535211267605634,0.5591397849462365,0.0,0.0,1.0,0.6666666666666666,0.0,0.0,0.0,1.0,0.0,180
-0.16666666666666666,0.43147208121827413,-0.03125,0.0,0.28075117370892017,2.043010752688172,0.0,0.0,0.0,-0.06666666666666667,0.0,0.0,1.0,0.0,0.0,1004
-0.4166666666666667,-1.0406091370558377,0.1875,-0.7926654504863353,-0.7746478873239436,-0.01075268817204301,0.0,0.0,1.0,-0.06666666666666667,0.0,0.0,0.0,1.0,0.0,285
-0.08333333333333333,0.9593908629441624,-0.09375,0.2705797236685667,0.25539906103286386,1.021505376344086,0.0,0.0,0.3333333333333333,-0.13333333333333333,0.0,0.0,1.0,0.0,0.0,636
0.0,0.6497461928934011,-0.40625,-0.22768379202711048,0.2591549295774648,3.1182795698924735,0.0,0.0,0.5,-0.26666666666666666,0.0,0.0,0.0,0.0,0.0,1165
-0.5,0.025380710659898477,0.9375,-0.5816560227957038,-0.3342723004694836,0.0,0.0,0.0,-0.16666666666666666,-0.6,0.0,1.0,0.0,0.0,0.0,221
0.08333333333333333,0.918781725888325,-0.34375,0.7368002283746548,0.16338028169014085,1.8924731182795698,0.0,0.0,0.3333333333333333,0.26666666666666666,0.0,0.0,1.0,0.0,0.0,847
0.9166666666666666,-0.07614213197969544,0.0625,-1.0429616152145371,-0.9436619718309859,-0.01075268817204301,0.0,0.0,0.6666666666666666,0.4,0.0,0.0,0.0,0.0,0.0,916
0.9166666666666666,-0.25888324873096447,0.625,1.2759719533904954,-0.02629107981220657,-0.01075268817204301,0.0,0.0,-0.3333333333333333,-0.13333333333333333,1.0,1.0,0.0,0.0,0.0,503
-0.9166666666666666,-1.015228426395939,-0.5,0.7898955205469734,0.29107981220657275,-0.01075268817204301,0.0,0.0,1.0,-0.7333333333333333,0.0,0.0,0.0,1.0,0.0,198
0.6666666666666666,0.8274111675126904,0.15625,0.8420508501474621,0.22629107981220659,0.07526881720430108,0.0,0.0,0.16666666666666666,0.2,0.0,0.0,1.0,0.0,0.0,2114
0.3333333333333333,0.6649746192893402,-0.09375,0.5138834935935143,0.29107981220657275,1.3225806451612903,0.0,0.0,0.16666666666666666,-0.6666666666666666,0.0,0.0,1.0,0.0,0.0,1635
-0.9166666666666666,-0.802030456852792,0.4375,0.9933397872392326,-0.5746478873239437,-0.01075268817204301,0.0,0.0,-0.6666666666666666,-0.8666666666666667,1.0,0.0,0.0,1.0,0.0,184
0.0,0.4416243654822335,-0.21875,0.3336351996355,-1.0572769953051644,2.838709677419355,0.0,0.0,-0.3333333333333333,0.9333333333333333,0.0,1.0,0.0,0.0,0.0,1094
-0.5833333333333334,-0.21827411167512695,0.625,-2.15665183283064,-0.38685446009389673,-0.01075268817204301,0.0,0.0,0.6666666666666666,0.06666666666666667,0.0,0.0,0.0,0.0,0.0,210
-1.0,-0.24365482233502542,0.90625,0.9437305196070348,0.29107981220657275,-0.01075268817204301,0.0,0.0,-0.16666666666666666,-0.8666666666666667,0.0,1.0,0.0,0.0,0.0,361
0.9166666666666666,-0.050761421319796954,0.0625,-0.5816560227957038,-0.08262910798122065,-0.01075268817204301,0.0,0.0,0.6666666666666666,0.6,0.0,0.0,0.0,0.0,0.0,919
-0.6666666666666666,0.7411167512690356,0.4375,-1.0429616152145371,0.29107981220657275,-0.01075268817204301,0.0,0.0,0.3333333333333333,-0.13333333333333333,0.0,0.0,1.0,0.0,0.0,209
-0.5833333333333334,-1.0304568527918783,0.125,-1.3691539278131721,0.03192488262910798,-0.01075268817204301,0.0,0.0,-0.6666666666666666,-0.9333333333333333,0.0,0.0,0.0,1.0,0.0,48
0.75,0.42131979695431476,1.25,-0.7926654504863353,-0.9370892018779343,-0.01075268817204301,3.5,0.0,0.16666666666666666,-1.0,1.0,0.0,1.0,0.0,0.0,17
0.0,-0.10659898477157359,1.1875,0.6275737112096174,-0.8431924882629108,0.46236559139784944,5.5,0.0,0.8333333333333334,-0.5333333333333333,0.0,0.0,0.0,0.0,0.0,17
0.3333333333333333,0.6243654822335026,-0.21875,0.13927936789351517,-0.5051643192488263,0.6989247311827956,0.0,0.0,0.0,-0.2,0.0,0.0,1.0,0.0,0.0,2474
-1.0,0.284263959390863,0.84375,0.0707286024015658,-1.07981220657277,-0.01075268817204301,0.0,0.0,-0.16666666666666666,0.9333333333333333,0.0,1.0,0.0,0.0,0.0,507
0.75,-0.0812182741116751,-0.28125,0.2705797236685667,0.2140845070422535,-0.01075268817204301,0.0,0.0,-0.16666666666666666,-0.8666666666666667,0.0,1.0,0.0,0.0,0.0,1388
-0.8333333333333334,-0.7715736040609137,0.28125,-0.5816560227957038,-0.05539906103286385,-0.01075268817204301,0.0,0.0,-0.6666666666666666,0.6666666666666666,0.0,0.0,0.0,1.0,0.0,80
0.6666666666666666,-0.6548223350253808,0.3125,1.0421797791354965,-1.1117370892018779,-0.01075268817204301,0.0,0.0,1.0,0.5333333333333333,1.0,0.0,0.0,1.0,-1.0,116
-0.08333333333333333,-0.05583756345177664,0.78125,-0.7926654504863353,-1.1107981220657277,0.3548387096774194,0.0,0.0,0.8333333333333334,-0.6,0.0,0.0,0.0,0.0,0.0,608
0.5,0.6751269035532995,-0.125,0.682712243030312,0.29107981220657275,0.8494623655913979,0.0,0.0,0.5,-0.8,0.0,0.0,0.0,0.0,0.0,3166
0.5,0.3553299492385787,0.28125,-0.22768379202711048,0.29107981220657275,0.16129032258064516,0.0,0.0,0.6666666666666666,-0.6666666666666666,1.0,0.0,0.0,0.0,0.0,2012
0.16666666666666666,-0.2741116751269036,-1.03125,1.6608858990800979,0.21032863849765257,3.2043010752688175,0.0,0.0,-0.3333333333333333,-0.6,1.0,1.0,0.0,0.0,0.0,919
0.25,0.8984771573604061,0.3125,0.7368002283746548,-0.3023474178403756,1.4838709677419353,0.0,0.0,0.3333333333333333,-0.4666666666666667,0.0,0.0,1.0,0.0,0.0,644
-0.08333333333333333,0.83248730964467,0.0,0.13927936789351517,0.28356807511737087,0.9354838709677419,0.1,0.0,0.3333333333333333,0.4666666666666667,0.0,0.0,1.0,0.0,0.0,711
0.5,-0.3654822335025381,-1.0,0.3336351996355,-0.03474178403755868,-0.01075268817204301,0.0,0.0,0.8333333333333334,0.8,0.0,0.0,0.0,0.0,0.0,1536
-1.0,0.5685279187817259,1.15625,0.7898955205469734,-0.39436619718309857,-0.01075268817204301,0.0,0.0,0.3333333333333333,0.9333333333333333,0.0,0.0,1.0,0.0,0.0,214
0.25,1.2131979695431472,-0.40625,0.9933397872392326,-0.17934272300469484,2.903225806451613,0.0,0.0,0.3333333333333333,-0.8666666666666667,0.0,0.0,1.0,0.0,0.0,600
0.25,0.802030456852792,-0.5,0.3336351996355,-1.0150234741784037,2.817204301075269,0.0,0.0,0.0,-0.6,0.0,0.0,1.0,0.0,0.0,1171
-0.5833333333333334,-0.05583756345177664,0.09375,-0.5816560227957038,-0.11924882629107982,-0.01075268817204301,0.0,0.0,0.6666666666666666,0.6666666666666666,0.0,0.0,0.0,0.0,0.0,178
-0.16666666666666666,-1.0,-0.46875,0.5138834935935143,0.19061032863849764,0.5483870967741935,0.0,0.0,1.0,0.0,1.0,0.0,0.0,1.0,0.0,201
0.5,-0.44670050761421326,-0.4375,0.5713209318579696,-0.7061032863849765,0.1935483870967742,0.0,0.0,-0.6666666666666666,0.2,0.0,0.0,0.0,1.0,0.0,819
-0.16666666666666666,0.6852791878172589,-0.65625,0.455183241303237,0.26948356807511736,2.5053763440860215,0.0,0.0,0.3333333333333333,0.06666666666666667,0.0,0.0,1.0,0.0,0.0,717
-0.16666666666666666,0.015228426395939123,-0.40625,0.0,0.24694835680751173,1.7741935483870965,0.0,0.0,0.6666666666666666,0.2,0.0,0.0,0.0,0.0,0.0,850
0.8333333333333334,-0.11675126903553304,0.09375,0.5138834935935143,-0.005633802816901409,-0.01075268817204301,0.0,0.0,-0.16666666666666666,-0.8666666666666667,0.0,1.0,0.0,0.0,0.0,1202
-0.6666666666666666,-0.3299492385786802,0.9375,-0.14891824053188613,0.29107981220657275,-0.01075268817204301,0.0,0.0,-0.16666666666666666,-0.8666666666666667,0.0,1.0,0.0,0.0,0.0,109
0.4166666666666667,0.781725888324873,-0.375,-0.07312821817005527,0.29107981220657275,2.021505376344086,0.0,0.0,0.16666666666666666,-0.6,1.0,0.0,1.0,0.0,0.0,2020
-0.25,-0.5076142131979695,0.09375,-0.14891824053188613,0.2619718309859155,0.7526881720430106,0.0,0.0,-0.5,-0.4666666666666667,0.0,1.0,0.0,0.0,0.0,570
0.0,0.48730964467005083,0.21875,0.682712243030312,-0.4131455399061033,1.4408602150537635,0.0,0.0,-0.16666666666666666,0.8666666666666667,0.0,1.0,0.0,0.0,0.0,1184
0.9166666666666666,0.416243654822335,1.21875,-1.1921678124288753,-1.311737089201878,-0.01075268817204301,0.0,0.0,0.0,0.8,0.0,0.0,1.0,0.0,0.0,931
0.9166666666666666,0.8578680203045684,0.03125,-0.07312821817005527,0.29107981220657275,-0.01075268817204301,0.0,0.0,0.3333333333333333,-0.4,0.0,0.0,1.0,0.0,0.0,1198
-0.25,-0.3299492385786802,0.0,-0.6833781561418334,-0.12863849765258217,0.8387096774193549,0.0,0.0,0.8333333333333334,-0.9333333333333333,0.0,0.0,0.0,0.0,0.0,1027
0.4166666666666667,0.34010152284263956,0.15625,-0.3098055405697065,0.29107981220657275,1.8602150537634408,0.0,0.0,-0.16666666666666666,-0.6666666666666666,1.0,1.0,0.0,0.0,0.0,1737
-0.5,0.5736040609137056,0.8125,-1.3691539278131721,-0.14647887323943662,0.01075268817204301,0.0,0.0,0.16666666666666666,-0.06666666666666667,1.0,0.0,1.0,0.0,0.0,292
-0.9166666666666666,0.7868020304568528,0.3125,-0.3098055405697065,0.29107981220657275,-0.01075268817204301,0.0,0.0,0.3333333333333333,-0.3333333333333333,1.0,0.0,1.0,0.0,0.0,881
0.08333333333333333,1.0406091370558377,-0.3125,-0.07312821817005527,0.29107981220657275,2.397849462365592,0.0,0.0,0.3333333333333333,-0.26666666666666666,1.0,0.0,1.0,0.0,0.0,704
0.5833333333333334,-0.6091370558375635,-0.5,-0.39575298507290857,-0.4507042253521127,-0.01075268817204301,0.0,0.0,-0.8333333333333334,0.13333333333333333,0.0,0.0,0.0,1.0,0.0,365
0.75,0.852791878172589,0.5625,-0.3098055405697065,-0.37652582159624415,-0.01075268817204301,0.0,0.0,0.16666666666666666,0.7333333333333333,0.0,0.0,1.0,0.0,0.0,1547
-0.5,-1.2385786802030456,-0.4375,-0.39575298507290857,0.26009389671361505,-0.01075268817204301,0.0,0.0,-0.8333333333333334,0.8666666666666667,0.0,0.0,0.0,1.0,0.0,94
-0.9166666666666666,-0.4263959390862945,0.25,0.0707286024015658,0.2272300469483568,-0.01075268817204301,0.0,0.0,0.8333333333333334,-1.0,0.0,0.0,0.0,0.0,0.0,524
0.6666666666666666,0.09137055837563456,-0.21875,-0.91150831659757,-0.04037558685446009,-0.01075268817204301,0.0,0.0,0.6666666666666666,0.6,0.0,0.0,0.0,0.0,0.0,1596
-0.75,0.7055837563451777,0.0625,-0.07312821817005527,0.29107981220657275,-0.01075268817204301,0.0,0.0,0.16666666666666666,0.9333333333333333,0.0,0.0,1.0,0.0,0.0,253
-0.16666666666666666,-0.8629441624365483,-0.5625,0.3336351996355,0.2403755868544601,0.5698924731182796,0.0,0.0,-0.8333333333333334,-0.6666666666666666,1.0,0.0,0.0,1.0,0.0,204
0.4166666666666667,-0.16751269035532998,-0.9375,0.7898955205469734,0.12769953051643193,1.3010752688172043,0.0,0.0,-0.5,-0.6666666666666666,0.0,1.0,0.0,0.0,0.0,883
-0.75,-0.6192893401015228,-0.53125,0.3951330286481768,0.29107981220657275,-0.01075268817204301,0.0,0.0,-0.5,0.3333333333333333,0.0,1.0,0.0,0.0,0.0,82
-0.4166666666666667,-0.13197969543147206,0.96875,0.2058418822217645,0.1652582159624413,-0.01075268817204301,0.0,0.0,0.8333333333333334,-0.5333333333333333,0.0,0.0,0.0,0.0,0.0,174
-1.0,-0.9238578680203046,-0.15625,0.2058418822217645,-0.07417840375586854,-0.01075268817204301,0.0,0.0,-0.8333333333333334,-0.7333333333333333,0.0,0.0,0.0,1.0,0.0,202
-0.5833333333333334,-0.8730964467005076,-0.1875,0.682712243030312,0.29107981220657275,-0.01075268817204301,0.0,0.0,1.0,0.6,0.0,0.0,0.0,1.0,-1.0,32
0.0,-0.5634517766497462,-0.53125,-0.5816560227957038,0.11173708920187793,1.118279569892473,0.0,0.0,1.0,-0.4666666666666667,1.0,0.0,0.0,1.0,0.0,427
-0.25,-1.2944162436548223,-0.21875,-0.14891824053188613,-0.1568075117370892,0.4516129032258064,0.0,0.0,-0.6666666666666666,-0.6,0.0,0.0,0.0,1.0,0.0,237
0.8333333333333334,-0.5380710659898477,0.25,0.5138834935935143,-0.5070422535211268,-0.01075268817204301,0.0,0.0,-0.6666666666666666,0.4,0.0,0.0,0.0,1.0,0.0,346
0.08333333333333333,0.15736040609137064,-0.84375,0.5138834935935143,0.17464788732394365,3.4408602150537635,0.0,0.0,-0.3333333333333333,0.0,0.0,1.0,0.0,0.0,0.0,973
0.5833333333333334,0.8984771573604061,0.15625,0.3951330286481768,0.15211267605633802,0.6666666666666666,0.0,0.0,0.16666666666666666,-0.06666666666666667,1.0,0.0,1.0,0.0,0.0,1847
0.4166666666666667,-0.5685279187817259,-0.75,-1.3691539278131721,-0.1643192488262911,0.12903225806451613,0.0,0.0,-0.8333333333333334,-0.6,1.0,0.0,0.0,1.0,0.0,349
-0.4166666666666667,-1.1979695431472082,-0.59375,0.5138834935935143,0.29107981220657275,-0.01075268817204301,0.0,0.0,1.0,0.7333333333333333,0.0,0.0,0.0,1.0,0.0,262
-0.4166666666666667,0.416243654822335,0.0,-0.14891824053188613,0.29107981220657275,0.23655913978494622,0.0,0.0,0.3333333333333333,0.13333333333333333,1.0,0.0,1.0,0.0,0.0,475
-0.3333333333333333,0.3756345177664974,0.34375,-0.14891824053188613,0.29107981220657275,0.18279569892473116,0.0,0.0,0.5,-0.2,0.0,0.0,0.0,0.0,0.0,2329
-0.5,-0.8883248730964467,-0.71875,1.0902852095090052,0.29107981220657275,-0.01075268817204301,0.0,0.0,-0.6666666666666666,0.3333333333333333,0.0,0.0,0.0,1.0,0.0,159
0.5,-0.6497461928934011,-0.34375,0.7368002283746548,-0.12394366197183099,-0.01075268817204301,0.0,0.0,1.0,-0.6,0.0,0.0,0.0,1.0,0.0,795
-0.5,0.42639593908629436,1.25,-1.3691539278131721,-1.408450704225352,-0.01075268817204301,4.5,0.0,0.0,0.8666666666666667,0.0,0.0,1.0,0.0,0.0,308
-0.16666666666666666,0.918781725888325,0.03125,0.5138834935935143,-0.15211267605633802,2.1612903225806455,0.0,0.0,0.3333333333333333,-0.5333333333333333,0.0,0.0,1.0,0.0,0.0,657
-0.16666666666666666,-0.2741116751269036,-0.1875,-0.6833781561418334,-0.5539906103286385,1.4731182795698923,0.0,0.0,0.8333333333333334,-1.0,0.0,0.0,0.0,0.0,0.0,696
-0.4166666666666667,0.8071065989847716,0.15625,0.2705797236685667,0.06384976525821597,0.24731182795698922,0.0,0.0,0.3333333333333333,-0.8,1.0,0.0,1.0,0.0,0.0,405
-0.25,0.4568527918781726,0.28125,-0.22768379202711048,-1.0187793427230047,1.032258064516129,0.0,0.0,0.0,0.06666666666666667,1.0,0.0,1.0,0.0,0.0,944
-0.08333333333333333,-0.766497461928934,-0.6875,0.3951330286481768,0.11455399061032864,0.9247311827956989,0.0,0.0,-0.8333333333333334,-0.6666666666666666,1.0,0.0,0.0,1.0,0.0,245
0.25,-0.949238578680203,-0.9375,1.5787787158685695,0.22253521126760564,1.129032258064516,0.0,0.0,-0.8333333333333334,0.8666666666666667,0.0,0.0,0.0,1.0,0.0,177
-0.08333333333333333,0.3553299492385787,0.6875,0.13927936789351517,-0.863849765258216,1.3333333333333333,0.0,0.0,0.0,-0.13333333333333333,0.0,0.0,1.0,0.0,0.0,735
0.3333333333333333,0.5939086294416244,0.9375,-0.4861165064064858,-1.0225352112676056,0.9354838709677419,0.0,0.0,0.16666666666666666,-0.9333333333333333,0.0,0.0,1.0,0.0,0.0,839
0.75,-0.21319796954314718,-0.15625,0.0,0.29107981220657275,-0.01075268817204301,0.0,0.0,0.6666666666666666,-0.3333333333333333,0.0,0.0,0.0,0.0,0.0,1398
-0.16666666666666666,0.781725888324873,0.125,0.0,-0.7032863849765258,2.1827956989247315,0.0,0.0,0.16666666666666666,0.13333333333333333,0.0,0.0,1.0,0.0,0.0,722
0.16666666666666666,1.2131979695431472,-0.71875,0.5138834935935143,0.1596244131455399,3.268817204301075,0.0,0.0,0.16666666666666666,0.4,1.0,0.0,1.0,0.0,0.0,565
0.5833333333333334,-0.25888324873096447,-0.125,-0.39575298507290857,0.29107981220657275,-0.01075268817204301,0.0,0.0,0.6666666666666666,1.0,0.0,0.0,0.0,0.0,0.0,1507
-1.0,-0.08629441624365479,0.65625,-0.7926654504863353,-1.1755868544600938,-0.01075268817204301,0.0,0.0,-0.5,0.9333333333333333,0.0,1.0,0.0,0.0,0.0,490
0.08333333333333333,-0.5076142131979695,-1.25,0.9933397872392326,0.26384976525821596,2.3548387096774195,0.0,0.0,-0.6666666666666666,0.0,0.0,0.0,0.0,1.0,-1.0,169
0.5833333333333334,-0.583756345177665,0.75,-0.6833781561418334,0.29107981220657275,-0.01075268817204301,0.0,0.0,-0.5,0.3333333333333333,0.0,1.0,0.0,0.0,0.0,402
-1.0,0.12182741116751271,-0.6875,-1.1921678124288753,0.2863849765258216,-0.01075268817204301,0.0,0.0,-0.3333333333333333,0.4,1.0,1.0,0.0,0.0,0.0,826
0.25,-0.16751269035532998,0.03125,0.3336351996355,-1.0488262910798123,0.30107526881720426,0.0,0.0,0.8333333333333334,-0.3333333333333333,1.0,0.0,0.0,0.0,0.0,832
0.9166666666666666,-0.6649746192893401,-0.625,0.8420508501474621,0.29107981220657275,-0.01075268817204301,0.0,0.0,0.8333333333333334,0.4,0.0,0.0,0.0,0.0,0.0,488
0.6666666666666666,1.015228426395939,-0.21875,0.3951330286481768,0.29107981220657275,0.03225806451612903,0.0,0.0,0.16666666666666666,1.0,0.0,0.0,1.0,0.0,0.0,1772
0.5,0.7563451776649746,0.0,0.5713209318579696,0.29107981220657275,0.8924731182795698,0.0,0.0,0.3333333333333333,1.0,0.0,0.0,1.0,0.0,0.0,2836
-0.5833333333333334,0.3299492385786802,0.71875,-1.1921678124288753,-0.8131455399061033,-0.01075268817204301,0.0,0.0,0.0,0.13333333333333333,0.0,0.0,1.0,0.0,0.0,383
0.5833333333333334,0.19796954314720805,-0.71875,0.455183241303237,-0.8553990610328639,0.16129032258064516,0.0,0.0,-0.3333333333333333,0.2,0.0,1.0,0.0,0.0,0.0,1489
-1.0,0.15736040609137064,0.375,-0.39575298507290857,0.29107981220657275,-0.01075268817204301,0.0,0.0,0.5,0.8666666666666667,1.0,0.0,0.0,0.0,0.0,1037
0.5,0.7309644670050761,-0.15625,0.13927936789351517,0.29107981220657275,0.2043010752688172,0.0,0.0,0.5,-0.9333333333333333,1.0,0.0,0.0,0.0,0.0,2118
0.4166666666666667,1.0761421319796955,-0.1875,0.8933144384752442,0.29107981220657275,1.3010752688172043,0.0,0.0,0.3333333333333333,-0.13333333333333333,0.0,0.0,1.0,0.0,0.0,1306
-0.3333333333333333,-0.83248730964467,0.1875,-0.6833781561418334,-0.28544600938967135,0.10752688172043011,0.0,0.0,-0.6666666666666666,0.6666666666666666,0.0,0.0,0.0,1.0,0.0,786
-0.08333333333333333,-0.5482233502538072,-0.40625,-0.4861165064064858,0.06666666666666667,1.5483870967741935,0.0,0.0,-0.6666666666666666,0.4,0.0,0.0,0.0,1.0,0.0,308
-0.16666666666666666,0.8426395939086295,0.25,-0.22768379202711048,0.29107981220657275,1.1827956989247312,0.0,0.0,0.3333333333333333,-0.6,0.0,0.0,1.0,0.0,0.0,635
-0.9166666666666666,0.4619289340101524,0.875,-1.1921678124288753,-1.2835680751173708,-0.01075268817204301,0.0,0.0,0.0,0.9333333333333333,1.0,0.0,1.0,0.0,0.0,1070
0.5,-0.35025380710659904,0.5,-1.0429616152145371,-1.371830985915493,-0.01075268817204301,0.0,0.0,1.0,0.4666666666666667,1.0,0.0,0.0,1.0,0.0,340
-0.25,-1.1878172588832487,-0.25,-0.5816560227957038,-0.061971830985915494,0.2043010752688172,0.0,0.0,-0.8333333333333334,0.9333333333333333,0.0,0.0,0.0,1.0,0.0,254
-0.4166666666666667,0.7055837563451777,0.125,-0.7926654504863353,0.29107981220657275,0.17204301075268816,0.0,0.0,0.3333333333333333,-0.26666666666666666,1.0,0.0,1.0,0.0,0.0,316
0.5,-0.2487309644670051,-0.0625,0.5713209318579696,0.2516431924882629,0.08602150537634408,0.0,0.0,-0.5,0.2,0.0,1.0,0.0,0.0,0.0,1200
-0.6666666666666666,-0.8934010152284265,-0.9375,-0.7926654504863353,0.29107981220657275,-0.01075268817204301,0.0,0.0,-0.6666666666666666,0.13333333333333333,1.0,0.0,0.0,1.0,0.0,37
-0.3333333333333333,0.416243654822335,0.65625,-1.1921678124288753,0.29107981220657275,0.2150537634408602,0.0,0.0,0.5,-0.06666666666666667,1.0,0.0,0.0,0.0,0.0,829
0.75,-0.1878172588832487,0.53125,0.455183241303237,-1.3812206572769954,-0.01075268817204301,0.0,0.0,-0.5,0.6,1.0,1.0,0.0,0.0,0.0,456
0.08333333333333333,-0.7055837563451777,-1.3125,0.5713209318579696,0.23286384976525823,2.6344086021505375,0.0,0.0,-0.6666666666666666,0.06666666666666667,1.0,0.0,0.0,1.0,-1.0,193
0.3333333333333333,-0.5076142131979695,0.78125,0.0707286024015658,-0.5615023474178403,0.5376344086021505,0.0,3.6,0.8333333333333334,0.5333333333333333,1.0,0.0,0.0,0.0,0.0,436
-0.3333333333333333,0.1624365482233502,0.09375,0.3336351996355,0.29107981220657275,0.2043010752688172,0.0,0.0,0.5,0.6666666666666666,0.0,0.0,0.0,0.0,0.0,598
-0.25,-0.7411167512690355,-0.125,-0.4861165064064858,-0.3586854460093897,0.7634408602150536,0.0,0.0,-0.6666666666666666,0.6666666666666666,0.0,0.0,0.0,1.0,0.0,416
0.6666666666666666,0.015228426395939123,-0.15625,0.0707286024015658,-0.3276995305164319,-0.01075268817204301,0.0,0.0,0.6666666666666666,0.3333333333333333,1.0,0.0,0.0,0.0,0.0,1306
-0.25,-0.44670050761421326,0.09375,-0.4861165064064858,-0.4422535211267606,0.8709677419354838,0.0,0.0,0.8333333333333334,-1.0,0.0,0.0,0.0,0.0,0.0,1011
0.6666666666666666,-0.8274111675126904,-0.5625,0.13927936789351517,0.011267605633802818,-0.01075268817204301,0.0,0.0,-0.8333333333333334,-0.8,0.0,0.0,0.0,1.0,0.0,311
0.25,0.4720812182741117,-1.125,0.3951330286481768,-0.13896713615023473,2.946236559139785,0.0,0.0,-0.3333333333333333,0.6,0.0,1.0,0.0,0.0,0.0,1180
0.4166666666666667,0.7563451776649746,-0.4375,0.3336351996355,0.10892018779342723,2.064516129032258,0.0,0.0,0.0,0.0,1.0,0.0,1.0,0.0,0.0,2383
0.9166666666666666,0.34010152284263956,0.34375,-0.22768379202711048,0.2563380281690141,-0.01075268817204301,0.0,0.0,0.5,0.06666666666666667,0.0,0.0,0.0,0.0,0.0,1293
-0.08333333333333333,-0.6446700507614213,-0.15625,1.6200554445948598,-0.6150234741784038,2.3548387096774195,0.0,0.0,-0.5,-1.0,0.0,1.0,0.0,0.0,-1.0,239
-0.6666666666666666,-0.3401015228426396,0.25,-0.3098055405697065,0.29107981220657275,-0.01075268817204301,0.0,0.0,0.6666666666666666,0.8,1.0,0.0,0.0,0.0,0.0,148
-0.5833333333333334,-0.12182741116751271,0.6875,-1.1921678124288753,-0.5164319248826291,-0.01075268817204301,0.0,0.0,0.6666666666666666,-0.06666666666666667,0.0,0.0,0.0,0.0,0.0,209
0.16666666666666666,-0.8477157360406091,-0.96875,0.9437305196070348,0.22816901408450704,1.1397849462365592,0.0,0.0,1.0,0.06666666666666667,1.0,0.0,0.0,1.0,0.0,268
0.5,-0.4873096446700508,-0.03125,1.365145862684823,-0.644131455399061,0.18279569892473116,0.0,0.0,-0.6666666666666666,0.4,0.0,0.0,0.0,1.0,0.0,730
-0.5,0.45177664974619286,0.25,0.0707286024015658,0.29107981220657275,0.0,0.0,0.0,0.16666666666666666,-0.6666666666666666,0.0,0.0,1.0,0.0,0.0,723
0.0,-0.40609137055837563,-1.15625,-0.07312821817005527,0.28356807511737087,1.978494623655914,0.0,0.0,0.8333333333333334,0.4666666666666667,0.0,0.0,0.0,0.0,0.0,664
-0.08333333333333333,-1.2791878172588833,-0.9375,1.365145862684823,0.2300469483568075,0.9999999999999999,0.0,1.0,-0.8333333333333334,0.4666666666666667,0.0,0.0,0.0,1.0,0.0,184
0.08333333333333333,1.0964467005076144,-0.5625,0.3336351996355,0.29107981220657275,3.698924731182796,0.0,0.0,0.3333333333333333,0.0,0.0,0.0,1.0,0.0,0.0,652
-0.8333333333333334,0.11675126903553304,0.4375,-0.3098055405697065,0.29107981220657275,-0.01075268817204301,0.0,0.0,0.5,0.8666666666666667,1.0,0.0,0.0,0.0,0.0,690
-0.3333333333333333,0.3553299492385787,0.28125,0.13927936789351517,-0.5896713615023474,0.3548387096774194,0.0,0.0,-0.16666666666666666,0.8666666666666667,0.0,1.0,0.0,0.0,0.0,2234
0.0,-0.5989847715736041,-1.15625,0.8933144384752442,0.27511737089201876,2.4408602150537635,0.0,0.0,-0.6666666666666666,-0.06666666666666667,0.0,0.0,0.0,1.0,-1.0,174
-0.25,0.1624365482233502,1.25,0.8420508501474621,-1.0704225352112675,0.04301075268817204,6.0,0.0,0.6666666666666666,-0.6666666666666666,1.0,0.0,0.0,0.0,0.0,5
-0.08333333333333333,-1.2538071065989849,-0.8125,0.5713209318579696,0.23849765258215963,0.9999999999999999,0.0,0.0,-0.8333333333333334,-0.26666666666666666,0.0,0.0,0.0,1.0,0.0,140
-0.5,0.751269035532995,-0.0625,0.0,0.29107981220657275,-0.01075268817204301,0.0,0.0,0.3333333333333333,0.4666666666666667,0.0,0.0,1.0,0.0,0.0,492
-0.5,-1.50253807106599,-0.75,0.8933144384752442,0.29107981220657275,-0.01075268817204301,0.0,0.7,-0.8333333333333334,0.6,0.0,0.0,0.0,1.0,0.0,71
0.3333333333333333,1.0050761421319796,-0.34375,0.9437305196070348,0.21032863849765257,2.6881720430107525,0.0,0.0,0.16666666666666666,0.0,0.0,0.0,1.0,0.0,0.0,818
0.5833333333333334,-0.7614213197969544,0.75,0.2058418822217645,-0.8816901408450705,-0.01075268817204301,0.0,2.2,1.0,0.26666666666666666,0.0,0.0,0.0,1.0,0.0,190
-0.8333333333333334,-0.10152284263959391,0.5625,0.2705797236685667,-1.2122065727699531,-0.01075268817204301,0.0,0.0,-0.5,0.8,0.0,1.0,0.0,0.0,0.0,225
-0.4166666666666667,0.34010152284263956,0.25,-0.07312821817005527,0.29107981220657275,0.16129032258064516,0.0,0.0,0.5,-0.9333333333333333,1.0,0.0,0.0,0.0,0.0,388
0.5833333333333334,-0.949238578680203,-0.75,0.682712243030312,0.29107981220657275,-0.01075268817204301,0.0,0.0,-0.6666666666666666,-0.6,0.0,0.0,0.0,1.0,0.0,280
-0.5,-0.4365482233502538,0.59375,-0.3098055405697065,-0.8356807511737089,-0.01075268817204301,0.0,0.0,0.8333333333333334,-0.06666666666666667,0.0,0.0,0.0,0.0,0.0,357
-0.3333333333333333,-0.15736040609137056,0.1875,-0.7926654504863353,-0.3032863849765258,0.1935483870967742,0.0,0.0,0.6666666666666666,0.0,0.0,0.0,0.0,0.0,0.0,2134
-0.3333333333333333,-0.49238578680203043,-0.03125,0.5713209318579696,0.29107981220657275,0.3333333333333333,0.0,0.0,-0.5,0.0,0.0,1.0,0.0,0.0,0.0,1176
-0.5,-0.6903553299492385,0.09375,-1.0429616152145371,-0.5727699530516432,-0.01075268817204301,0.0,0.0,-0.8333333333333334,0.26666666666666666,1.0,0.0,0.0,1.0,0.0,50
0.0,1.0253807106598987,-0.125,0.2705797236685667,-0.6572769953051644,2.67741935483871,0.0,0.0,0.16666666666666666,0.7333333333333333,0.0,0.0,1.0,0.0,0.0,714
0.8333333333333334,-0.35025380710659904,-0.1875,0.2058418822217645,0.29107981220657275,-0.01075268817204301,0.0,0.0,0.6666666666666666,0.7333333333333333,1.0,0.0,0.0,0.0,0.0,752
0.6666666666666666,0.4720812182741117,-0.375,0.3336351996355,0.29107981220657275,-0.01075268817204301,0.0,0.0,0.5,-0.5333333333333333,1.0,0.0,0.0,0.0,0.0,1944
0.4166666666666667,1.0558375634517765,-0.40625,0.3951330286481768,0.013145539906103286,2.0,0.0,0.0,0.16666666666666666,0.26666666666666666,0.0,0.0,1.0,0.0,0.0,1468
-0.75,-0.969543147208122,-0.03125,-0.39575298507290857,-0.3032863849765258,-0.01075268817204301,0.0,0.0,-0.8333333333333334,-0.6666666666666666,1.0,0.0,0.0,1.0,0.0,103
0.8333333333333334,0.12690355329949238,0.875,0.3336351996355,-1.2028169014084507,-0.01075268817204301,0.0,0.0,-0.3333333333333333,-0.8666666666666667,0.0,1.0,0.0,0.0,0.0,1030
0.5833333333333334,-0.5380710659898477,-0.96875,-0.3098055405697065,0.29107981220657275,-0.01075268817204301,0.0,0.0,0.8333333333333334,0.4666666666666667,0.0,0.0,0.0,0.0,0.0,1007
-0.5833333333333334,0.4619289340101524,1.25,-2.15665183283064,-0.28826291079812205,-0.01075268817204301,0.0,0.0,0.16666666666666666,-0.8666666666666667,0.0,0.0,1.0,0.0,0.0,224
0.08333333333333333,-0.29441624365482233,0.34375,-0.39575298507290857,-1.3530516431924882,0.6129032258064515,0.0,0.0,1.0,0.4666666666666667,1.0,0.0,0.0,1.0,0.0,423
-0.08333333333333333,0.583756345177665,-0.28125,0.0,0.27793427230046946,3.1612903225806455,0.0,0.0,0.16666666666666666,-0.6,1.0,0.0,1.0,0.0,0.0,1129
-0.6666666666666666,-0.5329949238578681,0.34375,-0.91150831659757,-1.2845070422535212,-0.01075268817204301,0.0,0.0,-0.8333333333333334,0.06666666666666667,0.0,0.0,0.0,1.0,0.0,55
-0.5,-0.5989847715736041,1.1875,-0.6833781561418334,-1.380281690140845,-0.01075268817204301,0.0,2.5,0.8333333333333334,0.6,1.0,0.0,0.0,0.0,0.0,75
0.8333333333333334,0.2588832487309645,0.15625,-0.7926654504863353,0.29107981220657275,-0.01075268817204301,0.0,0.0,0.5,0.4,1.0,0.0,0.0,0.0,0.0,1430
-0.5,0.05583756345177664,-0.46875,-0.91150831659757,0.29107981220657275,-0.01075268817204301,0.0,0.0,-0.3333333333333333,0.4,1.0,1.0,0.0,0.0,0.0,155
0.4166666666666667,0.8781725888324874,-0.15625,0.5138834935935143,0.24694835680751173,1.5913978494623655,0.0,0.0,0.3333333333333333,0.3333333333333333,0.0,0.0,1.0,0.0,0.0,1663
-0.16666666666666666,0.2741116751269035,0.28125,0.3336351996355,-0.36807511737089205,0.9032258064516128,0.0,0.0,-0.3333333333333333,-0.8666666666666667,0.0,1.0,0.0,0.0,0.0,664
-0.75,0.09644670050761424,0.4375,-0.91150831659757,-0.8544600938967136,-0.01075268817204301,0.0,0.0,-0.16666666666666666,0.6,0.0,1.0,0.0,0.0,0.0,286
0.5833333333333334,0.015228426395939123,-0.78125,1.0902852095090052,0.28356807511737087,0.26881720430107525,0.0,0.0,-0.3333333333333333,0.0,0.0,1.0,0.0,0.0,0.0,1719
-0.5,0.6954314720812182,0.875,-1.5998067240225886,-0.927699530516432,0.01075268817204301,0.0,0.0,0.16666666666666666,0.7333333333333333,0.0,0.0,1.0,0.0,0.0,647
0.4166666666666667,-0.29949238578680204,-1.0625,0.8420508501474621,-0.011267605633802818,0.25806451612903225,0.0,0.0,0.8333333333333334,0.8,0.0,0.0,0.0,0.0,0.0,1099
0.25,-0.07614213197969544,-0.625,-0.5816560227957038,-0.7615023474178404,1.1612903225806452,0.0,0.0,-0.5,0.13333333333333333,1.0,1.0,0.0,0.0,0.0,1128
-0.5833333333333334,-0.16751269035532998,0.71875,-0.5816560227957038,-1.2431924882629108,-0.01075268817204301,0.0,0.0,-0.5,0.8,0.0,1.0,0.0,0.0,0.0,107
-0.8333333333333334,0.2741116751269035,-0.15625,-0.3098055405697065,0.29107981220657275,-0.01075268817204301,0.0,0.0,0.5,-0.3333333333333333,0.0,0.0,0.0,0.0,0.0,435
0.25,0.3959390862944163,-1.03125,0.0,0.13333333333333333,2.043010752688172,0.0,0.0,0.6666666666666666,0.26666666666666666,1.0,0.0,0.0,0.0,0.0,1760
0.16666666666666666,0.6852791878172589,-0.15625,0.3951330286481768,0.29107981220657275,2.6881720430107525,0.0,0.0,0.16666666666666666,-0.6666666666666666,0.0,0.0,1.0,0.0,0.0,1209
-0.25,-0.36040609137055835,-0.125,-0.6833781561418334,-0.19154929577464788,0.2150537634408602,0.0,0.0,0.8333333333333334,0.3333333333333333,0.0,0.0,0.0,0.0,0.0,867
-0.16666666666666666,0.30456852791878175,-0.09375,-0.3098055405697065,-1.1633802816901408,2.010752688172043,0.0,0.0,-0.3333333333333333,0.9333333333333333,0.0,1.0,0.0,0.0,0.0,742
0.8333333333333334,-0.18274111675126903,-0.21875,-1.5998067240225886,0.29107981220657275,-0.01075268817204301,0.0,0.0,0.6666666666666666,0.06666666666666667,0.0,0.0,0.0,0.0,0.0,1278
-0.75,0.7055837563451777,0.5,-0.7926654504863353,0.19061032863849764,-0.01075268817204301,0.0,0.0,0.16666666666666666,0.8666666666666667,1.0,0.0,1.0,0.0,0.0,403
-0.9166666666666666,-0.06598984771573609,0.71875,-0.07312821817005527,-0.38215962441314555,-0.01075268817204301,0.0,0.0,0.6666666666666666,-0.06666666666666667,0.0,0.0,0.0,0.0,0.0,393
0.16666666666666666,-0.3147208121827411,-0.59375,1.0902852095090052,0.28826291079812205,1.7096774193548387,0.0,0.0,-0.5,0.26666666666666666,0.0,1.0,0.0,0.0,0.0,478
-0.5833333333333334,-0.34517766497461927,0.75,-0.3098055405697065,-0.20938967136150236,-0.01075268817204301,0.0,0.0,0.6666666666666666,-0.2,1.0,0.0,0.0,0.0,0.0,148
-0.8333333333333334,0.8223350253807107,-0.125,-0.07312821817005527,-0.007511737089201878,-0.01075268817204301,0.0,0.0,0.16666666666666666,0.4666666666666667,0.0,0.0,1.0,0.0,0.0,382
0.6666666666666666,0.5431472081218274,0.96875,-0.5816560227957038,-0.38873239436619716,0.05376344086021505,0.0,0.0,0.0,0.9333333333333333,1.0,0.0,1.0,0.0,0.0,778
-1.0,-0.5329949238578681,0.09375,-0.91150831659757,-0.7962441314553991,-0.01075268817204301,0.0,0.0,-0.8333333333333334,-0.06666666666666667,0.0,0.0,0.0,1.0,0.0,171
-0.08333333333333333,0.4720812182741117,0.28125,0.7368002283746548,-0.39436619718309857,2.956989247311828,0.0,0.0,-0.16666666666666666,0.9333333333333333,0.0,1.0,0.0,0.0,0.0,975
0.75,-0.6751269035532995,-0.0625,0.6275737112096174,0.23661971830985915,-0.01075268817204301,0.0,0.0,-0.6666666666666666,0.6,1.0,0.0,0.0,1.0,0.0,239
-0.6666666666666666,-0.37055837563451777,0.0625,-0.5816560227957038,-1.123943661971831,-0.01075268817204301,0.0,0.0,-0.5,-0.2,0.0,1.0,0.0,0.0,0.0,88
0.8333333333333334,0.46700507614213194,0.625,0.3336351996355,-0.5549295774647888,-0.01075268817204301,0.0,0.0,0.0,0.7333333333333333,0.0,0.0,1.0,0.0,0.0,1959
-0.4166666666666667,-0.6903553299492385,1.25,-0.91150831659757,-1.4187793427230047,-0.01075268817204301,0.0,3.8,-0.6666666666666666,0.4666666666666667,0.0,0.0,0.0,1.0,0.0,174
-0.08333333333333333,1.0456852791878173,-0.53125,0.0,0.24131455399061033,3.0,0.0,0.0,0.16666666666666666,1.0,0.0,0.0,1.0,0.0,0.0,583
0.0,0.5939086294416244,-0.65625,0.5713209318579696,0.2863849765258216,3.1397849462365595,0.0,0.0,0.5,-0.5333333333333333,1.0,0.0,0.0,0.0,0.0,1273
-0.16666666666666666,-0.6598984771573604,1.0625,-1.0429616152145371,-1.452582159624413,-0.01075268817204301,0.0,4.3,1.0,-0.4,1.0,0.0,0.0,1.0,0.0,19
-0.5833333333333334,-1.4263959390862946,-0.375,-0.3098055405697065,0.29107981220657275,-0.01075268817204301,0.0,0.0,-0.8333333333333334,-0.26666666666666666,0.0,0.0,0.0,1.0,0.0,35
-0.25,-0.7157360406091371,-0.4375,-0.91150831659757,-0.08826291079812207,0.5483870967741935,0.0,0.0,-0.6666666666666666,0.2,0.0,0.0,0.0,1.0,0.0,347
0.4166666666666667,1.030456852791878,-0.625,0.455183241303237,0.29107981220657275,1.8602150537634408,0.0,0.0,0.3333333333333333,0.0,0.0,0.0,1.0,0.0,0.0,1384
0.5833333333333334,0.3502538071065989,1.15625,-0.3098055405697065,0.07417840375586854,0.13978494623655913,0.5,0.0,0.16666666666666666,-0.4666666666666667,0.0,0.0,1.0,0.0,0.0,68
0.0,-0.8629441624365483,-0.96875,0.6275737112096174,0.061971830985915494,1.1397849462365592,0.0,0.0,-0.8333333333333334,0.8,1.0,0.0,0.0,1.0,0.0,189
0.5833333333333334,-0.7715736040609137,-0.375,1.0421797791354965,-0.29577464788732394,0.0,0.0,0.0,-0.5,-1.0,0.0,1.0,0.0,0.0,-1.0,231
-0.9166666666666666,-0.7106598984771574,0.8125,-0.6833781561418334,-1.3577464788732394,-0.01075268817204301,0.0,0.0,1.0,0.9333333333333333,1.0,0.0,0.0,1.0,0.0,234
0.6666666666666666,-0.4568527918781726,0.03125,-0.5816560227957038,-1.2272300469483568,-0.01075268817204301,0.0,0.0,-0.8333333333333334,0.0,0.0,0.0,0.0,1.0,0.0,332
-0.4166666666666667,-0.04568527918781728,0.875,-1.0429616152145371,-1.3126760563380282,0.23655913978494622,0.0,0.0,-0.16666666666666666,-0.13333333333333333,0.0,1.0,0.0,0.0,0.0,1251
0.16666666666666666,1.0050761421319796,-0.0625,1.6608858990800979,0.21690140845070421,3.268817204301075,0.0,0.0,0.3333333333333333,-0.7333333333333333,1.0,0.0,1.0,0.0,0.0,639
0.8333333333333334,0.6802030456852791,0.65625,-0.7926654504863353,0.10892018779342723,-0.01075268817204301,0.0,0.0,0.16666666666666666,-0.8666666666666667,0.0,0.0,1.0,0.0,0.0,1948
-0.8333333333333334,-0.9898477157360407,0.03125,0.3336351996355,0.29107981220657275,-0.01075268817204301,0.0,0.0,-0.6666666666666666,-0.2,0.0,0.0,0.0,1.0,0.0,106
-0.25,0.8883248730964467,-0.0625,0.0,0.23943661971830985,1.21505376344086,0.0,0.0,0.16666666666666666,0.4666666666666667,0.0,0.0,1.0,0.0,0.0,985
0.5,-0.4771573604060914,-0.4375,1.137688257706579,0.29107981220657275,0.2150537634408602,0.0,0.0,-0.5,0.26666666666666666,0.0,1.0,0.0,0.0,0.0,1111
-0.25,0.025380710659898477,-0.09375,0.0,-0.5971830985915493,1.4623655913978495,0.0,0.0,-0.3333333333333333,0.6666666666666666,0.0,1.0,0.0,0.0,0.0,1027
-0.5833333333333334,-1.0050761421319798,-0.1875,-0.5816560227957038,0.29107981220657275,-0.01075268817204301,0.0,0.0,-0.8333333333333334,-0.2,1.0,0.0,0.0,1.0,0.0,40
-1.0,-0.29949238578680204,0.96875,0.6275737112096174,0.26666666666666666,-0.01075268817204301,9.0,0.0,-0.5,-0.7333333333333333,0.0,1.0,0.0,0.0,0.0,22
0.5,1.0609137055837563,-0.125,1.0421797791354965,-0.03755868544600939,0.8494623655913979,0.0,0.0,0.3333333333333333,-0.8666666666666667,0.0,0.0,1.0,0.0,0.0,1920
0.75,-0.27918781725888325,-0.3125,1.0421797791354965,0.29107981220657275,-0.01075268817204301,0.0,0.0,-0.5,0.2,0.0,1.0,0.0,0.0,0.0,731
-0.9166666666666666,-1.1827411167512691,-0.28125,-0.5816560227957038,0.29107981220657275,-0.01075268817204301,0.0,0.0,1.0,-0.13333333333333333,0.0,0.0,0.0,1.0,0.0,170
-0.25,-0.5583756345177665,-0.53125,0.2705797236685667,0.29107981220657275,0.4301075268817204,0.0,0.0,-0.5,0.3333333333333333,0.0,1.0,0.0,0.0,0.0,614
-0.9166666666666666,-0.6446700507614213,0.3125,-0.5816560227957038,0.29107981220657275,-0.01075268817204301,0.0,0.0,-0.5,-0.6666666666666666,0.0,1.0,0.0,0.0,0.0,188
0.75,0.802030456852792,0.1875,0.9437305196070348,-0.012206572769953052,-0.01075268817204301,0.0,0.0,0.3333333333333333,0.26666666666666666,0.0,0.0,1.0,0.0,0.0,1971
-0.75,-0.5939086294416244,0.0625,-0.6833781561418334,0.29107981220657275,-0.01075268817204301,0.0,0.0,-0.5,0.06666666666666667,1.0,1.0,0.0,0.0,0.0,157
0.6666666666666666,0.6903553299492386,0.3125,0.8420508501474621,0.2431924882629108,0.05376344086021505,0.0,0.0,0.16666666666666666,-0.8,0.0,0.0,1.0,0.0,0.0,2415
0.9166666666666666,-0.5939086294416244,1.21875,-0.22768379202711048,-0.8873239436619719,-0.01075268817204301,0.0,0.0,-0.6666666666666666,0.8,0.0,0.0,0.0,1.0,0.0,23
0.4166666666666667,0.36040609137055846,-0.5625,2.0103953964905297,0.29107981220657275,0.7849462365591398,0.0,0.0,-0.3333333333333333,-0.4,0.0,1.0,0.0,0.0,0.0,1004
-0.8333333333333334,0.11167512690355327,0.96875,-1.0429616152145371,0.29107981220657275,-0.01075268817204301,0.0,0.0,0.6666666666666666,-0.6,1.0,0.0,0.0,0.0,0.0,538
-0.4166666666666667,0.284263959390863,1.28125,-1.1921678124288753,-1.4694835680751173,-0.01075268817204301,0.0,0.0,-0.16666666666666666,0.06666666666666667,0.0,1.0,0.0,0.0,0.0,80
0.0,-1.0558375634517767,-1.0625,1.2759719533904954,0.2,1.247311827956989,0.0,0.0,-0.8333333333333334,0.8666666666666667,0.0,0.0,0.0,1.0,0.0,186
-0.16666666666666666,0.6852791878172589,-0.625,-0.22768379202711048,0.25539906103286386,2.4838709677419355,0.0,0.0,0.3333333333333333,0.13333333333333333,1.0,0.0,1.0,0.0,0.0,769
-1.0,-0.25888324873096447,0.90625,0.455183241303237,0.29107981220657275,-0.01075268817204301,0.0,0.0,-0.5,0.0,0.0,1.0,0.0,0.0,0.0,287
0.08333333333333333,0.005076142131979678,-0.78125,0.2058418822217645,0.11643192488262911,2.3763440860215055,0.0,0.0,0.8333333333333334,-1.0,0.0,0.0,0.0,0.0,0.0,968
-0.9166666666666666,0.13197969543147217,-0.125,-0.07312821817005527,0.29107981220657275,-0.01075268817204301,0.0,0.0,0.5,0.7333333333333333,0.0,0.0,0.0,0.0,0.0,488
-0.75,0.5583756345177665,0.9375,1.4948257357364156,0.27699530516431925,-0.01075268817204301,0.0,0.0,0.3333333333333333,0.8666666666666667,0.0,0.0,1.0,0.0,0.0,171
0.0,0.07106598984771575,-0.53125,-0.3098055405697065,-0.37746478873239436,2.2043010752688175,0.0,0.0,0.8333333333333334,-0.9333333333333333,0.0,0.0,0.0,0.0,0.0,1023
0.3333333333333333,-0.7766497461928935,-0.8125,0.9437305196070348,0.28450704225352114,0.5913978494623656,0.0,2.0,1.0,0.2,0.0,0.0,0.0,1.0,0.0,211
0.6666666666666666,0.883248730964467,-0.1875,0.455183241303237,0.29107981220657275,0.06451612903225806,0.0,0.0,0.16666666666666666,0.26666666666666666,0.0,0.0,1.0,0.0,0.0,1888
0.0,-1.2588832487309645,-0.9375,1.2305047302068106,0.24882629107981222,1.258064516129032,0.0,1.0,-0.8333333333333334,0.4666666666666667,0.0,0.0,0.0,1.0,0.0,180
-0.4166666666666667,0.0812182741116751,1.25,-0.91150831659757,-1.2948356807511736,0.021505376344086016,2.5,0.0,-0.16666666666666666,-0.6666666666666666,1.0,1.0,0.0,0.0,0.0,16
-0.9166666666666666,-0.8578680203045684,0.59375,0.8420508501474621,-1.0403755868544602,-0.01075268817204301,0.0,0.0,1.0,0.0,1.0,0.0,0.0,1.0,0.0,302
0.8333333333333334,0.583756345177665,0.0,-0.39575298507290857,0.29107981220657275,-0.01075268817204301,0.0,0.0,0.16666666666666666,-0.5333333333333333,1.0,0.0,1.0,0.0,0.0,1717
0.3333333333333333,0.5634517766497463,-0.875,1.365145862684823,0.27981220657276995,1.8494623655913978,0.0,0.0,0.5,0.4666666666666667,1.0,0.0,0.0,0.0,-1.0,1502
0.0,0.27918781725888325,1.0625,0.13927936789351517,-0.6807511737089202,0.7096774193548387,0.5,0.0,0.5,0.26666666666666666,0.0,0.0,0.0,0.0,0.0,180
0.08333333333333333,0.7411167512690356,0.3125,-0.3098055405697065,0.07699530516431925,1.5268817204301073,0.0,0.0,0.16666666666666666,-0.7333333333333333,0.0,0.0,1.0,0.0,0.0,929
0.0,0.10152284263959391,-0.3125,1.0421797791354965,-0.36338028169014086,2.6129032258064515,0.0,0.0,-0.5,-0.2,0.0,1.0,0.0,0.0,0.0,626
0.8333333333333334,-0.7309644670050762,0.8125,0.0,-0.29107981220657275,-0.01075268817204301,0.0,0.0,1.0,-1.0,0.0,0.0,0.0,1.0,0.0,398
-0.8333333333333334,-0.7614213197969544,-0.34375,-0.3098055405697065,0.05070422535211268,-0.01075268817204301,0.0,0.0,-0.6666666666666666,0.6,1.0,0.0,0.0,1.0,0.0,124
0.75,-1.0050761421319798,-0.28125,0.455183241303237,0.25821596244131456,-0.01075268817204301,0.0,0.0,-0.6666666666666666,-0.6,0.0,0.0,0.0,1.0,0.0,223
-0.5,-0.7411167512690355,0.75,-0.39575298507290857,-1.3492957746478873,-0.01075268817204301,0.0,0.0,1.0,0.9333333333333333,1.0,0.0,0.0,1.0,0.0,62
-0.16666666666666666,0.8477157360406091,-0.15625,0.2058418822217645,0.29107981220657275,0.989247311827957,0.0,0.0,0.3333333333333333,0.4666666666666667,0.0,0.0,1.0,0.0,0.0,551
-0.4166666666666667,-0.44670050761421326,0.78125,-0.14891824053188613,-1.4009389671361503,0.01075268817204301,0.0,0.0,-0.5,0.6,1.0,1.0,0.0,0.0,0.0,137
-0.3333333333333333,-1.4923857868020305,0.03125,-0.4861165064064858,-0.30140845070422534,-0.01075268817204301,0.0,0.3,-0.8333333333333334,0.7333333333333333,1.0,0.0,0.0,1.0,0.0,84
-0.5,0.1421319796954315,0.15625,0.3951330286481768,0.29107981220657275,-0.01075268817204301,0.0,0.0,0.5,0.6666666666666666,0.0,0.0,0.0,0.0,0.0,230
0.6666666666666666,0.0203045685279188,0.625,0.0,-0.6384976525821596,-0.01075268817204301,0.0,0.0,-0.5,-0.2,0.0,1.0,0.0,0.0,0.0,986
-0.16666666666666666,0.20304568527918782,0.1875,-0.7926654504863353,0.21220657276995306,1.021505376344086,0.0,0.0,-0.16666666666666666,-0.6,0.0,1.0,0.0,0.0,0.0,895
0.75,-0.28426395939086296,-0.03125,-0.07312821817005527,0.2676056338028169,-0.01075268817204301,0.0,0.0,-0.5,-0.6,0.0,1.0,0.0,0.0,0.0,411
-0.6666666666666666,-1.116751269035533,0.5,-0.39575298507290857,0.030985915492957747,-0.01075268817204301,0.0,2.0,1.0,0.26666666666666666,0.0,0.0,0.0,1.0,0.0,38
-0.75,0.4619289340101524,0.28125,0.0,0.29107981220657275,-0.01075268817204301,0.0,0.0,0.16666666666666666,-0.6666666666666666,0.0,0.0,1.0,0.0,0.0,403
-0.4166666666666667,0.07614213197969544,0.21875,-0.7926654504863353,-0.739906103286385,0.48387096774193544,0.0,0.0,-0.16666666666666666,0.6666666666666666,1.0,1.0,0.0,0.0,0.0,503
-0.8333333333333334,0.11167512690355327,0.53125,-0.39575298507290857,-0.3539906103286385,-0.01075268817204301,0.0,0.0,-0.16666666666666666,0.4,0.0,1.0,0.0,0.0,-1.0,590
0.8333333333333334,-0.8984771573604061,-0.28125,-0.39575298507290857,0.29107981220657275,-0.01075268817204301,0.0,1.6,-0.8333333333333334,1.0,0.0,0.0,0.0,1.0,0.0,188
-0.5,-0.2284263959390863,0.0,0.13927936789351517,0.2,-0.01075268817204301,0.0,0.0,-0.16666666666666666,-0.8,0.0,1.0,0.0,0.0,0.0,521
0.5,-1.0761421319796953,-0.65625,-0.39575298507290857,0.29107981220657275,-0.01075268817204301,0.0,0.0,1.0,-0.26666666666666666,0.0,0.0,0.0,1.0,0.0,529
0.8333333333333334,0.40609137055837563,-0.0625,0.2058418822217645,0.29107981220657275,-0.01075268817204301,0.0,0.0,0.0,-0.4,1.0,0.0,1.0,0.0,0.0,1634
0.0,0.5177664974619289,-0.40625,-0.14891824053188613,-0.061971830985915494,3.4301075268817205,0.0,0.0,-0.16666666666666666,1.0,0.0,1.0,0.0,0.0,0.0,1134
0.4166666666666667,0.7411167512690356,-0.25,0.9933397872392326,-0.5380281690140845,1.7311827956989247,0.0,0.0,0.0,0.4666666666666667,1.0,0.0,1.0,0.0,0.0,2101
-0.25,0.0812182741116751,-0.03125,0.13927936789351517,-1.123943661971831,1.6774193548387097,0.0,0.0,-0.3333333333333333,0.8,1.0,1.0,0.0,0.0,0.0,795
0.6666666666666666,0.7563451776649746,0.375,0.0,0.29107981220657275,0.0,0.0,0.0,0.3333333333333333,-0.06666666666666667,0.0,0.0,1.0,0.0,-1.0,1500
0.08333333333333333,-0.1472081218274112,-0.4375,-0.14891824053188613,-0.9248826291079812,1.1397849462365592,0.0,0.0,-0.5,0.13333333333333333,1.0,1.0,0.0,0.0,0.0,881
-1.0,-1.4467005076142132,-0.46875,-0.22768379202711048,0.07136150234741784,-0.01075268817204301,0.0,0.3,-0.8333333333333334,0.7333333333333333,1.0,0.0,0.0,1.0,0.0,80
0.3333333333333333,0.2690355329949239,-0.78125,-0.07312821817005527,0.02535211267605634,1.1612903225806452,0.0,0.0,0.8333333333333334,-0.9333333333333333,0.0,0.0,0.0,0.0,0.0,1424
-0.25,0.9035532994923858,0.03125,0.2705797236685667,-0.0863849765258216,1.3225806451612903,0.0,0.0,0.3333333333333333,-0.8,1.0,0.0,1.0,0.0,0.0,598
0.75,-0.7715736040609137,-0.1875,0.13927936789351517,0.29107981220657275,-0.01075268817204301,0.0,0.0,1.0,0.6,0.0,0.0,0.0,1.0,-1.0,185
-0.4166666666666667,0.23350253807106608,0.0625,-0.7926654504863353,-0.8460093896713615,0.49462365591397844,0.0,0.0,0.0,-0.9333333333333333,1.0,0.0,1.0,0.0,0.0,560
-0.9166666666666666,0.15736040609137064,-0.125,0.13927936789351517,0.29107981220657275,-0.01075268817204301,0.0,0.0,0.5,0.6666666666666666,0.0,0.0,0.0,0.0,0.0,594
-0.5,0.284263959390863,0.5625,-1.0429616152145371,-0.6112676056338028,0.07526881720430108,0.0,0.0,0.0,0.2,0.0,0.0,1.0,0.0,0.0,746
0.8333333333333334,-1.0101522842639594,-0.65625,-0.14891824053188613,0.29107981220657275,-0.01075268817204301,0.0,0.0,1.0,0.7333333333333333,0.0,0.0,0.0,1.0,0.0,243
-0.6666666666666666,-0.6192893401015228,-0.28125,-0.91150831659757,0.29107981220657275,-0.01075268817204301,0.0,0.0,0.8333333333333334,0.26666666666666666,0.0,0.0,0.0,0.0,0.0,119
-0.3333333333333333,0.8172588832487311,0.5625,-1.0429616152145371,-0.8835680751173709,0.6989247311827956,0.0,0.0,0.16666666666666666,0.8,1.0,0.0,1.0,0.0,0.0,606
0.0,0.299492385786802,-1.15625,-0.3098055405697065,-0.02535211267605634,3.3010752688172045,0.0,0.0,-0.3333333333333333,0.6,0.0,1.0,0.0,0.0,0.0,1192
0.3333333333333333,1.081218274111675,-0.3125,0.455183241303237,0.13990610328638498,1.4086021505376345,0.0,0.0,0.16666666666666666,0.4666666666666667,0.0,0.0,1.0,0.0,0.0,960
0.16666666666666666,0.22335025380710655,-0.46875,-0.14891824053188613,0.27323943661971833,3.2580645161290325,0.0,0.0,-0.3333333333333333,-0.8,0.0,1.0,0.0,0.0,0.0,1096
-0.25,-0.30456852791878175,-0.125,0.0707286024015658,0.27323943661971833,1.075268817204301,0.0,0.0,0.6666666666666666,0.8666666666666667,0.0,0.0,0.0,0.0,0.0,1021
-0.75,0.36040609137055846,1.0625,-0.5816560227957038,-1.4046948356807512,-0.01075268817204301,0.0,0.0,0.0,0.5333333333333333,1.0,0.0,1.0,0.0,0.0,644
-1.0,-0.4974619289340102,-0.28125,0.0707286024015658,0.29107981220657275,-0.01075268817204301,0.0,0.0,-0.5,0.06666666666666667,1.0,1.0,0.0,0.0,0.0,414
-1.0,-0.1624365482233502,0.3125,0.0,0.29107981220657275,-0.01075268817204301,0.0,0.0,0.6666666666666666,0.2,0.0,0.0,0.0,0.0,0.0,783
0.08333333333333333,0.781725888324873,0.34375,0.7898955205469734,0.2291079812206573,1.6559139784946235,0.0,0.0,0.16666666666666666,-0.2,0.0,0.0,1.0,0.0,0.0,1046
0.3333333333333333,0.5076142131979695,-0.03125,0.5138834935935143,0.29107981220657275,0.5268817204301075,0.1,0.0,0.3333333333333333,0.6666666666666666,1.0,0.0,1.0,0.0,0.0,1025
-0.16666666666666666,0.2944162436548224,-0.9375,-0.07312821817005527,0.29107981220657275,2.817204301075269,0.0,0.0,-0.16666666666666666,0.3333333333333333,0.0,1.0,0.0,0.0,0.0,962
-0.6666666666666666,0.23350253807106608,1.28125,0.13927936789351517,-1.3774647887323943,-0.01075268817204301,1.0,0.0,-0.16666666666666666,0.13333333333333333,0.0,1.0,0.0,0.0,0.0,22
-1.0,-0.583756345177665,1.21875,-0.14891824053188613,0.19154929577464788,-0.01075268817204301,2.0,0.0,-0.5,-1.0,0.0,1.0,0.0,0.0,-1.0,71
0.08333333333333333,-0.42131979695431476,0.03125,0.6275737112096174,-1.1784037558685445,0.8602150537634409,0.0,0.0,1.0,0.8666666666666667,0.0,0.0,0.0,1.0,0.0,370
-0.16666666666666666,-0.48223350253807107,0.59375,-0.14891824053188613,-1.207511737089202,0.989247311827957,0.0,2.4,0.8333333333333334,0.6,1.0,0.0,0.0,0.0,0.0,430
-0.75,-0.36040609137055835,0.3125,-0.07312821817005527,-0.020657276995305163,-0.01075268817204301,0.0,0.0,-0.3333333333333333,0.0,0.0,1.0,0.0,0.0,0.0,107
-0.08333333333333333,0.5989847715736041,-0.40625,-0.22768379202711048,0.24225352112676057,2.7741935483870965,0.0,0.0,0.5,-0.4,0.0,0.0,0.0,0.0,0.0,934
-0.75,0.10152284263959391,-1.78125,-0.6833781561418334,-0.2535211267605634,-0.01075268817204301,0.0,0.0,-0.16666666666666666,0.4,0.0,1.0,0.0,0.0,-1.0,406
-0.5833333333333334,-0.0406091370558376,0.8125,-0.5816560227957038,-1.2187793427230047,-0.01075268817204301,0.0,0.0,-0.5,0.8666666666666667,0.0,1.0,0.0,0.0,0.0,106
-0.9166666666666666,-0.07106598984771575,-0.09375,-0.14891824053188613,0.12206572769953052,-0.01075268817204301,0.0,0.0,-0.16666666666666666,-0.7333333333333333,1.0,1.0,0.0,0.0,0.0,716
0.75,0.5076142131979695,1.15625,1.6200554445948598,-1.3737089201877934,-0.01075268817204301,1.5,0.0,0.0,0.6666666666666666,0.0,0.0,1.0,0.0,0.0,275
-0.25,-0.17258883248730966,0.46875,-0.3098055405697065,-0.9032863849765258,0.9569892473118279,0.0,0.0,0.6666666666666666,0.5333333333333333,0.0,0.0,0.0,0.0,0.0,1151
-0.3333333333333333,0.030456852791878156,-0.59375,-0.39575298507290857,0.29107981220657275,0.7634408602150536,0.0,0.0,-0.16666666666666666,0.26666666666666666,1.0,1.0,0.0,0.0,0.0,524
0.8333333333333334,-0.16751269035532998,-0.25,0.13927936789351517,0.2647887323943662,-0.01075268817204301,0.0,0.0,-0.5,-0.8666666666666667,1.0,1.0,0.0,0.0,0.0,516
0.4166666666666667,0.6802030456852791,0.09375,0.7898955205469734,0.29107981220657275,0.8172043010752688,0.0,0.0,0.3333333333333333,0.6,1.0,0.0,1.0,0.0,0.0,1797
0.3333333333333333,-0.15736040609137056,-0.65625,0.9933397872392326,0.2563380281690141,1.086021505376344,0.0,0.0,-0.5,-0.6,0.0,1.0,0.0,0.0,0.0,646
-0.5,0.34010152284263956,0.9375,0.3336351996355,-1.3474178403755868,0.0,0.0,0.0,0.0,0.5333333333333333,1.0,0.0,1.0,0.0,0.0,258
0.4166666666666667,-0.41116751269035534,0.125,-0.14891824053188613,-0.9380281690140845,0.07526881720430108,0.0,0.0,1.0,0.4,0.0,0.0,0.0,1.0,-1.0,477
0.5,-0.4365482233502538,0.1875,-0.7926654504863353,-0.9511737089201878,-0.01075268817204301,0.0,0.0,1.0,0.4,0.0,0.0,0.0,1.0,-1.0,671
0.4166666666666667,0.8426395939086295,0.25,0.2058418822217645,0.2187793427230047,1.4516129032258065,0.0,0.0,0.16666666666666666,-0.2,0.0,0.0,1.0,0.0,0.0,1782
0.5833333333333334,0.6040609137055837,-0.21875,-0.7926654504863353,0.29107981220657275,0.06451612903225806,0.0,0.0,0.5,-0.26666666666666666,0.0,0.0,0.0,0.0,0.0,2443
-0.25,0.24873096446700502,0.0625,-0.39575298507290857,0.24507042253521127,0.9139784946236559,0.0,0.0,0.5,0.4666666666666667,1.0,0.0,0.0,0.0,-1.0,534
-0.5833333333333334,0.1421319796954315,0.3125,-0.5816560227957038,0.29107981220657275,-0.01075268817204301,0.0,0.0,0.5,0.4666666666666667,1.0,0.0,0.0,0.0,-1.0,106
0.25,0.6192893401015228,0.75,-0.6833781561418334,0.1267605633802817,0.4516129032258064,0.0,0.0,0.5,-0.8666666666666667,0.0,0.0,0.0,0.0,0.0,137
0.0,-0.6395939086294417,-0.875,0.2705797236685667,0.06666666666666667,0.9354838709677419,0.0,0.0,-0.8333333333333334,-0.9333333333333333,0.0,0.0,0.0,1.0,0.0,293
-0.4166666666666667,0.3553299492385787,0.375,-0.07312821817005527,0.29107981220657275,0.021505376344086016,0.0,0.0,0.5,-0.2,0.0,0.0,0.0,0.0,0.0,1448
-0.25,-0.5736040609137056,-0.125,-0.91150831659757,-0.0892018779342723,0.6559139784946236,0.0,0.0,0.8333333333333334,0.06666666666666667,1.0,0.0,0.0,0.0,0.0,644
-0.75,-0.9898477157360407,-0.78125,0.6275737112096174,0.29107981220657275,-0.01075268817204301,0.0,0.0,1.0,0.8,0.0,0.0,0.0,1.0,0.0,86
0.0,0.7258883248730965,-0.3125,0.8420508501474621,0.20187793427230047,3.2043010752688175,0.0,0.0,0.3333333333333333,1.0,0.0,0.0,1.0,0.0,0.0,982
0.0,-0.5939086294416244,-0.96875,0.455183241303237,-0.12582159624413145,2.7956989247311825,0.0,0.0,-0.5,-0.9333333333333333,0.0,1.0,0.0,0.0,0.0,388
-0.25,-1.0507614213197969,-0.3125,0.7898955205469734,0.03192488262910798,0.18279569892473116,0.0,0.0,1.0,0.0,1.0,0.0,0.0,1.0,0.0,195
0.6666666666666666,0.04568527918781728,0.125,0.5138834935935143,0.23943661971830985,-0.01075268817204301,0.0,0.0,0.6666666666666666,-0.13333333333333333,1.0,0.0,0.0,0.0,0.0,1306
0.16666666666666666,0.5431472081218274,-0.65625,1.365145862684823,0.20375586854460093,2.3118279569892475,0.0,0.0,-0.16666666666666666,0.7333333333333333,1.0,1.0,0.0,0.0,0.0,1730
0.4166666666666667,-0.918781725888325,-0.96875,0.682712243030312,0.29107981220657275,0.17204301075268816,0.0,0.0,1.0,0.0,1.0,0.0,0.0,1.0,0.0,277
0.75,0.7664974619289341,0.375,-0.14891824053188613,0.29107981220657275,-0.01075268817204301,0.0,0.0,0.3333333333333333,-0.06666666666666667,0.0,0.0,1.0,0.0,-1.0,1507
-0.3333333333333333,-0.6649746192893401,-0.59375,0.2058418822217645,-0.11830985915492957,0.16129032258064516,0.0,0.0,-0.5,-0.8666666666666667,1.0,1.0,0.0,0.0,0.0,306
-0.9166666666666666,0.42639593908629436,0.875,-1.3691539278131721,-0.26291079812206575,-0.01075268817204301,0.0,0.0,0.5,-0.6666666666666666,0.0,0.0,0.0,0.0,0.0,743
-0.5833333333333334,-1.3096446700507616,-0.625,0.8420508501474621,0.29107981220657275,-0.01075268817204301,0.0,0.0,-0.6666666666666666,-0.6666666666666666,0.0,0.0,0.0,1.0,0.0,40
-0.8333333333333334,-0.4619289340101523,0.21875,-0.07312821817005527,0.29107981220657275,-0.01075268817204301,0.0,0.0,0.8333333333333334,-1.0,0.0,0.0,0.0,0.0,0.0,362
-0.3333333333333333,0.20304568527918782,1.15625,-0.4861165064064858,-1.396244131455399,0.05376344086021505,0.0,0.0,-0.16666666666666666,-0.9333333333333333,0.0,1.0,0.0,0.0,0.0,555
-0.8333333333333334,-0.9746192893401016,0.46875,-0.22768379202711048,0.22065727699530516,-0.01075268817204301,0.0,0.8,-0.8333333333333334,-0.4,0.0,0.0,0.0,1.0,0.0,63
0.9166666666666666,-0.2893401015228427,0.1875,-1.0429616152145371,-0.13427230046948357,-0.01075268817204301,0.0,0.0,0.8333333333333334,-1.0,0.0,0.0,0.0,0.0,0.0,806
-0.75,-0.4416243654822335,0.25,-0.5816560227957038,-0.47981220657276996,-0.01075268817204301,0.0,0.0,0.8333333333333334,0.2,0.0,0.0,0.0,0.0,0.0,133
0.5833333333333334,-0.3807106598984772,-0.40625,-0.5816560227957038,0.06384976525821597,-0.01075268817204301,0.0,0.0,0.8333333333333334,0.06666666666666667,1.0,0.0,0.0,0.0,0.0,735
0.3333333333333333,1.071065989847716,-0.0625,0.6275737112096174,-0.03755868544600939,2.150537634408602,0.0,0.0,0.3333333333333333,-0.6666666666666666,0.0,0.0,1.0,0.0,0.0,752
0.9166666666666666,-0.751269035532995,0.09375,0.6275737112096174,-0.8431924882629108,-0.01075268817204301,0.0,0.0,1.0,-0.06666666666666667,0.0,0.0,0.0,1.0,0.0,247
0.9166666666666666,0.13705583756345174,-0.21875,0.0707286024015658,-0.3408450704225352,-0.01075268817204301,0.0,0.0,-0.16666666666666666,-0.3333333333333333,0.0,1.0,0.0,0.0,0.0,1185
0.16666666666666666,1.2131979695431472,-0.53125,0.7898955205469734,-0.16056338028169015,2.172043010752688,0.0,0.0,0.3333333333333333,-0.8666666666666667,0.0,0.0,1.0,0.0,0.0,575
0.8333333333333334,-0.7005076142131981,-0.78125,-0.6833781561418334,0.29107981220657275,-0.01075268817204301,0.0,0.0,-0.8333333333333334,0.3333333333333333,1.0,0.0,0.0,1.0,0.0,207
0.6666666666666666,0.8883248730964467,0.21875,0.8420508501474621,0.28356807511737087,0.0,0.0,0.0,0.3333333333333333,-0.2,0.0,0.0,1.0,0.0,0.0,1847
0.9166666666666666,0.5025380710659898,1.28125,-1.1921678124288753,-0.9652582159624413,-0.01075268817204301,0.5,0.0,0.16666666666666666,-0.9333333333333333,0.0,0.0,1.0,0.0,0.0,168
0.8333333333333334,-0.0406091370558376,-0.0625,0.3336351996355,0.07981220657276995,-0.01075268817204301,0.0,0.0,-0.16666666666666666,-0.8,0.0,1.0,0.0,0.0,0.0,1256
0.4166666666666667,0.1421319796954315,-0.5625,0.13927936789351517,0.2619718309859155,0.8494623655913979,0.0,0.0,0.6666666666666666,-0.26666666666666666,0.0,0.0,0.0,0.0,0.0,1902
0.8333333333333334,0.3908629441624365,0.75,-0.39575298507290857,0.1107981220657277,-0.01075268817204301,1.3,0.0,0.3333333333333333,0.6666666666666666,1.0,0.0,1.0,0.0,0.0,764
0.9166666666666666,-0.36040609137055835,0.0625,-0.3098055405697065,-0.6845070422535211,-0.01075268817204301,0.0,0.0,-0.5,0.06666666666666667,1.0,1.0,0.0,0.0,0.0,422
0.25,-0.20304568527918782,1.21875,0.455183241303237,-1.2582159624413145,0.3225806451612903,1.5,0.0,-0.3333333333333333,0.4666666666666667,0.0,1.0,0.0,0.0,0.0,14
0.75,-0.3807106598984772,0.6875,0.7368002283746548,-1.2995305164319249,-0.01075268817204301,0.0,0.0,-0.6666666666666666,0.4666666666666667,0.0,0.0,0.0,1.0,0.0,321
-0.6666666666666666,-0.8223350253807107,0.3125,-0.91150831659757,-0.3643192488262911,-0.01075268817204301,0.0,0.0,-0.8333333333333334,-0.9333333333333333,0.0,0.0,0.0,1.0,0.0,31
-0.6666666666666666,0.5634517766497463,0.90625,-1.5998067240225886,-0.3117370892018779,-0.01075268817204301,0.0,0.0,0.16666666666666666,-0.06666666666666667,1.0,0.0,1.0,0.0,0.0,278
0.8333333333333334,-0.3299492385786802,0.09375,-2.15665183283064,0.24225352112676057,-0.01075268817204301,0.0,0.0,0.8333333333333334,-0.3333333333333333,1.0,0.0,0.0,0.0,0.0,690
-0.16666666666666666,0.20304568527918782,-0.6875,0.2058418822217645,-0.11267605633802817,2.4193548387096775,0.0,0.0,-0.3333333333333333,0.8666666666666667,1.0,1.0,0.0,0.0,0.0,787
-0.16666666666666666,-0.4416243654822335,1.21875,-0.7926654504863353,-1.5051643192488262,0.03225806451612903,0.0,0.0,1.0,0.5333333333333333,1.0,0.0,0.0,1.0,-1.0,4
-0.5833333333333334,-0.2081218274111675,0.9375,-0.5816560227957038,-1.3248826291079812,-0.01075268817204301,0.0,0.0,0.8333333333333334,-0.4,1.0,0.0,0.0,0.0,0.0,137
0.16666666666666666,1.0101522842639594,-0.15625,0.7368002283746548,-0.9436619718309859,2.860215053763441,0.0,0.0,0.16666666666666666,0.26666666666666666,0.0,0.0,1.0,0.0,0.0,741
-0.8333333333333334,0.5786802030456852,0.90625,-0.14891824053188613,-0.20751173708920187,-0.01075268817204301,0.0,0.0,0.16666666666666666,-0.2,0.0,0.0,1.0,0.0,0.0,600
0.9166666666666666,0.8883248730964467,0.25,-0.91150831659757,0.29107981220657275,-0.01075268817204301,0.0,0.0,0.16666666666666666,1.0,0.0,0.0,1.0,0.0,0.0,1097
0.5833333333333334,0.6192893401015228,-0.3125,0.2058418822217645,0.29107981220657275,0.03225806451612903,0.0,0.0,0.0,-0.4666666666666667,1.0,0.0,1.0,0.0,0.0,1058
0.5,-0.7106598984771574,-0.96875,0.13927936789351517,0.29014084507042254,0.15053763440860213,0.0,0.0,-0.6666666666666666,-0.5333333333333333,0.0,0.0,0.0,1.0,0.0,564
-0.5833333333333334,-0.969543147208122,0.46875,0.3336351996355,-0.9652582159624413,-0.01075268817204301,0.0,0.0,1.0,0.0,1.0,0.0,0.0,1.0,0.0,45
-0.9166666666666666,0.7614213197969544,-0.09375,-0.3098055405697065,0.29107981220657275,-0.01075268817204301,0.0,0.0,0.16666666666666666,0.9333333333333333,0.0,0.0,1.0,0.0,0.0,575
0.08333333333333333,0.9593908629441624,-0.09375,-0.6833781561418334,-0.7455399061032864,1.5053763440860213,0.0,0.0,0.16666666666666666,0.6666666666666666,0.0,0.0,1.0,0.0,0.0,628
-0.4166666666666667,0.23350253807106608,0.21875,-0.7926654504863353,-0.72018779342723,0.49462365591397844,0.0,0.0,0.0,-1.0,0.0,0.0,1.0,0.0,0.0,1421
-0.75,-0.5888324873096447,1.0625,-0.07312821817005527,-1.3821596244131455,-0.01075268817204301,0.0,0.9,1.0,-0.6,0.0,0.0,0.0,1.0,0.0,102
-0.3333333333333333,-0.28426395939086296,0.59375,-0.22768379202711048,-0.3755868544600939,0.25806451612903225,0.0,0.0,0.6666666666666666,0.6,0.0,0.0,0.0,0.0,0.0,2070
0.3333333333333333,-0.3756345177664975,0.25,0.0,-0.2112676056338028,0.2150537634408602,0.0,0.0,-0.3333333333333333,-0.5333333333333333,1.0,1.0,0.0,0.0,0.0,137
0.3333333333333333,0.5532994923857868,0.53125,-0.7926654504863353,0.28732394366197184,0.12903225806451613,0.0,0.0,0.5,-0.06666666666666667,1.0,0.0,0.0,0.0,0.0,1273
0.9166666666666666,-1.0355329949238579,-0.125,-0.6833781561418334,0.29107981220657275,-0.01075268817204301,0.0,0.0,1.0,0.06666666666666667,1.0,0.0,0.0,1.0,0.0,138
0.0,-0.035532994923857836,-0.375,0.2058418822217645,-0.48826291079812206,1.946236559139785,0.0,0.0,0.8333333333333334,-0.2,0.0,0.0,0.0,0.0,0.0,890
-1.0,-0.23350253807106597,-0.0625,-0.6833781561418334,0.29107981220657275,-0.01075268817204301,0.0,0.0,-0.3333333333333333,0.6,0.0,1.0,0.0,0.0,0.0,536
-0.5,0.035532994923857836,0.46875,-0.7926654504863353,-0.6976525821596244,0.03225806451612903,0.0,0.0,-0.16666666666666666,0.6666666666666666,1.0,1.0,0.0,0.0,0.0,299
-1.0,0.06091370558375631,-0.09375,-0.14891824053188613,-0.9126760563380282,-0.01075268817204301,0.0,0.0,-0.3333333333333333,0.9333333333333333,0.0,1.0,0.0,0.0,0.0,569
-0.4166666666666667,-0.3350253807106599,0.0,-0.3098055405697065,-0.05352112676056338,0.18279569892473116,0.0,0.0,-0.3333333333333333,0.06666666666666667,0.0,1.0,0.0,0.0,0.0,1100
0.6666666666666666,0.5380710659898478,1.15625,1.5787787158685695,-1.3859154929577464,-0.01075268817204301,0.5,0.0,0.0,0.6666666666666666,0.0,0.0,1.0,0.0,0.0,199
0.9166666666666666,-1.0253807106598984,-0.65625,-0.14891824053188613,0.12300469483568074,-0.01075268817204301,0.0,0.0,-0.8333333333333334,-0.26666666666666666,0.0,0.0,0.0,1.0,0.0,144
-0.4166666666666667,0.6802030456852791,0.375,-0.5816560227957038,0.2535211267605634,0.30107526881720426,0.0,0.0,0.16666666666666666,0.8666666666666667,1.0,0.0,1.0,0.0,0.0,345
-0.6666666666666666,-0.5329949238578681,-0.96875,0.0707286024015658,0.29107981220657275,-0.01075268817204301,0.0,0.0,0.8333333333333334,0.5333333333333333,1.0,0.0,0.0,0.0,0.0,151
0.25,-0.6091370558375635,-0.71875,0.7898955205469734,0.08075117370892018,0.8924731182795698,0.0,0.0,-0.8333333333333334,-0.7333333333333333,0.0,0.0,0.0,1.0,0.0,333
0.16666666666666666,0.7614213197969544,-0.75,-0.4861165064064858,-0.3211267605633803,2.6881720430107525,0.0,0.0,-0.16666666666666666,-0.06666666666666667,0.0,1.0,0.0,0.0,0.0,1092
-0.5,-0.6243654822335026,0.59375,1.2305047302068106,-1.2384976525821596,-0.01075268817204301,0.1,0.0,1.0,-0.8,0.0,0.0,0.0,1.0,0.0,200
0.25,-0.09137055837563456,0.75,-0.22768379202711048,-1.008450704225352,0.5591397849462365,0.0,0.0,-0.5,-0.8,1.0,1.0,0.0,0.0,0.0,468
-0.3333333333333333,0.3908629441624365,0.375,0.2705797236685667,0.29107981220657275,0.7849462365591398,0.0,0.0,0.5,-0.7333333333333333,0.0,0.0,0.0,0.0,0.0,2312
0.9166666666666666,-0.10152284263959391,1.21875,0.8933144384752442,-0.9380281690140845,-0.01075268817204301,0.0,0.0,0.8333333333333334,-0.5333333333333333,0.0,0.0,0.0,0.0,0.0,26
-0.75,-0.4517766497461929,0.25,-1.5998067240225886,0.29107981220657275,-0.01075268817204301,0.0,0.0,0.8333333333333334,-0.26666666666666666,0.0,0.0,0.0,0.0,0.0,122
-0.25,0.44670050761421326,-0.15625,0.2705797236685667,0.29107981220657275,1.5268817204301073,0.0,0.0,0.5,-0.4,0.0,0.0,0.0,0.0,0.0,1125
-0.75,0.3147208121827411,0.09375,0.2705797236685667,0.29107981220657275,-0.01075268817204301,0.0,0.0,0.5,-0.4,0.0,0.0,0.0,0.0,0.0,176
0.6666666666666666,-0.7817258883248731,-0.96875,0.455183241303237,0.29107981220657275,-0.01075268817204301,0.0,0.0,-0.8333333333333334,-0.9333333333333333,0.0,0.0,0.0,1.0,0.0,364
0.9166666666666666,-0.5888324873096447,0.09375,-0.14891824053188613,0.29107981220657275,-0.01075268817204301,0.0,0.0,-0.5,-0.7333333333333333,0.0,1.0,0.0,0.0,0.0,274
0.25,0.38578680203045695,0.46875,0.7368002283746548,-0.964319248826291,0.3225806451612903,0.1,0.0,-0.16666666666666666,0.4,0.0,1.0,0.0,0.0,-1.0,163
-0.25,0.0812182741116751,0.53125,-0.7926654504863353,-1.1765258215962442,0.8064516129032258,0.0,0.0,-0.16666666666666666,-0.13333333333333333,0.0,1.0,0.0,0.0,0.0,1106
-1.0,0.8071065989847716,0.65625,0.3951330286481768,-0.5802816901408451,-0.01075268817204301,0.0,0.0,0.16666666666666666,0.8,1.0,0.0,1.0,0.0,0.0,992
0.16666666666666666,-0.1624365482233502,-1.34375,-0.3098055405697065,0.1784037558685446,1.8172043010752688,0.0,0.0,0.8333333333333334,0.8,0.0,0.0,0.0,0.0,0.0,675
-0.4166666666666667,0.20812182741116758,1.15625,-0.91150831659757,-1.4309859154929578,-0.01075268817204301,1.0,0.0,-0.16666666666666666,-0.9333333333333333,0.0,1.0,0.0,0.0,0.0,102
0.9166666666666666,-0.19289340101522848,-0.03125,-0.14891824053188613,-0.2507042253521127,-0.01075268817204301,0.0,0.0,0.8333333333333334,-0.9333333333333333,0.0,0.0,0.0,0.0,0.0,851
0.3333333333333333,-0.5939086294416244,0.59375,-0.5816560227957038,-1.2018779342723005,0.49462365591397844,0.0,2.7,1.0,0.13333333333333333,0.0,0.0,0.0,1.0,0.0,181
-0.3333333333333333,-1.2284263959390862,-0.4375,-0.4861165064064858,0.29107981220657275,-0.01075268817204301,0.0,0.0,1.0,0.06666666666666667,1.0,0.0,0.0,1.0,0.0,94
0.5833333333333334,0.6598984771573604,0.375,0.5138834935935143,0.29107981220657275,0.18279569892473116,0.0,0.0,0.3333333333333333,1.0,0.0,0.0,1.0,0.0,0.0,2372
0.3333333333333333,-0.6243654822335026,-0.09375,1.4521169265310525,-0.8422535211267606,0.24731182795698922,0.0,0.0,1.0,-1.0,0.0,0.0,0.0,1.0,0.0,484
-1.0,0.33502538071065996,0.25,0.0707286024015658,-0.5568075117370892,-0.01075268817204301,0.0,0.0,-0.16666666666666666,0.7333333333333333,1.0,1.0,0.0,0.0,0.0,1089
-0.3333333333333333,-0.6294416243654822,0.6875,0.13927936789351517,-0.19718309859154928,0.3763440860215053,0.0,0.0,-0.5,0.4,0.0,1.0,0.0,0.0,0.0,1174
-0.08333333333333333,0.015228426395939123,0.1875,0.455183241303237,-1.196244131455399,1.4086021505376345,0.0,0.0,0.8333333333333334,-0.4,1.0,0.0,0.0,0.0,0.0,768
-1.0,0.7715736040609137,0.6875,0.455183241303237,-0.20375586854460093,-0.01075268817204301,0.0,0.0,0.3333333333333333,-0.6666666666666666,0.0,0.0,1.0,0.0,0.0,707
0.08333333333333333,0.36040609137055846,-0.84375,0.5713209318579696,-0.6028169014084507,2.860215053763441,0.0,0.0,-0.3333333333333333,0.6666666666666666,0.0,1.0,0.0,0.0,0.0,1084
0.5833333333333334,-0.7715736040609137,1.0625,-0.3098055405697065,-1.4300469483568075,-0.01075268817204301,0.0,3.0,-0.8333333333333334,0.9333333333333333,0.0,0.0,0.0,1.0,0.0,59
0.0,0.3451776649746193,-0.71875,0.682712243030312,0.29107981220657275,3.053763440860215,0.0,0.0,0.5,0.5333333333333333,0.0,0.0,0.0,0.0,-1.0,754
0.6666666666666666,0.8375634517766498,0.46875,1.137688257706579,0.07042253521126761,0.08602150537634408,0.0,0.0,0.3333333333333333,-0.7333333333333333,1.0,0.0,1.0,0.0,0.0,1524
0.3333333333333333,-0.11167512690355327,-0.5,1.1844188200176686,0.29107981220657275,0.9999999999999999,0.0,0.0,0.6666666666666666,0.8666666666666667,0.0,0.0,0.0,0.0,0.0,1069
0.5833333333333334,0.1827411167512691,-0.1875,0.6275737112096174,-0.4384976525821596,0.05376344086021505,0.0,0.0,-0.16666666666666666,-0.3333333333333333,0.0,1.0,0.0,0.0,0.0,1999
-0.25,-0.09137055837563456,0.625,-0.5816560227957038,-1.2169014084507042,0.25806451612903225,0.0,0.0,0.6666666666666666,0.4666666666666667,0.0,0.0,0.0,0.0,0.0,1026
0.0,0.6700507614213198,-0.53125,-0.07312821817005527,0.29107981220657275,3.129032258064516,0.0,0.0,0.5,-0.4,0.0,0.0,0.0,0.0,0.0,1095
0.9166666666666666,-0.4873096446700508,-0.34375,0.3336351996355,0.20093896713615023,-0.01075268817204301,0.0,0.0,0.8333333333333334,0.3333333333333333,0.0,0.0,0.0,0.0,0.0,571
0.6666666666666666,0.48730964467005083,0.3125,0.3951330286481768,-0.5915492957746479,0.021505376344086016,0.0,0.0,0.0,0.06666666666666667,1.0,0.0,1.0,0.0,0.0,2429
-0.5833333333333334,0.1878172588832487,-0.09375,-0.14891824053188613,0.29107981220657275,-0.01075268817204301,0.0,0.0,0.5,-0.3333333333333333,0.0,0.0,0.0,0.0,0.0,258
-0.75,-0.5482233502538072,0.5625,-0.6833781561418334,-1.195305164319249,-0.01075268817204301,0.0,0.0,-0.5,-0.4666666666666667,0.0,1.0,0.0,0.0,0.0,105
0.8333333333333334,0.36040609137055846,0.65625,0.8933144384752442,-0.9446009389671362,-0.01075268817204301,0.0,0.0,0.0,0.26666666666666666,0.0,0.0,1.0,0.0,0.0,1979
0.5,-0.06598984771573609,-0.4375,0.7898955205469734,-1.152112676056338,0.4301075268817204,0.0,0.0,-0.5,-0.26666666666666666,0.0,1.0,0.0,0.0,0.0,1425
-0.5,0.751269035532995,0.8125,-0.3098055405697065,-0.7417840375586855,-0.01075268817204301,0.0,0.0,0.3333333333333333,-0.6666666666666666,0.0,0.0,1.0,0.0,0.0,546
0.3333333333333333,-0.11167512690355327,-1.125,0.7898955205469734,0.22065727699530516,0.8709677419354838,0.0,0.0,0.8333333333333334,0.26666666666666666,0.0,0.0,0.0,0.0,0.0,967
0.5833333333333334,0.5177664974619289,-0.25,0.2058418822217645,0.29107981220657275,0.021505376344086016,0.0,0.0,0.5,-0.3333333333333333,0.0,0.0,0.0,0.0,0.0,2455
-0.3333333333333333,-1.0812182741116751,0.25,-0.3098055405697065,0.04507042253521127,-0.01075268817204301,0.0,2.0,1.0,0.26666666666666666,0.0,0.0,0.0,1.0,0.0,466
0.5833333333333334,-0.7055837563451777,-0.3125,0.6275737112096174,-0.39530516431924884,-0.01075268817204301,0.0,0.0,1.0,-0.6,0.0,0.0,0.0,1.0,0.0,507
-0.4166666666666667,-0.3299492385786802,0.78125,-0.91150831659757,-0.7727699530516432,-0.01075268817204301,0.0,0.0,0.6666666666666666,0.26666666666666666,1.0,0.0,0.0,0.0,0.0,427
-0.16666666666666666,-0.3197969543147208,-0.25,0.455183241303237,0.18967136150234742,1.6129032258064515,0.0,0.0,0.6666666666666666,1.0,0.0,0.0,0.0,0.0,0.0,717
-1.0,-0.7005076142131981,-0.5,0.9437305196070348,0.29107981220657275,-0.01075268817204301,0.0,0.0,0.8333333333333334,0.4666666666666667,0.0,0.0,0.0,0.0,0.0,470
-0.9166666666666666,-0.8578680203045684,-0.65625,1.2759719533904954,0.29107981220657275,-0.01075268817204301,0.0,0.0,1.0,-0.3333333333333333,0.0,0.0,0.0,1.0,0.0,111
0.4166666666666667,-0.4517766497461929,-0.15625,1.3208447570935795,-0.5924882629107981,0.5268817204301075,0.0,0.0,-0.6666666666666666,0.4,0.0,0.0,0.0,1.0,0.0,465
0.0,-0.3350253807106599,-0.84375,0.2058418822217645,0.28544600938967135,0.9032258064516128,0.0,0.0,-0.3333333333333333,-0.5333333333333333,1.0,1.0,0.0,0.0,0.0,709
0.0,-0.6294416243654822,-0.71875,-0.4861165064064858,-0.22065727699530516,0.6344086021505375,0.0,0.0,-0.8333333333333334,-0.6,1.0,0.0,0.0,1.0,0.0,278
0.8333333333333334,0.8071065989847716,-0.0625,-0.07312821817005527,0.29107981220657275,-0.01075268817204301,0.0,0.0,0.16666666666666666,0.3333333333333333,1.0,0.0,1.0,0.0,0.0,1588
-0.08333333333333333,0.5076142131979695,0.125,-0.22768379202711048,0.29107981220657275,1.010752688172043,0.0,0.0,0.5,-0.2,0.0,0.0,0.0,0.0,0.0,972
0.08333333333333333,0.868020304568528,-0.96875,-0.22768379202711048,0.09577464788732394,3.3978494623655915,0.0,0.0,0.0,0.4,0.0,0.0,1.0,0.0,0.0,1073
0.08333333333333333,-0.21319796954314718,-0.9375,0.455183241303237,0.11830985915492957,2.838709677419355,0.0,0.0,-0.5,-0.6666666666666666,0.0,1.0,0.0,0.0,0.0,528
0.6666666666666666,0.7969543147208121,0.78125,-1.0429616152145371,-0.647887323943662,0.0,0.0,0.0,0.16666666666666666,0.8,1.0,0.0,1.0,0.0,0.0,1095
0.4166666666666667,0.7461928934010152,-0.1875,1.0421797791354965,-0.7615023474178404,1.8494623655913978,0.0,0.0,0.0,-0.6,0.0,0.0,1.0,0.0,0.0,2002
0.8333333333333334,0.6903553299492386,0.6875,-0.22768379202711048,-0.10516431924882629,-0.01075268817204301,0.0,0.0,0.16666666666666666,-0.3333333333333333,0.0,0.0,1.0,0.0,0.0,1870
0.75,0.36040609137055846,0.40625,0.2058418822217645,0.27793427230046946,-0.01075268817204301,0.0,0.0,0.0,-0.26666666666666666,0.0,0.0,1.0,0.0,0.0,2505
0.6666666666666666,0.3147208121827411,-0.125,0.3336351996355,0.14178403755868543,-0.01075268817204301,0.0,0.0,-0.16666666666666666,-0.7333333333333333,1.0,1.0,0.0,0.0,0.0,1562
0.25,0.3807106598984772,0.3125,1.4088965798741255,0.29107981220657275,2.193548387096774,0.0,0.0,0.6666666666666666,-0.6666666666666666,1.0,0.0,0.0,0.0,0.0,1236
0.0,-0.918781725888325,-0.78125,1.4521169265310525,0.1727699530516432,1.5268817204301073,0.0,0.0,-0.6666666666666666,-0.26666666666666666,0.0,0.0,0.0,1.0,0.0,202
0.08333333333333333,-0.9796954314720813,-0.59375,1.2305047302068106,0.2544600938967136,2.4086021505376345,0.0,0.0,-0.6666666666666666,-0.8666666666666667,1.0,0.0,0.0,1.0,0.0,229
-0.5833333333333334,-0.3654822335025381,1.25,0.13927936789351517,-0.847887323943662,-0.01075268817204301,0.5,0.0,-0.3333333333333333,-0.6666666666666666,0.0,1.0,0.0,0.0,0.0,54
0.6666666666666666,0.40609137055837563,1.25,-1.1921678124288753,0.29107981220657275,-0.01075268817204301,0.5,0.0,0.5,-0.8666666666666667,0.0,0.0,0.0,0.0,0.0,151
-0.6666666666666666,-0.5482233502538072,0.78125,0.7898955205469734,-1.3784037558685447,-0.01075268817204301,0.0,0.0,-0.6666666666666666,0.5333333333333333,1.0,0.0,0.0,1.0,0.0,63
0.9166666666666666,-0.766497461928934,-0.1875,-0.6833781561418334,0.18028169014084508,-0.01075268817204301,0.0,0.0,-0.8333333333333334,-1.0,0.0,0.0,0.0,1.0,-1.0,154
-0.5833333333333334,0.7411167512690356,0.84375,-0.91150831659757,-0.8788732394366198,-0.01075268817204301,0.0,0.0,0.16666666666666666,0.8,1.0,0.0,1.0,0.0,0.0,248
0.6666666666666666,-0.8071065989847717,-0.65625,-0.39575298507290857,0.29107981220657275,-0.01075268817204301,0.0,0.0,-0.6666666666666666,-1.0,0.0,0.0,0.0,1.0,0.0,263
0.16666666666666666,0.2741116751269035,-1.3125,0.2058418822217645,0.12394366197183099,3.3978494623655915,0.0,0.0,-0.3333333333333333,0.13333333333333333,0.0,1.0,0.0,0.0,0.0,967
-0.5833333333333334,0.27918781725888325,0.875,-1.0429616152145371,-1.1483568075117372,-0.01075268817204301,0.0,0.0,0.0,-0.4666666666666667,1.0,0.0,1.0,0.0,0.0,262
0.5833333333333334,0.416243654822335,-0.59375,0.3951330286481768,0.1568075117370892,0.27956989247311825,0.0,0.0,-0.16666666666666666,0.7333333333333333,1.0,1.0,0.0,0.0,0.0,2207
-0.9166666666666666,0.12690355329949238,0.96875,-0.22768379202711048,0.29107981220657275,-0.01075268817204301,0.0,0.0,0.6666666666666666,-0.6,1.0,0.0,0.0,0.0,0.0,768
-0.6666666666666666,0.6852791878172589,0.53125,-0.5816560227957038,0.11830985915492957,-0.01075268817204301,0.0,0.0,0.16666666666666666,0.8666666666666667,1.0,0.0,1.0,0.0,0.0,245
-0.6666666666666666,-0.3197969543147208,-0.25,-0.5816560227957038,-0.1352112676056338,-0.01075268817204301,0.0,0.0,-0.3333333333333333,0.13333333333333333,0.0,1.0,0.0,0.0,0.0,105
-0.75,-1.0609137055837563,-0.09375,0.13927936789351517,0.26103286384976526,-0.01075268817204301,0.0,0.0,-0.8333333333333334,-0.8,0.0,0.0,0.0,1.0,0.0,57
-0.08333333333333333,-0.918781725888325,-0.9375,0.682712243030312,0.18497652582159624,0.9032258064516128,0.0,0.0,-0.8333333333333334,0.8,1.0,0.0,0.0,1.0,0.0,145
0.16666666666666666,-0.8934010152284265,-1.0,0.3336351996355,0.03755868544600939,1.2795698924731183,0.0,0.2,-0.8333333333333334,0.7333333333333333,1.0,0.0,0.0,1.0,0.0,193
0.0,-0.29949238578680204,-0.28125,0.682712243030312,-1.0234741784037558,0.4086021505376344,0.0,0.0,-0.6666666666666666,0.8,0.0,0.0,0.0,1.0,0.0,305
-0.4166666666666667,0.7157360406091372,0.71875,-0.39575298507290857,-0.8516431924882629,0.27956989247311825,0.0,0.0,0.16666666666666666,0.7333333333333333,0.0,0.0,1.0,0.0,0.0,1111
-0.5,-1.3553299492385786,-0.21875,-0.91150831659757,0.17183098591549295,-0.01075268817204301,0.0,0.0,-0.6666666666666666,-0.6,0.0,0.0,0.0,1.0,0.0,92
-0.3333333333333333,-0.8223350253807107,0.34375,0.455183241303237,0.21502347417840376,-0.01075268817204301,0.0,0.0,1.0,0.6666666666666666,0.0,0.0,0.0,1.0,0.0,578
0.25,-0.8121827411167513,-0.90625,0.3336351996355,0.29107981220657275,0.9032258064516128,0.0,0.0,1.0,0.06666666666666667,1.0,0.0,0.0,1.0,0.0,278
0.5,-0.7157360406091371,-0.625,0.0707286024015658,0.10046948356807511,0.0,0.0,0.0,-0.8333333333333334,-0.6666666666666666,1.0,0.0,0.0,1.0,0.0,271
0.08333333333333333,0.42639593908629436,-0.9375,0.455183241303237,-0.596244131455399,3.5913978494623655,0.0,0.0,-0.3333333333333333,0.8666666666666667,1.0,1.0,0.0,0.0,0.0,1635
0.4166666666666667,-0.18274111675126903,-0.53125,0.682712243030312,0.29107981220657275,0.49462365591397844,0.0,0.0,0.6666666666666666,0.9333333333333333,0.0,0.0,0.0,0.0,0.0,1357
-0.75,-0.7157360406091371,-0.4375,0.13927936789351517,-0.3511737089201878,-0.01075268817204301,0.0,0.0,-0.8333333333333334,0.2,0.0,0.0,0.0,1.0,0.0,93
-1.0,0.6446700507614213,0.6875,-0.6833781561418334,-0.7887323943661971,-0.01075268817204301,0.0,0.0,0.16666666666666666,0.13333333333333333,0.0,0.0,1.0,0.0,0.0,1002
0.6666666666666666,0.48223350253807107,-0.25,0.5713209318579696,0.20187793427230047,0.06451612903225806,0.0,0.0,-0.16666666666666666,0.8,0.0,1.0,0.0,0.0,0.0,2252
-0.16666666666666666,0.4568527918781726,-0.28125,0.0707286024015658,0.2347417840375587,2.4946236559139785,0.0,0.0,0.16666666666666666,-0.5333333333333333,1.0,0.0,1.0,0.0,0.0,867
0.9166666666666666,0.13197969543147217,0.1875,-0.7926654504863353,0.29107981220657275,-0.01075268817204301,0.0,0.0,0.6666666666666666,-0.8666666666666667,0.0,0.0,0.0,0.0,-1.0,1033
0.5,-0.35025380710659904,0.15625,-0.5816560227957038,-1.0967136150234742,0.04301075268817204,0.0,0.0,-0.6666666666666666,0.7333333333333333,0.0,0.0,0.0,1.0,0.0,897
0.16666666666666666,0.4974619289340102,1.21875,-1.1921678124288753,-1.179342723004695,0.5591397849462365,0.0,0.0,0.16666666666666666,-0.9333333333333333,0.0,0.0,1.0,0.0,0.0,381
-1.0,-1.015228426395939,0.1875,0.0,-0.022535211267605635,-0.01075268817204301,0.0,2.0,1.0,0.26666666666666666,0.0,0.0,0.0,1.0,0.0,142
-0.9166666666666666,0.30456852791878175,-0.15625,-0.14891824053188613,0.29107981220657275,-0.01075268817204301,0.0,0.0,0.5,-0.3333333333333333,0.0,0.0,0.0,0.0,0.0,662
-0.9166666666666666,-0.1878172588832487,0.34375,0.13927936789351517,0.29107981220657275,-0.01075268817204301,0.0,0.0,0.6666666666666666,0.2,0.0,0.0,0.0,0.0,0.0,653
-0.5,-0.7918781725888325,0.78125,0.2058418822217645,-1.2291079812206573,-0.01075268817204301,0.0,0.0,-0.6666666666666666,0.26666666666666666,0.0,0.0,0.0,1.0,0.0,164
0.6666666666666666,0.7969543147208121,0.1875,0.13927936789351517,0.27981220657276995,0.09677419354838711,0.0,0.0,0.16666666666666666,-0.13333333333333333,1.0,0.0,1.0,0.0,0.0,2023
0.4166666666666667,-0.4568527918781726,0.0625,0.0707286024015658,-1.2262910798122066,0.13978494623655913,0.0,0.0,1.0,0.8666666666666667,0.0,0.0,0.0,1.0,0.0,534
-0.6666666666666666,-0.5736040609137056,1.125,-0.3098055405697065,-1.3380281690140845,-0.01075268817204301,0.0,0.3,0.8333333333333334,0.6666666666666666,0.0,0.0,0.0,0.0,0.0,99
0.16666666666666666,-0.5329949238578681,0.78125,0.13927936789351517,-0.09483568075117371,0.5806451612903226,0.0,5.0,0.8333333333333334,0.5333333333333333,1.0,0.0,0.0,0.0,0.0,298
-0.25,-0.7563451776649747,-0.03125,-0.07312821817005527,-0.9211267605633803,0.5698924731182796,0.0,0.0,-0.6666666666666666,0.26666666666666666,0.0,0.0,0.0,1.0,0.0,384
0.6666666666666666,0.883248730964467,0.3125,0.13927936789351517,-0.20657276995305165,0.04301075268817204,0.0,0.0,0.16666666666666666,0.6,0.0,0.0,1.0,0.0,0.0,1935
0.8333333333333334,-0.416243654822335,0.1875,0.2058418822217645,-1.031924882629108,-0.01075268817204301,0.0,0.0,-0.5,0.4666666666666667,0.0,1.0,0.0,0.0,0.0,638
0.5,0.5482233502538072,1.25,-0.5816560227957038,-1.488262910798122,0.0,18.5,0.0,0.3333333333333333,0.8,0.0,0.0,1.0,0.0,0.0,96
-0.5,0.5431472081218274,1.21875,0.0707286024015658,-0.4544600938967136,-0.01075268817204301,0.0,0.0,0.3333333333333333,0.9333333333333333,0.0,0.0,1.0,0.0,0.0,285
-0.5833333333333334,0.21827411167512695,0.375,-0.3098055405697065,-0.6938967136150235,-0.01075268817204301,0.0,0.0,0.0,-0.9333333333333333,1.0,0.0,1.0,0.0,0.0,264
-0.5833333333333334,-0.2690355329949239,0.5,-0.14891824053188613,-0.3615023474178404,-0.01075268817204301,0.0,0.0,0.6666666666666666,0.3333333333333333,1.0,0.0,0.0,0.0,0.0,146
0.0,-0.751269035532995,-1.25,0.0,0.2892018779342723,2.4408602150537635,0.0,0.0,-0.6666666666666666,0.06666666666666667,1.0,0.0,0.0,1.0,-1.0,183
-0.9166666666666666,0.5583756345177665,0.34375,-0.91150831659757,0.29107981220657275,-0.01075268817204301,0.0,0.0,0.5,-0.8666666666666667,0.0,0.0,0.0,0.0,0.0,524
-0.5,-0.3096446700507614,0.28125,0.5138834935935143,0.29107981220657275,-0.01075268817204301,0.0,0.0,0.6666666666666666,0.7333333333333333,1.0,0.0,0.0,0.0,0.0,197
0.8333333333333334,0.13705583756345174,0.4375,0.3336351996355,0.08450704225352113,-0.01075268817204301,0.0,0.0,-0.5,-0.13333333333333333,0.0,1.0,0.0,0.0,0.0,983
0.0,-0.34517766497461927,0.4375,1.6200554445948598,-1.0769953051643193,1.118279569892473,0.0,0.0,-0.3333333333333333,-0.6666666666666666,0.0,1.0,0.0,0.0,0.0,756
-0.75,0.23350253807106608,0.875,-0.39575298507290857,-1.3201877934272301,-0.01075268817204301,0.0,0.0,-0.16666666666666666,-1.0,0.0,1.0,0.0,0.0,-1.0,343
-0.5833333333333334,-0.9441624365482234,-0.0625,0.0,-0.22347417840375586,-0.01075268817204301,0.0,0.0,-0.8333333333333334,-0.7333333333333333,0.0,0.0,0.0,1.0,0.0,75
0.16666666666666666,-0.2487309644670051,0.1875,0.0707286024015658,-1.339906103286385,0.7634408602150536,0.0,0.0,1.0,0.4666666666666667,1.0,0.0,0.0,1.0,0.0,405
-0.6666666666666666,0.11675126903553304,1.125,-1.0429616152145371,-1.3352112676056338,-0.01075268817204301,1.5,0.0,-0.16666666666666666,-0.6666666666666666,1.0,1.0,0.0,0.0,0.0,16
-0.08333333333333333,0.5736040609137056,-0.71875,-0.4861165064064858,-0.23568075117370893,3.129032258064516,0.0,0.0,-0.16666666666666666,0.6666666666666666,1.0,1.0,0.0,0.0,0.0,1164
-0.4166666666666667,-0.20304568527918782,-0.0625,0.3951330286481768,0.2084507042253521,0.3333333333333333,0.0,0.0,-0.16666666666666666,-0.8,0.0,1.0,0.0,0.0,0.0,1260
0.9166666666666666,0.2639593908629441,0.71875,0.13927936789351517,0.29107981220657275,-0.01075268817204301,0.0,0.0,0.5,0.26666666666666666,0.0,0.0,0.0,0.0,0.0,935
-0.75,0.7664974619289341,0.75,-0.3098055405697065,-0.5492957746478874,-0.01075268817204301,0.0,0.0,0.3333333333333333,-0.6666666666666666,0.0,0.0,1.0,0.0,0.0,219
-0.9166666666666666,0.13705583756345174,0.4375,-0.4861165064064858,0.29107981220657275,-0.01075268817204301,0.0,0.0,0.5,0.8666666666666667,1.0,0.0,0.0,0.0,0.0,982
-1.0,0.6903553299492386,0.84375,-1.3691539278131721,-0.49671361502347416,-0.01075268817204301,0.0,0.0,0.3333333333333333,-0.4,0.0,0.0,1.0,0.0,0.0,903
0.0,0.3096446700507615,0.1875,0.8420508501474621,-0.615962441314554,0.7204301075268817,0.0,0.0,-0.3333333333333333,-0.8666666666666667,0.0,1.0,0.0,0.0,0.0,913
-0.25,-0.42131979695431476,-0.1875,0.13927936789351517,0.29107981220657275,1.1505376344086022,0.0,0.0,-0.5,0.0,0.0,1.0,0.0,0.0,0.0,683
0.3333333333333333,-0.7461928934010152,0.1875,-0.4861165064064858,-0.7643192488262911,0.1935483870967742,0.0,0.0,-0.8333333333333334,-0.2,1.0,0.0,0.0,1.0,0.0,249
0.3333333333333333,-0.4263959390862945,-1.25,1.0902852095090052,0.29107981220657275,1.2795698924731183,0.0,0.0,-0.6666666666666666,0.26666666666666666,0.0,0.0,0.0,1.0,0.0,393
-0.16666666666666666,-0.34517766497461927,-0.34375,0.455183241303237,0.23098591549295774,1.9139784946236558,0.0,0.0,-0.5,0.0,0.0,1.0,0.0,0.0,0.0,507
0.9166666666666666,0.5126903553299493,0.9375,-0.7926654504863353,0.29107981220657275,-0.01075268817204301,0.0,0.0,0.3333333333333333,0.7333333333333333,0.0,0.0,1.0,0.0,0.0,1113
0.75,-0.6852791878172589,0.0625,0.8933144384752442,0.16150234741784036,-0.01075268817204301,0.0,0.0,1.0,-0.4,1.0,0.0,0.0,1.0,0.0,167
0.75,0.7309644670050761,-0.0625,-0.91150831659757,-0.5699530516431925,-0.01075268817204301,0.0,0.0,0.0,0.6,0.0,0.0,1.0,0.0,0.0,2372
-0.5833333333333334,-0.5380710659898477,0.28125,-0.5816560227957038,-1.2816901408450705,-0.01075268817204301,0.0,0.0,-0.8333333333333334,0.06666666666666667,0.0,0.0,0.0,1.0,0.0,72
-0.25,0.1421319796954315,0.875,0.2058418822217645,-0.7023474178403756,0.12903225806451613,1.2,0.0,0.6666666666666666,-0.7333333333333333,0.0,0.0,0.0,0.0,0.0,47
-0.08333333333333333,0.48730964467005083,0.1875,0.682712243030312,-0.6957746478873239,1.7956989247311825,0.0,0.0,-0.16666666666666666,0.8666666666666667,0.0,1.0,0.0,0.0,0.0,949
0.0,0.6040609137055837,0.1875,-0.4861165064064858,0.29107981220657275,1.075268817204301,0.0,0.0,0.5,-0.06666666666666667,1.0,0.0,0.0,0.0,0.0,1284
0.8333333333333334,-0.37055837563451777,0.46875,-0.07312821817005527,-0.7906103286384977,-0.01075268817204301,0.0,0.0,0.8333333333333334,0.0,0.0,0.0,0.0,0.0,0.0,894
0.0,0.7106598984771574,-0.4375,-0.07312821817005527,0.25258215962441316,2.946236559139785,0.0,0.0,0.5,-0.9333333333333333,1.0,0.0,0.0,0.0,0.0,1075
0.3333333333333333,1.015228426395939,0.0,0.7898955205469734,-0.6582159624413145,1.6559139784946235,0.0,0.0,0.16666666666666666,0.6666666666666666,0.0,0.0,1.0,0.0,0.0,920
0.0,0.6294416243654822,-0.5625,-0.22768379202711048,0.24413145539906103,3.0967741935483875,0.0,0.0,0.5,-0.4666666666666667,1.0,0.0,0.0,0.0,0.0,1220
-0.8333333333333334,0.050761421319796954,1.25,0.455183241303237,-1.4187793427230047,-0.01075268817204301,3.5,0.0,-0.3333333333333333,-0.8,0.0,1.0,0.0,0.0,0.0,15
-0.6666666666666666,-0.23857868020304565,0.125,0.7898955205469734,0.29107981220657275,-0.01075268817204301,0.0,0.0,0.6666666666666666,0.7333333333333333,1.0,0.0,0.0,0.0,0.0,233
0.6666666666666666,0.035532994923857836,-0.03125,0.2058418822217645,0.29107981220657275,-0.01075268817204301,0.0,0.0,0.6666666666666666,0.2,0.0,0.0,0.0,0.0,0.0,1512
0.3333333333333333,0.7208121827411167,-0.78125,-0.07312821817005527,0.29107981220657275,2.193548387096774,0.0,0.0,0.5,-0.5333333333333333,1.0,0.0,0.0,0.0,0.0,1943
-0.75,0.48223350253807107,-0.09375,-0.39575298507290857,0.12018779342723004,-0.01075268817204301,0.0,0.0,0.3333333333333333,0.13333333333333333,1.0,0.0,1.0,0.0,0.0,483
-0.25,0.5380710659898478,0.375,-0.4861165064064858,-0.02629107981220657,0.8064516129032258,0.0,0.0,0.3333333333333333,1.0,0.0,0.0,1.0,0.0,0.0,1049
-0.4166666666666667,0.13705583756345174,0.6875,-0.22768379202711048,-1.3624413145539906,0.3763440860215053,0.0,0.0,-0.16666666666666666,-0.06666666666666667,0.0,1.0,0.0,0.0,0.0,1239
0.5,0.3147208121827411,-0.15625,2.568335597274169,0.29107981220657275,0.2043010752688172,0.0,0.0,-0.3333333333333333,-0.4,0.0,1.0,0.0,0.0,0.0,1805
-0.4166666666666667,-0.6192893401015228,0.25,-0.22768379202711048,0.29107981220657275,-0.01075268817204301,0.0,0.0,0.6666666666666666,0.9333333333333333,0.0,0.0,0.0,0.0,0.0,1005
-0.5833333333333334,0.751269035532995,0.34375,-1.1921678124288753,0.29107981220657275,-0.01075268817204301,0.0,0.0,0.3333333333333333,-1.0,0.0,0.0,1.0,0.0,0.0,315
0.4166666666666667,0.4416243654822335,-0.375,0.5713209318579696,0.29107981220657275,0.8817204301075268,0.0,0.0,-0.16666666666666666,0.3333333333333333,0.0,1.0,0.0,0.0,0.0,2214
-0.9166666666666666,-0.2284263959390863,0.28125,-0.6833781561418334,0.29107981220657275,-0.01075268817204301,0.0,0.0,0.6666666666666666,0.13333333333333333,0.0,0.0,0.0,0.0,0.0,579
0.08333333333333333,0.0,-0.34375,1.0902852095090052,-0.3427230046948357,2.903225806451613,0.0,0.0,-0.3333333333333333,-0.06666666666666667,1.0,1.0,0.0,0.0,0.0,1229
-0.8333333333333334,-0.7461928934010152,-0.6875,0.455183241303237,0.29107981220657275,-0.01075268817204301,0.0,0.0,-0.6666666666666666,-0.06666666666666667,0.0,0.0,0.0,1.0,-1.0,112
-0.6666666666666666,0.6294416243654822,0.4375,-1.1921678124288753,0.29107981220657275,-0.01075268817204301,0.0,0.0,0.16666666666666666,0.4,1.0,0.0,1.0,0.0,0.0,270
0.4166666666666667,-0.7208121827411167,-0.875,0.3336351996355,0.29107981220657275,0.2150537634408602,0.0,0.0,1.0,0.6,0.0,0.0,0.0,1.0,-1.0,260
0.08333333333333333,-0.05583756345177664,-0.21875,0.6275737112096174,-1.2309859154929577,2.6559139784946235,0.0,0.0,-0.5,0.5333333333333333,1.0,1.0,0.0,0.0,0.0,880
-0.25,0.20812182741116758,-0.84375,-0.3098055405697065,-0.14929577464788732,1.9139784946236558,0.0,0.0,-0.16666666666666666,0.5333333333333333,0.0,1.0,0.0,0.0,0.0,1226
-0.3333333333333333,-0.4517766497461929,1.0625,0.13927936789351517,-1.4976525821596245,-0.01075268817204301,0.0,0.0,1.0,0.5333333333333333,1.0,0.0,0.0,1.0,-1.0,4
0.5,0.6700507614213198,-0.03125,0.2058418822217645,0.29107981220657275,0.49462365591397844,0.0,0.0,0.5,-0.2,0.0,0.0,0.0,0.0,0.0,3146
-0.5833333333333334,0.7360406091370558,0.28125,-0.91150831659757,0.29107981220657275,-0.01075268817204301,0.0,0.0,0.3333333333333333,0.0,0.0,0.0,1.0,0.0,0.0,263
-0.75,-0.9238578680203046,-0.59375,0.5713209318579696,0.29107981220657275,-0.01075268817204301,0.0,0.0,1.0,-0.3333333333333333,0.0,0.0,0.0,1.0,0.0,45
-0.08333333333333333,0.8578680203045684,-0.125,0.2058418822217645,-0.3107981220657277,2.9354838709677424,0.0,0.0,0.16666666666666666,0.06666666666666667,0.0,0.0,1.0,0.0,0.0,797
0.75,0.4974619289340102,-0.1875,0.13927936789351517,-0.03380281690140845,-0.01075268817204301,0.0,0.0,0.0,-0.7333333333333333,0.0,0.0,1.0,0.0,0.0,2404
-0.25,0.8223350253807107,-0.0625,0.0707286024015658,0.29107981220657275,1.5376344086021503,0.0,0.0,0.3333333333333333,-0.26666666666666666,1.0,0.0,1.0,0.0,0.0,568
0.75,-1.015228426395939,-0.375,-0.6833781561418334,0.29107981220657275,-0.01075268817204301,0.0,0.0,1.0,0.06666666666666667,1.0,0.0,0.0,1.0,0.0,168
-0.8333333333333334,-1.2233502538071068,-0.53125,-0.39575298507290857,0.29107981220657275,-0.01075268817204301,0.0,0.0,-0.8333333333333334,0.9333333333333333,0.0,0.0,0.0,1.0,0.0,84
0.75,-1.1776649746192893,-0.1875,0.6275737112096174,0.29107981220657275,-0.01075268817204301,0.0,0.0,1.0,-0.3333333333333333,0.0,0.0,0.0,1.0,0.0,266
-0.9166666666666666,0.83248730964467,0.125,-0.3098055405697065,0.051643192488262914,-0.01075268817204301,0.0,0.0,0.3333333333333333,-0.8,1.0,0.0,1.0,0.0,0.0,872
0.16666666666666666,-0.11167512690355327,1.21875,0.7368002283746548,-1.3032863849765257,0.10752688172043011,0.0,0.0,0.8333333333333334,-0.5333333333333333,0.0,0.0,0.0,0.0,0.0,46
-0.25,-0.8071065989847717,-0.65625,-0.22768379202711048,-0.38873239436619716,0.2043010752688172,0.0,0.0,-0.6666666666666666,-0.4666666666666667,0.0,0.0,0.0,1.0,0.0,308
0.75,-0.969543147208122,-0.90625,1.4088965798741255,0.29107981220657275,-0.01075268817204301,0.0,0.0,-0.6666666666666666,-0.4,1.0,0.0,0.0,1.0,0.0,124
-0.5,-0.005076142131979678,0.125,-0.5816560227957038,0.29107981220657275,-0.01075268817204301,0.0,0.0,0.5,0.7333333333333333,0.0,0.0,0.0,0.0,0.0,589
-0.16666666666666666,0.3451776649746193,1.25,-0.39575298507290857,-1.4901408450704225,0.11827956989247311,9.5,0.0,0.0,0.6666666666666666,0.0,0.0,1.0,0.0,0.0,9
-1.0,0.12690355329949238,0.375,0.5713209318579696,0.1624413145539906,-0.01075268817204301,0.0,0.0,-0.5,-0.06666666666666667,0.0,1.0,0.0,0.0,0.0,466
0.8333333333333334,0.5482233502538072,0.4375,0.6275737112096174,0.28356807511737087,-0.01075268817204301,0.0,0.0,0.5,-0.6666666666666666,0.0,0.0,0.0,0.0,0.0,1641
-0.6666666666666666,-1.0456852791878173,0.0625,-0.5816560227957038,-0.5934272300469483,-0.01075268817204301,0.0,0.0,1.0,-0.06666666666666667,0.0,0.0,0.0,1.0,0.0,69
0.5,0.6192893401015228,-0.59375,0.0,0.29107981220657275,0.6774193548387096,0.0,0.0,0.5,-0.5333333333333333,1.0,0.0,0.0,0.0,0.0,2255
0.4166666666666667,-1.0101522842639594,-0.90625,1.5787787158685695,0.29107981220657275,0.8602150537634409,0.0,0.0,-0.6666666666666666,-0.7333333333333333,0.0,0.0,0.0,1.0,0.0,225
0.8333333333333334,0.918781725888325,0.28125,0.8933144384752442,0.29107981220657275,-0.01075268817204301,0.0,0.0,0.16666666666666666,1.0,0.0,0.0,1.0,0.0,0.0,1613
0.3333333333333333,0.43147208121827413,0.09375,0.2058418822217645,0.29107981220657275,0.13978494623655913,0.0,0.0,0.0,-0.3333333333333333,0.0,0.0,1.0,0.0,0.0,1220
-0.5833333333333334,0.09644670050761424,1.21875,-1.1921678124288753,-1.3915492957746478,-0.01075268817204301,2.0,0.0,-0.16666666666666666,-0.6666666666666666,1.0,1.0,0.0,0.0,0.0,11
0.0,-0.17766497461928935,-0.59375,0.0,-0.012206572769953052,2.6881720430107525,0.0,0.0,-0.5,0.06666666666666667,1.0,1.0,0.0,0.0,0.0,933
-0.9166666666666666,-0.24365482233502542,0.40625,-0.4861165064064858,-1.2131455399061033,-0.01075268817204301,0.0,0.0,-0.5,0.7333333333333333,0.0,1.0,0.0,0.0,0.0,278
-0.08333333333333333,-0.7563451776649747,-0.625,-0.39575298507290857,-0.3502347417840376,0.9677419354838709,0.0,0.0,-0.6666666666666666,-0.9333333333333333,0.0,0.0,0.0,1.0,0.0,234
-0.4166666666666667,0.4771573604060913,0.8125,-0.7926654504863353,-0.5286384976525822,0.0,0.0,0.0,0.3333333333333333,1.0,0.0,0.0,1.0,0.0,0.0,828
0.5,-0.23350253807106597,0.875,0.2058418822217645,0.29107981220657275,0.0,0.0,0.0,0.6666666666666666,0.8,1.0,0.0,0.0,0.0,0.0,651
0.3333333333333333,0.08629441624365479,-0.53125,0.7368002283746548,-0.2995305164319249,0.9247311827956989,0.0,0.0,0.8333333333333334,-0.13333333333333333,0.0,0.0,0.0,0.0,0.0,1137
-0.25,0.868020304568528,-0.0625,-0.3098055405697065,0.29107981220657275,1.5591397849462365,0.0,0.0,0.3333333333333333,0.0,0.0,0.0,1.0,0.0,0.0,876
0.3333333333333333,0.43147208121827413,-0.8125,0.7368002283746548,0.29107981220657275,2.0,0.0,0.0,0.5,0.5333333333333333,0.0,0.0,0.0,0.0,-1.0,1433
0.16666666666666666,-0.8071065989847717,-0.84375,1.0902852095090052,0.12582159624413145,2.2258064516129035,0.0,0.0,-0.6666666666666666,-0.26666666666666666,0.0,0.0,0.0,1.0,0.0,182
0.25,0.5736040609137056,-0.25,-0.22768379202711048,0.29107981220657275,1.4301075268817205,0.0,0.0,0.0,-0.4,1.0,0.0,1.0,0.0,0.0,2182
-0.5833333333333334,-0.07106598984771575,-0.3125,0.0707286024015658,0.29107981220657275,-0.01075268817204301,0.0,0.0,-0.16666666666666666,0.26666666666666666,1.0,1.0,0.0,0.0,0.0,160
0.8333333333333334,0.8121827411167513,0.5,-0.4861165064064858,0.23098591549295774,-0.01075268817204301,0.0,0.0,0.3333333333333333,-0.5333333333333333,0.0,0.0,1.0,0.0,0.0,1628
-0.6666666666666666,-0.5786802030456853,-0.75,-0.91150831659757,0.27323943661971833,-0.01075268817204301,0.0,0.0,0.8333333333333334,0.8666666666666667,0.0,0.0,0.0,0.0,0.0,107
-0.08333333333333333,0.33502538071065996,-0.53125,0.0707286024015658,0.27699530516431925,2.645161290322581,0.0,0.0,0.5,0.6,0.0,0.0,0.0,0.0,-1.0,853
0.75,-0.43147208121827413,-0.46875,0.0,0.22253521126760564,-0.01075268817204301,0.0,0.0,0.8333333333333334,0.06666666666666667,1.0,0.0,0.0,0.0,0.0,685
-0.75,-0.9137055837563453,0.4375,0.0707286024015658,-0.9755868544600939,-0.01075268817204301,0.0,0.0,1.0,0.0,1.0,0.0,0.0,1.0,0.0,129
0.25,0.8934010152284265,0.0625,0.5138834935935143,0.2244131455399061,2.5053763440860215,0.0,0.0,0.16666666666666666,-0.13333333333333333,1.0,0.0,1.0,0.0,0.0,1058
-0.9166666666666666,-0.5888324873096447,-0.78125,-0.07312821817005527,0.29014084507042254,-0.01075268817204301,0.0,0.0,0.8333333333333334,0.8666666666666667,0.0,0.0,0.0,0.0,0.0,485
0.5833333333333334,-0.15228426395939088,-0.25,-0.22768379202711048,0.25821596244131456,-0.01075268817204301,0.0,0.0,0.8333333333333334,-1.0,0.0,0.0,0.0,0.0,0.0,1561
0.75,0.46700507614213194,0.28125,-0.4861165064064858,-0.5830985915492958,-0.01075268817204301,0.0,0.0,0.0,0.06666666666666667,1.0,0.0,1.0,0.0,0.0,2055
-0.75,0.3096446700507615,0.34375,0.13927936789351517,-0.40375586854460094,-0.01075268817204301,0.0,0.0,0.0,-0.6666666666666666,0.0,0.0,1.0,0.0,-1.0,562
-0.25,-0.11675126903553304,0.1875,-0.3098055405697065,-0.9708920187793427,0.9354838709677419,0.0,0.0,0.6666666666666666,0.06666666666666667,0.0,0.0,0.0,0.0,0.0,1200
0.08333333333333333,0.0,-0.4375,0.455183241303237,-0.0028169014084507044,2.053763440860215,0.0,0.0,0.8333333333333334,-0.2,0.0,0.0,0.0,0.0,0.0,912
0.5,-0.1472081218274112,-0.46875,0.7898955205469734,-0.3596244131455399,0.3225806451612903,0.0,0.0,-0.5,0.06666666666666667,1.0,1.0,0.0,0.0,0.0,934
0.16666666666666666,1.152284263959391,-0.5,0.8420508501474621,0.11643192488262911,2.870967741935484,0.0,0.0,0.3333333333333333,-0.13333333333333333,0.0,0.0,1.0,0.0,0.0,627
-0.5833333333333334,-0.3401015228426396,0.8125,-0.7926654504863353,-1.2666666666666666,-0.01075268817204301,0.0,0.0,0.8333333333333334,-0.3333333333333333,1.0,0.0,0.0,0.0,0.0,111
0.9166666666666666,0.7461928934010152,0.40625,-0.14891824053188613,0.1136150234741784,-0.01075268817204301,0.0,0.0,0.16666666666666666,0.26666666666666666,0.0,0.0,1.0,0.0,0.0,1426
-0.3333333333333333,-0.416243654822335,0.5625,-0.39575298507290857,-0.828169014084507,0.09677419354838711,0.0,0.0,0.8333333333333334,-0.06666666666666667,0.0,0.0,0.0,0.0,0.0,1686
-0.08333333333333333,-0.36040609137055835,-0.875,0.7368002283746548,0.29107981220657275,0.9569892473118279,0.0,0.0,-0.3333333333333333,-0.5333333333333333,1.0,1.0,0.0,0.0,0.0,586
0.6666666666666666,-0.2284263959390863,-0.28125,0.2705797236685667,0.17746478873239438,-0.01075268817204301,0.0,0.0,0.8333333333333334,-0.26666666666666666,0.0,0.0,0.0,0.0,0.0,1292
0.16666666666666666,-0.18274111675126903,-1.0,0.0,-0.27136150234741785,2.602150537634409,0.0,0.0,-0.6666666666666666,0.6666666666666666,0.0,0.0,0.0,1.0,0.0,455
-0.3333333333333333,-1.2030456852791878,-0.6875,0.2058418822217645,0.29107981220657275,-0.01075268817204301,0.0,0.0,1.0,0.7333333333333333,0.0,0.0,0.0,1.0,0.0,502
0.75,0.16751269035532998,0.3125,0.3336351996355,0.07981220657276995,-0.01075268817204301,0.0,0.0,-0.5,-0.13333333333333333,0.0,1.0,0.0,0.0,0.0,1181
-0.9166666666666666,-0.6040609137055838,0.875,0.3336351996355,-0.6929577464788732,-0.01075268817204301,0.0,0.0,-0.5,0.4,0.0,1.0,0.0,0.0,0.0,247
0.4166666666666667,0.8781725888324874,0.0625,0.455183241303237,0.29107981220657275,0.4301075268817204,0.0,0.0,0.3333333333333333,0.4666666666666667,0.0,0.0,1.0,0.0,0.0,1249
0.16666666666666666,0.6598984771573604,-0.4375,1.3208447570935795,-0.01784037558685446,2.5268817204301075,0.0,0.0,0.0,-0.8,0.0,0.0,1.0,0.0,0.0,1148
-0.4166666666666667,-0.7461928934010152,0.40625,-0.5816560227957038,-0.3183098591549296,-0.01075268817204301,0.0,0.0,0.8333333333333334,0.9333333333333333,0.0,0.0,0.0,0.0,0.0,750
0.0,0.8274111675126904,-0.75,0.0,0.23098591549295774,3.3655913978494625,0.0,0.0,0.3333333333333333,0.13333333333333333,1.0,0.0,1.0,0.0,0.0,952
-0.5,-0.5279187817258884,1.0,-1.3691539278131721,-0.7389671361502348,-0.01075268817204301,1.5,0.0,-0.5,-0.5333333333333333,0.0,1.0,0.0,0.0,0.0,32
0.6666666666666666,-0.0203045685279188,0.1875,-1.0429616152145371,0.29107981220657275,-0.01075268817204301,0.0,0.0,0.6666666666666666,0.5333333333333333,0.0,0.0,0.0,0.0,0.0,1556
0.5833333333333334,0.3908629441624365,0.34375,0.0,-1.0140845070422535,0.16129032258064516,0.0,0.0,-0.16666666666666666,-1.0,0.0,1.0,0.0,0.0,-1.0,1696
0.4166666666666667,1.2233502538071068,-0.75,0.3951330286481768,0.13802816901408452,1.946236559139785,0.0,0.0,0.16666666666666666,0.4,1.0,0.0,1.0,0.0,0.0,965
0.5833333333333334,0.20812182741116758,0.5,0.3336351996355,-0.7549295774647887,0.3548387096774194,0.0,0.0,-0.16666666666666666,-0.2,1.0,1.0,0.0,0.0,0.0,2023
-0.75,0.7157360406091372,0.375,-0.4861165064064858,0.29107981220657275,-0.01075268817204301,0.0,0.0,0.3333333333333333,-0.6,0.0,0.0,1.0,0.0,0.0,278
-0.08333333333333333,0.44670050761421326,-0.75,0.2058418822217645,0.15305164319248826,1.6451612903225805,0.0,0.0,-0.16666666666666666,0.7333333333333333,1.0,1.0,0.0,0.0,0.0,1004
-0.5,-1.0964467005076144,0.0625,-0.6833781561418334,0.2112676056338028,-0.01075268817204301,0.0,1.6,-0.6666666666666666,-1.0,0.0,0.0,0.0,1.0,0.0,95
-0.9166666666666666,-0.4416243654822335,0.71875,-0.14891824053188613,-1.0394366197183098,-0.01075268817204301,0.0,0.0,-0.5,-0.3333333333333333,1.0,1.0,0.0,0.0,0.0,222
-0.16666666666666666,0.08629441624365479,0.96875,0.455183241303237,-0.5633802816901409,0.5806451612903226,0.0,0.0,-0.16666666666666666,-0.2,1.0,1.0,0.0,0.0,0.0,716
-0.3333333333333333,-0.868020304568528,-0.125,-0.91150831659757,-0.4347417840375587,-0.01075268817204301,0.0,0.0,-0.8333333333333334,0.3333333333333333,1.0,0.0,0.0,1.0,0.0,115
0.75,-0.6243654822335026,1.09375,-0.6833781561418334,-0.2028169014084507,-0.01075268817204301,0.5,0.0,-0.5,0.3333333333333333,0.0,1.0,0.0,0.0,0.0,231
-0.25,-0.05583756345177664,0.28125,-0.39575298507290857,-1.0741784037558686,0.9677419354838709,0.0,0.0,-0.5,0.8,0.0,1.0,0.0,0.0,0.0,723
0.3333333333333333,1.0964467005076144,-0.53125,0.682712243030312,0.28075117370892017,2.4516129032258065,0.0,0.0,0.3333333333333333,-0.5333333333333333,0.0,0.0,1.0,0.0,0.0,839
-0.8333333333333334,-0.1421319796954315,0.71875,-0.7926654504863353,-1.2028169014084507,-0.01075268817204301,0.0,0.0,0.8333333333333334,-0.4,1.0,0.0,0.0,0.0,0.0,568
-0.3333333333333333,-0.6649746192893401,1.21875,0.9437305196070348,-1.555868544600939,-0.01075268817204301,0.0,4.0,0.8333333333333334,0.5333333333333333,1.0,0.0,0.0,0.0,0.0,33
0.0,0.5939086294416244,-0.21875,0.13927936789351517,0.018779342723004695,3.032258064516129,0.0,0.0,0.5,0.06666666666666667,0.0,0.0,0.0,0.0,0.0,1083
-0.9166666666666666,0.17258883248730958,0.125,-0.39575298507290857,-0.7943661971830986,-0.01075268817204301,0.0,0.0,-0.16666666666666666,0.6,0.0,1.0,0.0,0.0,0.0,610
-0.3333333333333333,0.48730964467005083,0.71875,-1.3691539278131721,-0.5859154929577465,0.27956989247311825,0.1,0.0,0.3333333333333333,1.0,0.0,0.0,1.0,0.0,0.0,1686
0.08333333333333333,-0.3096446700507614,-1.09375,1.5787787158685695,0.25727699530516435,3.193548387096774,0.0,0.0,-0.3333333333333333,-0.6,1.0,1.0,0.0,0.0,0.0,852
-0.08333333333333333,0.15228426395939088,-0.5625,-0.6833781561418334,-0.3183098591549296,1.7956989247311825,0.0,0.0,0.6666666666666666,0.0,0.0,0.0,0.0,0.0,0.0,914
-0.8333333333333334,-0.5786802030456853,-0.90625,-1.0429616152145371,0.27323943661971833,-0.01075268817204301,0.0,0.0,0.8333333333333334,0.8666666666666667,0.0,0.0,0.0,0.0,0.0,319
-0.4166666666666667,-1.1522842639593909,-0.71875,0.3336351996355,0.23943661971830985,-0.01075268817204301,0.0,0.0,-0.6666666666666666,-0.3333333333333333,1.0,0.0,0.0,1.0,0.0,40
0.25,0.23857868020304565,-0.375,1.4088965798741255,0.20469483568075117,1.989247311827957,0.0,0.0,-0.5,0.8,0.0,1.0,0.0,0.0,0.0,785
0.08333333333333333,0.7360406091370558,-0.15625,0.5138834935935143,-0.04507042253521127,1.978494623655914,0.0,0.0,0.5,-0.6666666666666666,0.0,0.0,0.0,0.0,0.0,1049
0.75,0.15228426395939088,1.21875,0.455183241303237,-0.6826291079812207,-0.01075268817204301,1.5,0.0,0.6666666666666666,-0.7333333333333333,0.0,0.0,0.0,0.0,0.0,32
-0.75,0.025380710659898477,0.3125,0.5138834935935143,0.04037558685446009,-0.01075268817204301,0.0,0.0,-0.5,-0.13333333333333333,0.0,1.0,0.0,0.0,0.0,142
0.6666666666666666,-0.28426395939086296,-0.09375,0.5138834935935143,-0.6431924882629108,-0.01075268817204301,0.0,0.0,-0.5,0.06666666666666667,1.0,1.0,0.0,0.0,0.0,688
-0.3333333333333333,-0.7614213197969544,0.34375,-0.3098055405697065,-0.37934272300469485,0.01075268817204301,0.0,0.0,0.8333333333333334,0.9333333333333333,0.0,0.0,0.0,0.0,0.0,1527
0.8333333333333334,-0.23857868020304565,-0.0625,0.0707286024015658,0.29107981220657275,-0.01075268817204301,0.0,0.0,0.6666666666666666,-0.3333333333333333,0.0,0.0,0.0,0.0,0.0,1221
-0.3333333333333333,0.33502538071065996,0.0,0.0707286024015658,0.29107981220657275,0.7741935483870968,0.0,0.0,0.5,-0.4,0.0,0.0,0.0,0.0,0.0,2278
-0.08333333333333333,-0.583756345177665,0.375,-0.39575298507290857,-1.3455399061032864,0.3333333333333333,0.0,0.0,1.0,0.9333333333333333,1.0,0.0,0.0,1.0,0.0,237
0.8333333333333334,-0.4873096446700508,0.34375,0.8933144384752442,-0.8948356807511737,-0.01075268817204301,0.0,0.0,-0.3333333333333333,-0.6666666666666666,0.0,1.0,0.0,0.0,0.0,499
0.8333333333333334,0.06598984771573609,0.8125,0.0,-1.3737089201877934,-0.01075268817204301,0.0,0.0,0.6666666666666666,-0.06666666666666667,0.0,0.0,0.0,0.0,0.0,1377
-0.5833333333333334,0.3197969543147209,0.1875,-0.07312821817005527,0.29107981220657275,-0.01075268817204301,0.0,0.0,0.16666666666666666,-0.6,1.0,0.0,1.0,0.0,0.0,273
0.9166666666666666,-0.49238578680203043,0.8125,-0.3098055405697065,-1.2206572769953052,-0.01075268817204301,0.0,0.4,0.8333333333333334,0.6,1.0,0.0,0.0,0.0,0.0,379
-1.0,0.6294416243654822,0.59375,-0.14891824053188613,-0.6629107981220658,-0.01075268817204301,0.0,0.0,0.16666666666666666,0.2,0.0,0.0,1.0,0.0,0.0,1068
-1.0,-0.4720812182741117,0.96875,-0.7926654504863353,-1.384037558685446,-0.01075268817204301,0.0,0.0,1.0,-0.8,0.0,0.0,0.0,1.0,0.0,285
-0.3333333333333333,0.3908629441624365,0.0625,-0.22768379202711048,-0.8413145539906103,1.204301075268817,0.0,0.0,0.0,-0.6666666666666666,0.0,0.0,1.0,0.0,-1.0,799
-0.6666666666666666,0.8121827411167513,0.09375,-0.22768379202711048,0.07887323943661972,-0.01075268817204301,0.0,0.0,0.3333333333333333,-0.8,1.0,0.0,1.0,0.0,0.0,304
0.25,0.9340101522842639,-1.0625,0.2058418822217645,0.26948356807511736,2.7526881720430105,0.0,0.0,0.0,0.4,0.0,0.0,1.0,0.0,0.0,1203
-1.0,-0.5025380710659899,-0.25,-0.5816560227957038,0.28169014084507044,-0.01075268817204301,0.0,0.0,0.8333333333333334,0.13333333333333333,1.0,0.0,0.0,0.0,0.0,592
0.08333333333333333,0.8984771573604061,-0.09375,-0.14891824053188613,0.2544600938967136,3.333333333333333,0.0,0.0,0.16666666666666666,-0.8666666666666667,0.0,0.0,1.0,0.0,0.0,994
0.16666666666666666,-0.44670050761421326,-1.03125,1.1844188200176686,-0.1295774647887324,1.1505376344086022,0.0,0.0,-0.8333333333333334,0.2,0.0,0.0,0.0,1.0,0.0,349
-0.25,-0.2690355329949239,0.75,0.7368002283746548,-0.39154929577464787,0.2043010752688172,0.5,0.0,-0.5,0.2,0.0,1.0,0.0,0.0,0.0,387
0.75,-0.46700507614213194,-0.03125,-0.6833781561418334,-1.179342723004695,-0.01075268817204301,0.0,0.0,-0.8333333333333334,0.0,0.0,0.0,0.0,1.0,0.0,342
0.4166666666666667,-0.49238578680203043,-1.15625,-0.14891824053188613,0.29107981220657275,0.24731182795698922,0.0,0.0,-0.8333333333333334,0.3333333333333333,1.0,0.0,0.0,1.0,0.0,383
0.5,1.071065989847716,-0.21875,0.9437305196070348,0.12300469483568074,1.064516129032258,0.0,0.0,0.3333333333333333,-0.6,0.0,0.0,1.0,0.0,0.0,2274
0.16666666666666666,-0.0812182741116751,-0.71875,0.5713209318579696,0.13615023474178403,2.2688172043010755,0.0,0.0,0.6666666666666666,1.0,0.0,0.0,0.0,0.0,0.0,963
0.25,0.5380710659898478,-0.71875,0.3336351996355,0.28732394366197184,2.2903225806451615,0.0,0.0,0.6666666666666666,-0.8666666666666667,0.0,0.0,0.0,0.0,-1.0,2200
-0.75,0.40609137055837563,0.125,-0.14891824053188613,0.29107981220657275,-0.01075268817204301,0.0,0.0,0.5,-0.9333333333333333,1.0,0.0,0.0,0.0,0.0,440
0.25,0.6395939086294418,-0.9375,0.2058418822217645,-1.0413145539906103,2.7741935483870965,0.0,0.0,-0.3333333333333333,0.26666666666666666,0.0,1.0,0.0,0.0,0.0,1080
-0.5,0.4619289340101524,1.1875,-1.5998067240225886,0.231924882629108,0.04301075268817204,0.0,0.0,0.16666666666666666,-0.8666666666666667,0.0,0.0,1.0,0.0,0.0,600
-1.0,-0.06598984771573609,0.3125,-0.22768379202711048,0.29107981220657275,-0.01075268817204301,0.0,0.0,-0.16666666666666666,0.2,1.0,1.0,0.0,0.0,0.0,689
0.4166666666666667,-0.9847715736040609,-0.9375,1.1844188200176686,0.26666666666666666,0.8602150537634409,0.0,0.0,-0.6666666666666666,-0.8,1.0,0.0,0.0,1.0,0.0,184
0.5,0.5126903553299493,-0.28125,0.9437305196070348,-0.9615023474178404,0.9032258064516128,0.0,0.0,-0.16666666666666666,-0.13333333333333333,0.0,1.0,0.0,0.0,0.0,2906
-0.25,0.09644670050761424,1.25,-0.5816560227957038,-1.1990610328638498,0.18279569892473116,1.0,0.0,-0.16666666666666666,-0.6666666666666666,1.0,1.0,0.0,0.0,0.0,12
0.16666666666666666,0.8274111675126904,-1.0625,1.1844188200176686,0.23943661971830985,3.5591397849462365,0.0,0.0,0.0,-0.9333333333333333,1.0,0.0,1.0,0.0,0.0,1396
0.9166666666666666,-1.4416243654822334,-0.6875,0.7898955205469734,0.29107981220657275,-0.01075268817204301,0.0,0.5,-0.8333333333333334,0.6,0.0,0.0,0.0,1.0,0.0,79
0.0,-0.35025380710659904,-0.6875,-0.14891824053188613,-0.26384976525821596,1.8172043010752688,0.0,0.0,0.8333333333333334,0.9333333333333333,0.0,0.0,0.0,0.0,0.0,720
0.6666666666666666,0.5583756345177665,0.21875,0.3336351996355,0.29107981220657275,-0.01075268817204301,0.0,0.0,0.5,-0.7333333333333333,0.0,0.0,0.0,0.0,0.0,2177
-0.3333333333333333,-0.949238578680203,0.03125,0.455183241303237,-0.09014084507042254,-0.01075268817204301,0.0,2.5,1.0,0.2,0.0,0.0,0.0,1.0,0.0,390
0.6666666666666666,-0.4974619289340102,0.03125,-0.14891824053188613,-1.1417840375586854,-0.01075268817204301,0.0,0.0,-0.8333333333333334,-0.06666666666666667,0.0,0.0,0.0,1.0,0.0,321
0.75,-0.5685279187817259,-0.53125,1.0421797791354965,0.29107981220657275,-0.01075268817204301,0.0,0.0,-0.5,0.26666666666666666,0.0,1.0,0.0,0.0,0.0,494
0.5833333333333334,0.8274111675126904,-0.375,0.6275737112096174,0.29107981220657275,0.3763440860215053,0.0,0.0,0.3333333333333333,0.0,0.0,0.0,1.0,0.0,0.0,2286
-0.9166666666666666,-1.0203045685279188,-0.5625,-0.07312821817005527,0.29107981220657275,-0.01075268817204301,0.0,0.0,1.0,0.8,0.0,0.0,0.0,1.0,0.0,169
-0.16666666666666666,-1.116751269035533,-0.4375,1.365145862684823,0.10046948356807511,1.1612903225806452,0.0,0.2,-0.6666666666666666,-0.8666666666666667,1.0,0.0,0.0,1.0,0.0,144
0.8333333333333334,0.5126903553299493,0.78125,0.2058418822217645,-0.01596244131455399,-0.01075268817204301,0.0,0.0,0.5,-0.7333333333333333,0.0,0.0,0.0,0.0,0.0,1798
-0.5833333333333334,0.36548223350253806,0.625,-0.4861165064064858,0.29107981220657275,-0.01075268817204301,0.0,0.0,0.5,-0.13333333333333333,0.0,0.0,0.0,0.0,0.0,249
0.6666666666666666,0.10659898477157359,0.21875,0.7368002283746548,-0.9427230046948357,-0.01075268817204301,0.0,0.0,-0.5,0.8666666666666667,0.0,1.0,0.0,0.0,0.0,1079
0.9166666666666666,-0.07106598984771575,0.03125,0.2705797236685667,0.027230046948356807,-0.01075268817204301,0.0,0.0,-0.3333333333333333,0.6666666666666666,0.0,1.0,0.0,0.0,0.0,851
-0.8333333333333334,-0.20304568527918782,0.9375,-0.39575298507290857,-0.723943661971831,-0.01075268817204301,0.0,0.0,0.6666666666666666,0.5333333333333333,0.0,0.0,0.0,0.0,0.0,371
-0.5,-1.1827411167512691,-0.625,0.13927936789351517,0.29107981220657275,-0.01075268817204301,0.0,0.0,1.0,0.7333333333333333,0.0,0.0,0.0,1.0,0.0,105
0.3333333333333333,0.6395939086294418,-0.34375,0.8933144384752442,0.03568075117370892,1.6559139784946235,0.0,0.0,0.0,0.2,0.0,0.0,1.0,0.0,0.0,1700
-0.9166666666666666,-0.6954314720812182,-0.78125,-0.6833781561418334,0.29107981220657275,-0.01075268817204301,0.0,0.0,-0.8333333333333334,0.4,0.0,0.0,0.0,1.0,0.0,97
-0.5833333333333334,0.7258883248730965,0.78125,-0.39575298507290857,-0.08544600938967137,-0.01075268817204301,0.0,0.0,0.3333333333333333,-0.4666666666666667,0.0,0.0,1.0,0.0,0.0,292
-0.8333333333333334,-0.7969543147208121,0.96875,-0.07312821817005527,-1.260093896713615,-0.01075268817204301,0.0,2.2,1.0,0.3333333333333333,0.0,0.0,0.0,1.0,0.0,132
-1.0,-1.218274111675127,-0.15625,0.5713209318579696,0.29107981220657275,-0.01075268817204301,0.0,0.0,-0.6666666666666666,-0.7333333333333333,0.0,0.0,0.0,1.0,0.0,82
0.6666666666666666,0.4619289340101524,-0.1875,-0.14891824053188613,0.29107981220657275,0.05376344086021505,0.0,0.0,0.0,-0.06666666666666667,0.0,0.0,1.0,0.0,0.0,2441
0.8333333333333334,-0.7715736040609137,0.875,-0.22768379202711048,-0.6422535211267606,-0.01075268817204301,0.0,3.5,-0.8333333333333334,0.9333333333333333,0.0,0.0,0.0,1.0,0.0,73
0.3333333333333333,-0.35025380710659904,-0.21875,1.365145862684823,-0.9812206572769953,0.8602150537634409,0.0,0.0,-0.3333333333333333,-0.6666666666666666,0.0,1.0,0.0,0.0,0.0,585
0.5,0.7411167512690356,0.09375,0.2705797236685667,-0.6863849765258216,1.118279569892473,0.0,0.0,0.0,0.8666666666666667,0.0,0.0,1.0,0.0,0.0,3113
0.9166666666666666,0.36548223350253806,-0.15625,-0.07312821817005527,0.29107981220657275,-0.01075268817204301,0.0,0.0,0.5,-0.5333333333333333,1.0,0.0,0.0,0.0,0.0,1142
-0.25,-0.07614213197969544,-0.5625,-0.7926654504863353,-0.28544600938967135,1.5376344086021503,0.0,0.0,-0.3333333333333333,0.06666666666666667,0.0,1.0,0.0,0.0,0.0,1013
-0.08333333333333333,0.1878172588832487,-0.6875,1.1844188200176686,0.038497652582159626,3.1397849462365595,0.0,0.0,-0.16666666666666666,-0.8,0.0,1.0,0.0,0.0,0.0,1021
0.4166666666666667,0.5025380710659898,-0.59375,0.7368002283746548,0.18309859154929578,1.8817204301075268,0.0,0.0,-0.16666666666666666,0.5333333333333333,0.0,1.0,0.0,0.0,0.0,1863
0.16666666666666666,-0.34517766497461927,-0.3125,0.5713209318579696,0.29107981220657275,0.4408602150537634,0.0,0.0,0.8333333333333334,0.3333333333333333,0.0,0.0,0.0,0.0,0.0,474
0.5,0.9593908629441624,-0.53125,0.3951330286481768,0.29107981220657275,1.10752688172043,0.0,0.0,0.3333333333333333,0.0,0.0,0.0,1.0,0.0,0.0,2481
-0.16666666666666666,0.40101522842639586,0.875,-0.3098055405697065,-1.0272300469483568,1.4301075268817205,0.0,0.0,0.0,0.7333333333333333,0.0,0.0,1.0,0.0,0.0,862
-0.25,-0.2487309644670051,0.28125,0.13927936789351517,-0.7596244131455399,1.236559139784946,0.0,0.0,-0.3333333333333333,-0.06666666666666667,1.0,1.0,0.0,0.0,0.0,513
0.3333333333333333,-0.416243654822335,-0.25,0.2058418822217645,-0.6647887323943662,0.4516129032258064,0.0,0.0,-0.8333333333333334,-0.13333333333333333,1.0,0.0,0.0,1.0,0.0,366
0.25,0.751269035532995,-0.53125,0.9933397872392326,-0.06666666666666667,3.172043010752688,0.0,0.0,0.0,0.3333333333333333,0.0,0.0,1.0,0.0,0.0,1276
0.25,-0.3553299492385787,-0.5625,1.0421797791354965,0.29107981220657275,1.2903225806451613,0.0,0.0,-0.5,0.26666666666666666,0.0,1.0,0.0,0.0,0.0,492
-0.6666666666666666,-1.1421319796954315,-0.09375,-0.7926654504863353,0.13427230046948357,-0.01075268817204301,0.0,0.0,-0.6666666666666666,-0.5333333333333333,0.0,0.0,0.0,1.0,0.0,46
0.3333333333333333,1.1624365482233503,-0.53125,-0.3098055405697065,0.29107981220657275,1.9139784946236558,0.0,0.0,0.16666666666666666,0.9333333333333333,0.0,0.0,1.0,0.0,0.0,845
-0.9166666666666666,-0.5380710659898477,-0.1875,-0.5816560227957038,-0.536150234741784,-0.01075268817204301,0.0,0.0,-0.5,-0.26666666666666666,0.0,1.0,0.0,0.0,0.0,163
0.25,0.5431472081218274,1.125,-0.39575298507290857,-1.0328638497652582,0.8279569892473118,0.0,0.0,0.16666666666666666,-0.9333333333333333,0.0,0.0,1.0,0.0,0.0,619
0.25,-0.19796954314720816,-0.71875,0.0707286024015658,0.10892018779342723,0.7741935483870968,0.0,0.0,0.8333333333333334,0.13333333333333333,1.0,0.0,0.0,0.0,0.0,1047
0.8333333333333334,0.7918781725888326,0.625,0.8933144384752442,-0.12300469483568074,-0.01075268817204301,0.0,0.0,0.3333333333333333,-0.7333333333333333,1.0,0.0,1.0,0.0,0.0,1286
0.4166666666666667,0.7208121827411167,-0.53125,1.780837692256701,0.29107981220657275,1.6129032258064515,0.0,0.0,0.5,-0.7333333333333333,0.0,0.0,0.0,0.0,0.0,2068
-0.9166666666666666,-0.5431472081218274,0.9375,-0.5816560227957038,-1.1530516431924882,-0.01075268817204301,0.0,0.0,-0.3333333333333333,-0.4666666666666667,0.0,1.0,0.0,0.0,0.0,140
0.3333333333333333,0.4771573604060913,1.1875,-1.0429616152145371,-1.2253521126760563,0.3225806451612903,0.0,0.0,-0.16666666666666666,0.06666666666666667,0.0,1.0,0.0,0.0,0.0,102
-0.4166666666666667,-0.5228426395939086,0.53125,-0.4861165064064858,0.29107981220657275,-0.01075268817204301,0.0,0.0,0.6666666666666666,1.0,0.0,0.0,0.0,0.0,0.0,1060
-0.6666666666666666,-1.467005076142132,-0.84375,0.6275737112096174,0.29107981220657275,-0.01075268817204301,0.0,0.9,-0.8333333333333334,0.5333333333333333,0.0,0.0,0.0,1.0,0.0,24
-0.9166666666666666,0.583756345177665,0.0,-0.4861165064064858,0.29107981220657275,-0.01075268817204301,0.0,0.0,0.3333333333333333,0.2,1.0,0.0,1.0,0.0,0.0,844
-0.25,0.7157360406091372,0.15625,0.0,-0.6075117370892019,1.8817204301075268,0.0,0.0,0.16666666666666666,0.2,0.0,0.0,1.0,0.0,0.0,985
-1.0,0.3807106598984772,0.78125,0.2058418822217645,-0.6873239436619718,-0.01075268817204301,0.0,0.0,0.5,0.06666666666666667,0.0,0.0,0.0,0.0,0.0,531
0.9166666666666666,0.6954314720812182,0.65625,0.2705797236685667,-0.0835680751173709,-0.01075268817204301,0.0,0.0,0.16666666666666666,0.2,0.0,0.0,1.0,0.0,0.0,1318
-0.08333333333333333,0.6954314720812182,0.78125,-0.4861165064064858,-0.5605633802816902,0.989247311827957,0.0,0.0,0.16666666666666666,-0.3333333333333333,0.0,0.0,1.0,0.0,0.0,792
0.3333333333333333,-0.7918781725888325,-0.9375,1.365145862684823,0.29107981220657275,0.5483870967741935,0.0,0.0,-0.8333333333333334,0.8,1.0,0.0,0.0,1.0,0.0,187
0.75,-0.7411167512690355,-0.78125,0.5713209318579696,0.29107981220657275,-0.01075268817204301,0.0,0.0,-0.6666666666666666,-0.06666666666666667,0.0,0.0,0.0,1.0,-1.0,134
0.8333333333333334,-0.5532994923857868,0.0,0.9437305196070348,0.29107981220657275,-0.01075268817204301,0.0,0.0,-0.6666666666666666,-0.2,0.0,0.0,0.0,1.0,0.0,291
0.75,0.42131979695431476,1.25,-0.14891824053188613,-1.4366197183098592,-0.01075268817204301,0.5,0.0,-0.16666666666666666,0.0,0.0,1.0,0.0,0.0,0.0,398
-0.08333333333333333,-0.7614213197969544,-0.34375,0.6275737112096174,0.2028169014084507,0.5913978494623656,0.0,3.0,-0.8333333333333334,1.0,0.0,0.0,0.0,1.0,0.0,144
0.5,0.868020304568528,-0.0625,0.5138834935935143,0.29107981220657275,0.10752688172043011,0.0,0.0,0.3333333333333333,0.4666666666666667,0.0,0.0,1.0,0.0,0.0,1447
-0.08333333333333333,-0.5888324873096447,-0.25,0.2058418822217645,-0.26666666666666666,1.064516129032258,0.0,0.0,1.0,-0.9333333333333333,1.0,0.0,0.0,1.0,0.0,388
-1.0,0.4568527918781726,0.8125,-0.91150831659757,-0.09107981220657277,-0.01075268817204301,0.0,0.0,0.5,-0.6666666666666666,0.0,0.0,0.0,0.0,0.0,963
0.0,-0.8121827411167513,-0.8125,0.682712243030312,0.08262910798122065,1.1505376344086022,0.0,2.3,1.0,0.2,0.0,0.0,0.0,1.0,0.0,191
-0.4166666666666667,-0.6040609137055838,0.59375,-0.6833781561418334,-0.6253521126760564,-0.01075268817204301,0.0,0.0,-0.5,-0.4666666666666667,0.0,1.0,0.0,0.0,0.0,574
-0.5,-0.28426395939086296,0.90625,0.3336351996355,-0.5821596244131455,0.0,0.0,0.0,-0.16666666666666666,-0.8666666666666667,0.0,1.0,0.0,0.0,0.0,469
0.16666666666666666,0.6497461928934011,0.03125,0.0,0.27793427230046946,1.4623655913978495,0.0,0.0,0.5,-0.13333333333333333,0.0,0.0,0.0,0.0,0.0,1199
-0.08333333333333333,0.17258883248730958,-1.3125,0.13927936789351517,0.28544600938967135,1.9247311827956988,0.0,0.0,-0.3333333333333333,-0.2,0.0,1.0,0.0,0.0,0.0,867
0.16666666666666666,-1.2131979695431472,-0.84375,1.4948257357364156,0.29107981220657275,1.3010752688172043,0.0,1.0,-0.8333333333333334,0.4666666666666667,0.0,0.0,0.0,1.0,0.0,169
-0.9166666666666666,0.5786802030456852,1.09375,0.455183241303237,-0.5305164319248826,-0.01075268817204301,0.5,0.0,0.3333333333333333,0.9333333333333333,0.0,0.0,1.0,0.0,0.0,99
-0.5833333333333334,0.2639593908629441,0.5,-0.07312821817005527,-0.5868544600938967,-0.01075268817204301,0.0,0.0,0.0,-0.6666666666666666,0.0,0.0,1.0,0.0,-1.0,218
-0.3333333333333333,-0.23857868020304565,1.1875,0.7898955205469734,-1.099530516431925,0.021505376344086016,5.0,0.0,-0.3333333333333333,0.4666666666666667,0.0,1.0,0.0,0.0,0.0,25
-0.9166666666666666,-0.43147208121827413,-0.125,-0.07312821817005527,-1.063849765258216,-0.01075268817204301,0.0,0.0,-0.6666666666666666,0.8,0.0,0.0,0.0,1.0,0.0,229
0.6666666666666666,-0.5482233502538072,-0.375,1.0421797791354965,0.29107981220657275,-0.01075268817204301,0.0,0.0,-0.5,0.26666666666666666,0.0,1.0,0.0,0.0,0.0,543
-0.3333333333333333,0.010152284263959355,0.0,-0.07312821817005527,0.29107981220657275,1.3655913978494623,0.0,0.0,-0.16666666666666666,0.2,1.0,1.0,0.0,0.0,0.0,766
0.4166666666666667,0.2588832487309645,0.84375,0.2058418822217645,-1.1183098591549296,0.2903225806451613,1.0,0.0,-0.16666666666666666,0.4,0.0,1.0,0.0,0.0,-1.0,50
-0.9166666666666666,-0.9289340101522844,-0.40625,-0.3098055405697065,-0.24225352112676057,-0.01075268817204301,0.0,0.0,-0.6666666666666666,-0.4666666666666667,0.0,0.0,0.0,1.0,0.0,159
-0.9166666666666666,-0.5786802030456853,-0.5625,0.9933397872392326,-0.3671361502347418,-0.01075268817204301,0.0,0.0,0.8333333333333334,0.4,0.0,0.0,0.0,0.0,0.0,382
0.8333333333333334,0.5076142131979695,0.6875,0.8420508501474621,0.1596244131455399,-0.01075268817204301,0.0,0.0,0.3333333333333333,0.5333333333333333,0.0,0.0,1.0,0.0,0.0,1202
-0.4166666666666667,0.7309644670050761,0.09375,-0.3098055405697065,0.27511737089201876,0.2903225806451613,0.0,0.0,0.16666666666666666,1.0,0.0,0.0,1.0,0.0,0.0,1091
0.5833333333333334,0.6192893401015228,0.8125,-0.3098055405697065,-0.6375586854460094,0.07526881720430108,0.5,0.0,0.16666666666666666,-0.4,0.0,0.0,1.0,0.0,0.0,794
0.0,-0.6040609137055838,-0.90625,-0.91150831659757,-0.4666666666666667,0.9354838709677419,0.0,0.0,-0.6666666666666666,-0.4666666666666667,0.0,0.0,0.0,1.0,0.0,260
0.6666666666666666,0.4974619289340102,1.25,1.0421797791354965,-1.4150234741784038,-0.01075268817204301,15.5,0.0,0.3333333333333333,0.8,0.0,0.0,1.0,0.0,0.0,10
0.08333333333333333,-0.27918781725888325,-0.6875,-0.14891824053188613,0.19248826291079812,0.5268817204301075,0.0,0.0,0.8333333333333334,0.3333333333333333,0.0,0.0,0.0,0.0,0.0,623
-0.08333333333333333,0.2284263959390863,0.875,-0.3098055405697065,-1.2009389671361503,0.47311827956989244,0.0,0.0,-0.16666666666666666,-0.9333333333333333,0.0,1.0,0.0,0.0,0.0,206
0.0,-0.8934010152284265,-0.90625,1.2759719533904954,0.2892018779342723,1.1505376344086022,0.0,0.0,1.0,0.0,1.0,0.0,0.0,1.0,0.0,252
0.25,0.6802030456852791,-0.75,0.8420508501474621,0.28826291079812205,2.838709677419355,0.0,0.0,0.5,-0.5333333333333333,1.0,0.0,0.0,0.0,0.0,1792
-0.5833333333333334,0.5279187817258882,0.8125,-1.0429616152145371,-0.8544600938967136,-0.01075268817204301,0.0,0.0,0.16666666666666666,0.13333333333333333,0.0,0.0,1.0,0.0,0.0,327
0.4166666666666667,1.0913705583756346,-0.125,0.0,-0.0676056338028169,1.9032258064516128,0.0,0.0,0.3333333333333333,-0.6666666666666666,0.0,0.0,1.0,0.0,0.0,1063
-0.16666666666666666,0.583756345177665,0.09375,0.0,-1.051643192488263,2.4946236559139785,0.0,0.0,0.0,0.5333333333333333,1.0,0.0,1.0,0.0,0.0,763
-0.5833333333333334,0.2690355329949239,0.125,-0.22768379202711048,0.29107981220657275,-0.01075268817204301,0.0,0.0,0.0,-0.3333333333333333,0.0,0.0,1.0,0.0,0.0,324
0.6666666666666666,-0.6243654822335026,1.15625,-0.7926654504863353,-1.3727699530516433,-0.01075268817204301,0.0,1.0,1.0,-0.6666666666666666,0.0,0.0,0.0,1.0,0.0,190
0.0,0.781725888324873,-0.53125,0.5138834935935143,-0.8272300469483568,3.3763440860215055,0.0,0.0,0.0,0.5333333333333333,1.0,0.0,1.0,0.0,0.0,1042
-0.75,0.284263959390863,0.46875,-0.7926654504863353,-0.3004694835680751,-0.01075268817204301,0.0,0.0,0.0,-0.7333333333333333,0.0,0.0,1.0,0.0,0.0,314
0.6666666666666666,-0.5279187817258884,-0.46875,0.5713209318579696,0.29107981220657275,-0.01075268817204301,0.0,0.0,0.8333333333333334,0.4,0.0,0.0,0.0,0.0,0.0,777
-0.75,-0.08629441624365479,0.90625,0.0707286024015658,0.12112676056338029,-0.01075268817204301,0.5,0.0,0.8333333333333334,-0.5333333333333333,0.0,0.0,0.0,0.0,0.0,78
0.5,-0.5329949238578681,0.84375,0.13927936789351517,-1.4582159624413145,-0.01075268817204301,0.3,0.0,1.0,0.9333333333333333,1.0,0.0,0.0,1.0,0.0,45
0.5833333333333334,0.9492385786802032,0.25,-0.5816560227957038,0.19154929577464788,0.09677419354838711,0.0,0.0,0.3333333333333333,-0.6666666666666666,0.0,0.0,1.0,0.0,0.0,1548
-0.08333333333333333,0.36040609137055846,0.78125,-0.39575298507290857,0.29107981220657275,0.30107526881720426,0.3,0.0,0.16666666666666666,-0.4666666666666667,0.0,0.0,1.0,0.0,0.0,186
0.6666666666666666,0.13705583756345174,-1.09375,-0.4861165064064858,0.29107981220657275,-0.01075268817204301,0.0,0.0,-0.3333333333333333,-0.2,0.0,1.0,0.0,0.0,0.0,1359
-0.9166666666666666,-0.18274111675126903,0.15625,1.137688257706579,0.29107981220657275,-0.01075268817204301,0.0,0.0,0.6666666666666666,0.7333333333333333,1.0,0.0,0.0,0.0,0.0,585
0.25,0.7868020304568528,-0.59375,1.0902852095090052,-0.8835680751173709,2.2688172043010755,0.0,0.0,0.0,-0.7333333333333333,0.0,0.0,1.0,0.0,0.0,1250
-0.75,0.7918781725888326,0.40625,-1.1921678124288753,0.2460093896713615,-0.01075268817204301,0.0,0.0,0.3333333333333333,-0.06666666666666667,0.0,0.0,1.0,0.0,-1.0,474
0.8333333333333334,-1.0203045685279188,-0.21875,-0.7926654504863353,0.28169014084507044,-0.01075268817204301,0.0,0.0,1.0,0.06666666666666667,1.0,0.0,0.0,1.0,0.0,172
0.6666666666666666,-0.7005076142131981,0.6875,0.0,0.20938967136150236,-0.01075268817204301,0.0,0.0,1.0,-1.0,0.0,0.0,0.0,1.0,0.0,426
0.6666666666666666,-1.2741116751269037,-0.25,0.2058418822217645,0.24694835680751173,-0.01075268817204301,0.0,0.0,-0.8333333333333334,-0.3333333333333333,0.0,0.0,0.0,1.0,0.0,177
0.5,0.36040609137055846,1.25,-0.6833781561418334,-1.3784037558685447,0.13978494623655913,21.5,0.0,0.0,0.8,0.0,0.0,1.0,0.0,0.0,596
-0.08333333333333333,-0.29949238578680204,-0.09375,0.0707286024015658,-1.1830985915492958,2.2043010752688175,0.0,0.0,-0.5,-0.3333333333333333,1.0,1.0,0.0,0.0,0.0,425
-0.9166666666666666,-0.5329949238578681,-0.15625,-0.6833781561418334,0.29107981220657275,-0.01075268817204301,0.0,0.0,-0.5,0.06666666666666667,1.0,1.0,0.0,0.0,0.0,366
0.8333333333333334,0.5888324873096448,-0.125,0.3336351996355,0.29107981220657275,-0.01075268817204301,0.0,0.0,0.5,-1.0,1.0,0.0,0.0,0.0,0.0,992
0.16666666666666666,-0.21827411167512695,-0.59375,0.682712243030312,-0.29389671361502345,2.7096774193548385,0.0,0.0,-0.5,-0.4,1.0,1.0,0.0,0.0,0.0,906
-0.6666666666666666,-0.34517766497461927,0.9375,-0.22768379202711048,-1.0422535211267605,-0.01075268817204301,0.0,0.0,0.8333333333333334,0.3333333333333333,0.0,0.0,0.0,0.0,0.0,97
0.5,-0.40609137055837563,-0.125,0.0,0.006572769953051643,-0.01075268817204301,0.0,0.0,1.0,-0.9333333333333333,1.0,0.0,0.0,1.0,0.0,489
0.8333333333333334,0.005076142131979678,0.5,0.3336351996355,-0.9821596244131455,-0.01075268817204301,0.0,0.0,-0.5,0.8,0.0,1.0,0.0,0.0,0.0,907
-0.75,0.8223350253807107,0.0,0.0,0.25727699530516435,-0.01075268817204301,0.0,0.0,0.3333333333333333,-0.8,1.0,0.0,1.0,0.0,0.0,435
-0.08333333333333333,0.48730964467005083,-1.1875,0.3336351996355,-0.4863849765258216,3.053763440860215,0.0,0.0,-0.3333333333333333,0.3333333333333333,1.0,1.0,0.0,0.0,0.0,872
0.8333333333333334,-0.3197969543147208,1.21875,-0.39575298507290857,-0.9295774647887324,-0.01075268817204301,0.0,0.0,-0.3333333333333333,-0.7333333333333333,0.0,1.0,0.0,0.0,0.0,77
-0.6666666666666666,0.005076142131979678,0.3125,0.0707286024015658,-1.0976525821596244,-0.01075268817204301,0.0,0.0,-0.3333333333333333,0.3333333333333333,1.0,1.0,0.0,0.0,0.0,166
-0.4166666666666667,0.30456852791878175,-0.15625,-0.5816560227957038,0.12018779342723004,0.48387096774193544,0.0,0.0,0.0,-0.8,0.0,0.0,1.0,0.0,0.0,1505
0.6666666666666666,0.3451776649746193,1.1875,-0.5816560227957038,-0.29859154929577464,0.01075268817204301,1.0,0.0,0.16666666666666666,-0.4666666666666667,0.0,0.0,1.0,0.0,0.0,48
-0.08333333333333333,-0.7106598984771574,-1.125,-0.14891824053188613,0.23098591549295774,0.9999999999999999,0.0,0.0,1.0,-1.0,0.0,0.0,0.0,1.0,0.0,360
-0.3333333333333333,0.38578680203045695,0.28125,-0.39575298507290857,-0.8384976525821596,0.6559139784946236,0.0,0.0,0.0,0.2,0.0,0.0,1.0,0.0,0.0,2430
-0.9166666666666666,-0.6852791878172589,-0.4375,0.13927936789351517,-0.4131455399061033,-0.01075268817204301,0.0,0.0,-0.8333333333333334,0.2,0.0,0.0,0.0,1.0,0.0,207
-0.75,-0.751269035532995,0.71875,-0.6833781561418334,-1.2187793427230047,-0.01075268817204301,0.0,0.0,-0.6666666666666666,0.26666666666666666,0.0,0.0,0.0,1.0,0.0,63
-0.5833333333333334,0.050761421319796954,1.15625,0.3336351996355,-1.1295774647887324,-0.01075268817204301,0.0,0.0,-0.5,-0.06666666666666667,0.0,1.0,0.0,0.0,0.0,8
-0.25,-0.15228426395939088,-0.03125,-0.22768379202711048,0.04788732394366197,1.043010752688172,0.0,0.0,0.6666666666666666,0.3333333333333333,1.0,0.0,0.0,0.0,0.0,679
-0.4166666666666667,-0.15228426395939088,0.40625,-0.3098055405697065,-1.1333333333333333,0.03225806451612903,0.0,0.0,-0.5,0.9333333333333333,0.0,1.0,0.0,0.0,0.0,747
-0.9166666666666666,0.0812182741116751,1.25,0.13927936789351517,-1.424413145539906,-0.01075268817204301,0.2,0.0,-0.16666666666666666,-0.2,1.0,1.0,0.0,0.0,0.0,178
0.5,-1.0659898477157361,-0.90625,0.3336351996355,0.29107981220657275,0.01075268817204301,0.0,0.0,-0.8333333333333334,-0.26666666666666666,0.0,0.0,0.0,1.0,0.0,405
-0.3333333333333333,-0.07614213197969544,0.9375,-0.39575298507290857,-1.3089201877934273,0.09677419354838711,1.0,0.0,-0.16666666666666666,-0.26666666666666666,1.0,1.0,0.0,0.0,0.0,20
0.08333333333333333,0.1624365482233502,-0.3125,-0.07312821817005527,0.29107981220657275,3.473118279569893,0.0,0.0,-0.3333333333333333,-0.8,0.0,1.0,0.0,0.0,0.0,951
-0.9166666666666666,-0.969543147208122,0.5625,0.13927936789351517,0.27417840375586855,-0.01075268817204301,0.0,0.8,-0.8333333333333334,-0.4,0.0,0.0,0.0,1.0,0.0,78
-0.25,-0.04568527918781728,0.0,-0.4861165064064858,-0.780281690140845,1.043010752688172,0.0,0.0,-0.5,1.0,1.0,1.0,0.0,0.0,0.0,642
0.25,-0.2741116751269036,1.21875,0.2705797236685667,-1.2018779342723005,0.26881720430107525,0.5,0.0,-0.3333333333333333,-0.7333333333333333,0.0,1.0,0.0,0.0,0.0,37
-0.8333333333333334,-0.09137055837563456,0.1875,-0.91150831659757,-0.7380281690140845,-0.01075268817204301,0.0,0.0,-0.3333333333333333,0.26666666666666666,0.0,1.0,0.0,0.0,0.0,305
-0.75,-0.10152284263959391,0.125,-0.07312821817005527,-0.27323943661971833,-0.01075268817204301,0.0,0.0,0.6666666666666666,0.0,0.0,0.0,0.0,0.0,0.0,253
0.25,-0.5279187817258884,-1.0,1.3208447570935795,0.29107981220657275,0.9569892473118279,0.0,0.0,1.0,1.0,1.0,0.0,0.0,1.0,-1.0,300
-0.3333333333333333,0.4365482233502539,-0.40625,-0.07312821817005527,-0.23943661971830985,1.236559139784946,0.0,0.0,0.0,-0.8,0.0,0.0,1.0,0.0,0.0,2287
-1.0,-1.1928934010152286,-0.71875,-0.3098055405697065,0.29107981220657275,-0.01075268817204301,0.0,0.0,-0.8333333333333334,0.9333333333333333,0.0,0.0,0.0,1.0,0.0,108
0.8333333333333334,-0.4517766497461929,-0.28125,0.455183241303237,0.0863849765258216,-0.01075268817204301,0.0,0.0,0.8333333333333334,0.3333333333333333,0.0,0.0,0.0,0.0,0.0,825
0.5833333333333334,0.08629441624365479,0.09375,0.9933397872392326,-0.571830985915493,0.08602150537634408,0.0,0.0,-0.5,0.9333333333333333,0.0,1.0,0.0,0.0,0.0,1268
-0.8333333333333334,0.2690355329949239,1.28125,0.0,-1.3643192488262912,-0.01075268817204301,0.5,0.0,-0.16666666666666666,0.13333333333333333,0.0,1.0,0.0,0.0,0.0,48
-0.6666666666666666,-0.6345177664974619,-0.4375,-0.5816560227957038,-0.4103286384976526,-0.01075268817204301,0.0,0.0,-0.8333333333333334,-0.5333333333333333,0.0,0.0,0.0,1.0,0.0,46
-0.4166666666666667,-0.21827411167512695,0.46875,-0.39575298507290857,0.29107981220657275,0.0,0.0,0.0,0.6666666666666666,-0.5333333333333333,0.0,0.0,0.0,0.0,0.0,1206
0.3333333333333333,0.7258883248730965,-0.46875,0.13927936789351517,0.26666666666666666,2.118279569892473,0.0,0.0,0.5,-0.26666666666666666,0.0,0.0,0.0,0.0,0.0,1494
-0.25,0.2944162436548224,0.15625,-0.5816560227957038,0.19154929577464788,1.21505376344086,0.0,0.0,-0.16666666666666666,0.4,0.0,1.0,0.0,0.0,-1.0,912
0.25,0.09137055837563456,-0.625,0.2058418822217645,0.07887323943661972,1.6021505376344085,0.0,0.0,0.8333333333333334,-0.2,0.0,0.0,0.0,0.0,0.0,980
-0.9166666666666666,0.40609137055837563,0.25,-0.39575298507290857,0.29107981220657275,-0.01075268817204301,0.0,0.0,0.5,-0.2,0.0,0.0,0.0,0.0,0.0,736
0.0,0.05583756345177664,-0.125,0.6275737112096174,-1.260093896713615,2.838709677419355,0.0,0.0,-0.5,0.6666666666666666,0.0,1.0,0.0,0.0,0.0,492
0.3333333333333333,-0.9847715736040609,-1.03125,1.137688257706579,0.29107981220657275,1.5376344086021503,0.0,0.0,-0.6666666666666666,-0.6666666666666666,0.0,0.0,0.0,1.0,0.0,175
-0.5,-0.30456852791878175,0.90625,-0.14891824053188613,-0.3652582159624413,-0.01075268817204301,0.0,0.0,0.6666666666666666,0.6,0.0,0.0,0.0,0.0,0.0,450
-0.5833333333333334,-1.071065989847716,-0.25,-0.14891824053188613,0.29107981220657275,-0.01075268817204301,0.0,0.0,-0.8333333333333334,-0.8,0.0,0.0,0.0,1.0,0.0,66
0.9166666666666666,-1.416243654822335,-0.59375,0.7368002283746548,0.04507042253521127,-0.01075268817204301,0.0,0.3,-0.8333333333333334,0.6666666666666666,0.0,0.0,0.0,1.0,0.0,89
0.3333333333333333,0.49238578680203043,-0.84375,1.5787787158685695,0.09107981220657277,1.5913978494623655,0.0,0.0,-0.16666666666666666,-0.7333333333333333,1.0,1.0,0.0,0.0,0.0,1223
0.5,-0.3147208121827411,0.46875,-0.6833781561418334,-1.0892018779342723,-0.01075268817204301,0.0,0.4,0.8333333333333334,0.6,1.0,0.0,0.0,0.0,0.0,663
0.0,-0.04568527918781728,-0.65625,0.682712243030312,0.0892018779342723,2.2903225806451615,0.0,0.0,0.8333333333333334,-1.0,0.0,0.0,0.0,0.0,0.0,926
-0.16666666666666666,-0.852791878172589,-0.21875,-0.14891824053188613,-0.26572769953051645,0.41935483870967744,0.0,0.0,-0.8333333333333334,-0.7333333333333333,0.0,0.0,0.0,1.0,0.0,232
0.3333333333333333,-1.101522842639594,-0.5625,0.7898955205469734,0.10985915492957747,0.6666666666666666,0.0,0.0,-0.8333333333333334,-0.3333333333333333,0.0,0.0,0.0,1.0,0.0,179
0.5833333333333334,0.5888324873096448,0.53125,0.3951330286481768,-0.5492957746478874,-0.01075268817204301,0.5,0.0,0.3333333333333333,0.9333333333333333,0.0,0.0,1.0,0.0,0.0,1707
-0.16666666666666666,0.22335025380710655,-0.03125,1.0421797791354965,0.21502347417840376,2.817204301075269,0.0,0.0,-0.16666666666666666,0.4666666666666667,0.0,1.0,0.0,0.0,0.0,871
-0.5833333333333334,-1.3451776649746194,-0.125,-0.6833781561418334,0.11267605633802817,-0.01075268817204301,0.0,0.0,-0.6666666666666666,-0.6,0.0,0.0,0.0,1.0,0.0,45
-0.08333333333333333,-0.8426395939086295,-0.5625,-0.22768379202711048,-0.18309859154929578,1.6451612903225805,0.0,0.0,-0.6666666666666666,-0.5333333333333333,0.0,0.0,0.0,1.0,0.0,217
-0.5833333333333334,0.1878172588832487,0.9375,-0.7926654504863353,0.29107981220657275,-0.01075268817204301,0.0,0.0,0.0,-0.26666666666666666,0.0,0.0,1.0,0.0,0.0,296
-0.5833333333333334,-0.22335025380710663,-0.71875,-0.4861165064064858,0.29107981220657275,-0.01075268817204301,0.0,0.0,-0.3333333333333333,-0.2,0.0,1.0,0.0,0.0,0.0,156
-0.75,0.40609137055837563,0.875,-1.5998067240225886,-0.38309859154929576,-0.01075268817204301,0.0,0.0,0.5,-0.6666666666666666,0.0,0.0,0.0,0.0,0.0,320
-0.75,-1.4923857868020305,-0.71875,0.8420508501474621,0.29107981220657275,-0.01075268817204301,0.0,0.5,-0.8333333333333334,0.6666666666666666,0.0,0.0,0.0,1.0,0.0,41
0.8333333333333334,0.4619289340101524,0.09375,-0.39575298507290857,0.29107981220657275,-0.01075268817204301,0.0,0.0,0.5,-0.26666666666666666,0.0,0.0,0.0,0.0,0.0,1824
0.16666666666666666,0.010152284263959355,-0.21875,1.2305047302068106,-0.4431924882629108,2.4623655913978495,0.0,0.0,-0.3333333333333333,-0.06666666666666667,1.0,1.0,0.0,0.0,0.0,1083
-0.08333333333333333,1.015228426395939,-0.28125,0.5713209318579696,0.26103286384976526,2.903225806451613,0.0,0.0,0.3333333333333333,0.0,0.0,0.0,1.0,0.0,0.0,672
0.75,-0.3401015228426396,0.5,0.5138834935935143,-0.9014084507042254,-0.01075268817204301,0.0,0.0,0.8333333333333334,0.0,0.0,0.0,0.0,0.0,0.0,907
-0.4166666666666667,0.3299492385786802,0.625,0.13927936789351517,-1.028169014084507,0.30107526881720426,0.0,0.0,0.0,0.26666666666666666,0.0,0.0,1.0,0.0,0.0,1629
-0.9166666666666666,0.4720812182741117,0.84375,-0.4861165064064858,-0.8103286384976526,-0.01075268817204301,0.0,0.0,0.5,0.0,1.0,0.0,0.0,0.0,0.0,764
0.3333333333333333,-0.07614213197969544,0.125,1.1844188200176686,-0.29671361502347415,0.6021505376344085,0.0,0.0,-0.3333333333333333,-0.06666666666666667,1.0,1.0,0.0,0.0,0.0,124
0.3333333333333333,0.7664974619289341,0.78125,1.0902852095090052,-0.6272300469483568,0.13978494623655913,0.0,0.0,0.16666666666666666,0.8,1.0,0.0,1.0,0.0,0.0,706
-0.75,0.10152284263959391,0.5,-0.39575298507290857,0.29107981220657275,-0.01075268817204301,0.0,0.0,0.5,0.8666666666666667,1.0,0.0,0.0,0.0,0.0,493
-0.4166666666666667,-0.7208121827411167,0.6875,-0.6833781561418334,-1.343661971830986,-0.01075268817204301,0.0,0.0,1.0,0.9333333333333333,1.0,0.0,0.0,1.0,0.0,88
0.4166666666666667,0.9593908629441624,-0.21875,0.455183241303237,0.29107981220657275,2.053763440860215,0.0,0.0,0.16666666666666666,-0.8666666666666667,0.0,0.0,1.0,0.0,0.0,1783
0.16666666666666666,0.2944162436548224,0.8125,0.5138834935935143,0.29107981220657275,0.8817204301075268,0.5,0.0,0.5,0.26666666666666666,0.0,0.0,0.0,0.0,0.0,573
-0.75,-0.28426395939086296,-0.375,-0.6833781561418334,0.07511737089201878,-0.01075268817204301,0.0,0.0,-0.3333333333333333,0.13333333333333333,0.0,1.0,0.0,0.0,0.0,164
-0.9166666666666666,-0.19289340101522848,0.1875,0.3951330286481768,-0.07511737089201878,-0.01075268817204301,0.0,0.0,-0.16666666666666666,-0.8,0.0,1.0,0.0,0.0,0.0,480
-0.3333333333333333,-0.5431472081218274,0.78125,-0.22768379202711048,-1.3615023474178405,0.1935483870967742,0.0,0.0,-0.5,-0.3333333333333333,1.0,1.0,0.0,0.0,0.0,212
-0.5833333333333334,-0.44670050761421326,0.46875,-2.15665183283064,-0.3568075117370892,-0.01075268817204301,0.0,0.0,0.8333333333333334,-0.2,0.0,0.0,0.0,0.0,0.0,162
-0.4166666666666667,-1.5076142131979695,-0.75,0.455183241303237,0.29107981220657275,-0.01075268817204301,0.0,0.7,-0.8333333333333334,0.6,0.0,0.0,0.0,1.0,0.0,165
-0.3333333333333333,-0.3299492385786802,0.21875,-0.5816560227957038,-0.9455399061032864,0.021505376344086016,0.0,0.0,0.8333333333333334,0.0,0.0,0.0,0.0,0.0,0.0,1692
0.08333333333333333,1.1472081218274113,-0.59375,-0.39575298507290857,0.29107981220657275,3.3440860215053765,0.0,0.0,0.16666666666666666,1.0,0.0,0.0,1.0,0.0,0.0,623
0.9166666666666666,0.8172588832487311,0.1875,-1.5998067240225886,0.29107981220657275,-0.01075268817204301,0.0,0.0,0.3333333333333333,-0.2,0.0,0.0,1.0,0.0,0.0,1086
-0.5,0.5329949238578681,0.875,-0.4861165064064858,-0.1136150234741784,0.01075268817204301,0.0,0.0,0.16666666666666666,0.0,0.0,0.0,1.0,0.0,0.0,703
-0.8333333333333334,-0.015228426395939123,0.625,-0.22768379202711048,0.2647887323943662,-0.01075268817204301,0.0,0.0,0.6666666666666666,-0.8666666666666667,0.0,0.0,0.0,0.0,-1.0,685
-0.08333333333333333,0.9238578680203046,0.03125,-0.3098055405697065,-0.09953051643192488,1.3548387096774193,0.0,0.0,0.3333333333333333,-0.2,0.0,0.0,1.0,0.0,0.0,677
0.08333333333333333,0.8984771573604061,-0.65625,0.3336351996355,-0.6272300469483568,3.1182795698924735,0.0,0.0,0.0,0.6,0.0,0.0,1.0,0.0,0.0,1073
-1.0,0.3908629441624365,0.09375,-0.4861165064064858,0.09295774647887324,-0.01075268817204301,0.0,0.0,0.0,-0.6666666666666666,0.0,0.0,1.0,0.0,-1.0,1268
0.4166666666666667,0.3299492385786802,-0.90625,-0.6833781561418334,0.29107981220657275,0.8387096774193549,0.0,0.0,0.6666666666666666,-0.5333333333333333,0.0,0.0,0.0,0.0,0.0,2127
-0.8333333333333334,-1.2385786802030456,0.0,0.7368002283746548,0.19718309859154928,-0.01075268817204301,0.0,0.0,-0.8333333333333334,-0.3333333333333333,0.0,0.0,0.0,1.0,0.0,89
0.16666666666666666,0.6700507614213198,-0.53125,1.0421797791354965,0.12394366197183099,3.0,0.0,0.0,0.5,0.06666666666666667,0.0,0.0,0.0,0.0,0.0,1092
0.6666666666666666,-0.0406091370558376,0.5625,0.3336351996355,-1.180281690140845,-0.01075268817204301,0.0,0.0,0.8333333333333334,-0.7333333333333333,0.0,0.0,0.0,0.0,0.0,1464
-0.25,-0.13197969543147206,0.09375,-0.4861165064064858,0.28826291079812205,0.989247311827957,0.0,0.0,0.6666666666666666,0.13333333333333333,0.0,0.0,0.0,0.0,0.0,1165
0.3333333333333333,0.1827411167512691,1.25,0.13927936789351517,-1.228169014084507,0.15053763440860213,6.0,0.0,0.6666666666666666,-0.7333333333333333,0.0,0.0,0.0,0.0,0.0,28
0.4166666666666667,0.45177664974619286,-1.0625,0.5713209318579696,0.29107981220657275,2.021505376344086,0.0,0.0,-0.16666666666666666,0.26666666666666666,1.0,1.0,0.0,0.0,0.0,2310
-0.5833333333333334,-0.16751269035532998,0.5,-0.5816560227957038,-0.5192488262910798,-0.01075268817204301,0.0,0.0,-0.3333333333333333,0.6666666666666666,0.0,1.0,0.0,0.0,0.0,180
0.4166666666666667,1.0000000000000002,-0.0625,0.7368002283746548,-0.08450704225352113,0.5806451612903226,0.0,0.0,0.3333333333333333,-0.2,0.0,0.0,1.0,0.0,0.0,1358
-0.8333333333333334,0.015228426395939123,0.40625,-0.14891824053188613,-0.30704225352112674,-0.01075268817204301,0.0,0.0,-0.5,-0.13333333333333333,0.0,1.0,0.0,0.0,0.0,226
-0.5,0.3807106598984772,0.21875,-0.39575298507290857,0.29107981220657275,0.021505376344086016,0.0,0.0,0.16666666666666666,-0.4666666666666667,0.0,0.0,1.0,0.0,0.0,486
-0.25,0.06598984771573609,1.1875,-0.39575298507290857,-0.6610328638497652,0.5591397849462365,0.0,0.0,-0.16666666666666666,-0.2,1.0,1.0,0.0,0.0,0.0,579
0.8333333333333334,-0.6852791878172589,-0.03125,-0.5816560227957038,-0.13708920187793427,-0.01075268817204301,0.0,0.0,-0.8333333333333334,0.2,0.0,0.0,0.0,1.0,0.0,292
-0.5833333333333334,0.04568527918781728,0.5,-1.0429616152145371,-0.6685446009389672,-0.01075268817204301,0.0,0.0,-0.16666666666666666,0.6666666666666666,1.0,1.0,0.0,0.0,0.0,198
-0.5,-1.0406091370558377,0.15625,-0.14891824053188613,0.13145539906103287,-0.01075268817204301,0.0,0.0,-0.6666666666666666,-0.9333333333333333,0.0,0.0,0.0,1.0,0.0,115
0.08333333333333333,0.21319796954314718,1.0,1.780837692256701,0.29107981220657275,0.6559139784946236,0.5,0.0,0.6666666666666666,-0.6666666666666666,1.0,0.0,0.0,0.0,0.0,529
-0.5833333333333334,0.5126903553299493,0.96875,-1.3691539278131721,-1.019718309859155,-0.01075268817204301,0.0,0.0,0.16666666666666666,0.2,0.0,0.0,1.0,0.0,0.0,329
0.9166666666666666,-0.5634517766497462,0.0625,0.9933397872392326,0.29107981220657275,-0.01075268817204301,0.0,0.0,-0.6666666666666666,-0.2,0.0,0.0,0.0,1.0,0.0,211
-0.5,-1.4416243654822334,-0.375,0.5138834935935143,0.29107981220657275,-0.01075268817204301,0.0,0.0,-0.8333333333333334,-0.26666666666666666,0.0,0.0,0.0,1.0,0.0,92
-0.3333333333333333,-0.8984771573604061,0.65625,-2.15665183283064,-0.16150234741784036,0.0,0.0,0.2,1.0,-0.6666666666666666,0.0,0.0,0.0,1.0,0.0,802
0.6666666666666666,-1.380710659898477,-0.6875,0.13927936789351517,0.17652582159624414,-0.01075268817204301,0.0,0.3,-0.8333333333333334,0.6666666666666666,0.0,0.0,0.0,1.0,0.0,121
-0.9166666666666666,0.2690355329949239,-0.09375,-1.5998067240225886,0.29107981220657275,-0.01075268817204301,0.0,0.0,0.5,-0.4666666666666667,1.0,0.0,0.0,0.0,0.0,835
-0.5,0.23350253807106608,0.96875,-0.3098055405697065,-1.331455399061033,0.021505376344086016,0.0,0.0,0.0,-0.6,0.0,0.0,1.0,0.0,0.0,716
-0.75,-0.9289340101522844,-0.03125,-0.7926654504863353,-0.17370892018779344,-0.01075268817204301,0.0,0.0,-0.8333333333333334,-0.6,1.0,0.0,0.0,1.0,0.0,102
-0.25,-0.09644670050761424,-0.1875,-0.5816560227957038,-1.1192488262910798,0.8924731182795698,0.0,0.0,-0.5,0.7333333333333333,0.0,1.0,0.0,0.0,0.0,699
-0.75,-0.34517766497461927,0.4375,-0.39575298507290857,0.29107981220657275,-0.01075268817204301,0.0,0.0,0.6666666666666666,-0.3333333333333333,0.0,0.0,0.0,0.0,0.0,218
-0.4166666666666667,0.5431472081218274,0.53125,-0.6833781561418334,-0.9708920187793427,0.3655913978494623,0.0,0.0,0.16666666666666666,0.13333333333333333,0.0,0.0,1.0,0.0,0.0,1308
-0.08333333333333333,0.6395939086294418,-0.625,0.5713209318579696,-0.5737089201877934,2.989247311827957,0.0,0.0,0.0,-0.8,0.0,0.0,1.0,0.0,0.0,1008
0.75,0.9949238578680204,-0.28125,-0.3098055405697065,0.29107981220657275,-0.01075268817204301,0.0,0.0,0.16666666666666666,0.9333333333333333,0.0,0.0,1.0,0.0,0.0,1875
-0.08333333333333333,0.5736040609137056,-0.65625,0.2058418822217645,-0.6732394366197183,2.89247311827957,0.0,0.0,-0.16666666666666666,-0.06666666666666667,0.0,1.0,0.0,0.0,0.0,944
0.08333333333333333,0.9898477157360407,-0.1875,0.6275737112096174,-0.5539906103286385,3.311827956989247,0.0,0.0,0.16666666666666666,0.0,0.0,0.0,1.0,0.0,0.0,727
0.25,0.24365482233502542,-1.125,0.7368002283746548,0.29107981220657275,2.1612903225806455,0.0,0.0,0.6666666666666666,0.06666666666666667,0.0,0.0,0.0,0.0,0.0,1175
-0.25,-0.17258883248730966,-0.46875,-0.5816560227957038,0.20751173708920187,1.6774193548387097,0.0,0.0,-0.3333333333333333,0.0,0.0,1.0,0.0,0.0,0.0,922
-0.3333333333333333,-0.30456852791878175,0.46875,-0.3098055405697065,-0.9323943661971831,0.3548387096774194,0.0,0.0,0.6666666666666666,-0.13333333333333333,1.0,0.0,0.0,0.0,0.0,556
-0.3333333333333333,-0.6700507614213198,0.1875,-1.0429616152145371,-0.5164319248826291,-0.01075268817204301,0.0,0.0,-0.8333333333333334,0.26666666666666666,1.0,0.0,0.0,1.0,0.0,191
-0.6666666666666666,0.015228426395939123,1.28125,0.8420508501474621,-1.5615023474178404,-0.01075268817204301,0.0,0.0,-0.16666666666666666,-0.2,1.0,1.0,0.0,0.0,0.0,83
-0.5833333333333334,-0.5177664974619289,0.46875,-2.15665183283064,0.2403755868544601,-0.01075268817204301,0.0,0.0,0.8333333333333334,-1.0,0.0,0.0,0.0,0.0,0.0,154
-0.25,0.21319796954314718,-0.9375,-0.14891824053188613,0.29107981220657275,2.1612903225806455,0.0,0.0,-0.16666666666666666,0.3333333333333333,0.0,1.0,0.0,0.0,0.0,1118
0.5833333333333334,0.10152284263959391,0.1875,0.13927936789351517,0.07887323943661972,-0.01075268817204301,0.0,0.0,0.6666666666666666,0.0,0.0,0.0,0.0,0.0,0.0,1867
-0.4166666666666667,0.3197969543147209,0.6875,-0.4861165064064858,0.29107981220657275,0.12903225806451613,0.0,0.0,0.5,-0.7333333333333333,0.0,0.0,0.0,0.0,0.0,1487
0.25,-0.41116751269035534,-1.15625,0.455183241303237,0.18779342723004694,0.8494623655913979,0.0,0.0,-0.8333333333333334,0.3333333333333333,1.0,0.0,0.0,1.0,0.0,389
-0.25,-0.6243654822335026,0.15625,-0.5816560227957038,-0.3305164319248826,0.9032258064516128,0.0,0.0,-0.5,-0.6666666666666666,0.0,1.0,0.0,0.0,0.0,556
-0.6666666666666666,-0.416243654822335,0.78125,-0.39575298507290857,-1.3990610328638498,-0.01075268817204301,0.0,0.0,-0.5,0.6,1.0,1.0,0.0,0.0,0.0,90
-0.08333333333333333,-1.1624365482233503,-0.46875,0.9437305196070348,0.11737089201877934,0.989247311827957,0.0,0.0,1.0,-0.26666666666666666,0.0,0.0,0.0,1.0,0.0,201
-0.9166666666666666,0.21319796954314718,1.09375,-0.4861165064064858,0.2516431924882629,-0.01075268817204301,0.0,0.0,0.0,-0.26666666666666666,0.0,0.0,1.0,0.0,0.0,454
-0.75,-1.015228426395939,-0.46875,-0.6833781561418334,0.28732394366197184,-0.01075268817204301,0.0,0.0,-0.8333333333333334,-0.2,1.0,0.0,0.0,1.0,0.0,77
-0.5833333333333334,-0.8172588832487311,-0.25,-0.3098055405697065,-0.5868544600938967,-0.01075268817204301,0.0,0.0,-0.8333333333333334,0.3333333333333333,1.0,0.0,0.0,1.0,0.0,32
-1.0,-1.3756345177664975,-0.25,0.0707286024015658,0.29107981220657275,-0.01075268817204301,0.0,0.0,-0.8333333333333334,-0.26666666666666666,0.0,0.0,0.0,1.0,0.0,105
-0.8333333333333334,0.11167512690355327,-0.125,-0.07312821817005527,0.29107981220657275,-0.01075268817204301,0.0,0.0,0.5,0.7333333333333333,0.0,0.0,0.0,0.0,0.0,326
0.5,0.6294416243654822,-0.15625,0.3951330286481768,0.29107981220657275,0.6021505376344085,0.0,0.0,0.16666666666666666,-0.6666666666666666,0.0,0.0,1.0,0.0,0.0,3196
0.0,0.3299492385786802,-0.3125,-0.07312821817005527,-0.9436619718309859,3.3010752688172045,0.0,0.0,-0.16666666666666666,-0.3333333333333333,0.0,1.0,0.0,0.0,0.0,1161
0.0,-0.2081218274111675,-0.53125,0.682712243030312,0.20938967136150236,2.978494623655914,0.0,0.0,-0.5,0.0,0.0,1.0,0.0,0.0,0.0,705
0.75,0.23857868020304565,0.375,0.3336351996355,-0.37934272300469485,-0.01075268817204301,0.0,0.0,-0.16666666666666666,0.9333333333333333,0.0,1.0,0.0,0.0,0.0,2074
-0.8333333333333334,-0.8629441624365483,0.65625,-0.39575298507290857,-1.1699530516431924,-0.01075268817204301,0.0,0.0,-0.8333333333333334,-0.13333333333333333,1.0,0.0,0.0,1.0,0.0,111
0.5,0.4568527918781726,-0.59375,-0.5816560227957038,0.29107981220657275,0.3225806451612903,0.0,0.0,0.5,0.7333333333333333,0.0,0.0,0.0,0.0,0.0,3154
0.4166666666666667,-1.0406091370558377,-0.78125,0.682712243030312,0.29107981220657275,0.1935483870967742,0.0,0.0,1.0,-0.26666666666666666,0.0,0.0,0.0,1.0,0.0,305
-0.08333333333333333,-0.9289340101522844,0.40625,-0.39575298507290857,-0.4187793427230047,0.2150537634408602,0.0,0.6,-0.8333333333333334,-0.2,1.0,0.0,0.0,1.0,0.0,133
0.6666666666666666,-1.4111675126903553,-0.625,-0.14891824053188613,0.29107981220657275,-0.01075268817204301,0.0,0.7,-0.8333333333333334,0.5333333333333333,0.0,0.0,0.0,1.0,0.0,125
-0.3333333333333333,-1.0862944162436547,0.3125,0.682712243030312,0.19342723004694837,-0.01075268817204301,0.0,0.7,-0.8333333333333334,-0.4,0.0,0.0,0.0,1.0,0.0,387
-0.5833333333333334,-0.6446700507614213,0.71875,-1.1921678124288753,-1.056338028169014,-0.01075268817204301,0.0,0.0,-0.5,-0.4,1.0,1.0,0.0,0.0,0.0,79
0.6666666666666666,0.284263959390863,0.625,0.455183241303237,0.1352112676056338,-0.01075268817204301,0.0,0.0,0.5,0.26666666666666666,0.0,0.0,0.0,0.0,0.0,898
0.5833333333333334,-0.5025380710659899,-0.0625,0.0707286024015658,-0.9032863849765258,-0.01075268817204301,0.0,0.0,-0.6666666666666666,0.2,0.0,0.0,0.0,1.0,0.0,533
0.08333333333333333,0.6903553299492386,0.28125,0.682712243030312,0.19248826291079812,1.6451612903225805,0.0,0.0,0.3333333333333333,0.3333333333333333,0.0,0.0,1.0,0.0,0.0,827
-0.8333333333333334,-1.0659898477157361,0.25,1.3208447570935795,0.29107981220657275,-0.01075268817204301,0.0,1.0,-0.8333333333333334,0.4666666666666667,0.0,0.0,0.0,1.0,0.0,75
0.5833333333333334,-0.9593908629441624,-0.9375,0.8933144384752442,0.29107981220657275,-0.01075268817204301,0.0,0.0,1.0,0.6666666666666666,0.0,0.0,0.0,1.0,0.0,317
0.08333333333333333,0.6243654822335026,0.65625,0.7898955205469734,0.29107981220657275,1.010752688172043,0.0,0.0,0.3333333333333333,0.5333333333333333,0.0,0.0,1.0,0.0,0.0,274
0.16666666666666666,-0.7969543147208121,-0.875,1.4088965798741255,0.27511737089201876,2.064516129032258,0.0,0.0,-0.6666666666666666,-0.3333333333333333,1.0,0.0,0.0,1.0,0.0,191
0.8333333333333334,-1.0812182741116751,-0.4375,0.5138834935935143,0.10704225352112676,-0.01075268817204301,0.0,0.0,-0.8333333333333334,0.7333333333333333,1.0,0.0,0.0,1.0,0.0,114
-0.5,-0.6294416243654822,-0.5625,-0.14891824053188613,0.1568075117370892,-0.01075268817204301,0.0,0.0,0.8333333333333334,0.8666666666666667,0.0,0.0,0.0,0.0,0.0,328
0.25,1.0558375634517765,-0.25,-0.39575298507290857,-0.05352112676056338,1.7311827956989247,0.0,0.0,0.3333333333333333,-0.6,0.0,0.0,1.0,0.0,0.0,698
0.5833333333333334,-1.0761421319796953,-0.8125,1.0421797791354965,0.29107981220657275,-0.01075268817204301,0.0,0.0,-0.6666666666666666,-0.8,1.0,0.0,0.0,1.0,0.0,124
0.9166666666666666,-1.071065989847716,-0.21875,-0.39575298507290857,0.13990610328638498,-0.01075268817204301,0.0,0.0,-0.6666666666666666,-0.6,0.0,0.0,0.0,1.0,0.0,164
0.3333333333333333,0.4416243654822335,-1.0625,1.2305047302068106,-0.476056338028169,2.4408602150537635,0.0,0.0,-0.3333333333333333,0.8666666666666667,1.0,1.0,0.0,0.0,0.0,2044
-1.0,-0.5329949238578681,0.46875,0.5138834935935143,-1.1427230046948358,-0.01075268817204301,0.0,0.0,-0.5,-0.4666666666666667,0.0,1.0,0.0,0.0,0.0,272
-0.6666666666666666,-0.6548223350253808,-0.4375,-0.4861165064064858,-0.08544600938967137,-0.01075268817204301,0.0,0.0,-0.5,-0.8666666666666667,1.0,1.0,0.0,0.0,0.0,93
0.6666666666666666,0.9289340101522844,0.0625,-0.4861165064064858,0.29107981220657275,-0.01075268817204301,0.0,0.0,0.3333333333333333,-0.13333333333333333,0.0,0.0,1.0,0.0,0.0,1705
0.75,-0.49238578680203043,-0.0625,0.3951330286481768,-0.4309859154929577,-0.01075268817204301,0.0,0.0,0.8333333333333334,0.8666666666666667,0.0,0.0,0.0,0.0,0.0,792
-0.6666666666666666,0.7411167512690356,0.1875,-0.5816560227957038,0.29107981220657275,-0.01075268817204301,0.0,0.0,0.3333333333333333,-0.26666666666666666,1.0,0.0,1.0,0.0,0.0,260
-0.16666666666666666,0.11167512690355327,-1.21875,0.0707286024015658,0.27230046948356806,1.7741935483870965,0.0,0.0,-0.3333333333333333,-0.2,0.0,1.0,0.0,0.0,0.0,741
-1.0,0.06598984771573609,-0.9375,0.3951330286481768,0.29107981220657275,-0.01075268817204301,0.0,0.0,-0.3333333333333333,-0.13333333333333333,1.0,1.0,0.0,0.0,0.0,664
-0.08333333333333333,-1.350253807106599,-1.0,1.2759719533904954,0.25727699530516435,1.021505376344086,0.0,0.9,-0.8333333333333334,0.5333333333333333,0.0,0.0,0.0,1.0,0.0,124
-0.75,0.7563451776649746,0.5,-0.07312821817005527,0.28169014084507044,-0.01075268817204301,0.0,0.0,0.3333333333333333,-0.13333333333333333,0.0,0.0,1.0,0.0,0.0,345
0.9166666666666666,-0.6852791878172589,0.1875,0.9933397872392326,-0.7568075117370892,-0.01075268817204301,0.0,0.0,1.0,0.5333333333333333,1.0,0.0,0.0,1.0,-1.0,128
-0.3333333333333333,-0.5939086294416244,0.3125,-0.6833781561418334,0.2131455399061033,0.1935483870967742,0.0,0.0,-0.5,-0.4666666666666667,0.0,1.0,0.0,0.0,0.0,1041
0.5,1.2335025380710658,-0.3125,1.2759719533904954,0.22629107981220659,1.1612903225806452,0.0,0.0,0.3333333333333333,-1.0,0.0,0.0,1.0,0.0,0.0,1929
0.08333333333333333,0.5888324873096448,-0.03125,0.3336351996355,0.25727699530516435,1.5053763440860213,0.0,0.0,0.5,-0.2,0.0,0.0,0.0,0.0,0.0,1014
-0.3333333333333333,-1.3451776649746194,-0.5,1.365145862684823,0.29107981220657275,-0.01075268817204301,0.0,1.0,-0.8333333333333334,0.4666666666666667,0.0,0.0,0.0,1.0,0.0,423
0.08333333333333333,0.5025380710659898,-0.71875,0.3951330286481768,0.29107981220657275,3.043010752688172,0.0,0.0,0.5,0.6666666666666666,0.0,0.0,0.0,0.0,0.0,1686
0.08333333333333333,0.5786802030456852,0.375,0.455183241303237,-0.7887323943661971,2.2903225806451615,0.0,0.0,0.0,0.7333333333333333,0.0,0.0,1.0,0.0,0.0,1234
0.0,0.15736040609137064,1.03125,0.13927936789351517,-1.100469483568075,0.5376344086021505,2.0,0.0,0.6666666666666666,-0.7333333333333333,0.0,0.0,0.0,0.0,0.0,23
0.4166666666666667,0.9796954314720812,0.125,1.365145862684823,0.17652582159624414,1.5591397849462365,0.0,0.0,0.3333333333333333,-0.7333333333333333,1.0,0.0,1.0,0.0,0.0,978
0.0,1.030456852791878,-0.3125,0.13927936789351517,0.25539906103286386,2.053763440860215,0.0,0.0,0.16666666666666666,0.8666666666666667,1.0,0.0,1.0,0.0,0.0,644
-0.9166666666666666,-0.7969543147208121,0.03125,-0.39575298507290857,0.29107981220657275,-0.01075268817204301,0.0,0.0,-0.6666666666666666,0.4,0.0,0.0,0.0,1.0,0.0,190
0.9166666666666666,-0.5939086294416244,-0.625,0.5138834935935143,0.29107981220657275,-0.01075268817204301,0.0,0.0,-0.5,0.26666666666666666,0.0,1.0,0.0,0.0,0.0,294
-0.5833333333333334,-1.2741116751269037,-0.375,0.7898955205469734,0.24507042253521127,-0.01075268817204301,0.0,0.0,1.0,-0.26666666666666666,0.0,0.0,0.0,1.0,0.0,65
-0.5833333333333334,-1.1624365482233503,-0.65625,0.2705797236685667,0.29107981220657275,-0.01075268817204301,0.0,0.0,1.0,0.7333333333333333,0.0,0.0,0.0,1.0,0.0,66
0.9166666666666666,0.5431472081218274,1.15625,-0.4861165064064858,0.1107981220657277,-0.01075268817204301,1.0,0.0,0.3333333333333333,0.8666666666666667,0.0,0.0,1.0,0.0,0.0,198
-0.25,-0.4263959390862945,-0.34375,0.7368002283746548,0.18591549295774648,1.4301075268817205,0.0,0.0,-0.3333333333333333,-0.5333333333333333,1.0,1.0,0.0,0.0,0.0,405
-0.16666666666666666,0.06598984771573609,-0.875,-0.7926654504863353,0.05539906103286385,2.3548387096774195,0.0,0.0,-0.3333333333333333,0.6,0.0,1.0,0.0,0.0,0.0,756
-0.4166666666666667,-0.15736040609137056,0.4375,-0.7926654504863353,-1.063849765258216,-0.01075268817204301,0.0,0.0,0.6666666666666666,0.4666666666666667,0.0,0.0,0.0,0.0,0.0,839
-0.6666666666666666,0.299492385786802,-0.03125,-0.22768379202711048,0.05821596244131456,-0.01075268817204301,0.0,0.0,0.0,-0.8,0.0,0.0,1.0,0.0,0.0,172
0.25,0.5279187817258882,-0.625,0.0707286024015658,0.29107981220657275,3.290322580645161,0.0,0.0,-0.16666666666666666,0.2,1.0,1.0,0.0,0.0,0.0,2268
-0.5833333333333334,-0.3401015228426396,0.90625,-0.91150831659757,-0.9370892018779343,-0.01075268817204301,0.0,0.0,0.8333333333333334,0.3333333333333333,0.0,0.0,0.0,0.0,0.0,118
0.9166666666666666,0.7766497461928935,-0.03125,0.0707286024015658,0.29107981220657275,-0.01075268817204301,0.0,0.0,0.16666666666666666,0.3333333333333333,1.0,0.0,1.0,0.0,0.0,1288
-1.0,0.868020304568528,-0.21875,0.5138834935935143,-0.05539906103286385,-0.01075268817204301,0.0,0.0,0.16666666666666666,0.4666666666666667,0.0,0.0,1.0,0.0,0.0,792
-0.5,-0.6243654822335026,0.8125,0.6275737112096174,-1.3568075117370892,-0.01075268817204301,0.0,0.0,-0.6666666666666666,0.5333333333333333,1.0,0.0,0.0,1.0,0.0,72
0.0,0.751269035532995,-0.84375,0.8933144384752442,-0.014084507042253521,3.5268817204301075,0.0,0.0,0.0,-0.9333333333333333,1.0,0.0,1.0,0.0,0.0,1253
-0.08333333333333333,0.5329949238578681,0.21875,-0.14891824053188613,0.29107981220657275,1.010752688172043,0.0,0.0,0.5,-0.13333333333333333,0.0,0.0,0.0,0.0,0.0,982
-0.9166666666666666,-0.5786802030456853,-0.40625,-0.4861165064064858,-0.5474178403755868,-0.01075268817204301,0.0,0.0,-0.6666666666666666,0.7333333333333333,0.0,0.0,0.0,1.0,0.0,213
-0.75,-0.8629441624365483,0.75,0.455183241303237,-0.4403755868544601,-0.01075268817204301,0.0,0.0,1.0,-0.9333333333333333,1.0,0.0,0.0,1.0,0.0,167
-1.0,-0.4517766497461929,0.78125,0.8933144384752442,-1.3615023474178405,-0.01075268817204301,0.0,0.0,-0.6666666666666666,0.5333333333333333,1.0,0.0,0.0,1.0,0.0,226
0.3333333333333333,0.7766497461928935,-0.625,0.5713209318579696,-0.05727699530516432,1.5376344086021503,0.0,0.0,-0.16666666666666666,-0.06666666666666667,0.0,1.0,0.0,0.0,0.0,1458
0.0,0.1421319796954315,-0.75,0.8420508501474621,-0.15023474178403756,2.2795698924731185,0.0,0.0,0.8333333333333334,-0.8,1.0,0.0,0.0,0.0,0.0,1145
-1.0,-0.2893401015228427,0.65625,0.2058418822217645,0.04788732394366197,-0.01075268817204301,0.0,0.0,-0.3333333333333333,-0.06666666666666667,1.0,1.0,0.0,0.0,0.0,475
0.3333333333333333,-0.08629441624365479,0.28125,0.8933144384752442,-0.9417840375586854,0.46236559139784944,0.0,0.0,0.8333333333333334,0.0,0.0,0.0,0.0,0.0,0.0,1126
0.8333333333333334,0.12182741116751271,0.09375,0.682712243030312,0.29107981220657275,-0.01075268817204301,0.0,0.0,-0.16666666666666666,-0.4666666666666667,0.0,1.0,0.0,0.0,0.0,1602
-0.25,-0.852791878172589,0.40625,-2.15665183283064,-0.3436619718309859,0.25806451612903225,0.0,0.2,1.0,-0.6666666666666666,0.0,0.0,0.0,1.0,0.0,440
-0.75,0.5380710659898478,1.25,0.6275737112096174,0.28075117370892017,-0.01075268817204301,1.5,0.0,0.3333333333333333,0.9333333333333333,0.0,0.0,1.0,0.0,0.0,81
-0.3333333333333333,0.802030456852792,0.1875,-0.4861165064064858,0.11267605633802817,0.8064516129032258,0.0,0.0,0.3333333333333333,-0.13333333333333333,0.0,0.0,1.0,0.0,0.0,1708
0.8333333333333334,-0.5685279187817259,0.1875,-0.39575298507290857,0.29107981220657275,-0.01075268817204301,0.0,0.0,-0.5,-0.7333333333333333,0.0,1.0,0.0,0.0,0.0,466
0.25,0.6446700507614213,-0.46875,0.7368002283746548,0.26948356807511736,1.6989247311827957,0.0,0.0,0.0,-0.26666666666666666,0.0,0.0,1.0,0.0,0.0,1427
0.08333333333333333,-0.5634517766497462,-1.0,0.0707286024015658,0.29107981220657275,1.236559139784946,0.0,0.0,1.0,-1.0,0.0,0.0,0.0,1.0,0.0,451
0.5833333333333334,0.025380710659898477,0.40625,0.0707286024015658,-0.39906103286384975,-0.01075268817204301,0.0,0.0,0.6666666666666666,0.4666666666666667,0.0,0.0,0.0,0.0,0.0,1685
0.0,0.583756345177665,-0.03125,0.8933144384752442,-0.9154929577464789,3.4193548387096775,0.0,0.0,0.0,-0.6,0.0,0.0,1.0,0.0,0.0,1099
-0.3333333333333333,-0.08629441624365479,0.71875,1.2305047302068106,-0.16150234741784036,0.16129032258064516,0.0,0.0,0.6666666666666666,-0.4,0.0,0.0,0.0,0.0,0.0,2082
0.08333333333333333,-0.6040609137055838,-0.875,0.455183241303237,-0.02629107981220657,1.2795698924731183,0.0,0.0,-0.6666666666666666,-0.9333333333333333,0.0,0.0,0.0,1.0,0.0,294
0.08333333333333333,-0.30456852791878175,-0.40625,0.3336351996355,-0.1539906103286385,1.3225806451612903,0.0,0.0,-0.5,-0.4666666666666667,0.0,1.0,0.0,0.0,0.0,509
0.3333333333333333,0.583756345177665,-0.03125,-0.6833781561418334,0.030985915492957747,1.3548387096774193,0.0,0.0,0.0,-0.13333333333333333,0.0,0.0,1.0,0.0,0.0,1550
-0.6666666666666666,-0.6040609137055838,0.40625,1.1844188200176686,-0.27981220657276995,-0.01075268817204301,0.1,0.0,-0.3333333333333333,-0.6,1.0,1.0,0.0,0.0,0.0,80
0.75,0.09137055837563456,0.5,0.5138834935935143,0.29107981220657275,-0.01075268817204301,0.0,0.0,-0.16666666666666666,0.13333333333333333,0.0,1.0,0.0,0.0,0.0,1263
0.0,-0.401015228426396,0.46875,0.8933144384752442,0.009389671361502348,0.9462365591397849,0.0,0.0,-0.5,-0.5333333333333333,0.0,1.0,0.0,0.0,0.0,375
0.16666666666666666,-0.8578680203045684,-1.09375,1.4948257357364156,0.2591549295774648,1.1397849462365592,0.0,0.0,1.0,0.0,1.0,0.0,0.0,1.0,0.0,292
0.08333333333333333,0.7664974619289341,-0.09375,0.8420508501474621,0.22065727699530516,1.978494623655914,0.0,0.0,0.3333333333333333,0.6,1.0,0.0,1.0,0.0,0.0,1231
-0.5833333333333334,-0.2893401015228427,0.75,-0.3098055405697065,0.29107981220657275,-0.01075268817204301,0.0,0.0,0.6666666666666666,0.13333333333333333,0.0,0.0,0.0,0.0,0.0,185
-0.75,-0.8578680203045684,0.3125,0.9933397872392326,-0.2535211267605634,-0.01075268817204301,0.0,0.9,-0.8333333333333334,-0.4666666666666667,0.0,0.0,0.0,1.0,0.0,52
-0.25,0.23350253807106608,-0.75,-0.3098055405697065,-1.1061032863849765,1.7204301075268817,0.0,0.0,-0.3333333333333333,0.3333333333333333,1.0,1.0,0.0,0.0,0.0,647
-0.5,0.6548223350253807,0.59375,-1.0429616152145371,0.11549295774647887,0.0,0.0,0.0,0.16666666666666666,0.8666666666666667,1.0,0.0,1.0,0.0,0.0,266
0.08333333333333333,0.5177664974619289,-0.25,-0.22768379202711048,0.29107981220657275,1.10752688172043,0.0,0.0,0.0,-0.3333333333333333,0.0,0.0,1.0,0.0,0.0,1033
-0.08333333333333333,-0.32487309644670054,-0.21875,0.455183241303237,-1.0854460093896714,0.3440860215053763,0.0,0.0,-0.6666666666666666,0.8,0.0,0.0,0.0,1.0,0.0,332
0.25,0.5380710659898478,-0.28125,0.7368002283746548,-1.1934272300469484,2.645161290322581,0.0,0.0,-0.3333333333333333,0.9333333333333333,0.0,1.0,0.0,0.0,0.0,1168
-0.08333333333333333,-0.15736040609137056,-0.46875,1.4088965798741255,0.27981220657276995,2.150537634408602,0.0,0.0,0.6666666666666666,0.7333333333333333,1.0,0.0,0.0,0.0,0.0,996
-1.0,-0.0812182741116751,0.53125,0.0707286024015658,-1.3173708920187794,-0.01075268817204301,0.0,0.0,0.8333333333333334,-0.6,0.0,0.0,0.0,0.0,0.0,639
0.08333333333333333,0.0,-0.78125,1.780837692256701,0.28169014084507044,2.741935483870968,0.0,0.0,0.6666666666666666,-0.3333333333333333,0.0,0.0,0.0,0.0,0.0,1000
0.6666666666666666,0.7309644670050761,-0.3125,0.2705797236685667,0.29107981220657275,0.0,0.0,0.0,0.3333333333333333,0.0,0.0,0.0,1.0,0.0,0.0,2114
0.9166666666666666,0.3197969543147209,0.5,-0.4861165064064858,-1.171830985915493,-0.01075268817204301,0.0,0.0,-0.16666666666666666,-1.0,0.0,1.0,0.0,0.0,-1.0,855
-0.9166666666666666,-0.39593908629441626,0.5625,0.13927936789351517,-0.923943661971831,-0.01075268817204301,0.0,0.0,1.0,0.4666666666666667,1.0,0.0,0.0,1.0,0.0,337
0.5,0.4568527918781726,-0.8125,1.0902852095090052,0.24694835680751173,0.8387096774193549,0.0,0.0,-0.16666666666666666,-0.7333333333333333,1.0,1.0,0.0,0.0,0.0,1929
-0.8333333333333334,0.3908629441624365,0.28125,-0.5816560227957038,0.29107981220657275,-0.01075268817204301,0.0,0.0,0.5,-0.2,0.0,0.0,0.0,0.0,0.0,437
-0.6666666666666666,0.34010152284263956,0.65625,-0.6833781561418334,-0.7568075117370892,-0.01075268817204301,0.0,0.0,0.0,0.13333333333333333,0.0,0.0,1.0,0.0,0.0,164
0.75,-0.7766497461928935,0.875,0.8420508501474621,-1.0328638497652582,-0.01075268817204301,0.0,1.0,-0.8333333333333334,0.4,0.0,0.0,0.0,1.0,0.0,187
-0.25,0.3197969543147209,0.6875,-0.14891824053188613,-1.2065727699530517,0.47311827956989244,0.0,0.0,-0.16666666666666666,0.9333333333333333,0.0,1.0,0.0,0.0,0.0,1200
-0.8333333333333334,-1.0812182741116751,-0.1875,0.2705797236685667,-0.059154929577464786,-0.01075268817204301,0.0,0.0,-0.8333333333333334,0.8,1.0,0.0,0.0,1.0,0.0,72
-0.8333333333333334,0.44670050761421326,-0.625,0.2058418822217645,0.29107981220657275,-0.01075268817204301,0.0,0.0,0.0,0.4666666666666667,1.0,0.0,1.0,0.0,0.0,818
-0.9166666666666666,-0.10659898477157359,0.53125,-0.14891824053188613,0.29107981220657275,-0.01075268817204301,0.0,0.0,-0.16666666666666666,0.2,1.0,1.0,0.0,0.0,0.0,676
0.8333333333333334,0.48223350253807107,-0.59375,-0.22768379202711048,0.28732394366197184,-0.01075268817204301,0.0,0.0,0.0,-0.8666666666666667,1.0,0.0,1.0,0.0,0.0,1741
0.75,-0.5532994923857868,0.0,1.2759719533904954,0.29107981220657275,-0.01075268817204301,0.0,0.0,-0.6666666666666666,-0.2,0.0,0.0,0.0,1.0,0.0,290
-0.75,0.0406091370558376,1.25,-0.22768379202711048,-1.3727699530516433,-0.01075268817204301,7.0,0.0,-0.3333333333333333,-0.8,0.0,1.0,0.0,0.0,0.0,22
-0.9166666666666666,-1.2131979695431472,-0.625,-1.1921678124288753,0.29107981220657275,-0.01075268817204301,0.0,0.0,-0.8333333333333334,0.9333333333333333,0.0,0.0,0.0,1.0,0.0,129
0.0,0.781725888324873,-0.34375,0.0707286024015658,0.2591549295774648,3.172043010752688,0.0,0.0,0.5,-1.0,1.0,0.0,0.0,0.0,0.0,1086
-0.25,-0.39593908629441626,-0.59375,1.3208447570935795,0.27699530516431925,1.043010752688172,0.0,0.0,-0.5,0.26666666666666666,0.0,1.0,0.0,0.0,0.0,661
0.5833333333333334,0.2690355329949239,-0.3125,0.7898955205469734,0.27981220657276995,0.41935483870967744,0.0,0.0,-0.16666666666666666,-0.4666666666666667,0.0,1.0,0.0,0.0,0.0,2405
0.25,1.0406091370558377,-0.21875,0.8933144384752442,0.014084507042253521,1.8387096774193548,0.0,0.0,0.16666666666666666,0.6,0.0,0.0,1.0,0.0,0.0,781
-0.9166666666666666,-0.9898477157360407,0.59375,0.9437305196070348,-0.4807511737089202,-0.01075268817204301,0.0,1.0,-0.8333333333333334,0.4666666666666667,0.0,0.0,0.0,1.0,0.0,120
0.9166666666666666,0.4365482233502539,0.5,0.0707286024015658,-0.4788732394366197,-0.01075268817204301,0.0,0.0,0.0,0.0,1.0,0.0,1.0,0.0,0.0,1615
-0.3333333333333333,-0.6040609137055838,0.78125,-0.14891824053188613,-1.2591549295774649,0.0,0.0,0.0,-0.6666666666666666,-0.4,1.0,0.0,0.0,1.0,0.0,188
0.5833333333333334,-0.9137055837563453,0.0,-0.7926654504863353,0.29107981220657275,-0.01075268817204301,0.0,0.0,-0.8333333333333334,-0.4666666666666667,0.0,0.0,0.0,1.0,0.0,364
0.75,0.5177664974619289,1.28125,-0.7926654504863353,-1.2018779342723005,-0.01075268817204301,5.5,0.0,0.3333333333333333,0.8666666666666667,0.0,0.0,1.0,0.0,0.0,22
-0.5833333333333334,0.21827411167512695,1.125,0.2058418822217645,0.29107981220657275,-0.01075268817204301,0.5,0.0,0.5,0.3333333333333333,0.0,0.0,0.0,0.0,0.0,24
0.0,-0.15736040609137056,-0.5,1.7412639288257201,0.2591549295774648,1.4193548387096775,0.0,0.0,0.6666666666666666,0.7333333333333333,1.0,0.0,0.0,0.0,0.0,1076
0.4166666666666667,-0.23350253807106597,0.0,0.8933144384752442,-0.507981220657277,0.021505376344086016,0.0,0.0,0.8333333333333334,-0.3333333333333333,1.0,0.0,0.0,0.0,0.0,660
0.5833333333333334,-0.969543147208122,-0.5625,-0.3098055405697065,0.29107981220657275,-0.01075268817204301,0.0,0.0,1.0,0.06666666666666667,1.0,0.0,0.0,1.0,0.0,157
-0.4166666666666667,-0.7360406091370558,-0.3125,-0.4861165064064858,-0.1295774647887324,-0.01075268817204301,0.0,0.0,-0.6666666666666666,0.6,1.0,0.0,0.0,1.0,0.0,77
0.25,-0.39593908629441626,-0.125,0.3336351996355,0.29107981220657275,0.2258064516129032,0.0,0.0,0.8333333333333334,0.3333333333333333,0.0,0.0,0.0,0.0,0.0,550
-0.25,-0.8781725888324874,-0.90625,0.13927936789351517,0.20093896713615023,0.6666666666666666,0.0,0.0,-0.6666666666666666,0.3333333333333333,0.0,0.0,0.0,1.0,0.0,373
0.16666666666666666,-0.4619289340101523,-0.65625,0.7368002283746548,0.2676056338028169,1.10752688172043,0.0,0.0,1.0,-0.6,0.0,0.0,0.0,1.0,0.0,390
0.0,1.182741116751269,-0.5,0.3951330286481768,0.0647887323943662,2.7096774193548385,0.0,0.0,0.3333333333333333,-0.8666666666666667,0.0,0.0,1.0,0.0,0.0,585
-1.0,-0.0406091370558376,1.0,-0.22768379202711048,-1.267605633802817,-0.01075268817204301,0.0,0.0,-0.16666666666666666,-0.13333333333333333,0.0,1.0,0.0,0.0,0.0,581
-0.75,0.5685279187817259,0.84375,-0.6833781561418334,-0.9352112676056338,-0.01075268817204301,0.0,0.0,0.16666666666666666,0.13333333333333333,0.0,0.0,1.0,0.0,0.0,381
0.16666666666666666,-0.5888324873096447,-0.78125,-0.6833781561418334,-0.3023474178403756,0.4301075268817204,0.0,0.0,-0.8333333333333334,-0.6,1.0,0.0,0.0,1.0,0.0,331
0.3333333333333333,-0.6852791878172589,-0.625,-0.7926654504863353,-0.6535211267605634,0.12903225806451613,0.0,0.0,1.0,-0.06666666666666667,0.0,0.0,0.0,1.0,0.0,354
0.8333333333333334,0.6294416243654822,0.8125,-0.7926654504863353,0.12863849765258217,-0.01075268817204301,0.0,0.0,0.16666666666666666,-0.26666666666666666,0.0,0.0,1.0,0.0,0.0,1945
-0.5,0.6700507614213198,1.0,-0.7926654504863353,-1.0093896713615023,-0.01075268817204301,0.0,0.0,0.3333333333333333,-0.2,0.0,0.0,1.0,0.0,0.0,594
0.6666666666666666,0.7614213197969544,0.03125,-0.07312821817005527,0.29107981220657275,-0.01075268817204301,0.0,0.0,0.3333333333333333,0.2,1.0,0.0,1.0,0.0,0.0,2029
-0.6666666666666666,0.24365482233502542,0.46875,0.13927936789351517,0.29107981220657275,-0.01075268817204301,0.0,0.0,0.0,-0.4,1.0,0.0,1.0,0.0,0.0,174
-0.8333333333333334,-0.050761421319796954,-0.09375,-0.6833781561418334,-0.1784037558685446,-0.01075268817204301,0.0,0.0,-0.16666666666666666,0.5333333333333333,0.0,1.0,0.0,0.0,0.0,385
-0.16666666666666666,-0.766497461928934,-0.78125,-0.5816560227957038,0.07136150234741784,0.5591397849462365,0.0,0.0,-0.8333333333333334,-1.0,0.0,0.0,0.0,1.0,-1.0,139
-0.9166666666666666,0.9238578680203046,0.34375,-1.1921678124288753,-0.5511737089201878,-0.01075268817204301,0.0,0.0,0.3333333333333333,-0.8666666666666667,0.0,0.0,1.0,0.0,0.0,675
0.5833333333333334,0.2284263959390863,0.53125,0.9437305196070348,-0.4056338028169014,0.01075268817204301,0.0,0.0,-0.3333333333333333,-0.8666666666666667,0.0,1.0,0.0,0.0,0.0,1415
-0.8333333333333334,-0.5025380710659899,0.25,-0.4861165064064858,-0.6863849765258216,-0.01075268817204301,0.0,0.0,-0.8333333333333334,-0.06666666666666667,0.0,0.0,0.0,1.0,0.0,74
0.3333333333333333,0.23857868020304565,0.375,0.9933397872392326,-1.0,0.9247311827956989,0.0,0.0,-0.3333333333333333,-1.0,1.0,1.0,0.0,0.0,0.0,1409
0.9166666666666666,-1.1522842639593909,-0.40625,-1.0429616152145371,0.2704225352112676,-0.01075268817204301,0.0,0.0,1.0,-0.2,0.0,0.0,0.0,1.0,0.0,174
0.0,0.3908629441624365,0.5625,-0.6833781561418334,-0.7643192488262911,1.1397849462365592,0.0,0.0,0.0,-0.13333333333333333,0.0,0.0,1.0,0.0,0.0,945
0.08333333333333333,-0.6446700507614213,-0.34375,-0.07312821817005527,-0.0863849765258216,0.8494623655913979,0.0,0.0,1.0,0.8,0.0,0.0,0.0,1.0,0.0,301
0.75,-0.766497461928934,-0.15625,0.455183241303237,0.29107981220657275,-0.01075268817204301,0.0,0.0,-0.6666666666666666,0.3333333333333333,0.0,0.0,0.0,1.0,0.0,345
0.4166666666666667,-0.015228426395939123,-0.25,1.4521169265310525,0.29014084507042254,0.7311827956989246,0.0,0.0,-0.16666666666666666,-0.8666666666666667,0.0,1.0,0.0,0.0,0.0,1421
0.5,-1.0203045685279188,-0.75,-0.3098055405697065,0.29107981220657275,-0.01075268817204301,0.0,0.0,1.0,-0.2,0.0,0.0,0.0,1.0,0.0,537
-0.4166666666666667,-0.5329949238578681,1.03125,-0.6833781561418334,-1.044131455399061,-0.01075268817204301,0.0,0.0,-0.5,-0.5333333333333333,0.0,1.0,0.0,0.0,0.0,64
0.16666666666666666,0.7106598984771574,-0.3125,0.7368002283746548,-0.6572769953051644,3.473118279569893,0.0,0.0,0.0,0.26666666666666666,0.0,0.0,1.0,0.0,0.0,1158
-0.6666666666666666,-0.5583756345177665,0.59375,-0.39575298507290857,-1.208450704225352,-0.01075268817204301,0.0,0.0,-0.5,-0.4666666666666667,0.0,1.0,0.0,0.0,0.0,66
-0.5,-0.06091370558375631,-0.0625,0.3951330286481768,0.2647887323943662,0.01075268817204301,0.0,0.0,-0.16666666666666666,-0.7333333333333333,1.0,1.0,0.0,0.0,0.0,247
0.0,0.2639593908629441,-0.5625,0.2705797236685667,0.22065727699530516,3.4408602150537635,0.0,0.0,-0.16666666666666666,-0.4666666666666667,0.0,1.0,0.0,0.0,0.0,1242
-0.4166666666666667,-0.7309644670050762,-0.375,-0.4861165064064858,0.12206572769953052,-0.01075268817204301,0.0,0.0,-0.6666666666666666,0.2,0.0,0.0,0.0,1.0,0.0,349
0.16666666666666666,0.20812182741116758,-0.5625,0.6275737112096174,0.25727699530516435,1.7419354838709675,0.0,0.0,0.6666666666666666,0.5333333333333333,0.0,0.0,0.0,0.0,0.0,1150
0.5833333333333334,-0.2081218274111675,1.1875,0.2058418822217645,-1.088262910798122,0.021505376344086016,1.5,0.0,-0.3333333333333333,0.4666666666666667,0.0,1.0,0.0,0.0,0.0,50
-0.5833333333333334,-0.9086294416243654,-0.09375,-0.5816560227957038,0.09014084507042254,-0.01075268817204301,0.0,0.0,-0.8333333333333334,-1.0,0.0,0.0,0.0,1.0,-1.0,61
0.16666666666666666,0.20304568527918782,1.15625,-1.1921678124288753,-1.1774647887323944,0.3655913978494623,0.0,0.0,-0.16666666666666666,-0.9333333333333333,0.0,1.0,0.0,0.0,0.0,376
-0.9166666666666666,0.48223350253807107,0.78125,0.3951330286481768,0.21784037558685446,-0.01075268817204301,0.0,0.0,0.3333333333333333,0.6,1.0,0.0,1.0,0.0,0.0,886
0.5,-0.6294416243654822,1.21875,0.8933144384752442,-1.4112676056338027,-0.01075268817204301,3.3,1.0,-0.8333333333333334,0.4,0.0,0.0,0.0,1.0,0.0,170
0.16666666666666666,0.6243654822335026,0.375,1.1844188200176686,-0.35774647887323946,0.5913978494623656,0.1,0.0,0.3333333333333333,0.6666666666666666,1.0,0.0,1.0,0.0,0.0,417
0.16666666666666666,0.7309644670050761,-0.46875,1.780837692256701,0.21032863849765257,2.989247311827957,0.0,0.0,0.5,-0.7333333333333333,0.0,0.0,0.0,0.0,0.0,989
-0.25,-0.2639593908629441,-0.0625,1.365145862684823,0.15305164319248826,0.9462365591397849,0.0,0.0,0.6666666666666666,0.7333333333333333,1.0,0.0,0.0,0.0,0.0,785
0.5833333333333334,0.3908629441624365,0.25,0.8420508501474621,-1.0619718309859154,0.25806451612903225,0.0,0.0,-0.3333333333333333,0.9333333333333333,0.0,1.0,0.0,0.0,0.0,2064
0.8333333333333334,-0.41116751269035534,-0.25,-0.3098055405697065,-0.9417840375586854,-0.01075268817204301,0.0,0.0,-0.6666666666666666,0.7333333333333333,0.0,0.0,0.0,1.0,0.0,461
-0.8333333333333334,0.3908629441624365,1.25,-0.5816560227957038,-0.6309859154929578,-0.01075268817204301,2.0,0.0,0.16666666666666666,-0.9333333333333333,0.0,0.0,1.0,0.0,0.0,17
-0.5833333333333334,0.05583756345177664,0.9375,0.455183241303237,0.29107981220657275,-0.01075268817204301,0.0,0.0,-0.16666666666666666,0.4666666666666667,0.0,1.0,0.0,0.0,0.0,152
-0.9166666666666666,0.4416243654822335,0.84375,-1.1921678124288753,-1.0140845070422535,-0.01075268817204301,0.0,0.0,0.0,0.8,0.0,0.0,1.0,0.0,0.0,1068
-0.3333333333333333,0.5228426395939086,0.28125,-0.4861165064064858,-0.6854460093896714,0.7849462365591398,0.0,0.0,0.0,0.6,0.0,0.0,1.0,0.0,0.0,2331
-0.16666666666666666,-0.6142131979695431,0.21875,-0.39575298507290857,-0.7446009389671362,0.25806451612903225,0.0,0.5,1.0,0.4,0.0,0.0,0.0,1.0,-1.0,248
-1.0,-0.32487309644670054,0.0625,0.13927936789351517,0.29107981220657275,-0.01075268817204301,0.0,0.0,0.6666666666666666,1.0,0.0,0.0,0.0,0.0,0.0,294
-0.9166666666666666,-0.9543147208121828,-0.28125,-1.0429616152145371,-0.024413145539906103,-0.01075268817204301,0.0,0.0,1.0,0.13333333333333333,0.0,0.0,0.0,1.0,0.0,97
0.75,0.5583756345177665,0.65625,-0.22768379202711048,0.29107981220657275,-0.01075268817204301,0.0,0.0,0.3333333333333333,1.0,0.0,0.0,1.0,0.0,0.0,1931
-0.6666666666666666,-0.7106598984771574,0.4375,-1.0429616152145371,-0.323943661971831,-0.01075268817204301,0.0,0.0,0.8333333333333334,0.9333333333333333,0.0,0.0,0.0,0.0,0.0,116
-0.5833333333333334,-0.3807106598984772,0.1875,-0.91150831659757,0.27605633802816903,-0.01075268817204301,0.0,0.0,-0.3333333333333333,0.6,0.0,1.0,0.0,0.0,0.0,148
0.4166666666666667,0.2893401015228426,-1.0625,0.0,0.29107981220657275,0.6559139784946236,0.0,0.0,0.6666666666666666,0.26666666666666666,1.0,0.0,0.0,0.0,0.0,1949
0.25,-0.42131979695431476,-0.84375,0.3336351996355,0.2563380281690141,0.8924731182795698,0.0,0.0,1.0,-0.4666666666666667,1.0,0.0,0.0,1.0,0.0,569
0.16666666666666666,0.5380710659898478,-0.75,-0.14891824053188613,0.29107981220657275,2.698924731182796,0.0,0.0,0.5,0.6666666666666666,0.0,0.0,0.0,0.0,0.0,1972
-0.8333333333333334,-1.0812182741116751,0.34375,-0.4861165064064858,-0.04507042253521127,-0.01075268817204301,0.0,2.0,1.0,0.26666666666666666,0.0,0.0,0.0,1.0,0.0,108
0.16666666666666666,-0.3350253807106599,-1.1875,0.2705797236685667,0.14366197183098592,2.5268817204301075,0.0,0.0,-0.6666666666666666,0.5333333333333333,1.0,0.0,0.0,1.0,0.0,454
-0.5,-0.5431472081218274,0.0,-0.6833781561418334,-0.7230046948356808,-0.01075268817204301,0.0,0.0,-0.5,-0.26666666666666666,0.0,1.0,0.0,0.0,0.0,261
-0.16666666666666666,-0.9543147208121828,-0.78125,1.5787787158685695,0.29107981220657275,0.6559139784946236,0.0,0.0,1.0,-0.3333333333333333,0.0,0.0,0.0,1.0,0.0,212
-0.5833333333333334,-0.16751269035532998,0.40625,0.0,-0.16056338028169015,-0.01075268817204301,0.0,0.0,0.6666666666666666,0.0,0.0,0.0,0.0,0.0,0.0,202
0.08333333333333333,0.8934010152284265,-0.125,0.9933397872392326,-0.49577464788732395,2.817204301075269,0.0,0.0,0.16666666666666666,0.06666666666666667,0.0,0.0,1.0,0.0,0.0,763
-0.75,-0.6700507614213198,0.40625,-0.7926654504863353,-1.1755868544600938,-0.01075268817204301,0.0,0.0,-0.8333333333333334,0.0,0.0,0.0,0.0,1.0,0.0,81
0.5,0.4111675126903554,-0.625,-0.39575298507290857,0.29107981220657275,0.24731182795698922,0.0,0.0,0.5,0.6,0.0,0.0,0.0,0.0,-1.0,1885
-0.75,0.751269035532995,0.71875,-0.07312821817005527,-0.06854460093896714,-0.01075268817204301,0.0,0.0,0.3333333333333333,-0.4666666666666667,0.0,0.0,1.0,0.0,0.0,334
-0.25,-0.6040609137055838,0.65625,0.3336351996355,-1.3427230046948357,0.17204301075268816,0.0,0.0,-0.6666666666666666,-0.4,1.0,0.0,0.0,1.0,0.0,222
0.9166666666666666,0.2690355329949239,0.5,-0.5816560227957038,-1.3136150234741784,-0.01075268817204301,0.0,0.0,-0.16666666666666666,-0.13333333333333333,0.0,1.0,0.0,0.0,0.0,1071
0.0,0.3705583756345178,-0.15625,-0.22768379202711048,0.27605633802816903,1.3333333333333333,0.0,0.0,0.5,0.4666666666666667,1.0,0.0,0.0,0.0,-1.0,915
0.5833333333333334,-0.5685279187817259,1.0,-0.7926654504863353,-1.496713615023474,-0.01075268817204301,0.0,0.0,1.0,0.9333333333333333,1.0,0.0,0.0,1.0,0.0,40
-1.0,-0.401015228426396,0.65625,-0.7926654504863353,-1.4028169014084506,-0.01075268817204301,0.0,0.0,1.0,0.5333333333333333,1.0,0.0,0.0,1.0,-1.0,266
0.9166666666666666,-1.1624365482233503,-0.5,0.0707286024015658,0.29107981220657275,-0.01075268817204301,0.0,0.0,-0.8333333333333334,0.8666666666666667,0.0,0.0,0.0,1.0,0.0,99
0.16666666666666666,-0.17766497461928935,-0.40625,0.2705797236685667,0.29107981220657275,2.6344086021505375,0.0,0.0,-0.5,-0.7333333333333333,0.0,1.0,0.0,0.0,0.0,550
-1.0,-0.20304568527918782,-0.53125,0.5713209318579696,0.27887323943661974,-0.01075268817204301,0.0,0.0,-0.3333333333333333,-0.26666666666666666,0.0,1.0,0.0,0.0,0.0,504
0.3333333333333333,-0.38578680203045684,-1.125,0.8933144384752442,0.16338028169014085,1.4301075268817205,0.0,0.0,-0.6666666666666666,0.5333333333333333,1.0,0.0,0.0,1.0,0.0,509
-0.5833333333333334,-0.7766497461928935,-0.40625,-0.91150831659757,0.16150234741784036,-0.01075268817204301,0.0,0.0,-0.6666666666666666,0.2,0.0,0.0,0.0,1.0,0.0,59
-0.16666666666666666,-1.116751269035533,-0.875,0.5713209318579696,0.28356807511737087,0.5913978494623656,0.0,0.0,1.0,0.7333333333333333,0.0,0.0,0.0,1.0,0.0,146
-0.16666666666666666,0.868020304568528,0.3125,-0.6833781561418334,-0.3154929577464789,1.2795698924731183,0.0,0.0,0.3333333333333333,-0.2,0.0,0.0,1.0,0.0,0.0,639
-0.6666666666666666,-1.2436548223350254,-0.21875,-0.5816560227957038,0.02629107981220657,-0.01075268817204301,0.0,0.0,1.0,-0.13333333333333333,0.0,0.0,0.0,1.0,0.0,52
0.6666666666666666,0.010152284263959355,-0.1875,-0.39575298507290857,0.24788732394366197,-0.01075268817204301,0.0,0.0,0.6666666666666666,0.26666666666666666,1.0,0.0,0.0,0.0,0.0,1270
-0.08333333333333333,-0.1878172588832487,-0.1875,-0.91150831659757,-0.8535211267605634,1.5161290322580643,0.0,0.0,0.8333333333333334,0.2,0.0,0.0,0.0,0.0,0.0,745
-1.0,0.6548223350253807,0.59375,-0.22768379202711048,0.29107981220657275,-0.01075268817204301,0.0,0.0,0.16666666666666666,0.06666666666666667,0.0,0.0,1.0,0.0,0.0,1003
0.5833333333333334,-0.6192893401015228,0.25,-0.3098055405697065,-0.5333333333333333,-0.01075268817204301,0.0,2.7,1.0,0.13333333333333333,0.0,0.0,0.0,1.0,0.0,198
-0.75,-0.5076142131979695,0.90625,-0.07312821817005527,-1.3230046948356808,-0.01075268817204301,0.0,0.0,0.8333333333333334,0.7333333333333333,0.0,0.0,0.0,0.0,0.0,183
-0.25,-1.071065989847716,-0.8125,-0.14891824053188613,0.26666666666666666,0.2150537634408602,0.0,0.0,1.0,-0.7333333333333333,0.0,0.0,0.0,1.0,0.0,462
0.4166666666666667,-0.3654822335025381,-0.21875,1.5370407516912272,-0.9230046948356807,0.6774193548387096,0.0,0.0,-0.3333333333333333,-0.6666666666666666,0.0,1.0,0.0,0.0,0.0,776
0.16666666666666666,0.7715736040609137,-0.65625,0.682712243030312,0.15305164319248826,3.4408602150537635,0.0,0.0,-0.16666666666666666,0.8,0.0,1.0,0.0,0.0,0.0,1128
-0.25,-0.6802030456852792,0.65625,1.7412639288257201,-1.0093896713615023,0.08602150537634408,0.0,0.0,-0.5,-1.0,0.0,1.0,0.0,0.0,-1.0,160
-0.5833333333333334,-0.5939086294416244,0.5625,0.3336351996355,-1.1323943661971831,-0.01075268817204301,0.0,0.0,-0.6666666666666666,-0.4,1.0,0.0,0.0,1.0,0.0,41
0.4166666666666667,-0.751269035532995,-0.96875,1.8972417506003412,0.29107981220657275,0.18279569892473116,0.0,0.0,1.0,-0.8,0.0,0.0,0.0,1.0,0.0,515
-0.25,-0.23857868020304565,1.25,-0.14891824053188613,-1.4028169014084506,0.2043010752688172,0.2,0.0,-0.5,-0.8,1.0,1.0,0.0,0.0,0.0,157
-0.5,-0.2639593908629441,-0.6875,-1.1921678124288753,0.29107981220657275,-0.01075268817204301,0.0,0.0,-0.3333333333333333,-0.2,0.0,1.0,0.0,0.0,0.0,368
-0.25,-0.6700507614213198,1.25,0.8933144384752442,-1.5549295774647887,-0.01075268817204301,9.1,7.1,0.8333333333333334,0.5333333333333333,1.0,0.0,0.0,0.0,0.0,24
0.5833333333333334,0.8781725888324874,-0.0625,0.2705797236685667,-0.48826291079812206,0.05376344086021505,0.0,0.0,0.3333333333333333,0.26666666666666666,0.0,0.0,1.0,0.0,0.0,2162
-0.5833333333333334,-0.7766497461928935,0.78125,-0.14891824053188613,-1.2347417840375587,-0.01075268817204301,0.0,0.0,-0.6666666666666666,0.26666666666666666,0.0,0.0,0.0,1.0,0.0,79
0.0,0.2690355329949239,-0.8125,-0.22768379202711048,0.29107981220657275,0.978494623655914,0.0,0.0,-0.16666666666666666,0.26666666666666666,1.0,1.0,0.0,0.0,0.0,1313
0.0,-0.3350253807106599,0.0625,-0.4861165064064858,-0.9586854460093897,1.3978494623655913,0.0,2.2,0.8333333333333334,0.6,1.0,0.0,0.0,0.0,0.0,700
0.3333333333333333,0.36548223350253806,-0.59375,0.455183241303237,-0.8910798122065727,1.7419354838709675,0.0,0.0,-0.5,0.8666666666666667,0.0,1.0,0.0,0.0,0.0,957
-0.3333333333333333,0.5380710659898478,0.65625,0.3336351996355,-0.5230046948356808,0.3548387096774194,0.0,0.0,0.3333333333333333,0.6,1.0,0.0,1.0,0.0,0.0,721
-0.9166666666666666,-0.9644670050761421,-0.59375,-0.5816560227957038,0.29107981220657275,-0.01075268817204301,0.0,0.0,1.0,-1.0,0.0,0.0,0.0,1.0,0.0,204
0.5833333333333334,0.7715736040609137,0.59375,-0.6833781561418334,0.29107981220657275,0.10752688172043011,0.9,0.0,0.3333333333333333,-0.06666666666666667,0.0,0.0,1.0,0.0,-1.0,1301
0.4166666666666667,0.7969543147208121,-0.6875,1.4948257357364156,0.26009389671361505,2.0,0.0,0.0,0.0,-1.0,0.0,0.0,1.0,0.0,0.0,2123
0.9166666666666666,0.8730964467005076,-0.0625,0.0,0.29107981220657275,-0.01075268817204301,0.0,0.0,0.3333333333333333,-0.3333333333333333,1.0,0.0,1.0,0.0,0.0,1076
0.9166666666666666,-0.7157360406091371,0.15625,1.4521169265310525,-0.707981220657277,-0.01075268817204301,0.0,1.0,-0.8333333333333334,-0.5333333333333333,0.0,0.0,0.0,1.0,0.0,112
-0.9166666666666666,-0.10152284263959391,0.53125,-0.22768379202711048,-0.3615023474178404,-0.01075268817204301,0.0,0.0,0.6666666666666666,0.06666666666666667,0.0,0.0,0.0,0.0,0.0,600
-0.3333333333333333,-0.4568527918781726,-0.25,-1.0429616152145371,-1.0422535211267605,0.1935483870967742,0.0,0.0,-0.5,0.5333333333333333,1.0,1.0,0.0,0.0,0.0,424
-0.3333333333333333,-0.6446700507614213,-0.40625,0.13927936789351517,-0.23568075117370893,0.01075268817204301,0.0,0.0,0.8333333333333334,0.8666666666666667,0.0,0.0,0.0,0.0,0.0,1635
0.75,0.5025380710659898,-0.15625,-0.07312821817005527,0.29107981220657275,-0.01075268817204301,0.0,0.0,0.16666666666666666,-0.6,1.0,0.0,1.0,0.0,0.0,2235
0.6666666666666666,0.4111675126903554,-0.4375,-0.07312821817005527,0.29107981220657275,-0.01075268817204301,0.0,0.0,0.5,-0.6,0.0,0.0,0.0,0.0,0.0,1959
0.25,-0.6649746192893401,-0.90625,0.6275737112096174,0.29107981220657275,0.9569892473118279,0.0,0.0,1.0,0.6,0.0,0.0,0.0,1.0,-1.0,319
-0.5833333333333334,-0.5228426395939086,-0.9375,0.0707286024015658,0.29107981220657275,-0.01075268817204301,0.0,0.0,0.8333333333333334,0.5333333333333333,1.0,0.0,0.0,0.0,0.0,95
-0.25,0.5025380710659898,-0.15625,-0.14891824053188613,0.28826291079812205,1.6344086021505375,0.0,0.0,0.5,-0.9333333333333333,1.0,0.0,0.0,0.0,0.0,721
-0.3333333333333333,0.11167512690355327,0.5625,-0.3098055405697065,-0.831924882629108,0.10752688172043011,0.0,0.0,-0.3333333333333333,-0.9333333333333333,0.0,1.0,0.0,0.0,0.0,1469
-1.0,-0.36040609137055835,0.15625,-0.6833781561418334,-1.1117370892018779,-0.01075268817204301,0.0,0.0,-0.5,-0.2,0.0,1.0,0.0,0.0,0.0,309
0.3333333333333333,-0.9593908629441624,-0.875,1.1844188200176686,0.27136150234741785,1.4946236559139783,0.0,0.0,-0.6666666666666666,-0.8,1.0,0.0,0.0,1.0,0.0,181
-0.16666666666666666,0.2944162436548224,0.0625,-1.3691539278131721,0.29107981220657275,0.9999999999999999,0.0,0.0,0.5,0.4666666666666667,1.0,0.0,0.0,0.0,-1.0,620
0.0,0.2893401015228426,-0.8125,-0.91150831659757,0.28544600938967135,2.5698924731182795,0.0,0.0,0.6666666666666666,-0.5333333333333333,0.0,0.0,0.0,0.0,0.0,1238
0.75,-0.6903553299492385,-0.0625,-0.6833781561418334,-0.03380281690140845,-0.01075268817204301,0.0,0.0,1.0,-0.4666666666666667,1.0,0.0,0.0,1.0,0.0,321
-0.16666666666666666,-0.7563451776649747,-0.21875,0.2705797236685667,-0.3145539906103286,0.3978494623655914,0.0,0.0,-0.8333333333333334,-0.9333333333333333,0.0,0.0,0.0,1.0,0.0,208
0.08333333333333333,0.24365482233502542,-0.75,0.2705797236685667,-0.3436619718309859,2.7096774193548385,0.0,0.0,0.6666666666666666,-0.2,1.0,0.0,0.0,0.0,0.0,1652
0.3333333333333333,0.416243654822335,-1.0625,0.6275737112096174,-0.26854460093896715,2.10752688172043,0.0,0.0,-0.3333333333333333,0.6666666666666666,0.0,1.0,0.0,0.0,0.0,1386
-0.5,0.3502538071065989,0.65625,-0.39575298507290857,0.29107981220657275,-0.01075268817204301,0.0,0.0,0.5,-0.13333333333333333,0.0,0.0,0.0,0.0,0.0,644
-0.75,-0.5076142131979695,0.78125,0.8420508501474621,-1.3830985915492957,-0.01075268817204301,0.0,0.0,-0.6666666666666666,0.5333333333333333,1.0,0.0,0.0,1.0,0.0,133
0.3333333333333333,0.16751269035532998,-0.34375,0.2058418822217645,-0.6093896713615023,0.7634408602150536,0.0,0.0,0.8333333333333334,-0.7333333333333333,0.0,0.0,0.0,0.0,0.0,1318
0.6666666666666666,0.802030456852792,0.03125,0.5713209318579696,0.29107981220657275,0.08602150537634408,0.0,0.0,0.16666666666666666,0.0,0.0,0.0,1.0,0.0,0.0,2362
-0.16666666666666666,0.9340101522842639,-0.1875,0.455183241303237,0.23380281690140844,2.1827956989247315,0.0,0.0,0.3333333333333333,0.0,0.0,0.0,1.0,0.0,0.0,612
-0.4166666666666667,-1.3147208121827412,-0.09375,0.6275737112096174,0.09389671361502347,-0.01075268817204301,0.0,0.0,-0.6666666666666666,-0.8,1.0,0.0,0.0,1.0,0.0,34
0.75,-0.7969543147208121,-0.34375,0.455183241303237,0.2676056338028169,-0.01075268817204301,0.0,0.0,1.0,-0.6,0.0,0.0,0.0,1.0,0.0,402
0.8333333333333334,0.4720812182741117,0.375,0.13927936789351517,-0.03192488262910798,-0.01075268817204301,0.0,0.0,0.0,0.0,1.0,0.0,1.0,0.0,0.0,1995
0.16666666666666666,0.4111675126903554,-0.90625,1.0421797791354965,-0.4863849765258216,3.1397849462365595,0.0,0.0,-0.3333333333333333,0.8666666666666667,1.0,1.0,0.0,0.0,0.0,1814
0.4166666666666667,0.5583756345177665,-0.625,0.9933397872392326,0.29107981220657275,1.10752688172043,0.0,0.0,0.5,-0.6,0.0,0.0,0.0,0.0,0.0,2183
0.4166666666666667,-0.39593908629441626,0.125,0.455183241303237,0.27887323943661974,0.06451612903225806,0.0,0.0,0.8333333333333334,0.3333333333333333,0.0,0.0,0.0,0.0,0.0,1101
0.25,0.9340101522842639,-0.1875,1.0421797791354965,-0.2112676056338028,3.225806451612903,0.0,0.0,0.16666666666666666,0.06666666666666667,0.0,0.0,1.0,0.0,0.0,878
0.75,-0.5380710659898477,0.21875,0.6275737112096174,-0.5032863849765258,-0.01075268817204301,0.0,0.0,-0.6666666666666666,0.4,0.0,0.0,0.0,1.0,0.0,393
-0.25,-1.2842639593908631,-0.34375,0.8420508501474621,0.24976525821596243,0.09677419354838711,0.0,0.0,1.0,-0.26666666666666666,0.0,0.0,0.0,1.0,0.0,275
0.6666666666666666,0.11167512690355327,1.25,-1.1921678124288753,-1.2647887323943663,-0.01075268817204301,1.0,0.0,-0.16666666666666666,-0.26666666666666666,1.0,1.0,0.0,0.0,0.0,29
0.25,0.5888324873096448,-1.0,0.7368002283746548,0.25258215962441316,2.3548387096774195,0.0,0.0,-0.16666666666666666,0.6,0.0,1.0,0.0,0.0,0.0,1306
-0.4166666666666667,0.15228426395939088,0.53125,-1.0429616152145371,0.29107981220657275,-0.01075268817204301,0.0,0.0,0.5,0.4666666666666667,1.0,0.0,0.0,0.0,-1.0,261
0.6666666666666666,0.11675126903553304,-0.3125,0.2058418822217645,0.29107981220657275,0.0,0.0,0.0,-0.16666666666666666,-0.5333333333333333,0.0,1.0,0.0,0.0,0.0,1726
0.9166666666666666,0.43147208121827413,-0.0625,0.13927936789351517,0.29107981220657275,-0.01075268817204301,0.0,0.0,0.16666666666666666,-0.6666666666666666,0.0,0.0,1.0,0.0,0.0,1458
-0.16666666666666666,-1.116751269035533,-0.8125,0.0,0.28826291079812205,0.6129032258064515,0.0,0.0,1.0,0.06666666666666667,1.0,0.0,0.0,1.0,0.0,142
-0.4166666666666667,-0.918781725888325,-0.34375,0.7898955205469734,0.29107981220657275,-0.01075268817204301,0.0,0.0,1.0,0.6,0.0,0.0,0.0,1.0,-1.0,61
0.75,-0.30456852791878175,-0.6875,0.2058418822217645,-0.9708920187793427,-0.01075268817204301,0.0,0.0,0.8333333333333334,0.7333333333333333,0.0,0.0,0.0,0.0,0.0,777
-0.16666666666666666,-0.5888324873096447,-0.1875,-0.5816560227957038,-0.6206572769953052,1.075268817204301,0.0,0.0,0.8333333333333334,0.9333333333333333,0.0,0.0,0.0,0.0,0.0,554
0.8333333333333334,-0.23857868020304565,0.03125,-0.91150831659757,-0.3117370892018779,-0.01075268817204301,0.0,0.0,0.8333333333333334,-0.13333333333333333,0.0,0.0,0.0,0.0,0.0,1074
0.08333333333333333,0.20812182741116758,-0.25,1.6608858990800979,0.29107981220657275,2.021505376344086,0.0,0.0,0.6666666666666666,-1.0,0.0,0.0,0.0,0.0,0.0,1087
0.08333333333333333,-0.21827411167512695,-1.375,0.0707286024015658,0.08075117370892018,1.989247311827957,0.0,0.0,0.8333333333333334,0.8,0.0,0.0,0.0,0.0,0.0,681
0.8333333333333334,0.15736040609137064,-0.3125,1.3208447570935795,0.29107981220657275,-0.01075268817204301,0.0,0.0,0.5,0.5333333333333333,0.0,0.0,0.0,0.0,-1.0,958
0.3333333333333333,-0.3807106598984772,0.03125,-0.6833781561418334,-0.8995305164319248,0.1935483870967742,0.0,0.0,1.0,0.4,0.0,0.0,0.0,1.0,-1.0,416
-0.08333333333333333,-0.9949238578680204,-1.0,0.7898955205469734,0.26854460093896715,1.3655913978494623,0.0,0.0,-0.6666666666666666,-0.26666666666666666,0.0,0.0,0.0,1.0,0.0,190
-0.75,-0.9137055837563453,-0.90625,0.8933144384752442,0.29107981220657275,-0.01075268817204301,0.0,0.0,-0.6666666666666666,0.06666666666666667,1.0,0.0,0.0,1.0,-1.0,34
-0.75,0.5939086294416244,0.8125,-0.3098055405697065,0.13615023474178403,-0.01075268817204301,0.0,0.0,0.16666666666666666,-0.13333333333333333,1.0,0.0,1.0,0.0,0.0,545
-0.5833333333333334,0.2690355329949239,1.25,-0.4861165064064858,0.22253521126760564,-0.01075268817204301,0.0,0.0,-0.16666666666666666,0.06666666666666667,0.0,1.0,0.0,0.0,0.0,54
-0.3333333333333333,-0.025380710659898477,-0.09375,-0.22768379202711048,-0.8938967136150234,0.7204301075268817,0.0,0.0,-0.3333333333333333,0.26666666666666666,0.0,1.0,0.0,0.0,0.0,1659
0.75,-0.1472081218274112,1.0,0.3951330286481768,-1.0178403755868544,-0.01075268817204301,2.0,0.0,-0.5,-0.8,1.0,1.0,0.0,0.0,0.0,7
-0.3333333333333333,-0.3299492385786802,0.65625,-0.4861165064064858,-0.9708920187793427,0.5913978494623656,0.0,0.0,-0.3333333333333333,-0.06666666666666667,1.0,1.0,0.0,0.0,0.0,401
0.8333333333333334,-0.3756345177664975,0.40625,0.7368002283746548,-0.8300469483568075,-0.01075268817204301,0.0,0.0,1.0,0.4,0.0,0.0,0.0,1.0,-1.0,314
0.5,0.36548223350253806,-0.09375,1.4088965798741255,-0.19342723004694837,0.5268817204301075,0.0,0.0,-0.3333333333333333,-0.9333333333333333,0.0,1.0,0.0,0.0,0.0,2401
-0.25,0.3553299492385787,0.5,0.0707286024015658,-1.2450704225352112,1.3118279569892473,0.0,0.0,0.0,-0.6,0.0,0.0,1.0,0.0,0.0,1342
-0.08333333333333333,0.25380710659898476,0.25,-0.07312821817005527,-1.152112676056338,2.21505376344086,0.0,0.0,-0.16666666666666666,-0.13333333333333333,0.0,1.0,0.0,0.0,0.0,946
0.25,0.9949238578680204,0.03125,0.2705797236685667,-0.7586854460093897,0.9247311827956989,0.0,0.0,0.16666666666666666,0.6666666666666666,0.0,0.0,1.0,0.0,0.0,774
0.6666666666666666,-0.5989847715736041,0.5,-0.91150831659757,-1.2751173708920187,-0.01075268817204301,0.0,0.0,1.0,0.8666666666666667,0.0,0.0,0.0,1.0,0.0,292
-0.08333333333333333,0.9796954314720812,-0.25,0.7898955205469734,0.29107981220657275,3.0752688172043015,0.0,0.0,0.3333333333333333,-0.26666666666666666,1.0,0.0,1.0,0.0,0.0,526
0.9166666666666666,-0.9340101522842639,0.71875,-0.6833781561418334,-0.9389671361502347,-0.01075268817204301,0.0,0.2,-0.8333333333333334,-0.4666666666666667,0.0,0.0,0.0,1.0,0.0,80
-0.6666666666666666,0.2893401015228426,0.34375,-0.5816560227957038,-0.4779342723004695,-0.01075268817204301,0.0,0.0,0.0,-0.6666666666666666,0.0,0.0,1.0,0.0,-1.0,332
-0.5,0.5786802030456852,0.96875,-0.3098055405697065,0.29107981220657275,-0.01075268817204301,0.5,0.0,0.3333333333333333,0.5333333333333333,0.0,0.0,1.0,0.0,0.0,173
-0.08333333333333333,1.1116751269035532,-0.40625,-0.22768379202711048,0.18497652582159624,2.763440860215054,0.0,0.0,0.3333333333333333,-0.06666666666666667,0.0,0.0,1.0,0.0,-1.0,586
-0.25,0.19796954314720805,1.15625,-0.6833781561418334,-1.3708920187793427,0.16129032258064516,0.0,0.0,-0.16666666666666666,-0.9333333333333333,0.0,1.0,0.0,0.0,0.0,609
0.75,1.0050761421319796,0.21875,0.8933144384752442,-0.009389671361502348,-0.01075268817204301,0.0,0.0,0.3333333333333333,-1.0,0.0,0.0,1.0,0.0,0.0,1500
0.5,-0.8172588832487311,0.5,-0.39575298507290857,-0.9446009389671362,0.0,0.0,0.0,-0.8333333333333334,-0.2,1.0,0.0,0.0,1.0,0.0,223
0.16666666666666666,-0.7055837563451777,-0.8125,0.3336351996355,0.29107981220657275,1.1720430107526882,0.0,0.0,1.0,0.6,0.0,0.0,0.0,1.0,-1.0,274
0.25,-0.3553299492385787,-0.0625,-0.4861165064064858,-0.8347417840375587,0.3978494623655914,0.0,0.0,1.0,0.4,0.0,0.0,0.0,1.0,-1.0,386
0.6666666666666666,0.284263959390863,-1.21875,-0.22768379202711048,0.29107981220657275,-0.01075268817204301,0.0,0.0,-0.3333333333333333,0.3333333333333333,1.0,1.0,0.0,0.0,0.0,1581
-0.6666666666666666,-0.20304568527918782,0.28125,-0.3098055405697065,0.044131455399061034,-0.01075268817204301,0.0,0.0,-0.16666666666666666,-0.8,0.0,1.0,0.0,0.0,0.0,138
0.3333333333333333,1.1928934010152286,-0.59375,-0.22768379202711048,0.29107981220657275,2.21505376344086,0.0,0.0,0.16666666666666666,1.0,0.0,0.0,1.0,0.0,0.0,763
-0.3333333333333333,-0.08629441624365479,0.5,-0.39575298507290857,-0.038497652582159626,0.5161290322580645,0.0,0.0,0.6666666666666666,-0.8666666666666667,0.0,0.0,0.0,0.0,-1.0,762
0.5833333333333334,0.583756345177665,-0.15625,0.455183241303237,0.29107981220657275,0.3870967741935484,0.0,0.0,0.16666666666666666,-0.6666666666666666,0.0,0.0,1.0,0.0,0.0,2557
0.9166666666666666,-1.218274111675127,-0.3125,0.7898955205469734,0.09765258215962441,-0.01075268817204301,0.0,0.0,-0.6666666666666666,-0.7333333333333333,0.0,0.0,0.0,1.0,0.0,115
-0.16666666666666666,0.4416243654822335,0.125,-0.22768379202711048,-1.088262910798122,1.8387096774193548,0.0,0.0,-0.16666666666666666,-1.0,0.0,1.0,0.0,0.0,-1.0,1002
-0.4166666666666667,-0.7360406091370558,-0.4375,0.2058418822217645,0.29107981220657275,-0.01075268817204301,0.0,0.0,0.8333333333333334,0.4,0.0,0.0,0.0,0.0,0.0,848
0.75,-0.5532994923857868,-0.5625,-1.1921678124288753,0.26103286384976526,-0.01075268817204301,0.0,0.0,0.8333333333333334,0.9333333333333333,0.0,0.0,0.0,0.0,0.0,694
-0.25,-0.4873096446700508,0.21875,0.8420508501474621,-0.19436619718309858,0.18279569892473116,0.0,0.0,-0.6666666666666666,-0.13333333333333333,0.0,0.0,0.0,1.0,0.0,326
0.9166666666666666,-0.8781725888324874,-0.6875,0.5138834935935143,0.29107981220657275,-0.01075268817204301,0.0,0.0,-0.8333333333333334,-0.9333333333333333,0.0,0.0,0.0,1.0,0.0,186
-1.0,-0.9035532994923858,-0.59375,-0.07312821817005527,0.29107981220657275,-0.01075268817204301,0.0,0.0,-0.8333333333333334,-0.8666666666666667,0.0,0.0,0.0,1.0,0.0,160
0.4166666666666667,0.1878172588832487,-0.125,0.8420508501474621,0.29107981220657275,0.25806451612903225,0.0,0.0,0.6666666666666666,-1.0,0.0,0.0,0.0,0.0,0.0,1799
-0.4166666666666667,-0.9593908629441624,-0.5,-1.1921678124288753,0.29107981220657275,-0.01075268817204301,0.0,0.0,-0.6666666666666666,0.0,0.0,0.0,0.0,1.0,-1.0,49
0.0,-0.5736040609137056,-1.25,0.3336351996355,0.12582159624413145,2.129032258064516,0.0,0.0,-0.6666666666666666,0.3333333333333333,0.0,0.0,0.0,1.0,0.0,351
0.4166666666666667,-0.08629441624365479,0.09375,0.8420508501474621,-0.2187793427230047,0.6344086021505375,0.0,0.0,-0.3333333333333333,-0.06666666666666667,1.0,1.0,0.0,0.0,0.0,42
0.8333333333333334,0.24873096446700502,0.65625,0.0707286024015658,-1.2328638497652582,-0.01075268817204301,0.0,0.0,-0.3333333333333333,0.9333333333333333,0.0,1.0,0.0,0.0,0.0,1456
0.75,-0.6497461928934011,0.625,2.40132182205496,-0.9370892018779343,-0.01075268817204301,0.9,1.0,-0.8333333333333334,-0.5333333333333333,0.0,0.0,0.0,1.0,0.0,146
-0.75,0.42131979695431476,1.28125,-0.7926654504863353,-1.4807511737089203,-0.01075268817204301,2.5,0.0,-0.16666666666666666,0.06666666666666667,0.0,1.0,0.0,0.0,0.0,38
0.8333333333333334,0.5634517766497463,0.4375,0.0,-0.3483568075117371,-0.01075268817204301,0.0,0.0,0.3333333333333333,0.9333333333333333,0.0,0.0,1.0,0.0,0.0,1582
-0.16666666666666666,0.8730964467005076,0.125,0.7898955205469734,-0.15868544600938966,1.6021505376344085,0.0,0.0,0.16666666666666666,0.6,0.0,0.0,1.0,0.0,0.0,696
-0.16666666666666666,0.8274111675126904,0.0625,-0.22768379202711048,-0.6732394366197183,2.4838709677419355,0.0,0.0,0.16666666666666666,0.26666666666666666,0.0,0.0,1.0,0.0,0.0,641
-1.0,0.7563451776649746,0.875,-0.14891824053188613,-0.26666666666666666,-0.01075268817204301,0.0,0.0,0.3333333333333333,-0.2,0.0,0.0,1.0,0.0,0.0,409
-0.25,-0.3401015228426396,0.21875,-0.39575298507290857,-0.6957746478873239,0.5268817204301075,0.0,0.0,0.8333333333333334,-0.06666666666666667,0.0,0.0,0.0,0.0,0.0,1300
-0.75,0.09137055837563456,0.375,-0.91150831659757,-0.5511737089201878,-0.01075268817204301,0.0,0.0,-0.16666666666666666,0.6666666666666666,1.0,1.0,0.0,0.0,0.0,419
0.5,0.5329949238578681,-0.71875,0.13927936789351517,0.29107981220657275,1.3010752688172043,0.0,0.0,-0.16666666666666666,0.2,1.0,1.0,0.0,0.0,0.0,2439
0.3333333333333333,-0.015228426395939123,-0.40625,0.0707286024015658,-0.92018779342723,0.8064516129032258,0.0,0.0,0.8333333333333334,0.6666666666666666,0.0,0.0,0.0,0.0,0.0,935
0.16666666666666666,0.5786802030456852,1.25,-0.91150831659757,-0.8676056338028169,0.3763440860215053,4.0,0.0,0.3333333333333333,0.8,0.0,0.0,1.0,0.0,0.0,126
0.0,0.33502538071065996,-0.625,1.365145862684823,0.20657276995305165,3.6881720430107525,0.0,0.0,-0.16666666666666666,0.4666666666666667,0.0,1.0,0.0,0.0,0.0,1216
-0.6666666666666666,-1.2690355329949239,0.0,0.5138834935935143,0.19624413145539907,-0.01075268817204301,0.0,0.0,-0.8333333333333334,-0.3333333333333333,0.0,0.0,0.0,1.0,0.0,33
0.3333333333333333,-0.07614213197969544,0.53125,0.3951330286481768,-1.2901408450704226,0.30107526881720426,0.0,0.0,0.8333333333333334,0.7333333333333333,0.0,0.0,0.0,0.0,0.0,775
0.75,-0.10152284263959391,-0.3125,-0.3098055405697065,0.29107981220657275,-0.01075268817204301,0.0,0.0,-0.3333333333333333,0.5333333333333333,0.0,1.0,0.0,0.0,0.0,1372
-0.9166666666666666,-0.11675126903553304,0.65625,-0.3098055405697065,-1.1483568075117372,-0.01075268817204301,0.0,0.0,0.8333333333333334,-0.4,1.0,0.0,0.0,0.0,0.0,679
-0.16666666666666666,0.3299492385786802,-0.28125,0.2705797236685667,0.29107981220657275,2.6344086021505375,0.0,0.0,-0.16666666666666666,-0.5333333333333333,0.0,1.0,0.0,0.0,0.0,792
0.5,1.0000000000000002,0.0625,0.2058418822217645,-0.5830985915492958,1.053763440860215,0.0,0.0,0.16666666666666666,0.6666666666666666,0.0,0.0,1.0,0.0,0.0,2367
0.4166666666666667,-0.20304568527918782,-0.71875,2.0474365447604743,0.29107981220657275,0.47311827956989244,0.0,0.0,0.6666666666666666,0.7333333333333333,1.0,0.0,0.0,0.0,0.0,1176
0.75,-0.5431472081218274,0.96875,0.3951330286481768,-1.0309859154929577,-0.01075268817204301,0.0,0.0,-0.3333333333333333,-0.5333333333333333,1.0,1.0,0.0,0.0,0.0,170
-0.08333333333333333,0.13705583756345174,-0.84375,0.5713209318579696,0.009389671361502348,2.870967741935484,0.0,0.0,-0.3333333333333333,-0.26666666666666666,0.0,1.0,0.0,0.0,0.0,829
-0.5833333333333334,0.36548223350253806,1.25,-1.1921678124288753,0.29107981220657275,-0.01075268817204301,0.5,0.0,0.16666666666666666,-0.9333333333333333,0.0,0.0,1.0,0.0,0.0,28
0.8333333333333334,0.969543147208122,0.21875,0.5713209318579696,0.012206572769953052,-0.01075268817204301,0.0,0.0,0.3333333333333333,-1.0,0.0,0.0,1.0,0.0,0.0,1367
-0.25,-0.30456852791878175,1.15625,0.0,-1.1117370892018779,0.15053763440860213,1.5,0.0,-0.3333333333333333,-0.13333333333333333,1.0,1.0,0.0,0.0,0.0,17
-0.4166666666666667,0.06091370558375631,0.125,0.3951330286481768,0.29107981220657275,0.01075268817204301,0.0,0.0,0.5,0.5333333333333333,0.0,0.0,0.0,0.0,-1.0,205
0.5,-0.42131979695431476,-0.40625,-0.14891824053188613,-0.9793427230046948,-0.01075268817204301,0.0,0.0,-0.8333333333333334,-0.06666666666666667,0.0,0.0,0.0,1.0,0.0,555
-0.08333333333333333,-0.035532994923857836,-0.40625,-0.39575298507290857,-0.39530516431924884,1.967741935483871,0.0,0.0,0.8333333333333334,-0.9333333333333333,0.0,0.0,0.0,0.0,0.0,880
0.0,0.23857868020304565,-0.0625,0.5138834935935143,-1.0291079812206574,2.397849462365592,0.0,0.0,-0.5,0.8666666666666667,0.0,1.0,0.0,0.0,0.0,714
0.8333333333333334,-0.8172588832487311,-0.3125,0.0707286024015658,-0.18591549295774648,-0.01075268817204301,0.0,0.0,-0.8333333333333334,-0.6666666666666666,1.0,0.0,0.0,1.0,0.0,218
-0.5,-0.11675126903553304,0.1875,-0.6833781561418334,-0.815962441314554,-0.01075268817204301,0.0,0.0,-0.3333333333333333,0.26666666666666666,0.0,1.0,0.0,0.0,0.0,414
-0.75,0.23857868020304565,-0.15625,0.0,0.29107981220657275,-0.01075268817204301,0.0,0.0,0.5,-0.3333333333333333,0.0,0.0,0.0,0.0,0.0,261
-1.0,0.802030456852792,0.34375,0.0707286024015658,0.29107981220657275,-0.01075268817204301,0.0,0.0,0.3333333333333333,-0.13333333333333333,0.0,0.0,1.0,0.0,0.0,872
-0.08333333333333333,-0.5279187817258884,0.0,-0.5816560227957038,-0.831924882629108,0.6666666666666666,0.0,0.0,1.0,0.4,0.0,0.0,0.0,1.0,-1.0,278
-0.3333333333333333,-0.44670050761421326,0.34375,-0.91150831659757,-0.6178403755868545,0.05376344086021505,0.0,0.0,0.8333333333333334,-0.2,0.0,0.0,0.0,0.0,0.0,1910
-0.25,0.5431472081218274,-0.3125,-0.22768379202711048,-0.8150234741784037,2.075268817204301,0.0,0.0,0.0,0.4,0.0,0.0,1.0,0.0,0.0,1284
0.08333333333333333,-0.751269035532995,-0.6875,0.3336351996355,0.19061032863849764,1.258064516129032,0.0,0.0,-0.8333333333333334,0.9333333333333333,0.0,0.0,0.0,1.0,0.0,225
-0.9166666666666666,-0.11675126903553304,0.0,0.0707286024015658,-0.14741784037558686,-0.01075268817204301,0.0,0.0,-0.3333333333333333,0.8666666666666667,1.0,1.0,0.0,0.0,0.0,554
-0.25,0.36548223350253806,0.3125,-0.3098055405697065,-1.1511737089201879,1.3870967741935483,0.0,0.0,-0.16666666666666666,-1.0,0.0,1.0,0.0,0.0,-1.0,1024
0.8333333333333334,0.25380710659898476,-0.53125,0.6275737112096174,0.29107981220657275,-0.01075268817204301,0.0,0.0,0.5,0.4666666666666667,1.0,0.0,0.0,0.0,-1.0,1074
-0.25,0.33502538071065996,0.25,-0.07312821817005527,0.29107981220657275,0.989247311827957,0.0,0.0,0.0,-0.06666666666666667,0.0,0.0,1.0,0.0,0.0,1170
-0.16666666666666666,0.035532994923857836,1.28125,-0.22768379202711048,-1.3061032863849766,0.13978494623655913,0.0,0.0,-0.5,-0.06666666666666667,0.0,1.0,0.0,0.0,0.0,27
0.5,0.12690355329949238,-0.3125,0.3951330286481768,0.29107981220657275,0.8387096774193549,0.0,0.0,-0.3333333333333333,-0.8,0.0,1.0,0.0,0.0,0.0,2402
0.25,0.1624365482233502,0.875,-0.22768379202711048,0.29107981220657275,0.5161290322580645,0.0,0.0,-0.16666666666666666,0.13333333333333333,0.0,1.0,0.0,0.0,0.0,906
-0.5,0.48730964467005083,0.21875,-0.7926654504863353,0.29107981220657275,-0.01075268817204301,0.0,0.0,0.3333333333333333,0.2,1.0,0.0,1.0,0.0,0.0,260
-0.25,-0.43147208121827413,0.5625,-1.1921678124288753,-1.2206572769953052,0.11827956989247311,0.0,0.0,0.8333333333333334,0.7333333333333333,0.0,0.0,0.0,0.0,0.0,800
0.5,-0.5939086294416244,-0.71875,-0.22768379202711048,-0.16150234741784036,-0.01075268817204301,0.0,0.0,-0.8333333333333334,-0.6,1.0,0.0,0.0,1.0,0.0,270
-0.6666666666666666,-0.8781725888324874,0.6875,0.3336351996355,-0.49107981220657276,-0.01075268817204301,0.0,0.0,1.0,-0.9333333333333333,1.0,0.0,0.0,1.0,0.0,89
0.5,0.05583756345177664,-0.5625,0.5138834935935143,0.29107981220657275,0.10752688172043011,0.0,0.0,0.6666666666666666,0.06666666666666667,0.0,0.0,0.0,0.0,0.0,2445
-0.08333333333333333,0.0203045685279188,1.28125,-0.07312821817005527,-1.3089201877934273,0.12903225806451613,0.0,0.0,-0.5,-0.06666666666666667,0.0,1.0,0.0,0.0,0.0,65
-0.6666666666666666,-0.5431472081218274,-0.15625,-0.7926654504863353,-0.4140845070422535,-0.01075268817204301,0.0,0.0,-0.5,-0.26666666666666666,0.0,1.0,0.0,0.0,0.0,47
-0.75,0.46700507614213194,0.90625,-0.6833781561418334,-0.22065727699530516,-0.01075268817204301,0.0,0.0,0.16666666666666666,-1.0,1.0,0.0,1.0,0.0,0.0,368
0.5,0.8781725888324874,0.09375,0.6275737112096174,0.09671361502347418,1.5268817204301073,0.0,0.0,0.16666666666666666,-0.2,0.0,0.0,1.0,0.0,0.0,2884
0.5,-0.6446700507614213,-0.71875,0.2705797236685667,0.18497652582159624,0.0,0.0,0.0,-0.8333333333333334,-1.0,0.0,0.0,0.0,1.0,-1.0,218
-0.75,0.06091370558375631,0.78125,-0.5816560227957038,0.12394366197183099,-0.01075268817204301,0.0,0.0,-0.16666666666666666,-0.6,0.0,1.0,0.0,0.0,0.0,249
-0.08333333333333333,0.6091370558375635,0.0,0.2058418822217645,-0.7014084507042253,3.225806451612903,0.0,0.0,0.0,0.3333333333333333,0.0,0.0,1.0,0.0,0.0,1066
0.6666666666666666,-1.1116751269035532,-0.46875,-0.39575298507290857,0.29107981220657275,-0.01075268817204301,0.0,0.0,1.0,-0.26666666666666666,0.0,0.0,0.0,1.0,0.0,260
0.16666666666666666,-0.39593908629441626,-0.09375,1.137688257706579,-1.1943661971830986,0.8817204301075268,0.0,0.0,1.0,0.8666666666666667,0.0,0.0,0.0,1.0,0.0,419
0.75,-0.25380710659898476,-0.46875,-0.3098055405697065,0.29107981220657275,-0.01075268817204301,0.0,0.0,0.8333333333333334,-0.2,0.0,0.0,0.0,0.0,0.0,1163
-0.9166666666666666,-0.5431472081218274,0.5,0.682712243030312,-1.1990610328638498,-0.01075268817204301,0.0,0.0,-0.5,-0.4666666666666667,0.0,1.0,0.0,0.0,0.0,228
0.4166666666666667,0.5380710659898478,1.0,0.2705797236685667,0.29107981220657275,0.6129032258064515,0.0,0.0,0.3333333333333333,0.5333333333333333,0.0,0.0,1.0,0.0,0.0,403
-0.3333333333333333,0.17766497461928935,0.375,-0.22768379202711048,0.29107981220657275,0.31182795698924726,0.0,0.0,0.5,0.4666666666666667,1.0,0.0,0.0,0.0,-1.0,439
-0.6666666666666666,-0.2741116751269036,0.65625,-0.7926654504863353,0.29107981220657275,-0.01075268817204301,0.0,0.0,0.6666666666666666,0.13333333333333333,0.0,0.0,0.0,0.0,0.0,165
0.75,-0.7258883248730965,0.75,-0.5816560227957038,-0.0028169014084507044,-0.01075268817204301,0.0,0.0,1.0,-1.0,0.0,0.0,0.0,1.0,0.0,405
0.3333333333333333,0.15228426395939088,-0.5625,0.9437305196070348,-1.2431924882629108,2.043010752688172,0.0,0.0,-0.5,0.6,1.0,1.0,0.0,0.0,0.0,1031
0.75,-0.8121827411167513,-0.3125,-0.5816560227957038,-0.18309859154929578,-0.01075268817204301,0.0,0.0,-0.8333333333333334,-0.6666666666666666,1.0,0.0,0.0,1.0,0.0,214
-0.5833333333333334,-0.6446700507614213,-0.46875,-0.39575298507290857,-0.27793427230046946,-0.01075268817204301,0.0,0.0,-0.8333333333333334,-0.5333333333333333,0.0,0.0,0.0,1.0,0.0,67
-0.3333333333333333,-1.015228426395939,0.46875,-0.5816560227957038,-0.9577464788732394,-0.01075268817204301,0.0,0.2,-0.8333333333333334,-0.2,1.0,0.0,0.0,1.0,0.0,67
0.6666666666666666,-0.010152284263959355,0.625,0.0707286024015658,-0.8046948356807512,-0.01075268817204301,0.0,0.0,0.8333333333333334,-0.6,0.0,0.0,0.0,0.0,0.0,1062
-0.3333333333333333,0.2741116751269035,0.625,-0.7926654504863353,-0.5455399061032864,0.5913978494623656,0.0,0.0,0.5,0.06666666666666667,0.0,0.0,0.0,0.0,0.0,2276
0.4166666666666667,-0.6192893401015228,1.125,-0.22768379202711048,-1.5107981220657276,0.021505376344086016,0.0,0.2,-0.8333333333333334,0.4,0.0,0.0,0.0,1.0,0.0,43
0.5833333333333334,0.299492385786802,0.875,-0.22768379202711048,-0.036619718309859155,0.07526881720430108,0.5,0.0,0.0,-0.3333333333333333,0.0,0.0,1.0,0.0,0.0,873
-0.08333333333333333,0.13705583756345174,-0.5625,0.0707286024015658,-0.10328638497652583,2.193548387096774,0.0,0.0,0.6666666666666666,0.26666666666666666,1.0,0.0,0.0,0.0,0.0,1175
-0.8333333333333334,-0.29441624365482233,0.1875,-0.39575298507290857,-0.9258215962441314,-0.01075268817204301,0.0,0.0,0.8333333333333334,0.0,0.0,0.0,0.0,0.0,0.0,376
0.08333333333333333,-1.0355329949238579,-0.625,0.5713209318579696,0.24882629107981222,1.3010752688172043,0.0,0.0,1.0,-0.26666666666666666,0.0,0.0,0.0,1.0,0.0,225
0.6666666666666666,0.5076142131979695,1.25,-1.5998067240225886,0.11643192488262911,0.03225806451612903,24.0,0.0,0.16666666666666666,-0.9333333333333333,0.0,0.0,1.0,0.0,0.0,61
0.6666666666666666,-0.6192893401015228,-0.25,0.7898955205469734,-0.006572769953051643,-0.01075268817204301,0.0,0.0,-0.6666666666666666,0.6,1.0,0.0,0.0,1.0,0.0,232
0.75,-0.6903553299492385,-0.875,-0.91150831659757,0.29107981220657275,-0.01075268817204301,0.0,0.0,-0.8333333333333334,0.3333333333333333,1.0,0.0,0.0,1.0,0.0,237
-0.5,-0.6294416243654822,0.65625,-0.3098055405697065,-1.0816901408450703,-0.01075268817204301,0.0,0.0,-0.5,-0.4,1.0,1.0,0.0,0.0,0.0,74
0.5833333333333334,-0.6294416243654822,0.34375,1.5370407516912272,-0.9342723004694836,-0.01075268817204301,0.0,0.0,1.0,0.5333333333333333,1.0,0.0,0.0,1.0,-1.0,132
0.5833333333333334,-1.0456852791878173,-0.53125,0.9933397872392326,0.29107981220657275,-0.01075268817204301,0.0,0.0,-0.8333333333333334,0.8666666666666667,0.0,0.0,0.0,1.0,0.0,282
0.16666666666666666,0.48730964467005083,-0.03125,0.0707286024015658,-1.2197183098591549,2.860215053763441,0.0,0.0,-0.16666666666666666,-0.13333333333333333,0.0,1.0,0.0,0.0,0.0,1124
-0.9166666666666666,0.48730964467005083,1.28125,-2.15665183283064,-0.6873239436619718,-0.01075268817204301,0.0,0.0,0.16666666666666666,-0.8666666666666667,0.0,0.0,1.0,0.0,0.0,407
0.9166666666666666,-0.7055837563451777,-0.78125,-0.7926654504863353,0.29107981220657275,-0.01075268817204301,0.0,0.0,-0.8333333333333334,0.3333333333333333,1.0,0.0,0.0,1.0,0.0,170
-0.5,0.34010152284263956,0.28125,-0.39575298507290857,0.29107981220657275,-0.01075268817204301,0.0,0.0,0.5,-0.9333333333333333,1.0,0.0,0.0,0.0,0.0,249
-0.9166666666666666,0.24873096446700502,0.0625,-0.14891824053188613,0.29107981220657275,-0.01075268817204301,0.0,0.0,0.0,0.0,1.0,0.0,1.0,0.0,0.0,1056
0.8333333333333334,0.06091370558375631,0.1875,-0.07312821817005527,-1.0666666666666667,-0.01075268817204301,0.0,0.0,-0.3333333333333333,0.7333333333333333,0.0,1.0,0.0,0.0,0.0,1278
0.5,-0.15736040609137056,1.28125,0.6275737112096174,-1.4779342723004696,0.021505376344086016,0.0,0.0,-0.5,-0.06666666666666667,0.0,1.0,0.0,0.0,0.0,676
0.75,0.7309644670050761,0.375,0.2705797236685667,-0.46572769953051646,-0.01075268817204301,0.0,0.0,0.16666666666666666,0.06666666666666667,0.0,0.0,1.0,0.0,0.0,2273
0.9166666666666666,-1.3553299492385786,-0.1875,0.0,0.2647887323943662,-0.01075268817204301,0.0,0.0,-0.8333333333333334,-0.3333333333333333,0.0,0.0,0.0,1.0,0.0,119
0.5,0.5380710659898478,0.0,0.8420508501474621,-0.3652582159624413,0.5913978494623656,0.0,0.0,0.0,0.2,0.0,0.0,1.0,0.0,0.0,3556
-0.6666666666666666,0.49238578680203043,0.8125,0.0707286024015658,-0.5521126760563381,-0.01075268817204301,0.0,0.0,0.3333333333333333,1.0,0.0,0.0,1.0,0.0,0.0,170
-0.4166666666666667,0.24873096446700502,0.34375,-0.7926654504863353,0.29107981220657275,0.03225806451612903,0.0,0.0,0.0,-0.4,1.0,0.0,1.0,0.0,0.0,313
0.8333333333333334,-0.5482233502538072,0.875,-0.3098055405697065,-1.0422535211267605,-0.01075268817204301,0.0,3.2,0.8333333333333334,0.5333333333333333,1.0,0.0,0.0,0.0,0.0,396
0.3333333333333333,0.3756345177664974,-1.15625,0.3336351996355,0.26854460093896715,1.4408602150537635,0.0,0.0,0.6666666666666666,0.26666666666666666,1.0,0.0,0.0,0.0,0.0,1813
-1.0,-0.7411167512690355,-0.40625,-0.22768379202711048,0.04788732394366197,-0.01075268817204301,0.0,0.0,-0.6666666666666666,0.6,1.0,0.0,0.0,1.0,0.0,182
-1.0,0.6192893401015228,0.875,-1.0429616152145371,-0.16056338028169015,-0.01075268817204301,0.0,0.0,0.16666666666666666,-0.13333333333333333,1.0,0.0,1.0,0.0,0.0,1169
-1.0,0.4720812182741117,0.78125,0.0,-0.7089201877934272,-0.01075268817204301,0.0,0.0,0.5,0.0,1.0,0.0,0.0,0.0,0.0,1014
-0.16666666666666666,-0.751269035532995,-0.71875,-0.91150831659757,-0.4676056338028169,0.3333333333333333,0.0,0.0,-0.6666666666666666,-0.4666666666666667,0.0,0.0,0.0,1.0,0.0,199
0.16666666666666666,0.3197969543147209,-0.78125,0.5138834935935143,0.2704225352112676,2.4086021505376345,0.0,0.0,0.6666666666666666,0.2,0.0,0.0,0.0,0.0,0.0,1221
-0.3333333333333333,-0.5786802030456853,-0.875,-0.3098055405697065,-0.3314553990610329,0.01075268817204301,0.0,0.0,0.8333333333333334,0.8,0.0,0.0,0.0,0.0,0.0,1540
0.25,0.8477157360406091,0.15625,0.5713209318579696,0.10892018779342723,2.043010752688172,0.0,0.0,0.16666666666666666,-0.2,0.0,0.0,1.0,0.0,0.0,1094
0.4166666666666667,-0.5279187817258884,-1.34375,1.2305047302068106,0.29107981220657275,1.064516129032258,0.0,0.0,-0.6666666666666666,0.3333333333333333,0.0,0.0,0.0,1.0,0.0,469
-0.5,-1.2893401015228425,0.0,-0.3098055405697065,0.26666666666666666,-0.01075268817204301,0.0,0.0,1.0,-0.2,0.0,0.0,0.0,1.0,0.0,109
-0.08333333333333333,-1.0761421319796953,-0.5,1.6200554445948598,0.27605633802816903,1.7634408602150535,0.0,0.2,-0.6666666666666666,-0.8666666666666667,1.0,0.0,0.0,1.0,0.0,195
0.6666666666666666,-0.5329949238578681,0.15625,0.5713209318579696,-0.6713615023474179,-0.01075268817204301,0.0,0.0,-0.6666666666666666,0.4,0.0,0.0,0.0,1.0,0.0,348
0.0,-0.766497461928934,-0.75,0.6275737112096174,0.1727699530516432,1.258064516129032,0.0,0.0,1.0,0.6,0.0,0.0,0.0,1.0,-1.0,221
0.4166666666666667,0.33502538071065996,-0.9375,0.2705797236685667,-0.5652582159624413,1.4731182795698923,0.0,0.0,-0.3333333333333333,0.2,0.0,1.0,0.0,0.0,0.0,1534
-0.75,-0.4619289340101523,0.71875,0.0707286024015658,-1.2178403755868545,-0.01075268817204301,0.0,0.0,-0.5,-0.3333333333333333,1.0,1.0,0.0,0.0,0.0,115
0.4166666666666667,-0.3401015228426396,0.0,-0.39575298507290857,-1.0018779342723005,0.16129032258064516,0.0,0.0,-0.6666666666666666,0.7333333333333333,0.0,0.0,0.0,1.0,0.0,529
0.16666666666666666,0.1624365482233502,0.96875,0.0,0.06572769953051644,0.7634408602150536,0.0,0.0,-0.16666666666666666,0.13333333333333333,0.0,1.0,0.0,0.0,0.0,697
-0.75,-0.2081218274111675,0.875,0.0707286024015658,-0.6638497652582159,-0.01075268817204301,0.0,0.0,0.6666666666666666,0.5333333333333333,0.0,0.0,0.0,0.0,0.0,249
0.75,0.16751269035532998,0.6875,-0.7926654504863353,0.29107981220657275,-0.01075268817204301,0.0,0.0,-0.16666666666666666,-0.6666666666666666,1.0,1.0,0.0,0.0,0.0,1450
-0.6666666666666666,-0.16751269035532998,0.25,0.0,-0.676056338028169,-0.01075268817204301,0.0,0.0,-0.3333333333333333,0.7333333333333333,0.0,1.0,0.0,0.0,0.0,140
0.08333333333333333,0.21319796954314718,-1.0,0.3951330286481768,0.2131455399061033,2.6559139784946235,0.0,0.0,0.6666666666666666,0.06666666666666667,0.0,0.0,0.0,0.0,0.0,1115
-0.4166666666666667,-0.48223350253807107,-0.09375,-0.4861165064064858,-1.035680751173709,0.0,0.0,0.0,-0.5,0.5333333333333333,1.0,1.0,0.0,0.0,0.0,198
-0.25,0.5329949238578681,-0.0625,0.2058418822217645,-0.2619718309859155,1.9354838709677418,0.0,0.0,0.0,-0.4666666666666667,1.0,0.0,1.0,0.0,0.0,1102
0.16666666666666666,0.751269035532995,0.3125,0.8933144384752442,-0.42065727699530514,1.8494623655913978,0.0,0.0,0.16666666666666666,-0.7333333333333333,0.0,0.0,1.0,0.0,0.0,933
-0.8333333333333334,-0.08629441624365479,0.84375,0.0707286024015658,0.1727699530516432,-0.01075268817204301,0.0,0.0,0.8333333333333334,-0.5333333333333333,0.0,0.0,0.0,0.0,0.0,122
0.08333333333333333,-0.10152284263959391,1.1875,0.3951330286481768,-1.1577464788732394,0.3333333333333333,0.0,0.0,0.8333333333333334,-0.5333333333333333,0.0,0.0,0.0,0.0,0.0,18
-0.6666666666666666,-0.42131979695431476,0.78125,-0.6833781561418334,-1.4093896713615024,-0.01075268817204301,0.0,0.0,1.0,0.5333333333333333,1.0,0.0,0.0,1.0,-1.0,79
0.0,0.6192893401015228,0.53125,1.0902852095090052,0.24507042253521127,1.236559139784946,0.0,0.0,0.3333333333333333,0.3333333333333333,0.0,0.0,1.0,0.0,0.0,848
0.08333333333333333,0.299492385786802,-0.6875,-0.22768379202711048,-0.9502347417840376,1.8494623655913978,0.0,0.0,0.6666666666666666,0.4,0.0,0.0,0.0,0.0,0.0,1064
0.5833333333333334,0.6142131979695432,0.125,0.7368002283746548,-0.4262910798122066,0.6344086021505375,0.0,0.0,0.0,0.26666666666666666,0.0,0.0,1.0,0.0,0.0,2741
0.75,0.010152284263959355,0.6875,0.3336351996355,-0.6150234741784038,-0.01075268817204301,0.0,0.0,-0.5,-0.2,0.0,1.0,0.0,0.0,0.0,982
0.5,0.34010152284263956,0.28125,-0.39575298507290857,0.29107981220657275,1.1720430107526882,0.0,0.0,-0.16666666666666666,-0.6666666666666666,1.0,1.0,0.0,0.0,0.0,1848
0.16666666666666666,0.5482233502538072,0.03125,0.8420508501474621,-0.4497652582159624,3.129032258064516,0.0,0.0,-0.16666666666666666,0.9333333333333333,0.0,1.0,0.0,0.0,0.0,1119
-0.9166666666666666,0.015228426395939123,0.5625,-0.91150831659757,0.29107981220657275,-0.01075268817204301,0.0,0.0,0.6666666666666666,-0.8666666666666667,0.0,0.0,0.0,0.0,-1.0,882
-0.25,0.6142131979695432,1.21875,-0.7926654504863353,-1.164319248826291,0.4301075268817204,0.0,0.0,0.16666666666666666,-0.3333333333333333,0.0,0.0,1.0,0.0,0.0,634
0.0,-0.5380710659898477,-0.125,1.6608858990800979,-1.2544600938967136,1.4623655913978495,0.0,0.0,-0.6666666666666666,-0.4,1.0,0.0,0.0,1.0,0.0,248
0.0,-0.16751269035532998,0.03125,1.137688257706579,0.29107981220657275,0.3333333333333333,0.0,0.0,-0.5,0.2,0.0,1.0,0.0,0.0,0.0,403
-0.6666666666666666,-0.25380710659898476,0.8125,-0.22768379202711048,-0.10610328638497653,-0.01075268817204301,0.0,0.0,0.6666666666666666,0.6,0.0,0.0,0.0,0.0,0.0,161
-1.0,-0.6091370558375635,0.4375,-0.3098055405697065,-1.0328638497652582,-0.01075268817204301,0.0,0.0,-0.6666666666666666,-0.4,1.0,0.0,0.0,1.0,0.0,197
0.3333333333333333,0.7157360406091372,0.34375,0.3951330286481768,-0.612206572769953,1.5591397849462365,0.0,0.0,0.3333333333333333,0.9333333333333333,0.0,0.0,1.0,0.0,0.0,1142
-0.75,-0.416243654822335,-0.0625,0.13927936789351517,-1.128638497652582,-0.01075268817204301,0.0,0.0,-0.6666666666666666,0.8,0.0,0.0,0.0,1.0,0.0,116
0.9166666666666666,-0.2487309644670051,0.375,0.455183241303237,0.03755868544600939,-0.01075268817204301,0.0,0.0,-0.3333333333333333,-0.06666666666666667,1.0,1.0,0.0,0.0,0.0,467
-0.4166666666666667,-0.6395939086294417,0.65625,-0.3098055405697065,-1.0845070422535212,-0.01075268817204301,0.0,0.0,-0.5,-0.4,1.0,1.0,0.0,0.0,0.0,208
0.25,0.6802030456852791,-0.625,0.7368002283746548,0.15023474178403756,3.10752688172043,0.0,0.0,-0.16666666666666666,1.0,0.0,1.0,0.0,0.0,0.0,1280
0.08333333333333333,-1.2436548223350254,-0.9375,1.365145862684823,0.25258215962441316,1.3440860215053763,0.0,1.0,-0.8333333333333334,0.4666666666666667,0.0,0.0,0.0,1.0,0.0,189
0.5,-0.0203045685279188,0.53125,0.0707286024015658,0.28075117370892017,0.04301075268817204,0.0,0.0,0.6666666666666666,0.6666666666666666,0.0,0.0,0.0,0.0,0.0,1882
-0.6666666666666666,0.3299492385786802,0.75,0.3336351996355,-0.3539906103286385,-0.01075268817204301,0.0,0.0,0.5,0.06666666666666667,0.0,0.0,0.0,0.0,0.0,160
0.5833333333333334,-0.27918781725888325,-0.15625,0.3951330286481768,0.29107981220657275,-0.01075268817204301,0.0,0.0,0.6666666666666666,0.9333333333333333,0.0,0.0,0.0,0.0,0.0,1442
0.5,0.7106598984771574,-0.3125,0.6275737112096174,-0.5417840375586854,0.4516129032258064,0.0,0.0,-0.16666666666666666,-0.06666666666666667,0.0,1.0,0.0,0.0,0.0,2915
0.25,1.015228426395939,-0.96875,0.3951330286481768,0.29107981220657275,3.10752688172043,0.0,0.0,0.3333333333333333,0.06666666666666667,0.0,0.0,1.0,0.0,0.0,970
-0.25,0.8071065989847716,0.21875,0.5138834935935143,0.2215962441314554,0.9569892473118279,0.0,0.0,0.3333333333333333,-0.4666666666666667,0.0,0.0,1.0,0.0,0.0,977
0.5833333333333334,-0.5025380710659899,-0.28125,0.682712243030312,0.29107981220657275,-0.01075268817204301,0.0,0.0,0.8333333333333334,0.4,0.0,0.0,0.0,0.0,0.0,1032
-0.4166666666666667,-1.2741116751269037,-0.40625,0.0707286024015658,0.29107981220657275,-0.01075268817204301,0.0,0.0,-0.6666666666666666,-0.7333333333333333,0.0,0.0,0.0,1.0,0.0,227
0.0,-0.1624365482233502,-0.59375,-0.22768379202711048,-0.5258215962441315,1.1505376344086022,0.0,0.0,0.8333333333333334,0.2,0.0,0.0,0.0,0.0,0.0,785
-0.5833333333333334,-0.3197969543147208,0.34375,0.6275737112096174,0.046948356807511735,-0.01075268817204301,0.0,0.0,0.6666666666666666,0.8,1.0,0.0,0.0,0.0,0.0,27
-0.8333333333333334,-0.583756345177665,1.25,-0.39575298507290857,-1.0422535211267605,-0.01075268817204301,0.0,0.0,-0.5,-1.0,0.0,1.0,0.0,0.0,-1.0,180
0.6666666666666666,-0.42131979695431476,0.375,0.2058418822217645,-0.463849765258216,-0.01075268817204301,0.0,0.0,-0.5,-0.4,1.0,1.0,0.0,0.0,0.0,447
-0.5833333333333334,-1.233502538071066,-0.28125,-0.5816560227957038,-0.03943661971830986,-0.01075268817204301,0.0,0.0,1.0,-0.13333333333333333,0.0,0.0,0.0,1.0,0.0,62
-0.4166666666666667,0.5177664974619289,0.59375,0.2705797236685667,-0.38403755868544603,0.07526881720430108,0.0,0.0,0.3333333333333333,0.6,1.0,0.0,1.0,0.0,0.0,490
-0.6666666666666666,-0.5025380710659899,0.40625,-0.5816560227957038,0.2291079812206573,-0.01075268817204301,0.0,0.0,0.8333333333333334,-1.0,0.0,0.0,0.0,0.0,0.0,147
0.25,0.035532994923857836,-1.03125,0.2058418822217645,0.04976525821596244,2.78494623655914,0.0,0.0,-0.3333333333333333,-0.4666666666666667,0.0,1.0,0.0,0.0,0.0,1038
-0.9166666666666666,0.5177664974619289,0.21875,-0.5816560227957038,0.29107981220657275,-0.01075268817204301,0.0,0.0,0.16666666666666666,-0.4666666666666667,0.0,0.0,1.0,0.0,0.0,554
-0.75,0.25380710659898476,0.96875,-0.22768379202711048,-0.968075117370892,-0.01075268817204301,1.5,0.0,0.5,0.3333333333333333,0.0,0.0,0.0,0.0,0.0,28
-0.6666666666666666,0.3705583756345178,1.25,-0.39575298507290857,0.29107981220657275,-0.01075268817204301,4.0,0.0,0.16666666666666666,-0.9333333333333333,0.0,0.0,1.0,0.0,0.0,58
-0.6666666666666666,-0.035532994923857836,-0.40625,-0.5816560227957038,0.29107981220657275,-0.01075268817204301,0.0,0.0,-0.16666666666666666,0.26666666666666666,1.0,1.0,0.0,0.0,0.0,205
-0.75,-0.9949238578680204,-0.375,-0.14891824053188613,0.29014084507042254,-0.01075268817204301,0.0,0.0,-0.8333333333333334,-0.8666666666666667,0.0,0.0,0.0,1.0,0.0,67
0.6666666666666666,-0.3147208121827411,1.21875,0.2705797236685667,0.29107981220657275,-0.01075268817204301,0.0,0.0,-0.3333333333333333,-0.7333333333333333,0.0,1.0,0.0,0.0,0.0,56
-0.4166666666666667,-0.6040609137055838,0.75,-0.07312821817005527,-1.2178403755868545,-0.01075268817204301,0.0,0.0,-0.6666666666666666,-0.4,1.0,0.0,0.0,1.0,0.0,97
-0.75,0.08629441624365479,-0.8125,-1.1921678124288753,0.29107981220657275,-0.01075268817204301,0.0,0.0,-0.3333333333333333,0.4,1.0,1.0,0.0,0.0,0.0,289
0.0,-0.46700507614213194,-0.5,-0.14891824053188613,-0.022535211267605635,1.1612903225806452,0.0,0.0,1.0,-0.9333333333333333,1.0,0.0,0.0,1.0,0.0,479
0.08333333333333333,0.5431472081218274,-0.28125,-0.22768379202711048,0.26103286384976526,2.3440860215053765,0.0,0.0,0.0,-0.4,1.0,0.0,1.0,0.0,0.0,1752
-0.9166666666666666,-0.6395939086294417,-0.46875,-1.3691539278131721,-0.3352112676056338,-0.01075268817204301,0.0,0.0,-0.8333333333333334,-0.5333333333333333,0.0,0.0,0.0,1.0,0.0,109
-0.25,0.868020304568528,-0.09375,0.13927936789351517,0.1323943661971831,1.7956989247311825,0.0,0.0,0.16666666666666666,0.8666666666666667,1.0,0.0,1.0,0.0,0.0,519
0.25,0.8071065989847716,0.34375,0.5138834935935143,-0.15492957746478872,1.3763440860215053,0.0,0.0,0.16666666666666666,-0.3333333333333333,0.0,0.0,1.0,0.0,0.0,1106
0.0,0.416243654822335,1.21875,-0.5816560227957038,0.07793427230046948,0.8602150537634409,1.5,0.0,-0.16666666666666666,0.06666666666666667,0.0,1.0,0.0,0.0,0.0,467
0.5,0.8934010152284265,-0.0625,0.455183241303237,0.19436619718309858,1.118279569892473,0.0,0.0,0.16666666666666666,-0.13333333333333333,1.0,0.0,1.0,0.0,0.0,1624
0.25,0.6802030456852791,0.625,0.6275737112096174,0.231924882629108,0.26881720430107525,0.0,0.0,0.3333333333333333,0.8666666666666667,0.0,0.0,1.0,0.0,0.0,583
-0.5833333333333334,-0.11167512690355327,0.21875,-0.22768379202711048,-0.05258215962441314,-0.01075268817204301,0.0,0.0,-0.16666666666666666,0.5333333333333333,0.0,1.0,0.0,0.0,0.0,205
0.16666666666666666,-0.9543147208121828,-0.625,1.8972417506003412,0.29107981220657275,1.118279569892473,0.0,0.3,-0.8333333333333334,-0.4,0.0,0.0,0.0,1.0,0.0,177
0.9166666666666666,-1.2030456852791878,-0.125,1.0421797791354965,0.28826291079812205,-0.01075268817204301,0.0,0.0,-0.8333333333333334,-0.4,0.0,0.0,0.0,1.0,0.0,139
0.16666666666666666,0.5634517766497463,-0.71875,0.0,0.29107981220657275,2.9354838709677424,0.0,0.0,0.5,0.7333333333333333,0.0,0.0,0.0,0.0,0.0,1305
-0.8333333333333334,-1.2030456852791878,-0.3125,-0.4861165064064858,0.1107981220657277,-0.01075268817204301,0.0,0.0,-0.8333333333333334,0.8666666666666667,0.0,0.0,0.0,1.0,0.0,49
-1.0,-1.2131979695431472,-0.25,0.5713209318579696,0.29107981220657275,-0.01075268817204301,0.0,0.0,-0.6666666666666666,-0.8,1.0,0.0,0.0,1.0,0.0,98
-0.4166666666666667,-0.050761421319796954,0.125,-0.14891824053188613,0.12018779342723004,0.4408602150537634,0.0,0.0,-0.16666666666666666,0.5333333333333333,0.0,1.0,0.0,0.0,0.0,1390
0.16666666666666666,1.0558375634517765,-0.375,0.455183241303237,0.26009389671361505,1.7526881720430105,0.0,0.0,0.16666666666666666,0.4666666666666667,0.0,0.0,1.0,0.0,0.0,670
0.3333333333333333,0.30456852791878175,0.5625,0.3951330286481768,0.29107981220657275,0.3978494623655914,0.0,0.0,0.5,0.26666666666666666,0.0,0.0,0.0,0.0,0.0,912
0.4166666666666667,0.5279187817258882,0.25,0.2705797236685667,-0.24882629107981222,1.086021505376344,0.0,0.0,-0.16666666666666666,0.8666666666666667,0.0,1.0,0.0,0.0,0.0,2022
-0.08333333333333333,-1.4771573604060915,-0.8125,1.0421797791354965,0.1107981220657277,0.989247311827957,0.0,0.5,-0.8333333333333334,0.6666666666666666,0.0,0.0,0.0,1.0,0.0,93
-0.4166666666666667,-0.5786802030456853,-0.03125,-0.6833781561418334,-0.2,-0.01075268817204301,0.0,0.0,0.8333333333333334,0.13333333333333333,1.0,0.0,0.0,0.0,0.0,191
-0.3333333333333333,-0.36040609137055835,0.90625,-0.4861165064064858,-1.164319248826291,0.021505376344086016,0.0,0.0,0.8333333333333334,0.3333333333333333,0.0,0.0,0.0,0.0,0.0,1622
-0.75,-1.2538071065989849,0.0625,0.8420508501474621,0.17089201877934274,-0.01075268817204301,0.0,0.0,-0.8333333333333334,-0.3333333333333333,0.0,0.0,0.0,1.0,0.0,38
0.5,-0.28426395939086296,-0.34375,0.9437305196070348,-0.5943661971830986,0.6129032258064515,0.0,0.0,-0.5,0.4,0.0,1.0,0.0,0.0,0.0,1495
-0.4166666666666667,0.4365482233502539,1.0,-0.91150831659757,-0.06854460093896714,0.07526881720430108,0.5,0.0,0.16666666666666666,-1.0,1.0,0.0,1.0,0.0,0.0,25
-0.3333333333333333,-1.3604060913705585,0.09375,-0.7926654504863353,-0.0863849765258216,0.01075268817204301,0.0,0.0,-0.6666666666666666,-0.6,0.0,0.0,0.0,1.0,0.0,469
0.5,-1.2690355329949239,-0.4375,0.5713209318579696,0.29107981220657275,0.04301075268817204,0.0,0.9,-0.8333333333333334,0.4666666666666667,0.0,0.0,0.0,1.0,0.0,351
-0.25,0.030456852791878156,-0.46875,0.2705797236685667,0.19061032863849764,1.9032258064516128,0.0,0.0,-0.16666666666666666,-0.8,0.0,1.0,0.0,0.0,0.0,1155
0.0,-1.0761421319796953,-0.78125,0.6275737112096174,0.06854460093896714,1.204301075268817,0.0,0.3,-0.8333333333333334,0.7333333333333333,1.0,0.0,0.0,1.0,0.0,145
0.08333333333333333,-0.4263959390862945,-0.5,0.2058418822217645,-0.5568075117370892,1.096774193548387,0.0,0.0,-0.6666666666666666,0.2,0.0,0.0,0.0,1.0,0.0,332
0.5833333333333334,0.5482233502538072,-0.28125,0.0,0.29107981220657275,0.6236559139784945,0.0,0.0,0.0,-0.06666666666666667,0.0,0.0,1.0,0.0,0.0,2984
-0.75,-0.29949238578680204,0.28125,-0.4861165064064858,-0.24225352112676057,-0.01075268817204301,0.0,0.0,0.8333333333333334,-0.8,1.0,0.0,0.0,0.0,0.0,296
0.3333333333333333,0.2690355329949239,-1.0625,1.4521169265310525,0.24976525821596243,2.559139784946237,0.0,0.0,-0.3333333333333333,-0.26666666666666666,0.0,1.0,0.0,0.0,0.0,1273
0.16666666666666666,-0.2893401015228427,0.0,0.3951330286481768,-1.3267605633802817,1.4838709677419353,0.0,0.0,-0.6666666666666666,0.4666666666666667,0.0,0.0,0.0,1.0,0.0,312
-0.6666666666666666,-0.9441624365482234,0.09375,-0.6833781561418334,-0.29389671361502345,-0.01075268817204301,0.0,0.0,-0.8333333333333334,-0.6,1.0,0.0,0.0,1.0,0.0,62
-0.6666666666666666,0.3553299492385787,1.03125,-0.5816560227957038,-1.3774647887323943,-0.01075268817204301,0.0,0.0,0.0,0.5333333333333333,1.0,0.0,1.0,0.0,0.0,286
0.08333333333333333,0.4720812182741117,-0.8125,0.2705797236685667,0.2187793427230047,3.741935483870968,0.0,0.0,-0.16666666666666666,0.3333333333333333,0.0,1.0,0.0,0.0,0.0,1456
-0.4166666666666667,0.3248730964467004,0.1875,-0.3098055405697065,-0.7098591549295775,0.24731182795698922,0.0,0.0,-0.16666666666666666,0.8666666666666667,0.0,1.0,0.0,0.0,0.0,1427
-0.8333333333333334,-0.9898477157360407,-0.5625,-0.39575298507290857,0.29107981220657275,-0.01075268817204301,0.0,0.0,1.0,-1.0,0.0,0.0,0.0,1.0,0.0,173
0.6666666666666666,0.15228426395939088,1.21875,0.7368002283746548,-0.603755868544601,-0.01075268817204301,1.0,0.0,0.6666666666666666,-0.7333333333333333,0.0,0.0,0.0,0.0,0.0,44
0.75,-0.5177664974619289,-0.65625,-0.07312821817005527,-0.5446009389671361,-0.01075268817204301,0.0,0.0,-0.6666666666666666,0.6666666666666666,0.0,0.0,0.0,1.0,0.0,512
-0.25,-0.9238578680203046,-0.25,-0.22768379202711048,-0.13145539906103287,0.11827956989247311,0.0,0.0,-0.8333333333333334,-0.7333333333333333,0.0,0.0,0.0,1.0,0.0,354
-0.9166666666666666,-0.36040609137055835,0.78125,-0.22768379202711048,-1.412206572769953,-0.01075268817204301,0.0,0.0,-0.5,0.6,1.0,1.0,0.0,0.0,0.0,267
0.5,0.11167512690355327,0.34375,1.0421797791354965,-0.20375586854460093,0.4086021505376344,0.0,0.0,-0.5,-0.2,0.0,1.0,0.0,0.0,0.0,1749
0.5,-0.5431472081218274,-1.0,0.8933144384752442,0.29107981220657275,0.2258064516129032,0.0,0.0,-0.6666666666666666,0.13333333333333333,1.0,0.0,0.0,1.0,0.0,310
0.0,-1.0812182741116751,-0.90625,1.4088965798741255,0.29107981220657275,2.2688172043010755,0.0,0.0,-0.6666666666666666,-0.7333333333333333,0.0,0.0,0.0,1.0,0.0,157
0.3333333333333333,1.0659898477157361,-0.25,1.365145862684823,0.22065727699530516,2.5161290322580645,0.0,0.0,0.3333333333333333,-0.8,1.0,0.0,1.0,0.0,0.0,700
0.4166666666666667,-0.4720812182741117,-1.25,0.6275737112096174,0.28169014084507044,0.6989247311827956,0.0,0.0,-0.6666666666666666,0.13333333333333333,1.0,0.0,0.0,1.0,0.0,354
-0.75,0.5076142131979695,0.75,-0.4861165064064858,-0.7624413145539906,-0.01075268817204301,0.0,0.0,0.16666666666666666,-0.7333333333333333,0.0,0.0,1.0,0.0,0.0,376
-0.8333333333333334,-0.5532994923857868,-0.34375,0.0,0.1136150234741784,-0.01075268817204301,0.0,0.0,0.8333333333333334,0.26666666666666666,0.0,0.0,0.0,0.0,0.0,286
-1.0,0.7208121827411167,0.65625,-0.22768379202711048,-0.3276995305164319,-0.01075268817204301,0.0,0.0,0.16666666666666666,0.6666666666666666,0.0,0.0,1.0,0.0,0.0,939
-1.0,-0.36040609137055835,0.84375,-0.07312821817005527,-1.4262910798122066,-0.01075268817204301,0.0,0.0,-0.5,0.6,1.0,1.0,0.0,0.0,0.0,372
-0.5,-0.751269035532995,0.84375,0.5713209318579696,-1.187793427230047,-0.01075268817204301,0.0,1.2,1.0,1.0,1.0,0.0,0.0,1.0,-1.0,25
-0.5833333333333334,-0.4873096446700508,0.5625,0.2705797236685667,-0.7286384976525822,-0.01075268817204301,0.0,0.0,1.0,-0.8666666666666667,1.0,0.0,0.0,1.0,0.0,32
0.6666666666666666,-0.5685279187817259,0.0625,1.2759719533904954,0.27323943661971833,-0.01075268817204301,0.0,0.0,-0.6666666666666666,-0.2,0.0,0.0,0.0,1.0,0.0,323
-0.5833333333333334,0.07614213197969544,0.125,-0.22768379202711048,-0.7389671361502348,-0.01075268817204301,0.0,0.0,-0.16666666666666666,-0.26666666666666666,1.0,1.0,0.0,0.0,0.0,70
-0.4166666666666667,0.6345177664974619,0.65625,-0.6833781561418334,0.27981220657276995,0.16129032258064516,0.0,0.0,0.3333333333333333,-0.4,0.0,0.0,1.0,0.0,0.0,1027
-0.08333333333333333,-0.025380710659898477,-0.59375,0.7368002283746548,0.29107981220657275,2.4623655913978495,0.0,0.0,0.6666666666666666,-0.26666666666666666,0.0,0.0,0.0,0.0,0.0,959
-0.25,-0.5126903553299492,-0.25,0.0707286024015658,0.24413145539906103,1.096774193548387,0.0,0.0,-0.5,0.06666666666666667,1.0,1.0,0.0,0.0,0.0,520
0.3333333333333333,0.30456852791878175,-0.21875,1.0902852095090052,-1.0112676056338028,1.7096774193548387,0.0,0.0,-0.5,0.7333333333333333,0.0,1.0,0.0,0.0,0.0,774
-1.0,-0.7461928934010152,0.3125,1.6200554445948598,-0.6638497652582159,-0.01075268817204301,0.0,1.0,-0.8333333333333334,-0.4666666666666667,0.0,0.0,0.0,1.0,0.0,100
0.0,0.40101522842639586,-0.53125,-0.07312821817005527,0.26572769953051645,2.7096774193548385,0.0,0.0,0.6666666666666666,-0.8666666666666667,0.0,0.0,0.0,0.0,-1.0,1634
-0.3333333333333333,-1.1218274111675128,-0.0625,-0.7926654504863353,0.27605633802816903,-0.01075268817204301,0.0,0.0,-0.8333333333333334,-0.8,0.0,0.0,0.0,1.0,0.0,646
-0.9166666666666666,0.30456852791878175,0.25,-1.0429616152145371,-0.02629107981220657,-0.01075268817204301,0.0,0.0,0.0,-1.0,0.0,0.0,1.0,0.0,0.0,776
0.4166666666666667,0.22335025380710655,0.25,-0.22768379202711048,-0.6807511737089202,0.12903225806451613,1.0,0.0,-0.3333333333333333,0.4,1.0,1.0,0.0,0.0,0.0,46
0.75,-1.0862944162436547,-0.6875,0.682712243030312,0.17652582159624414,-0.01075268817204301,0.0,0.0,-0.8333333333333334,0.7333333333333333,1.0,0.0,0.0,1.0,0.0,103
0.0,0.3553299492385787,-0.8125,0.682712243030312,-0.3671361502347418,2.989247311827957,0.0,0.0,-0.3333333333333333,0.8666666666666667,1.0,1.0,0.0,0.0,0.0,1375
0.6666666666666666,-0.7918781725888325,-0.5,-0.3098055405697065,-0.10516431924882629,-0.01075268817204301,0.0,0.0,-0.8333333333333334,-0.6666666666666666,1.0,0.0,0.0,1.0,0.0,189
-0.5833333333333334,0.5380710659898478,0.75,-0.4861165064064858,-0.04131455399061033,-0.01075268817204301,0.0,0.0,0.16666666666666666,0.06666666666666667,0.0,0.0,1.0,0.0,0.0,372
0.25,0.781725888324873,0.90625,0.455183241303237,-0.09201877934272301,0.26881720430107525,7.3,0.0,0.16666666666666666,0.8,1.0,0.0,1.0,0.0,0.0,468
-0.8333333333333334,0.7766497461928935,0.71875,0.2705797236685667,-0.7183098591549296,-0.01075268817204301,0.0,0.0,0.16666666666666666,0.8,1.0,0.0,1.0,0.0,0.0,656
0.5833333333333334,0.6192893401015228,0.0625,0.7898955205469734,-0.5699530516431925,0.3978494623655914,0.0,0.0,0.0,0.4666666666666667,1.0,0.0,1.0,0.0,0.0,2288
-0.25,0.5989847715736041,0.46875,0.5713209318579696,-0.4413145539906103,1.1505376344086022,0.0,0.0,0.3333333333333333,0.6,1.0,0.0,1.0,0.0,0.0,808
0.6666666666666666,-0.6751269035532995,0.125,0.2705797236685667,0.24976525821596243,-0.01075268817204301,0.0,0.0,-0.6666666666666666,0.0,0.0,0.0,0.0,1.0,-1.0,150
0.75,0.48730964467005083,-0.09375,0.3951330286481768,0.29107981220657275,-0.01075268817204301,0.0,0.0,0.16666666666666666,-0.6666666666666666,0.0,0.0,1.0,0.0,0.0,2183
-0.16666666666666666,-0.8629441624365483,-1.03125,-0.22768379202711048,0.28732394366197184,0.6881720430107526,0.0,0.0,1.0,-1.0,0.0,0.0,0.0,1.0,0.0,339
-0.4166666666666667,-0.2284263959390863,1.1875,0.5138834935935143,-1.3107981220657277,-0.01075268817204301,6.0,0.0,-0.3333333333333333,0.4666666666666667,0.0,1.0,0.0,0.0,0.0,17
0.75,0.7360406091370558,0.21875,0.0,0.29107981220657275,-0.01075268817204301,0.0,0.0,0.16666666666666666,0.0,0.0,0.0,1.0,0.0,0.0,2241
0.9166666666666666,-0.7715736040609137,0.8125,-0.39575298507290857,-0.5605633802816902,-0.01075268817204301,0.0,3.5,-0.8333333333333334,0.9333333333333333,0.0,0.0,0.0,1.0,0.0,62
0.16666666666666666,-0.7614213197969544,-0.84375,0.7898955205469734,0.2,1.1720430107526882,0.0,0.0,-0.8333333333333334,-0.8666666666666667,0.0,0.0,0.0,1.0,0.0,270
-0.5833333333333334,0.0203045685279188,0.09375,-0.7926654504863353,0.29107981220657275,-0.01075268817204301,0.0,0.0,0.5,0.7333333333333333,0.0,0.0,0.0,0.0,0.0,207
0.5,0.6192893401015228,0.0,0.0,0.29107981220657275,0.24731182795698922,0.0,0.0,0.5,-0.13333333333333333,0.0,0.0,0.0,0.0,0.0,2826
0.0,0.42131979695431476,-0.8125,0.3951330286481768,0.29107981220657275,3.634408602150538,0.0,0.0,-0.16666666666666666,0.3333333333333333,0.0,1.0,0.0,0.0,0.0,1373
0.6666666666666666,-0.46700507614213194,-0.78125,0.13927936789351517,-0.5530516431924882,-0.01075268817204301,0.0,0.0,-0.6666666666666666,0.6666666666666666,0.0,0.0,0.0,1.0,0.0,483
0.3333333333333333,0.17258883248730958,-0.71875,-0.22768379202711048,0.23661971830985915,1.5698924731182795,0.0,0.0,0.6666666666666666,-0.26666666666666666,0.0,0.0,0.0,0.0,0.0,1488
-0.9166666666666666,-0.48223350253807107,0.8125,0.13927936789351517,-1.3661971830985915,-0.01075268817204301,0.0,0.0,-0.6666666666666666,0.5333333333333333,1.0,0.0,0.0,1.0,0.0,263
-0.8333333333333334,-0.2639593908629441,1.1875,-1.1921678124288753,-1.3586854460093896,-0.01075268817204301,0.0,0.0,-0.5,-0.8,1.0,1.0,0.0,0.0,0.0,95
-0.75,-0.9949238578680204,0.40625,-0.3098055405697065,0.29107981220657275,-0.01075268817204301,0.3,0.8,-0.8333333333333334,-0.4,0.0,0.0,0.0,1.0,0.0,40
-0.5,0.2690355329949239,0.65625,0.3336351996355,-0.40469483568075115,0.0,0.0,0.0,0.0,-0.5333333333333333,0.0,0.0,1.0,0.0,0.0,744
0.3333333333333333,-0.401015228426396,-0.46875,1.4521169265310525,0.29107981220657275,0.8602150537634409,0.0,0.0,-0.5,0.26666666666666666,0.0,1.0,0.0,0.0,0.0,518
0.8333333333333334,0.83248730964467,0.09375,-0.14891824053188613,0.29107981220657275,-0.01075268817204301,0.0,0.0,0.3333333333333333,-0.2,0.0,0.0,1.0,0.0,0.0,1635
-0.3333333333333333,-0.7055837563451777,0.65625,-0.91150831659757,-1.3530516431924882,-0.01075268817204301,0.0,0.0,1.0,0.9333333333333333,1.0,0.0,0.0,1.0,0.0,162
0.9166666666666666,-0.6802030456852792,0.75,0.8420508501474621,-1.0694835680751174,-0.01075268817204301,0.0,2.6,1.0,0.13333333333333333,0.0,0.0,0.0,1.0,0.0,128
0.6666666666666666,0.5989847715736041,-0.78125,0.455183241303237,0.28826291079812205,0.05376344086021505,0.0,0.0,0.0,-0.8666666666666667,1.0,0.0,1.0,0.0,0.0,2460
-0.5833333333333334,0.6751269035532995,1.03125,-0.7926654504863353,-1.031924882629108,-0.01075268817204301,0.0,0.0,0.3333333333333333,-0.2,0.0,0.0,1.0,0.0,0.0,230
-0.9166666666666666,-0.6091370558375635,1.09375,-1.0429616152145371,-1.3737089201877934,-0.01075268817204301,0.0,0.9,1.0,-0.6,0.0,0.0,0.0,1.0,0.0,218
-0.08333333333333333,0.6802030456852791,0.53125,0.9933397872392326,0.29107981220657275,0.47311827956989244,0.0,0.0,0.3333333333333333,0.8666666666666667,0.0,0.0,1.0,0.0,0.0,671
0.4166666666666667,-0.28426395939086296,0.34375,1.4521169265310525,-1.2563380281690142,0.27956989247311825,0.0,0.0,-0.6666666666666666,0.4666666666666667,0.0,0.0,0.0,1.0,0.0,470
-1.0,-0.28426395939086296,-0.125,-0.4861165064064858,0.29107981220657275,-0.01075268817204301,0.0,0.0,0.6666666666666666,-0.3333333333333333,0.0,0.0,0.0,0.0,0.0,707
0.08333333333333333,-0.5076142131979695,-0.09375,0.9933397872392326,-1.152112676056338,0.7204301075268817,0.0,0.0,-0.8333333333333334,0.13333333333333333,0.0,0.0,0.0,1.0,0.0,307
0.6666666666666666,0.04568527918781728,-0.21875,0.7368002283746548,-0.4450704225352113,0.0,0.0,0.0,-0.3333333333333333,0.6666666666666666,0.0,1.0,0.0,0.0,0.0,1531
-0.16666666666666666,-0.6446700507614213,0.09375,0.8420508501474621,-1.12018779342723,0.7526881720430106,0.0,0.0,-0.6666666666666666,0.5333333333333333,1.0,0.0,0.0,1.0,0.0,259
0.3333333333333333,0.5583756345177665,-0.59375,0.455183241303237,0.2,1.1720430107526882,0.0,0.0,-0.16666666666666666,-0.6,0.0,1.0,0.0,0.0,0.0,2213
-0.3333333333333333,-0.46700507614213194,-0.4375,1.4521169265310525,0.29107981220657275,0.3870967741935484,0.0,0.0,-0.5,0.26666666666666666,0.0,1.0,0.0,0.0,0.0,1212
0.6666666666666666,0.4720812182741117,0.3125,0.0707286024015658,-0.4422535211267606,0.05376344086021505,0.0,0.0,0.0,-0.6,0.0,0.0,1.0,0.0,0.0,2278
0.5833333333333334,0.6091370558375635,-0.4375,0.9437305196070348,0.06572769953051644,0.4301075268817204,0.0,0.0,0.0,-0.7333333333333333,0.0,0.0,1.0,0.0,0.0,2615
0.4166666666666667,0.17258883248730958,-0.40625,0.0707286024015658,0.29107981220657275,0.46236559139784944,0.0,0.0,0.6666666666666666,0.13333333333333333,0.0,0.0,0.0,0.0,0.0,1804
0.5833333333333334,0.10659898477157359,-0.40625,0.0,-0.8093896713615023,-0.01075268817204301,0.0,0.0,0.6666666666666666,0.4,0.0,0.0,0.0,0.0,0.0,1860
0.4166666666666667,0.781725888324873,-1.09375,0.7368002283746548,0.25821596244131456,2.064516129032258,0.0,0.0,0.0,-0.9333333333333333,1.0,0.0,1.0,0.0,0.0,2025
-1.0,-0.5076142131979695,-0.34375,-0.3098055405697065,-0.6103286384976526,-0.01075268817204301,0.0,0.0,-0.5,-0.26666666666666666,0.0,1.0,0.0,0.0,0.0,222
0.16666666666666666,-0.5177664974619289,0.5,-1.0429616152145371,-0.888262910798122,0.10752688172043011,0.0,0.0,-0.8333333333333334,0.4,0.0,0.0,0.0,1.0,0.0,249
0.5833333333333334,-0.9340101522842639,-0.15625,0.3336351996355,0.29107981220657275,-0.01075268817204301,0.0,0.0,-0.6666666666666666,-0.26666666666666666,0.0,0.0,0.0,1.0,0.0,340
-0.4166666666666667,-0.17258883248730966,0.1875,-0.6833781561418334,-0.49483568075117373,0.2258064516129032,0.0,0.0,-0.3333333333333333,0.7333333333333333,0.0,1.0,0.0,0.0,0.0,1129
-0.4166666666666667,-1.2994923857868022,-0.21875,0.5138834935935143,0.2244131455399061,-0.01075268817204301,0.0,0.0,1.0,-0.26666666666666666,0.0,0.0,0.0,1.0,0.0,280
0.3333333333333333,0.7461928934010152,-0.28125,1.3208447570935795,-0.5511737089201878,2.7311827956989245,0.0,0.0,0.0,0.26666666666666666,0.0,0.0,1.0,0.0,0.0,1600
0.5833333333333334,0.6903553299492386,-0.78125,1.137688257706579,0.29107981220657275,0.5483870967741935,0.0,0.0,0.0,0.4,0.0,0.0,1.0,0.0,0.0,2732
-0.6666666666666666,-0.949238578680203,-0.6875,0.9933397872392326,0.29107981220657275,-0.01075268817204301,0.0,0.0,1.0,-0.3333333333333333,0.0,0.0,0.0,1.0,0.0,44
-0.3333333333333333,-0.6142131979695431,1.21875,-0.39575298507290857,-1.387793427230047,0.03225806451612903,0.0,2.5,0.8333333333333334,0.6,1.0,0.0,0.0,0.0,0.0,250
0.0,0.49238578680203043,-0.15625,-0.22768379202711048,0.29107981220657275,0.8709677419354838,0.0,0.0,0.0,-0.3333333333333333,0.0,0.0,1.0,0.0,0.0,1204
0.3333333333333333,-0.2639593908629441,0.09375,0.7368002283746548,-1.2544600938967136,0.3763440860215053,0.0,0.0,-0.6666666666666666,0.4666666666666667,0.0,0.0,0.0,1.0,0.0,354
-1.0,-0.37055837563451777,0.1875,-0.5816560227957038,-0.07417840375586854,-0.01075268817204301,0.0,0.0,0.8333333333333334,-0.2,0.0,0.0,0.0,0.0,0.0,587
-0.5,0.43147208121827413,1.03125,-0.14891824053188613,-1.144600938967136,-0.01075268817204301,0.0,0.0,0.5,0.0,1.0,0.0,0.0,0.0,0.0,137
0.75,-0.9035532994923858,-0.3125,0.7898955205469734,0.28826291079812205,-0.01075268817204301,0.0,0.0,-0.8333333333333334,-0.8666666666666667,0.0,0.0,0.0,1.0,0.0,335
-0.16666666666666666,0.8629441624365483,0.03125,-0.7926654504863353,0.17370892018779344,1.967741935483871,0.0,0.0,0.3333333333333333,-0.4,0.0,0.0,1.0,0.0,0.0,683
0.5,0.36040609137055846,-0.5,0.5138834935935143,0.29107981220657275,1.1720430107526882,0.0,0.0,-0.16666666666666666,-0.4666666666666667,0.0,1.0,0.0,0.0,0.0,3130
0.25,1.1370558375634519,-0.625,0.2705797236685667,0.2431924882629108,2.118279569892473,0.0,0.0,0.16666666666666666,0.8666666666666667,1.0,0.0,1.0,0.0,0.0,713
0.0,-0.401015228426396,-0.9375,-1.1921678124288753,-0.15774647887323945,0.3548387096774194,0.0,0.0,0.8333333333333334,0.8666666666666667,0.0,0.0,0.0,0.0,0.0,661
-1.0,0.17766497461928935,-0.1875,0.0,0.29107981220657275,-0.01075268817204301,0.0,0.0,0.5,0.6666666666666666,0.0,0.0,0.0,0.0,0.0,880
-0.6666666666666666,-0.6294416243654822,0.3125,0.13927936789351517,-0.1727699530516432,-0.01075268817204301,0.0,0.0,-0.6666666666666666,-0.13333333333333333,0.0,0.0,0.0,1.0,0.0,51
0.3333333333333333,0.284263959390863,-0.8125,0.3951330286481768,0.2535211267605634,1.3548387096774193,0.0,0.0,0.6666666666666666,-0.13333333333333333,1.0,0.0,0.0,0.0,0.0,2097
-0.8333333333333334,0.3096446700507615,0.09375,0.2705797236685667,-0.460093896713615,-0.01075268817204301,0.0,0.0,0.0,-0.9333333333333333,1.0,0.0,1.0,0.0,0.0,677
0.08333333333333333,0.1827411167512691,-0.46875,0.9933397872392326,-0.3615023474178404,2.78494623655914,0.0,0.0,-0.5,-0.2,0.0,1.0,0.0,0.0,0.0,678
0.4166666666666667,-0.29441624365482233,0.3125,-0.4861165064064858,-1.3389671361502347,0.10752688172043011,0.0,0.0,1.0,0.4666666666666667,1.0,0.0,0.0,1.0,0.0,453
-0.9166666666666666,-0.29949238578680204,0.15625,-0.22768379202711048,0.18309859154929578,-0.01075268817204301,0.0,0.0,-0.3333333333333333,0.0,0.0,1.0,0.0,0.0,0.0,226
0.5,-0.6497461928934011,-0.8125,0.5138834935935143,0.29107981220657275,0.0,0.0,0.0,1.0,1.0,1.0,0.0,0.0,1.0,-1.0,215
0.8333333333333334,-1.1370558375634519,-0.5625,-1.5998067240225886,0.29107981220657275,-0.01075268817204301,0.0,0.0,1.0,-0.2,0.0,0.0,0.0,1.0,0.0,271
0.4166666666666667,0.42131979695431476,-0.5,0.8933144384752442,-0.9652582159624413,1.5376344086021503,0.0,0.0,-0.3333333333333333,0.7333333333333333,0.0,1.0,0.0,0.0,0.0,1877
-0.75,-0.5329949238578681,0.3125,-0.5816560227957038,-1.307981220657277,-0.01075268817204301,0.0,0.0,-0.8333333333333334,0.06666666666666667,0.0,0.0,0.0,1.0,0.0,75
-0.9166666666666666,0.7005076142131981,0.09375,-0.5816560227957038,0.29107981220657275,-0.01075268817204301,0.0,0.0,0.16666666666666666,0.4,1.0,0.0,1.0,0.0,0.0,772
0.0,-0.5888324873096447,-0.53125,0.3336351996355,0.13615023474178403,1.10752688172043,0.0,1.9,1.0,0.3333333333333333,0.0,0.0,0.0,1.0,0.0,290
-0.4166666666666667,0.005076142131979678,0.5625,0.0707286024015658,0.27887323943661974,0.49462365591397844,0.0,0.0,-0.16666666666666666,0.4666666666666667,0.0,1.0,0.0,0.0,0.0,1241
-0.25,-0.29949238578680204,0.78125,-0.6833781561418334,-1.4488262910798122,0.5806451612903226,0.0,0.0,-0.5,0.6666666666666666,0.0,1.0,0.0,0.0,0.0,540
-0.3333333333333333,-0.6497461928934011,-0.375,-0.6833781561418334,-0.3295774647887324,-0.01075268817204301,0.0,0.0,-0.8333333333333334,-0.5333333333333333,0.0,0.0,0.0,1.0,0.0,701
0.08333333333333333,0.0406091370558376,-0.4375,1.1844188200176686,0.2863849765258216,1.989247311827957,0.0,0.0,0.6666666666666666,-0.4,0.0,0.0,0.0,0.0,0.0,1015
-0.08333333333333333,0.3451776649746193,-0.15625,-0.4861165064064858,-1.1474178403755868,2.096774193548387,0.0,0.0,-0.3333333333333333,0.9333333333333333,0.0,1.0,0.0,0.0,0.0,901
0.3333333333333333,0.7461928934010152,-0.625,1.365145862684823,0.27887323943661974,2.172043010752688,0.0,0.0,0.5,-0.7333333333333333,0.0,0.0,0.0,0.0,0.0,1446
0.9166666666666666,0.43147208121827413,1.25,-0.4861165064064858,-1.4384976525821596,-0.01075268817204301,0.0,0.0,-0.16666666666666666,0.0,0.0,1.0,0.0,0.0,0.0,225
0.16666666666666666,-0.3147208121827411,-0.6875,-0.14891824053188613,0.24882629107981222,1.053763440860215,0.0,0.0,1.0,-0.9333333333333333,1.0,0.0,0.0,1.0,0.0,611
0.5833333333333334,0.5786802030456852,-0.03125,0.9437305196070348,-0.20751173708920187,0.5376344086021505,0.0,0.0,0.0,-0.6666666666666666,0.0,0.0,1.0,0.0,-1.0,2163
-0.5,0.2588832487309645,0.84375,-0.6833781561418334,-1.2901408450704226,0.0,0.0,0.0,-0.16666666666666666,0.9333333333333333,0.0,1.0,0.0,0.0,0.0,505
-0.4166666666666667,-0.1624365482233502,1.03125,-0.22768379202711048,0.29107981220657275,0.0,0.0,0.0,-0.3333333333333333,-0.8,0.0,1.0,0.0,0.0,0.0,665
-0.16666666666666666,0.6497461928934011,1.0625,-0.7926654504863353,-0.8835680751173709,0.6666666666666666,0.5,0.0,0.16666666666666666,-0.3333333333333333,0.0,0.0,1.0,0.0,0.0,581
-0.16666666666666666,-0.7309644670050762,0.21875,-2.15665183283064,-0.4375586854460094,0.6666666666666666,0.0,0.2,1.0,-0.6666666666666666,0.0,0.0,0.0,1.0,0.0,307
-0.25,0.3705583756345178,-0.1875,0.0,0.26572769953051645,1.7634408602150535,0.0,0.0,0.16666666666666666,-0.5333333333333333,1.0,0.0,1.0,0.0,0.0,787
-0.6666666666666666,-0.4873096446700508,-0.96875,0.5713209318579696,-0.5812206572769953,-0.01075268817204301,0.0,0.0,0.8333333333333334,0.8,0.0,0.0,0.0,0.0,0.0,128
-0.75,-0.6192893401015228,0.9375,0.13927936789351517,-0.8150234741784037,-0.01075268817204301,0.0,0.0,-0.5,0.4,0.0,1.0,0.0,0.0,0.0,107
-0.4166666666666667,-0.39086294416243655,0.8125,-0.3098055405697065,-0.8985915492957747,0.15053763440860213,0.0,0.0,-0.3333333333333333,-0.06666666666666667,1.0,1.0,0.0,0.0,0.0,223
-0.5,-0.7766497461928935,-0.25,-0.07312821817005527,-0.3107981220657277,-0.01075268817204301,0.0,0.0,-0.8333333333333334,0.2,0.0,0.0,0.0,1.0,0.0,151
0.75,-0.06598984771573609,0.6875,0.2058418822217645,-1.2572769953051643,-0.01075268817204301,0.0,0.0,0.8333333333333334,-0.7333333333333333,0.0,0.0,0.0,0.0,0.0,1289
0.16666666666666666,-0.766497461928934,-1.15625,1.4948257357364156,0.29107981220657275,1.1827956989247312,0.0,0.0,1.0,0.6666666666666666,0.0,0.0,0.0,1.0,0.0,271
0.08333333333333333,-0.12690355329949238,0.09375,-0.4861165064064858,-1.2009389671361503,0.9032258064516128,0.0,0.0,0.8333333333333334,0.7333333333333333,0.0,0.0,0.0,0.0,0.0,671
-0.8333333333333334,-0.766497461928934,0.71875,-0.07312821817005527,-0.5568075117370892,-0.01075268817204301,0.0,3.5,-0.8333333333333334,1.0,0.0,0.0,0.0,1.0,0.0,60
-0.25,0.3908629441624365,0.15625,0.13927936789351517,-0.28732394366197184,1.5483870967741935,0.0,0.0,0.0,-0.5333333333333333,0.0,0.0,1.0,0.0,0.0,1283
0.5,-0.38578680203045684,-0.4375,1.8972417506003412,-0.780281690140845,0.6559139784946236,0.0,0.0,-0.3333333333333333,-0.6666666666666666,0.0,1.0,0.0,0.0,0.0,1114
0.8333333333333334,-0.6802030456852792,0.34375,1.6200554445948598,-0.892018779342723,-0.01075268817204301,0.0,1.0,-0.8333333333333334,-0.5333333333333333,0.0,0.0,0.0,1.0,0.0,149
0.5833333333333334,-0.2893401015228427,-0.90625,0.2705797236685667,0.27417840375586855,0.03225806451612903,0.0,0.0,-0.5,-0.3333333333333333,1.0,1.0,0.0,0.0,0.0,596
0.75,0.5025380710659898,1.28125,-1.0429616152145371,-0.612206572769953,-0.01075268817204301,1.0,0.0,0.16666666666666666,-0.9333333333333333,0.0,0.0,1.0,0.0,0.0,72
0.8333333333333334,-0.17766497461928935,-0.03125,0.3336351996355,-0.3755868544600939,-0.01075268817204301,0.0,0.0,0.8333333333333334,-0.9333333333333333,0.0,0.0,0.0,0.0,0.0,1106
0.4166666666666667,0.7208121827411167,-0.75,-0.3098055405697065,0.29107981220657275,1.2903225806451613,0.0,0.0,0.5,-0.4666666666666667,1.0,0.0,0.0,0.0,0.0,2201
0.0,0.416243654822335,-0.65625,0.3336351996355,0.29107981220657275,2.978494623655914,0.0,0.0,0.5,0.6,0.0,0.0,0.0,0.0,-1.0,1045
0.8333333333333334,0.4720812182741117,0.3125,0.3951330286481768,-0.6084507042253521,-0.01075268817204301,0.0,0.0,0.0,0.3333333333333333,0.0,0.0,1.0,0.0,0.0,2179
-0.16666666666666666,-1.0101522842639594,-0.4375,-0.39575298507290857,0.17089201877934274,0.4516129032258064,0.0,0.0,-0.8333333333333334,-0.8,0.0,0.0,0.0,1.0,0.0,197
-0.25,-1.015228426395939,-0.09375,-0.22768379202711048,-0.13990610328638498,0.2258064516129032,0.0,0.0,-0.6666666666666666,-0.9333333333333333,0.0,0.0,0.0,1.0,0.0,280
-0.8333333333333334,0.11167512690355327,0.75,-0.07312821817005527,-0.9352112676056338,-0.01075268817204301,0.0,0.0,-0.3333333333333333,-0.9333333333333333,0.0,1.0,0.0,0.0,0.0,155
-0.3333333333333333,0.30456852791878175,-0.21875,-0.6833781561418334,-0.3389671361502347,1.268817204301075,0.0,0.0,-0.16666666666666666,0.8,0.0,1.0,0.0,0.0,0.0,2194
-0.6666666666666666,-1.1472081218274113,-0.75,0.5138834935935143,0.29107981220657275,-0.01075268817204301,0.0,0.0,1.0,0.7333333333333333,0.0,0.0,0.0,1.0,0.0,55
0.16666666666666666,0.781725888324873,-0.71875,0.7368002283746548,-0.339906103286385,2.2043010752688175,0.0,0.0,0.0,-0.7333333333333333,0.0,0.0,1.0,0.0,0.0,1120
0.08333333333333333,-0.04568527918781728,1.25,-0.7926654504863353,-1.27981220657277,0.13978494623655913,3.0,0.0,-0.16666666666666666,-0.26666666666666666,1.0,1.0,0.0,0.0,0.0,19
-0.5,-1.1878172588832487,-0.46875,0.5138834935935143,0.29107981220657275,-0.01075268817204301,0.0,0.0,1.0,0.06666666666666667,1.0,0.0,0.0,1.0,0.0,39
-0.9166666666666666,0.34010152284263956,0.0,-1.0429616152145371,-0.2460093896713615,-0.01075268817204301,0.0,0.0,0.0,-0.9333333333333333,1.0,0.0,1.0,0.0,0.0,989
0.8333333333333334,-0.4720812182741117,0.78125,-0.4861165064064858,-1.2065727699530517,-0.01075268817204301,0.0,0.4,0.8333333333333334,0.6,1.0,0.0,0.0,0.0,0.0,496
-0.25,0.7563451776649746,0.9375,0.13927936789351517,-0.3539906103286385,0.5913978494623656,4.0,0.0,0.3333333333333333,-0.6666666666666666,0.0,0.0,1.0,0.0,0.0,614
-0.5,0.19796954314720805,1.28125,-1.1921678124288753,-1.3671361502347419,-0.01075268817204301,0.0,0.0,-0.16666666666666666,0.13333333333333333,0.0,1.0,0.0,0.0,0.0,77
0.3333333333333333,-0.8223350253807107,-0.8125,0.5138834935935143,0.29107981220657275,0.5698924731182796,0.0,0.0,1.0,0.06666666666666667,1.0,0.0,0.0,1.0,0.0,256
-0.5,0.30456852791878175,0.71875,0.0707286024015658,-0.9211267605633803,0.03225806451612903,0.0,0.0,0.0,0.3333333333333333,0.0,0.0,1.0,0.0,0.0,709
0.9166666666666666,0.5685279187817259,0.53125,-0.07312821817005527,-0.08826291079812207,-0.01075268817204301,0.0,0.0,0.16666666666666666,-0.8,0.0,0.0,1.0,0.0,0.0,1432
0.25,0.42131979695431476,-0.78125,1.0421797791354965,0.29107981220657275,2.5913978494623655,0.0,0.0,0.5,0.5333333333333333,0.0,0.0,0.0,0.0,-1.0,1273
0.9166666666666666,0.19289340101522848,0.0,-0.7926654504863353,-0.8291079812206573,-0.01075268817204301,0.0,0.0,-0.3333333333333333,0.26666666666666666,0.0,1.0,0.0,0.0,0.0,891
0.8333333333333334,-0.5076142131979695,-0.09375,0.0,-0.2291079812206573,-0.01075268817204301,0.0,0.0,1.0,-0.9333333333333333,1.0,0.0,0.0,1.0,0.0,354
0.4166666666666667,0.9949238578680204,0.0625,0.8420508501474621,-0.612206572769953,1.21505376344086,0.0,0.0,0.16666666666666666,0.6666666666666666,0.0,0.0,1.0,0.0,0.0,1394
-0.3333333333333333,-0.969543147208122,1.0,-0.4861165064064858,-1.2384976525821596,-0.01075268817204301,0.0,2.2,1.0,0.3333333333333333,0.0,0.0,0.0,1.0,0.0,423
-0.25,0.15736040609137064,1.28125,-0.7926654504863353,-1.304225352112676,0.18279569892473116,0.5,0.0,-0.16666666666666666,0.13333333333333333,0.0,1.0,0.0,0.0,0.0,427
0.5,0.005076142131979678,1.0,0.5138834935935143,-0.9877934272300469,0.08602150537634408,0.0,0.0,-0.16666666666666666,-0.9333333333333333,0.0,1.0,0.0,0.0,0.0,518
-0.5,0.0812182741116751,1.25,-1.1921678124288753,-1.375586854460094,-0.01075268817204301,3.0,0.0,-0.16666666666666666,-0.6666666666666666,1.0,1.0,0.0,0.0,0.0,7
0.5833333333333334,-0.07106598984771575,0.3125,0.0,-1.1830985915492958,-0.01075268817204301,0.0,0.0,0.8333333333333334,-0.4,1.0,0.0,0.0,0.0,0.0,957
-1.0,0.36548223350253806,-0.1875,0.13927936789351517,0.29107981220657275,-0.01075268817204301,0.0,0.0,0.16666666666666666,-0.5333333333333333,1.0,0.0,1.0,0.0,0.0,1208
-0.25,0.4111675126903554,0.75,0.5138834935935143,-0.01971830985915493,1.2795698924731183,0.0,0.0,0.5,-0.8,0.0,0.0,0.0,0.0,0.0,1083
0.25,0.7360406091370558,0.59375,0.5138834935935143,-0.2375586854460094,1.064516129032258,0.0,0.0,0.16666666666666666,-0.26666666666666666,0.0,0.0,1.0,0.0,0.0,1163
0.08333333333333333,-0.48223350253807107,0.15625,-0.39575298507290857,-1.3464788732394366,0.5376344086021505,0.0,0.0,1.0,0.9333333333333333,1.0,0.0,0.0,1.0,0.0,333
0.75,-0.39593908629441626,-0.71875,-0.39575298507290857,-0.1596244131455399,-0.01075268817204301,0.0,0.0,-0.5,-0.3333333333333333,1.0,1.0,0.0,0.0,0.0,533
0.0,1.0659898477157361,-0.21875,-0.07312821817005527,0.19812206572769953,2.021505376344086,0.0,0.0,0.16666666666666666,0.5333333333333333,0.0,0.0,1.0,0.0,0.0,671
0.8333333333333334,-0.9796954314720813,0.0,0.9933397872392326,0.27230046948356806,-0.01075268817204301,0.0,0.0,-0.6666666666666666,-0.3333333333333333,1.0,0.0,0.0,1.0,0.0,103
-0.75,-0.5888324873096447,-0.75,-0.4861165064064858,0.28544600938967135,-0.01075268817204301,0.0,0.0,0.8333333333333334,0.8666666666666667,0.0,0.0,0.0,0.0,0.0,195
0.6666666666666666,0.299492385786802,0.3125,-0.5816560227957038,0.29107981220657275,-0.01075268817204301,0.0,0.0,0.6666666666666666,-0.6666666666666666,1.0,0.0,0.0,0.0,0.0,1567
-0.5,-0.10659898477157359,-1.78125,-0.4861165064064858,0.29107981220657275,0.021505376344086016,0.0,0.0,-0.16666666666666666,0.3333333333333333,0.0,1.0,0.0,0.0,0.0,467
0.8333333333333334,-0.23350253807106597,-0.53125,1.0902852095090052,0.11267605633802817,-0.01075268817204301,0.0,0.0,0.8333333333333334,0.26666666666666666,0.0,0.0,0.0,0.0,0.0,922
-0.8333333333333334,-1.0304568527918783,0.03125,-1.0429616152145371,-0.564319248826291,-0.01075268817204301,0.0,0.0,1.0,-0.06666666666666667,0.0,0.0,0.0,1.0,0.0,162
0.9166666666666666,-0.6903553299492385,-0.09375,-0.14891824053188613,-0.11267605633802817,-0.01075268817204301,0.0,0.0,1.0,-0.4666666666666667,1.0,0.0,0.0,1.0,0.0,265
0.25,-0.06598984771573609,-0.03125,1.7012842487764193,0.29107981220657275,0.6021505376344085,0.5,0.0,-0.16666666666666666,-0.8666666666666667,0.0,1.0,0.0,0.0,0.0,590
0.75,-1.4010152284263961,-0.6875,0.455183241303237,0.29107981220657275,-0.01075268817204301,0.0,0.5,-0.8333333333333334,0.6,0.0,0.0,0.0,1.0,0.0,137
-0.16666666666666666,-0.06598984771573609,0.5,0.2705797236685667,-1.235680751173709,0.978494623655914,0.0,0.0,0.8333333333333334,-0.4,1.0,0.0,0.0,0.0,0.0,699
-1.0,0.781725888324873,0.28125,0.455183241303237,0.29107981220657275,-0.01075268817204301,0.0,0.0,0.16666666666666666,0.6,0.0,0.0,1.0,0.0,0.0,939
-0.5,-0.07106598984771575,1.0,-1.1921678124288753,-1.3502347417840375,0.01075268817204301,0.0,0.0,-0.16666666666666666,-0.13333333333333333,0.0,1.0,0.0,0.0,0.0,552
0.3333333333333333,0.09644670050761424,1.1875,1.6608858990800979,-1.231924882629108,0.10752688172043011,0.5,0.0,-0.16666666666666666,-0.9333333333333333,0.0,1.0,0.0,0.0,0.0,400
0.4166666666666667,-0.83248730964467,-0.8125,-0.7926654504863353,0.030985915492957747,0.08602150537634408,0.0,0.0,1.0,-0.13333333333333333,0.0,0.0,0.0,1.0,0.0,382
0.8333333333333334,0.5329949238578681,0.5,0.3951330286481768,-0.13990610328638498,-0.01075268817204301,0.0,0.0,0.5,-0.13333333333333333,0.0,0.0,0.0,0.0,0.0,567
-0.6666666666666666,-0.23857868020304565,0.25,0.6275737112096174,0.29107981220657275,-0.01075268817204301,0.0,0.0,-0.3333333333333333,-0.7333333333333333,0.0,1.0,0.0,0.0,0.0,87
-0.16666666666666666,0.36548223350253806,-0.0625,0.2058418822217645,0.007511737089201878,1.5268817204301073,0.0,0.0,-0.16666666666666666,0.4,0.0,1.0,0.0,0.0,-1.0,1119
0.5833333333333334,-0.005076142131979678,-0.75,-0.22768379202711048,-0.3136150234741784,0.15053763440860213,0.0,0.0,-0.3333333333333333,-0.4666666666666667,0.0,1.0,0.0,0.0,0.0,1599
0.4166666666666667,-0.5380710659898477,0.875,0.0707286024015658,-0.647887323943662,0.2043010752688172,0.0,3.5,0.8333333333333334,0.5333333333333333,1.0,0.0,0.0,0.0,0.0,435
0.5,-0.19796954314720816,-0.46875,0.3336351996355,0.29107981220657275,0.13978494623655913,0.0,0.0,-0.5,-0.6,0.0,1.0,0.0,0.0,0.0,1365
0.5833333333333334,0.5989847715736041,0.4375,1.0421797791354965,0.29107981220657275,0.04301075268817204,0.0,0.0,0.5,-0.6666666666666666,0.0,0.0,0.0,0.0,0.0,1990
0.75,0.416243654822335,0.03125,-0.14891824053188613,-0.48544600938967136,-0.01075268817204301,0.0,0.0,-0.16666666666666666,0.6666666666666666,1.0,1.0,0.0,0.0,0.0,1851
0.75,0.0203045685279188,-0.625,-0.3098055405697065,0.05727699530516432,-0.01075268817204301,0.0,0.0,-0.3333333333333333,0.8,1.0,1.0,0.0,0.0,0.0,1351
0.5,-0.802030456852792,1.0625,-1.0429616152145371,-1.3971830985915492,-0.01075268817204301,1.4,2.0,-0.8333333333333334,0.9333333333333333,0.0,0.0,0.0,1.0,0.0,100
-0.75,-0.9289340101522844,-0.15625,0.0707286024015658,0.2704225352112676,-0.01075268817204301,0.0,0.0,1.0,-0.5333333333333333,0.0,0.0,0.0,1.0,0.0,99
-0.75,0.25380710659898476,0.15625,-0.5816560227957038,-0.5793427230046948,-0.01075268817204301,0.0,0.0,-0.16666666666666666,0.7333333333333333,1.0,1.0,0.0,0.0,0.0,423
-0.16666666666666666,-0.07614213197969544,0.125,1.4088965798741255,0.27323943661971833,0.9139784946236559,0.0,0.0,0.6666666666666666,-0.4,0.0,0.0,0.0,0.0,0.0,792
0.4166666666666667,0.42639593908629436,-0.90625,0.9437305196070348,-0.6262910798122066,1.7096774193548387,0.0,0.0,-0.3333333333333333,0.8666666666666667,1.0,1.0,0.0,0.0,0.0,2094
-0.8333333333333334,0.15228426395939088,0.03125,-1.1921678124288753,0.0647887323943662,-0.01075268817204301,0.0,0.0,-0.16666666666666666,0.8,0.0,1.0,0.0,0.0,0.0,335
0.8333333333333334,0.5532994923857868,0.3125,0.0707286024015658,0.29107981220657275,-0.01075268817204301,0.0,0.0,0.16666666666666666,-0.7333333333333333,0.0,0.0,1.0,0.0,0.0,1941
-0.16666666666666666,0.3705583756345178,-0.15625,0.0,0.29107981220657275,2.010752688172043,0.0,0.0,0.5,0.8666666666666667,1.0,0.0,0.0,0.0,0.0,1071
0.4166666666666667,0.9949238578680204,-0.9375,0.2705797236685667,0.2676056338028169,1.8817204301075268,0.0,0.0,0.3333333333333333,0.06666666666666667,0.0,0.0,1.0,0.0,0.0,1666
-0.25,0.13705583756345174,0.09375,0.2705797236685667,0.19624413145539907,1.236559139784946,0.0,0.0,0.6666666666666666,-0.6,1.0,0.0,0.0,0.0,0.0,753
-0.8333333333333334,-0.83248730964467,0.28125,1.0421797791354965,-0.1643192488262911,-0.01075268817204301,0.0,1.0,-0.8333333333333334,-0.4666666666666667,0.0,0.0,0.0,1.0,0.0,75
0.0,-0.39086294416243655,0.875,0.13927936789351517,-1.2591549295774649,0.4516129032258064,0.0,0.0,1.0,-0.8666666666666667,1.0,0.0,0.0,1.0,0.0,333
0.3333333333333333,-0.44670050761421326,-1.25,0.3951330286481768,0.29107981220657275,0.5806451612903226,0.0,0.0,-0.8333333333333334,0.3333333333333333,1.0,0.0,0.0,1.0,0.0,396
-1.0,0.8883248730964467,-0.09375,-0.5816560227957038,0.29107981220657275,-0.01075268817204301,0.0,0.0,0.16666666666666666,1.0,0.0,0.0,1.0,0.0,0.0,901
-1.0,0.5431472081218274,0.625,0.2058418822217645,-0.3051643192488263,-0.01075268817204301,0.0,0.0,0.16666666666666666,-0.7333333333333333,0.0,0.0,1.0,0.0,0.0,1078
0.5,0.23350253807106608,-0.5625,-0.39575298507290857,0.29107981220657275,0.2150537634408602,0.0,0.0,0.6666666666666666,-0.5333333333333333,0.0,0.0,0.0,0.0,0.0,2787
0.3333333333333333,0.6497461928934011,0.0,0.0707286024015658,0.29107981220657275,0.7634408602150536,0.0,0.0,0.5,-0.13333333333333333,0.0,0.0,0.0,0.0,0.0,1503
-0.3333333333333333,-0.583756345177665,-0.1875,-0.6833781561418334,-0.6572769953051644,-0.01075268817204301,0.0,0.0,-0.6666666666666666,0.7333333333333333,0.0,0.0,0.0,1.0,0.0,767
0.0,-0.6395939086294417,-0.625,0.0,-0.38215962441314555,1.1935483870967742,0.0,0.0,-0.6666666666666666,-0.9333333333333333,0.0,0.0,0.0,1.0,0.0,303
-0.25,-0.6802030456852792,1.0625,-0.5816560227957038,-1.3380281690140845,0.13978494623655913,0.0,0.8,1.0,-0.6,0.0,0.0,0.0,1.0,0.0,415
-0.3333333333333333,0.5532994923857868,0.90625,0.13927936789351517,0.29107981220657275,0.12903225806451613,0.0,0.0,0.3333333333333333,0.5333333333333333,0.0,0.0,1.0,0.0,0.0,578
-0.9166666666666666,-0.7766497461928935,1.03125,0.0707286024015658,-1.339906103286385,-0.01075268817204301,0.0,2.2,1.0,0.3333333333333333,0.0,0.0,0.0,1.0,0.0,189
-0.8333333333333334,0.8121827411167513,0.34375,-1.0429616152145371,0.2431924882629108,-0.01075268817204301,0.0,0.0,0.3333333333333333,-0.06666666666666667,0.0,0.0,1.0,0.0,-1.0,676
0.6666666666666666,0.5025380710659898,0.21875,0.2058418822217645,-0.5126760563380282,0.06451612903225806,0.0,0.0,0.0,-0.6666666666666666,0.0,0.0,1.0,0.0,-1.0,2145
-0.3333333333333333,0.24873096446700502,0.34375,-0.3098055405697065,-1.3483568075117371,0.9354838709677419,0.0,0.0,-0.16666666666666666,-0.06666666666666667,0.0,1.0,0.0,0.0,0.0,2059
-0.16666666666666666,-1.0253807106598984,-1.0625,0.5713209318579696,0.23286384976525823,1.3333333333333333,0.0,0.0,-0.6666666666666666,-0.26666666666666666,0.0,0.0,0.0,1.0,0.0,161
-0.5,-0.9137055837563453,-0.1875,-0.3098055405697065,0.29107981220657275,-0.01075268817204301,0.0,0.0,-0.8333333333333334,-1.0,0.0,0.0,0.0,1.0,-1.0,65
-0.25,-0.9847715736040609,-0.15625,-0.07312821817005527,0.2300469483568075,0.5591397849462365,0.0,0.0,-0.6666666666666666,-0.2,0.0,0.0,0.0,1.0,0.0,285
-0.5,0.06598984771573609,1.0,-1.3691539278131721,-0.18779342723004694,-0.01075268817204301,0.0,0.0,0.6666666666666666,-0.6,1.0,0.0,0.0,0.0,0.0,189
0.6666666666666666,0.7157360406091372,-0.34375,-0.22768379202711048,0.29107981220657275,0.0,0.0,0.0,0.3333333333333333,0.13333333333333333,1.0,0.0,1.0,0.0,0.0,1965
0.08333333333333333,0.5431472081218274,0.03125,0.2705797236685667,-0.6338028169014085,2.0,0.0,0.0,0.0,-0.5333333333333333,0.0,0.0,1.0,0.0,0.0,1314
-0.5833333333333334,0.38578680203045695,-0.28125,-1.1921678124288753,0.29107981220657275,-0.01075268817204301,0.0,0.0,0.0,0.4666666666666667,1.0,0.0,1.0,0.0,0.0,339
0.9166666666666666,-0.43147208121827413,-0.46875,0.13927936789351517,-0.9136150234741784,-0.01075268817204301,0.0,0.0,-0.5,0.4666666666666667,0.0,1.0,0.0,0.0,0.0,422
0.8333333333333334,0.416243654822335,-0.21875,0.0707286024015658,0.29107981220657275,-0.01075268817204301,0.0,0.0,0.5,-0.4,0.0,0.0,0.0,0.0,0.0,1779
0.4166666666666667,0.4111675126903554,-0.78125,0.9437305196070348,0.29107981220657275,1.2795698924731183,0.0,0.0,0.5,0.5333333333333333,0.0,0.0,0.0,0.0,-1.0,1442
0.4166666666666667,0.7309644670050761,-0.71875,1.2759719533904954,-0.40469483568075115,1.8494623655913978,0.0,0.0,-0.16666666666666666,0.6666666666666666,1.0,1.0,0.0,0.0,0.0,1886
0.08333333333333333,-1.263959390862944,-0.9375,1.3208447570935795,0.29107981220657275,1.3440860215053763,0.0,0.6,-0.8333333333333334,0.6,0.0,0.0,0.0,1.0,0.0,130
0.25,-0.12690355329949238,-0.34375,1.0902852095090052,0.29107981220657275,0.6021505376344085,0.0,0.0,0.6666666666666666,0.8666666666666667,0.0,0.0,0.0,0.0,0.0,884
0.8333333333333334,-0.010152284263959355,0.4375,0.3951330286481768,-1.0413145539906103,-0.01075268817204301,0.0,0.0,-0.5,0.8666666666666667,0.0,1.0,0.0,0.0,0.0,949
0.5,-0.8426395939086295,-0.75,-0.22768379202711048,0.29107981220657275,-0.01075268817204301,0.0,0.0,1.0,-0.5333333333333333,0.0,0.0,0.0,1.0,0.0,752
-0.3333333333333333,-0.5532994923857868,0.40625,-0.7926654504863353,-1.3089201877934273,-0.01075268817204301,0.0,0.0,-0.8333333333333334,0.06666666666666667,0.0,0.0,0.0,1.0,0.0,537
-0.3333333333333333,-0.3401015228426396,1.0,-0.07312821817005527,0.15586854460093896,0.04301075268817204,0.0,0.0,0.6666666666666666,0.8,1.0,0.0,0.0,0.0,0.0,74
0.5,-0.5076142131979695,-0.84375,0.8420508501474621,0.03380281690140845,0.3225806451612903,0.0,0.0,-0.6666666666666666,0.5333333333333333,1.0,0.0,0.0,1.0,0.0,379
0.5,-0.06598984771573609,-0.375,0.9437305196070348,0.29107981220657275,0.16129032258064516,0.0,0.0,0.6666666666666666,-0.4,0.0,0.0,0.0,0.0,0.0,2514
0.0,0.010152284263959355,-0.4375,1.0902852095090052,0.27230046948356806,1.7634408602150535,0.0,0.0,0.6666666666666666,-0.4,0.0,0.0,0.0,0.0,0.0,1006
-0.6666666666666666,-0.6040609137055838,1.09375,-0.6833781561418334,-1.4751173708920189,-0.01075268817204301,0.0,0.9,1.0,-0.6,0.0,0.0,0.0,1.0,0.0,62
0.6666666666666666,0.1624365482233502,0.125,0.2705797236685667,0.29107981220657275,0.04301075268817204,0.0,0.0,-0.16666666666666666,0.4666666666666667,0.0,1.0,0.0,0.0,0.0,2001
0.4166666666666667,0.883248730964467,-0.71875,0.6275737112096174,-0.046948356807511735,1.9139784946236558,0.0,0.0,0.0,0.5333333333333333,1.0,0.0,1.0,0.0,0.0,1754
-0.5,-0.18274111675126903,0.5625,-0.39575298507290857,-1.0610328638497653,-0.01075268817204301,0.0,0.0,0.6666666666666666,0.4666666666666667,0.0,0.0,0.0,0.0,0.0,456
-0.75,0.035532994923857836,0.15625,-0.07312821817005527,-1.0394366197183098,-0.01075268817204301,0.0,0.0,-0.3333333333333333,0.3333333333333333,1.0,1.0,0.0,0.0,0.0,307
0.0,0.5939086294416244,-0.125,1.0421797791354965,-0.6704225352112676,3.6236559139784945,0.0,0.0,0.0,0.26666666666666666,0.0,0.0,1.0,0.0,0.0,1252
-0.16666666666666666,0.12690355329949238,-0.875,-0.07312821817005527,0.016901408450704224,1.9139784946236558,0.0,0.0,-0.5,0.9333333333333333,0.0,1.0,0.0,0.0,0.0,583
-0.3333333333333333,0.17258883248730958,-0.09375,0.13927936789351517,0.29107981220657275,1.1505376344086022,0.0,0.0,-0.16666666666666666,-0.5333333333333333,0.0,1.0,0.0,0.0,0.0,1976
0.5,-1.0203045685279188,-0.8125,0.8933144384752442,0.27981220657276995,0.05376344086021505,0.0,0.0,-0.8333333333333334,0.7333333333333333,1.0,0.0,0.0,1.0,0.0,162
0.08333333333333333,0.9898477157360407,-0.0625,-0.39575298507290857,0.26009389671361505,1.5913978494623655,0.0,0.0,0.3333333333333333,-0.6,0.0,0.0,1.0,0.0,0.0,662
0.5833333333333334,-0.4365482233502538,-0.3125,1.137688257706579,0.29107981220657275,0.2043010752688172,0.0,0.0,-0.3333333333333333,-0.6,1.0,1.0,0.0,0.0,0.0,518
-0.16666666666666666,0.11675126903553304,1.0,0.2058418822217645,-0.8901408450704226,0.18279569892473116,1.5,0.0,0.6666666666666666,-0.7333333333333333,0.0,0.0,0.0,0.0,0.0,33
-0.4166666666666667,0.7563451776649746,0.78125,-0.6833781561418334,-0.8845070422535212,0.16129032258064516,0.0,0.0,0.16666666666666666,0.8,1.0,0.0,1.0,0.0,0.0,428
-0.5833333333333334,0.24873096446700502,0.9375,-0.5816560227957038,-1.3906103286384977,-0.01075268817204301,0.4,0.0,-0.16666666666666666,-0.9333333333333333,0.0,1.0,0.0,0.0,0.0,76
0.75,-0.21319796954314718,-0.09375,-0.3098055405697065,0.2676056338028169,-0.01075268817204301,0.0,0.0,0.8333333333333334,-1.0,0.0,0.0,0.0,0.0,0.0,1197
0.75,0.4111675126903554,0.53125,1.0421797791354965,-0.8751173708920188,-0.01075268817204301,0.0,0.0,0.0,0.26666666666666666,0.0,0.0,1.0,0.0,0.0,2246
-0.6666666666666666,-0.3401015228426396,1.25,0.455183241303237,-1.1615023474178403,-0.01075268817204301,2.0,0.0,-0.3333333333333333,-0.6666666666666666,0.0,1.0,0.0,0.0,0.0,9
0.4166666666666667,0.3147208121827411,0.0,0.682712243030312,-0.3643192488262911,0.5698924731182796,0.0,0.0,-0.3333333333333333,-0.8666666666666667,0.0,1.0,0.0,0.0,0.0,1436
0.5,0.13705583756345174,-0.5,-0.07312821817005527,0.20375586854460093,0.05376344086021505,0.0,0.0,0.6666666666666666,0.3333333333333333,1.0,0.0,0.0,0.0,0.0,1618
-0.6666666666666666,-0.5888324873096447,0.53125,-0.22768379202711048,-1.1042253521126761,-0.01075268817204301,0.0,0.0,-0.6666666666666666,-0.4,1.0,0.0,0.0,1.0,0.0,79
-0.9166666666666666,0.1827411167512691,0.46875,0.13927936789351517,-0.3164319248826291,-0.01075268817204301,0.0,0.0,-0.3333333333333333,-0.8666666666666667,0.0,1.0,0.0,0.0,0.0,430
0.8333333333333334,-0.9644670050761421,-0.03125,0.0,0.29107981220657275,-0.01075268817204301,0.0,2.0,1.0,0.2,0.0,0.0,0.0,1.0,0.0,213
0.3333333333333333,1.1725888324873097,-0.5625,-0.6833781561418334,0.29107981220657275,0.46236559139784944,0.0,0.0,0.3333333333333333,-0.06666666666666667,0.0,0.0,1.0,0.0,-1.0,877
0.8333333333333334,0.04568527918781728,-0.25,-0.3098055405697065,0.29107981220657275,-0.01075268817204301,0.0,0.0,0.6666666666666666,-0.5333333333333333,0.0,0.0,0.0,0.0,0.0,1636
-0.75,0.3451776649746193,1.25,-1.0429616152145371,-1.3990610328638498,-0.01075268817204301,1.5,0.0,0.3333333333333333,0.7333333333333333,0.0,0.0,1.0,0.0,0.0,22
-0.25,-0.8274111675126904,-0.15625,0.8420508501474621,0.19248826291079812,0.16129032258064516,0.0,0.0,1.0,0.6666666666666666,0.0,0.0,0.0,1.0,0.0,293
0.25,0.6192893401015228,-0.03125,0.2058418822217645,-0.5427230046948357,1.8279569892473118,0.0,0.0,-0.16666666666666666,0.8666666666666667,0.0,1.0,0.0,0.0,0.0,1234
-0.8333333333333334,0.3197969543147209,0.71875,0.0,-1.2394366197183098,-0.01075268817204301,0.0,0.0,0.0,0.4,0.0,0.0,1.0,0.0,0.0,602
-0.9166666666666666,-0.20304568527918782,0.25,-0.4861165064064858,-0.6572769953051644,-0.01075268817204301,0.0,0.0,0.6666666666666666,-0.13333333333333333,1.0,0.0,0.0,0.0,0.0,584
-0.16666666666666666,-0.5786802030456853,-0.46875,-0.3098055405697065,-0.11830985915492957,1.1935483870967742,0.0,0.0,-0.6666666666666666,0.6,1.0,0.0,0.0,1.0,0.0,195
0.6666666666666666,0.27918781725888325,-0.96875,0.0,0.29107981220657275,0.01075268817204301,0.0,0.0,-0.16666666666666666,0.26666666666666666,1.0,1.0,0.0,0.0,0.0,1846
-0.25,0.21319796954314718,-0.09375,0.2058418822217645,0.29107981220657275,0.6666666666666666,0.0,0.0,0.5,0.6666666666666666,0.0,0.0,0.0,0.0,0.0,680
0.16666666666666666,-1.0406091370558377,-0.96875,1.5370407516912272,0.27793427230046946,2.397849462365592,0.0,0.0,-0.6666666666666666,-0.6666666666666666,0.0,0.0,0.0,1.0,0.0,147
-0.75,0.19796954314720805,0.125,-0.22768379202711048,0.29107981220657275,-0.01075268817204301,0.0,0.0,0.0,0.0,1.0,0.0,1.0,0.0,0.0,518
-0.9166666666666666,0.6395939086294418,0.75,0.0707286024015658,-0.26384976525821596,-0.01075268817204301,0.0,0.0,0.16666666666666666,0.26666666666666666,0.0,0.0,1.0,0.0,0.0,773
0.0,1.182741116751269,-0.5625,-0.14891824053188613,0.23849765258215963,3.0,0.0,0.0,0.3333333333333333,-1.0,0.0,0.0,1.0,0.0,0.0,569
-0.4166666666666667,-0.2893401015228427,1.03125,-0.7926654504863353,-0.8704225352112676,-0.01075268817204301,0.0,0.0,0.6666666666666666,0.5333333333333333,0.0,0.0,0.0,0.0,0.0,1165
0.3333333333333333,-0.36040609137055835,-0.28125,0.682712243030312,0.23943661971830985,0.2258064516129032,0.0,0.0,1.0,-0.9333333333333333,1.0,0.0,0.0,1.0,0.0,618
-0.75,0.5532994923857868,0.875,-0.7926654504863353,-0.9502347417840376,-0.01075268817204301,0.0,0.0,0.16666666666666666,0.2,0.0,0.0,1.0,0.0,0.0,393
-0.9166666666666666,-0.7461928934010152,0.1875,-0.4861165064064858,0.14647887323943662,-0.01075268817204301,0.0,0.0,-0.6666666666666666,0.6666666666666666,0.0,0.0,0.0,1.0,0.0,122
0.0,0.6497461928934011,-0.65625,-0.3098055405697065,-0.5230046948356808,3.086021505376344,0.0,0.0,-0.16666666666666666,-0.06666666666666667,0.0,1.0,0.0,0.0,0.0,1058
0.25,-0.6040609137055838,-0.6875,1.5787787158685695,-0.11549295774647887,2.720430107526882,0.0,0.0,-0.5,-1.0,0.0,1.0,0.0,0.0,-1.0,458
-0.8333333333333334,-0.4619289340101523,0.9375,0.2058418822217645,-1.3924882629107982,-0.01075268817204301,0.0,0.0,1.0,-0.8,0.0,0.0,0.0,1.0,0.0,112
0.25,0.42131979695431476,0.59375,-0.07312821817005527,0.29107981220657275,1.2795698924731183,0.0,0.0,0.5,0.3333333333333333,0.0,0.0,0.0,0.0,0.0,1288
-0.5,-0.21827411167512695,0.21875,-0.39575298507290857,0.29107981220657275,0.01075268817204301,0.0,0.0,-0.16666666666666666,-0.4666666666666667,0.0,1.0,0.0,0.0,0.0,556
0.4166666666666667,-0.5583756345177665,0.65625,0.3336351996355,0.29107981220657275,0.25806451612903225,0.0,0.0,-0.5,0.3333333333333333,0.0,1.0,0.0,0.0,0.0,319
0.0,0.23857868020304565,-1.3125,0.0707286024015658,0.29107981220657275,2.4301075268817205,0.0,0.0,-0.3333333333333333,-0.2,0.0,1.0,0.0,0.0,0.0,1095
0.0,-0.40609137055837563,-1.0,0.9437305196070348,-0.03568075117370892,2.4408602150537635,0.0,0.0,-0.6666666666666666,0.6,1.0,0.0,0.0,1.0,0.0,396
-0.25,-0.9543147208121828,-0.28125,0.682712243030312,0.11267605633802817,0.18279569892473116,0.0,2.5,1.0,0.2,0.0,0.0,0.0,1.0,0.0,199
0.9166666666666666,-0.19289340101522848,-0.03125,-0.6833781561418334,0.29107981220657275,-0.01075268817204301,0.0,0.0,0.6666666666666666,0.06666666666666667,0.0,0.0,0.0,0.0,0.0,896
-0.08333333333333333,-0.5736040609137056,-0.21875,0.5713209318579696,-1.015962441314554,1.1720430107526882,0.0,0.0,-0.6666666666666666,0.5333333333333333,1.0,0.0,0.0,1.0,0.0,298
0.75,-0.39086294416243655,-0.4375,0.2058418822217645,0.29107981220657275,-0.01075268817204301,0.0,0.0,-0.5,0.0,0.0,1.0,0.0,0.0,0.0,710
-0.5833333333333334,-1.4771573604060915,-0.875,1.2305047302068106,0.29107981220657275,-0.01075268817204301,0.0,0.9,-0.8333333333333334,0.5333333333333333,0.0,0.0,0.0,1.0,0.0,34
-0.5,-0.49238578680203043,0.375,-2.15665183283064,0.2863849765258216,-0.01075268817204301,0.0,0.0,0.8333333333333334,-0.26666666666666666,0.0,0.0,0.0,0.0,0.0,419
0.8333333333333334,-0.19796954314720816,1.03125,0.2705797236685667,0.29107981220657275,-0.01075268817204301,0.0,0.0,-0.3333333333333333,0.4666666666666667,0.0,1.0,0.0,0.0,0.0,164
-0.3333333333333333,-1.5076142131979695,-0.84375,0.0707286024015658,0.29107981220657275,-0.01075268817204301,0.0,0.9,-0.8333333333333334,0.5333333333333333,0.0,0.0,0.0,1.0,0.0,364
0.6666666666666666,-0.6548223350253808,0.0,1.3208447570935795,0.24788732394366197,-0.01075268817204301,0.0,0.0,1.0,-0.4,1.0,0.0,0.0,1.0,0.0,165
-1.0,-0.06091370558375631,-0.40625,-0.5816560227957038,0.29107981220657275,-0.01075268817204301,0.0,0.0,0.6666666666666666,-0.5333333333333333,0.0,0.0,0.0,0.0,0.0,711
-0.4166666666666667,-0.3553299492385787,0.96875,-0.07312821817005527,-1.1032863849765258,-0.01075268817204301,0.0,0.0,-0.5,0.2,0.0,1.0,0.0,0.0,0.0,370
-0.3333333333333333,0.36548223350253806,0.25,0.0,-0.644131455399061,1.032258064516129,0.0,0.0,0.0,-0.2,0.0,0.0,1.0,0.0,0.0,959
-0.5833333333333334,-0.401015228426396,-0.0625,-0.22768379202711048,-0.64037558685446,-0.01075268817204301,0.0,0.0,-0.5,0.13333333333333333,1.0,1.0,0.0,0.0,0.0,67
0.3333333333333333,0.30456852791878175,-0.90625,0.8933144384752442,-0.07981220657276995,2.397849462365592,0.0,0.0,-0.3333333333333333,0.06666666666666667,0.0,1.0,0.0,0.0,0.0,1312
0.5,0.20304568527918782,-1.21875,-0.14891824053188613,0.29107981220657275,0.23655913978494622,0.0,0.0,-0.3333333333333333,-0.2,0.0,1.0,0.0,0.0,0.0,2404
0.4166666666666667,0.42639593908629436,1.25,0.9933397872392326,-1.3924882629107982,0.13978494623655913,0.5,0.0,-0.16666666666666666,0.0,0.0,1.0,0.0,0.0,0.0,304
-0.3333333333333333,-0.36040609137055835,1.03125,-0.07312821817005527,-1.4769953051643192,0.12903225806451613,0.0,0.0,-0.5,0.6666666666666666,0.0,1.0,0.0,0.0,0.0,983
-0.4166666666666667,0.2690355329949239,0.28125,-0.3098055405697065,-0.8225352112676056,0.48387096774193544,0.0,0.0,0.0,0.4,0.0,0.0,1.0,0.0,0.0,1529
0.9166666666666666,0.22335025380710655,-0.125,0.2705797236685667,0.07887323943661972,-0.01075268817204301,0.0,0.0,-0.16666666666666666,0.7333333333333333,1.0,1.0,0.0,0.0,0.0,1071
0.5,-0.3197969543147208,-0.96875,0.5138834935935143,-0.27417840375586855,0.3440860215053763,0.0,0.0,-0.6666666666666666,0.6666666666666666,0.0,0.0,0.0,1.0,0.0,929
0.25,-0.1421319796954315,-0.71875,1.5787787158685695,0.15023474178403756,2.6881720430107525,0.0,0.0,-0.5,0.4,0.0,1.0,0.0,0.0,0.0,758
-0.9166666666666666,-0.3654822335025381,0.9375,0.2058418822217645,-1.4431924882629108,-0.01075268817204301,0.0,0.0,-0.5,0.6666666666666666,0.0,1.0,0.0,0.0,0.0,185
-0.3333333333333333,0.2639593908629441,0.0,-0.39575298507290857,0.24976525821596243,1.118279569892473,0.0,0.0,0.0,0.0,1.0,0.0,1.0,0.0,0.0,892
0.9166666666666666,0.6852791878172589,0.65625,0.0707286024015658,-0.07605633802816901,-0.01075268817204301,0.0,0.0,0.16666666666666666,-0.06666666666666667,1.0,0.0,1.0,0.0,0.0,1113
0.5833333333333334,-1.0456852791878173,-0.75,0.3336351996355,0.18497652582159624,-0.01075268817204301,0.0,0.0,-0.8333333333333334,0.7333333333333333,1.0,0.0,0.0,1.0,0.0,122
-0.5833333333333334,-0.4771573604060914,0.40625,-0.39575298507290857,-0.5539906103286385,-0.01075268817204301,0.0,0.0,0.8333333333333334,0.2,0.0,0.0,0.0,0.0,0.0,167
0.75,-0.08629441624365479,0.15625,-0.6833781561418334,-0.6197183098591549,-0.01075268817204301,0.0,0.0,0.8333333333333334,-0.8,1.0,0.0,0.0,0.0,0.0,1001
-0.75,0.11675126903553304,0.40625,-0.5816560227957038,0.29107981220657275,-0.01075268817204301,0.0,0.0,0.5,0.4666666666666667,1.0,0.0,0.0,0.0,-1.0,334
-0.5,-0.5380710659898477,0.5625,-1.3691539278131721,0.06666666666666667,-0.01075268817204301,0.0,0.0,0.8333333333333334,-1.0,0.0,0.0,0.0,0.0,0.0,433
-0.4166666666666667,-0.6243654822335026,0.9375,0.2705797236685667,-1.5145539906103287,-0.01075268817204301,0.0,1.3,0.8333333333333334,0.5333333333333333,1.0,0.0,0.0,0.0,0.0,30
-0.3333333333333333,0.4416243654822335,1.1875,0.0707286024015658,-1.2215962441314554,0.26881720430107525,0.0,0.0,0.0,0.8666666666666667,0.0,0.0,1.0,0.0,0.0,2028
0.75,0.8984771573604061,0.1875,0.13927936789351517,-0.14366197183098592,-0.01075268817204301,0.0,0.0,0.3333333333333333,-0.8666666666666667,0.0,0.0,1.0,0.0,0.0,1511
-0.4166666666666667,-1.3197969543147208,-0.5,1.5787787158685695,0.29107981220657275,-0.01075268817204301,0.0,1.0,-0.8333333333333334,0.4666666666666667,0.0,0.0,0.0,1.0,0.0,211
-0.25,-0.4974619289340102,-0.25,0.2705797236685667,0.2544600938967136,0.9462365591397849,0.0,0.0,0.6666666666666666,0.9333333333333333,0.0,0.0,0.0,0.0,0.0,982
0.0,-0.8578680203045684,-0.78125,0.9437305196070348,0.015023474178403756,1.086021505376344,0.0,0.0,-0.8333333333333334,-0.8666666666666667,0.0,0.0,0.0,1.0,0.0,297
0.6666666666666666,0.45177664974619286,0.21875,-0.5816560227957038,0.29107981220657275,-0.01075268817204301,0.0,0.0,0.3333333333333333,0.6666666666666666,1.0,0.0,1.0,0.0,0.0,1674
0.5833333333333334,-1.071065989847716,-0.78125,1.7012842487764193,0.29107981220657275,-0.01075268817204301,0.0,0.0,-0.6666666666666666,-0.8666666666666667,1.0,0.0,0.0,1.0,0.0,135
0.25,0.27918781725888325,-1.0,0.3951330286481768,0.054460093896713614,1.7096774193548387,0.0,0.0,0.8333333333333334,-0.8,1.0,0.0,0.0,0.0,0.0,1579
0.8333333333333334,0.1421319796954315,-1.0,0.3336351996355,0.29107981220657275,-0.01075268817204301,0.0,0.0,-0.3333333333333333,-0.2,0.0,1.0,0.0,0.0,0.0,1178
-0.5,0.2588832487309645,0.125,-0.5816560227957038,0.29107981220657275,0.021505376344086016,0.0,0.0,0.0,-0.3333333333333333,0.0,0.0,1.0,0.0,0.0,807
-0.8333333333333334,0.34010152284263956,0.78125,-0.4861165064064858,-1.0469483568075117,-0.01075268817204301,0.0,0.0,0.0,0.3333333333333333,0.0,0.0,1.0,0.0,0.0,539
0.9166666666666666,-0.3299492385786802,-0.0625,-1.3691539278131721,-0.17746478873239438,-0.01075268817204301,0.0,0.0,0.8333333333333334,0.13333333333333333,1.0,0.0,0.0,0.0,0.0,532
0.4166666666666667,0.8578680203045684,-0.90625,0.8420508501474621,0.1352112676056338,2.032258064516129,0.0,0.0,0.0,0.4,0.0,0.0,1.0,0.0,0.0,2146
0.5,0.48223350253807107,-0.09375,0.8420508501474621,-0.9492957746478873,0.8602150537634409,0.0,0.0,-0.3333333333333333,0.9333333333333333,0.0,1.0,0.0,0.0,0.0,2558
-0.08333333333333333,0.9137055837563453,-0.09375,0.6275737112096174,0.2140845070422535,1.9032258064516128,0.0,0.0,0.3333333333333333,-0.3333333333333333,1.0,0.0,1.0,0.0,0.0,766
0.0,0.5989847715736041,-0.03125,-0.22768379202711048,0.2535211267605634,1.4408602150537635,0.0,0.0,0.5,-0.13333333333333333,0.0,0.0,0.0,0.0,0.0,1088
0.8333333333333334,0.24873096446700502,0.875,0.3951330286481768,0.07699530516431925,-0.01075268817204301,0.0,0.0,0.5,0.26666666666666666,0.0,0.0,0.0,0.0,0.0,1049
-1.0,-0.7411167512690355,-0.5625,0.13927936789351517,0.13333333333333333,-0.01075268817204301,0.0,0.0,-0.6666666666666666,0.2,0.0,0.0,0.0,1.0,0.0,148
-0.25,-0.6700507614213198,0.3125,-0.6833781561418334,-0.7446009389671362,0.021505376344086016,0.0,0.6,1.0,0.4,0.0,0.0,0.0,1.0,-1.0,298
-0.9166666666666666,0.13705583756345174,0.1875,-0.6833781561418334,-0.339906103286385,-0.01075268817204301,0.0,0.0,-0.16666666666666666,0.6666666666666666,1.0,1.0,0.0,0.0,0.0,837
-0.75,0.3807106598984772,0.59375,-0.6833781561418334,0.2863849765258216,-0.01075268817204301,0.0,0.0,0.5,-0.13333333333333333,0.0,0.0,0.0,0.0,0.0,349
0.0,-1.3045685279187818,-0.96875,1.365145862684823,0.29107981220657275,1.247311827956989,0.0,0.9,-0.8333333333333334,0.5333333333333333,0.0,0.0,0.0,1.0,0.0,121
-0.75,0.7157360406091372,0.71875,0.0707286024015658,-0.7145539906103286,-0.01075268817204301,0.0,0.0,0.16666666666666666,0.7333333333333333,0.0,0.0,1.0,0.0,0.0,371
-0.8333333333333334,-0.6446700507614213,-0.46875,-0.91150831659757,-0.38967136150234744,-0.01075268817204301,0.0,0.0,-0.8333333333333334,-0.5333333333333333,0.0,0.0,0.0,1.0,0.0,77
0.6666666666666666,-0.04568527918781728,-0.25,-0.5816560227957038,0.29107981220657275,-0.01075268817204301,0.0,0.0,-0.3333333333333333,0.5333333333333333,0.0,1.0,0.0,0.0,0.0,1332
0.9166666666666666,-0.05583756345177664,0.03125,0.6275737112096174,0.14366197183098592,-0.01075268817204301,0.0,0.0,-0.16666666666666666,-0.8,0.0,1.0,0.0,0.0,0.0,935
0.5,0.6345177664974619,-0.5625,0.7368002283746548,0.24413145539906103,1.1397849462365592,0.0,0.0,-0.16666666666666666,0.8,0.0,1.0,0.0,0.0,0.0,3245
0.0,0.20304568527918782,-1.15625,1.6200554445948598,0.29107981220657275,3.290322580645161,0.0,0.0,-0.3333333333333333,-0.26666666666666666,0.0,1.0,0.0,0.0,0.0,969
0.16666666666666666,-0.5126903553299492,-1.0625,0.5713209318579696,-0.13615023474178403,2.9354838709677424,0.0,0.0,-0.5,-0.9333333333333333,0.0,1.0,0.0,0.0,0.0,450
-0.5,-0.8477157360406091,0.3125,-1.0429616152145371,-0.26384976525821596,-0.01075268817204301,0.0,0.0,-0.8333333333333334,-0.9333333333333333,0.0,0.0,0.0,1.0,0.0,139
-0.25,0.5076142131979695,-0.1875,-0.07312821817005527,-0.4892018779342723,1.946236559139785,0.0,0.0,0.0,-0.7333333333333333,0.0,0.0,1.0,0.0,0.0,1344
-0.5,0.7106598984771574,0.46875,-0.3098055405697065,0.29107981220657275,-0.01075268817204301,0.0,0.0,0.3333333333333333,0.0,0.0,0.0,1.0,0.0,0.0,631
-0.9166666666666666,0.781725888324873,0.4375,-0.22768379202711048,0.27417840375586855,-0.01075268817204301,0.0,0.0,0.3333333333333333,-0.13333333333333333,0.0,0.0,1.0,0.0,0.0,681
-0.4166666666666667,-0.9847715736040609,0.0,0.9437305196070348,-0.003755868544600939,-0.01075268817204301,0.0,0.8,-0.8333333333333334,-0.4666666666666667,0.0,0.0,0.0,1.0,0.0,245
-0.5,-1.071065989847716,-0.3125,0.5138834935935143,0.29107981220657275,-0.01075268817204301,0.0,0.0,-0.8333333333333334,-0.8,0.0,0.0,0.0,1.0,0.0,120
0.16666666666666666,0.6192893401015228,0.3125,-0.22768379202711048,0.29107981220657275,0.9569892473118279,0.0,0.0,0.5,-0.06666666666666667,1.0,0.0,0.0,0.0,0.0,1474
0.08333333333333333,0.6751269035532995,0.25,0.3336351996355,-0.8995305164319248,2.537634408602151,0.0,0.0,0.0,0.8666666666666667,0.0,0.0,1.0,0.0,0.0,1117
0.0,0.6243654822335026,0.0,0.7898955205469734,0.29107981220657275,3.2365591397849465,0.0,0.0,0.5,-0.8,0.0,0.0,0.0,0.0,0.0,995
-0.5833333333333334,0.24873096446700502,0.84375,-0.7926654504863353,-1.2563380281690142,-0.01075268817204301,0.0,0.0,-0.16666666666666666,0.9333333333333333,0.0,1.0,0.0,0.0,0.0,239
0.6666666666666666,-0.7563451776649747,-0.3125,0.6275737112096174,-0.06572769953051644,-0.01075268817204301,0.0,0.0,1.0,-0.6,0.0,0.0,0.0,1.0,0.0,390
-0.75,0.781725888324873,0.375,0.7898955205469734,0.1699530516431925,-0.01075268817204301,0.0,0.0,0.16666666666666666,0.6,0.0,0.0,1.0,0.0,0.0,327
-0.08333333333333333,0.3959390862944163,-0.03125,0.0,0.28075117370892017,1.258064516129032,0.0,0.0,0.0,-0.4,1.0,0.0,1.0,0.0,0.0,1074
0.9166666666666666,0.3299492385786802,1.28125,0.2058418822217645,-1.0338028169014084,-0.01075268817204301,2.5,0.0,-0.16666666666666666,0.06666666666666667,0.0,1.0,0.0,0.0,0.0,35
0.5,-0.17766497461928935,-0.75,-0.22768379202711048,0.29107981220657275,0.7204301075268817,0.0,0.0,-0.5,0.0,0.0,1.0,0.0,0.0,0.0,1641
0.75,0.2639593908629441,0.84375,0.7368002283746548,0.05070422535211268,-0.01075268817204301,0.0,0.0,0.5,0.26666666666666666,0.0,0.0,0.0,0.0,0.0,784
0.9166666666666666,0.10152284263959391,-0.9375,1.137688257706579,0.29107981220657275,-0.01075268817204301,0.0,0.0,-0.3333333333333333,-0.2,0.0,1.0,0.0,0.0,0.0,849
0.25,-1.233502538071066,-0.875,1.2759719533904954,0.29107981220657275,1.129032258064516,0.0,0.7,-0.8333333333333334,0.5333333333333333,0.0,0.0,0.0,1.0,0.0,149
0.9166666666666666,0.416243654822335,-0.1875,0.13927936789351517,0.29107981220657275,-0.01075268817204301,0.0,0.0,0.16666666666666666,-0.6,1.0,0.0,1.0,0.0,0.0,1416
0.0,-0.015228426395939123,0.625,-0.14891824053188613,-1.0338028169014084,0.5268817204301075,0.0,0.0,0.8333333333333334,-0.6,0.0,0.0,0.0,0.0,0.0,697
-0.4166666666666667,0.5939086294416244,0.71875,-1.3691539278131721,-0.13051643192488263,0.18279569892473116,0.0,0.0,0.16666666666666666,-0.06666666666666667,1.0,0.0,1.0,0.0,0.0,402
-0.6666666666666666,-0.48223350253807107,0.34375,-2.15665183283064,0.29107981220657275,-0.01075268817204301,0.0,0.0,0.8333333333333334,-0.26666666666666666,0.0,0.0,0.0,0.0,0.0,109
-0.6666666666666666,-0.3756345177664975,0.46875,-0.91150831659757,-0.5990610328638498,-0.01075268817204301,0.0,0.0,0.8333333333333334,-0.06666666666666667,0.0,0.0,0.0,0.0,0.0,154
-0.8333333333333334,0.23350253807106608,0.0,-1.1921678124288753,0.29107981220657275,-0.01075268817204301,0.0,0.0,0.5,-0.4666666666666667,1.0,0.0,0.0,0.0,0.0,589
0.0,0.15228426395939088,-1.25,1.0421797791354965,0.12112676056338029,3.3548387096774195,0.0,0.0,-0.3333333333333333,0.13333333333333333,0.0,1.0,0.0,0.0,0.0,1047
0.8333333333333334,-0.11167512690355327,-0.46875,0.0707286024015658,-0.4704225352112676,-0.01075268817204301,0.0,0.0,-0.3333333333333333,0.13333333333333333,0.0,1.0,0.0,0.0,0.0,1003
0.3333333333333333,0.4568527918781726,0.90625,0.6275737112096174,-1.2657276995305164,0.49462365591397844,0.0,0.0,0.5,0.0,1.0,0.0,0.0,0.0,0.0,142
0.25,-0.8121827411167513,-0.875,-0.3098055405697065,-0.0215962441314554,0.5053763440860215,0.0,0.0,1.0,-0.13333333333333333,0.0,0.0,0.0,1.0,0.0,301
-0.5,0.7005076142131981,0.8125,-0.07312821817005527,-0.5727699530516432,-0.01075268817204301,0.0,0.0,0.3333333333333333,-0.7333333333333333,1.0,0.0,1.0,0.0,0.0,222
0.5,0.2893401015228426,-0.125,0.5713209318579696,0.29107981220657275,0.6129032258064515,0.0,0.0,-0.5,-0.13333333333333333,0.0,1.0,0.0,0.0,0.0,2100
0.6666666666666666,-0.3807106598984772,-0.21875,0.0,-0.7126760563380282,-0.01075268817204301,0.0,0.0,0.8333333333333334,0.2,0.0,0.0,0.0,0.0,0.0,1030
-0.4166666666666667,0.7309644670050761,0.4375,-1.0429616152145371,0.29107981220657275,0.12903225806451613,0.0,0.0,0.3333333333333333,-0.13333333333333333,0.0,0.0,1.0,0.0,0.0,1097
-0.8333333333333334,0.751269035532995,0.84375,0.3951330286481768,-0.5549295774647888,-0.01075268817204301,0.0,0.0,0.3333333333333333,-0.5333333333333333,0.0,0.0,1.0,0.0,0.0,489
0.0,-0.5583756345177665,0.84375,0.2705797236685667,-0.14272300469483568,0.41935483870967744,1.8,7.0,0.8333333333333334,0.5333333333333333,1.0,0.0,0.0,0.0,0.0,167
0.3333333333333333,0.6091370558375635,-0.4375,0.9933397872392326,0.18967136150234742,1.8387096774193548,0.0,0.0,0.0,-0.8,0.0,0.0,1.0,0.0,0.0,1671
0.3333333333333333,-0.7563451776649747,-0.71875,0.2058418822217645,0.027230046948356807,0.31182795698924726,0.0,0.0,-0.8333333333333334,-0.8,0.0,0.0,0.0,1.0,0.0,309
-0.4166666666666667,-0.6395939086294417,-0.09375,-0.5816560227957038,0.29107981220657275,0.10752688172043011,0.0,0.0,-0.3333333333333333,-0.5333333333333333,1.0,1.0,0.0,0.0,0.0,159
-0.5,-0.39086294416243655,-0.0625,-1.1921678124288753,0.29107981220657275,-0.01075268817204301,0.0,0.0,-0.3333333333333333,0.6,0.0,1.0,0.0,0.0,0.0,449
0.4166666666666667,0.7715736040609137,0.4375,0.8420508501474621,-0.022535211267605635,0.7526881720430106,0.0,0.0,0.16666666666666666,-0.3333333333333333,0.0,0.0,1.0,0.0,0.0,1923
-0.3333333333333333,-0.2741116751269036,0.875,-0.22768379202711048,-0.8619718309859155,0.26881720430107525,0.0,0.0,0.6666666666666666,0.5333333333333333,0.0,0.0,0.0,0.0,0.0,2108
-0.5,-0.5126903553299492,0.90625,0.6275737112096174,-1.3258215962441315,-0.01075268817204301,1.0,0.0,1.0,-0.8666666666666667,1.0,0.0,0.0,1.0,0.0,13
0.16666666666666666,1.0101522842639594,-0.8125,-0.22768379202711048,0.25539906103286386,2.924731182795699,0.0,0.0,0.3333333333333333,0.2,1.0,0.0,1.0,0.0,0.0,972
-0.3333333333333333,0.09137055837563456,-0.84375,-0.14891824053188613,0.29107981220657275,1.3870967741935483,0.0,0.0,-0.16666666666666666,0.3333333333333333,0.0,1.0,0.0,0.0,0.0,1785
0.5833333333333334,-0.010152284263959355,-0.625,-0.22768379202711048,0.29107981220657275,0.11827956989247311,0.0,0.0,-0.3333333333333333,0.5333333333333333,0.0,1.0,0.0,0.0,0.0,1580
0.4166666666666667,1.1624365482233503,-0.5625,-0.22768379202711048,0.29107981220657275,1.225806451612903,0.0,0.0,0.3333333333333333,0.4,0.0,0.0,1.0,0.0,0.0,1495
-0.5833333333333334,-0.8883248730964467,-0.90625,-0.91150831659757,0.29107981220657275,-0.01075268817204301,0.0,0.0,-0.6666666666666666,0.13333333333333333,1.0,0.0,0.0,1.0,0.0,22
0.4166666666666667,-0.7309644670050762,-0.71875,0.7898955205469734,0.29107981220657275,0.2903225806451613,0.0,1.8,-0.8333333333333334,1.0,0.0,0.0,0.0,1.0,0.0,279
-0.9166666666666666,0.40609137055837563,0.8125,-0.14891824053188613,-1.2629107981220657,-0.01075268817204301,0.0,0.0,0.0,0.5333333333333333,1.0,0.0,1.0,0.0,0.0,545
0.9166666666666666,0.4974619289340102,0.5625,0.3336351996355,-0.7511737089201878,-0.01075268817204301,0.0,0.0,0.0,0.5333333333333333,1.0,0.0,1.0,0.0,0.0,1329
0.8333333333333334,0.2588832487309645,-0.09375,0.5138834935935143,-0.339906103286385,-0.01075268817204301,0.0,0.0,-0.16666666666666666,0.5333333333333333,0.0,1.0,0.0,0.0,0.0,1678
0.9166666666666666,-0.030456852791878156,-0.1875,0.13927936789351517,-0.460093896713615,-0.01075268817204301,0.0,0.0,-0.3333333333333333,0.2,0.0,1.0,0.0,0.0,0.0,677
0.3333333333333333,1.1624365482233503,-0.53125,0.9933397872392326,0.29107981220657275,2.7741935483870965,0.0,0.0,0.3333333333333333,-0.4,0.0,0.0,1.0,0.0,0.0,853
-0.5,0.4568527918781726,0.8125,-0.5816560227957038,-1.0826291079812207,-0.01075268817204301,0.4,0.0,0.0,0.6666666666666666,0.0,0.0,1.0,0.0,0.0,37
-0.16666666666666666,-0.9289340101522844,0.0,0.8933144384752442,-0.12300469483568074,0.49462365591397844,0.0,0.5,-0.8333333333333334,-0.4666666666666667,0.0,0.0,0.0,1.0,0.0,190
0.08333333333333333,1.2385786802030456,-0.59375,0.5138834935935143,0.1671361502347418,3.268817204301075,0.0,0.0,0.3333333333333333,-1.0,0.0,0.0,1.0,0.0,0.0,533
-0.5833333333333334,-0.34517766497461927,-0.21875,0.0707286024015658,0.07887323943661972,-0.01075268817204301,0.0,0.0,-0.3333333333333333,0.13333333333333333,0.0,1.0,0.0,0.0,0.0,154
-0.9166666666666666,-0.5786802030456853,1.25,-1.3691539278131721,-0.780281690140845,-0.01075268817204301,0.0,0.0,-0.5,-1.0,0.0,1.0,0.0,0.0,-1.0,147
-1.0,-0.5482233502538072,0.90625,-0.22768379202711048,-1.1906103286384977,-0.01075268817204301,0.0,3.0,0.8333333333333334,0.6,1.0,0.0,0.0,0.0,0.0,420
0.5833333333333334,0.5380710659898478,1.125,0.3951330286481768,-0.5370892018779343,0.23655913978494622,1.5,0.0,0.16666666666666666,-0.9333333333333333,0.0,0.0,1.0,0.0,0.0,44
0.5833333333333334,-0.27918781725888325,-0.46875,0.8420508501474621,0.29107981220657275,-0.01075268817204301,0.0,0.0,0.6666666666666666,0.7333333333333333,1.0,0.0,0.0,0.0,0.0,864
0.3333333333333333,0.299492385786802,-0.875,-0.22768379202711048,-0.5032863849765258,1.4623655913978495,0.0,0.0,0.6666666666666666,-0.2,1.0,0.0,0.0,0.0,0.0,1916
-0.25,-0.5126903553299492,-0.625,1.1844188200176686,-0.020657276995305163,1.1397849462365592,0.0,0.0,-0.3333333333333333,-0.6,1.0,1.0,0.0,0.0,0.0,426
0.5,0.9898477157360407,-0.1875,0.5713209318579696,-0.11643192488262911,1.3118279569892473,0.0,0.0,0.16666666666666666,0.2,0.0,0.0,1.0,0.0,0.0,2640
0.08333333333333333,0.6954314720812182,-0.78125,0.13927936789351517,0.29107981220657275,3.3440860215053765,0.0,0.0,0.5,-0.4666666666666667,1.0,0.0,0.0,0.0,0.0,1432
-1.0,-0.7766497461928935,-0.09375,-0.3098055405697065,0.07699530516431925,-0.01075268817204301,0.0,0.0,-0.8333333333333334,-0.9333333333333333,0.0,0.0,0.0,1.0,0.0,148
-0.9166666666666666,-0.7563451776649747,-0.4375,-0.7926654504863353,0.09483568075117371,-0.01075268817204301,0.0,0.0,-0.6666666666666666,0.6,1.0,0.0,0.0,1.0,0.0,189
0.25,0.42639593908629436,-1.0625,0.682712243030312,-0.2131455399061033,2.849462365591398,0.0,0.0,-0.3333333333333333,0.6666666666666666,0.0,1.0,0.0,0.0,0.0,1227
0.75,-1.1319796954314723,-0.4375,-0.07312821817005527,0.29014084507042254,-0.01075268817204301,0.0,0.0,1.0,-0.26666666666666666,0.0,0.0,0.0,1.0,0.0,270
0.0,-0.7411167512690355,-0.8125,-0.14891824053188613,0.168075117370892,1.2795698924731183,0.0,1.3,-0.6666666666666666,-1.0,0.0,0.0,0.0,1.0,0.0,240
0.0,0.7461928934010152,-0.46875,-0.07312821817005527,-0.11924882629107982,3.043010752688172,0.0,0.0,0.0,-0.4666666666666667,1.0,0.0,1.0,0.0,0.0,1462
-0.3333333333333333,-0.4263959390862945,0.3125,-1.1921678124288753,0.27323943661971833,0.24731182795698922,0.0,0.0,0.6666666666666666,0.8666666666666667,0.0,0.0,0.0,0.0,0.0,1888
-0.6666666666666666,-0.5177664974619289,1.03125,-0.14891824053188613,-0.9464788732394366,-0.01075268817204301,0.0,0.0,-0.5,-0.5333333333333333,0.0,1.0,0.0,0.0,0.0,8
-0.5833333333333334,-0.44670050761421326,-0.09375,-0.14891824053188613,-1.0769953051643193,-0.01075268817204301,0.0,0.0,-0.5,0.5333333333333333,1.0,1.0,0.0,0.0,0.0,82
0.25,-0.30456852791878175,-1.125,0.7368002283746548,0.19718309859154928,2.3763440860215055,0.0,0.0,-0.6666666666666666,0.6,1.0,0.0,0.0,1.0,0.0,612
-0.5833333333333334,0.06598984771573609,-0.59375,-0.7926654504863353,0.29107981220657275,-0.01075268817204301,0.0,0.0,-0.3333333333333333,0.4,1.0,1.0,0.0,0.0,0.0,136
-0.8333333333333334,-0.6649746192893401,1.1875,0.13927936789351517,-1.483568075117371,-0.01075268817204301,0.0,1.2,1.0,1.0,1.0,0.0,0.0,1.0,-1.0,65
0.25,-0.8071065989847717,-0.1875,1.6200554445948598,-0.21784037558685446,0.48387096774193544,0.0,0.0,-0.8333333333333334,-0.4666666666666667,0.0,0.0,0.0,1.0,0.0,257
0.75,-0.005076142131979678,-0.03125,-0.6833781561418334,-0.8751173708920188,-0.01075268817204301,0.0,0.0,0.6666666666666666,0.4,0.0,0.0,0.0,0.0,0.0,1513
-0.5,-0.4720812182741117,0.9375,0.3336351996355,0.27136150234741785,-0.01075268817204301,2.0,0.0,-0.5,-0.7333333333333333,0.0,1.0,0.0,0.0,0.0,20
-0.5833333333333334,-1.2893401015228425,0.125,0.2058418822217645,0.0647887323943662,-0.01075268817204301,0.0,0.0,-0.8333333333333334,-0.3333333333333333,0.0,0.0,0.0,1.0,0.0,42
0.6666666666666666,-0.2081218274111675,0.59375,0.682712243030312,-0.2948356807511737,-0.01075268817204301,0.0,0.0,-0.3333333333333333,-0.13333333333333333,1.0,1.0,0.0,0.0,0.0,640
-0.4166666666666667,-1.16751269035533,-0.6875,-0.3098055405697065,0.29107981220657275,-0.01075268817204301,0.0,0.0,-0.6666666666666666,-0.26666666666666666,0.0,0.0,0.0,1.0,0.0,236
-0.5833333333333334,0.010152284263959355,0.0,0.2058418822217645,0.29014084507042254,-0.01075268817204301,0.0,0.0,0.6666666666666666,-1.0,0.0,0.0,0.0,0.0,0.0,246
-0.5,0.21827411167512695,0.5,-1.0429616152145371,-0.47136150234741786,0.03225806451612903,0.0,0.0,0.0,-0.7333333333333333,0.0,0.0,1.0,0.0,0.0,733
-0.3333333333333333,0.1827411167512691,0.0,-0.39575298507290857,0.27136150234741785,0.8064516129032258,0.0,0.0,0.5,-0.5333333333333333,1.0,0.0,0.0,0.0,0.0,827
-0.4166666666666667,0.5126903553299493,0.5625,-0.4861165064064858,-0.7830985915492957,0.3763440860215053,0.0,0.0,0.16666666666666666,0.2,0.0,0.0,1.0,0.0,0.0,1315
0.6666666666666666,-0.9086294416243654,-1.1875,2.0841541709615803,0.29107981220657275,-0.01075268817204301,0.0,0.0,-0.6666666666666666,-0.4,1.0,0.0,0.0,1.0,0.0,132
0.8333333333333334,0.4568527918781726,-0.09375,0.3951330286481768,0.29107981220657275,-0.01075268817204301,0.0,0.0,0.16666666666666666,-0.6666666666666666,0.0,0.0,1.0,0.0,0.0,1917
-0.75,-0.401015228426396,0.375,-1.5998067240225886,0.29107981220657275,-0.01075268817204301,0.0,0.0,0.6666666666666666,1.0,0.0,0.0,0.0,0.0,0.0,227
-0.5833333333333334,-1.0659898477157361,0.21875,-0.4861165064064858,-0.6582159624413145,-0.01075268817204301,0.0,0.0,1.0,-0.06666666666666667,0.0,0.0,0.0,1.0,0.0,68
-0.5833333333333334,-0.06598984771573609,-0.15625,0.5138834935935143,0.2544600938967136,-0.01075268817204301,0.0,0.0,-0.16666666666666666,-0.7333333333333333,1.0,1.0,0.0,0.0,0.0,190
0.5833333333333334,0.5532994923857868,-0.40625,0.7898955205469734,0.27136150234741785,0.47311827956989244,0.0,0.0,-0.16666666666666666,0.8,0.0,1.0,0.0,0.0,0.0,2656
0.3333333333333333,-0.41116751269035534,-0.03125,0.455183241303237,-1.2150234741784038,0.4086021505376344,0.0,0.0,1.0,0.8666666666666667,0.0,0.0,0.0,1.0,0.0,504
-1.0,-0.1878172588832487,0.90625,-0.14891824053188613,0.29107981220657275,-0.01075268817204301,0.0,0.0,-0.3333333333333333,0.5333333333333333,0.0,1.0,0.0,0.0,0.0,213
0.5833333333333334,0.6395939086294418,-0.1875,-0.07312821817005527,0.29107981220657275,0.3333333333333333,0.0,0.0,0.16666666666666666,-0.6,1.0,0.0,1.0,0.0,0.0,2352
-1.0,0.3553299492385787,1.15625,1.2305047302068106,-0.7455399061032864,-0.01075268817204301,0.0,0.0,0.0,0.7333333333333333,0.0,0.0,1.0,0.0,0.0,513
-0.5,-1.0761421319796953,0.53125,-0.3098055405697065,0.29107981220657275,-0.01075268817204301,0.0,0.8,-0.8333333333333334,-0.4,0.0,0.0,0.0,1.0,0.0,84
-1.0,-0.2284263959390863,-0.34375,-0.22768379202711048,-0.40469483568075115,-0.01075268817204301,0.0,0.0,-0.3333333333333333,-0.4,0.0,1.0,0.0,0.0,0.0,485
-0.08333333333333333,0.06598984771573609,-0.34375,0.3336351996355,-0.8657276995305164,1.956989247311828,0.0,0.0,0.8333333333333334,-0.8,1.0,0.0,0.0,0.0,0.0,963
0.5833333333333334,-0.583756345177665,-0.96875,0.5138834935935143,0.27699530516431925,0.01075268817204301,0.0,0.0,-0.5,-0.9333333333333333,0.0,1.0,0.0,0.0,0.0,568
-0.9166666666666666,-0.44670050761421326,-0.1875,-0.3098055405697065,-0.9032863849765258,-0.01075268817204301,0.0,0.0,-0.5,0.5333333333333333,1.0,1.0,0.0,0.0,0.0,360
-0.5833333333333334,0.299492385786802,0.625,-0.5816560227957038,-0.8065727699530516,-0.01075268817204301,0.0,0.0,0.0,0.2,0.0,0.0,1.0,0.0,0.0,317
-0.16666666666666666,0.7157360406091372,0.4375,0.0707286024015658,0.16901408450704225,2.2903225806451615,0.0,0.0,0.16666666666666666,-0.8666666666666667,0.0,0.0,1.0,0.0,0.0,818
-0.75,-0.035532994923857836,0.0,-0.91150831659757,0.023474178403755867,-0.01075268817204301,0.0,0.0,0.6666666666666666,0.6666666666666666,0.0,0.0,0.0,0.0,0.0,327
0.0,0.0812182741116751,-0.09375,0.455183241303237,-1.1220657276995305,2.043010752688172,0.0,0.0,0.8333333333333334,-0.4,1.0,0.0,0.0,0.0,0.0,1034
-0.4166666666666667,-0.04568527918781728,0.1875,-0.5816560227957038,-0.39906103286384975,-0.01075268817204301,0.0,0.0,0.6666666666666666,0.6666666666666666,0.0,0.0,0.0,0.0,0.0,556
-1.0,0.5634517766497463,1.21875,-0.6833781561418334,-1.2976525821596243,-0.01075268817204301,0.5,0.0,0.16666666666666666,-0.3333333333333333,0.0,0.0,1.0,0.0,0.0,240
0.9166666666666666,0.7918781725888326,0.625,-1.0429616152145371,-0.1295774647887324,-0.01075268817204301,0.0,0.0,0.3333333333333333,-0.5333333333333333,0.0,0.0,1.0,0.0,0.0,1180
0.6666666666666666,0.17258883248730958,-0.46875,0.7368002283746548,-0.7023474178403756,-0.01075268817204301,0.0,0.0,-0.3333333333333333,0.8666666666666667,1.0,1.0,0.0,0.0,0.0,1485
-0.5833333333333334,0.299492385786802,0.78125,0.3951330286481768,-0.9511737089201878,-0.01075268817204301,0.0,0.0,0.0,0.3333333333333333,0.0,0.0,1.0,0.0,0.0,308
0.5833333333333334,0.7461928934010152,0.46875,0.0707286024015658,0.051643192488262914,0.12903225806451613,0.0,0.0,0.16666666666666666,-0.3333333333333333,0.0,0.0,1.0,0.0,0.0,2328
0.8333333333333334,-0.7969543147208121,-0.0625,-0.07312821817005527,0.29107981220657275,-0.01075268817204301,0.0,0.0,-0.6666666666666666,0.3333333333333333,0.0,0.0,0.0,1.0,0.0,299
0.3333333333333333,0.48223350253807107,-0.75,1.4521169265310525,0.1784037558685446,2.7526881720430105,0.0,0.0,-0.16666666666666666,0.4666666666666667,0.0,1.0,0.0,0.0,0.0,1563
-0.4166666666666667,0.3248730964467004,0.46875,-0.7926654504863353,-0.7981220657276995,0.3333333333333333,0.0,0.0,0.0,0.2,0.0,0.0,1.0,0.0,0.0,1616
0.8333333333333334,0.2944162436548224,-0.0625,-0.91150831659757,0.29107981220657275,-0.01075268817204301,0.0,0.0,0.5,0.8666666666666667,1.0,0.0,0.0,0.0,0.0,1501
0.5,0.7563451776649746,0.5625,0.5713209318579696,-0.11830985915492957,0.5483870967741935,0.0,0.0,0.16666666666666666,-0.3333333333333333,0.0,0.0,1.0,0.0,0.0,2931
0.0,-0.10152284263959391,1.03125,-0.22768379202711048,-0.6732394366197183,0.05376344086021505,5.0,0.0,0.6666666666666666,0.4666666666666667,0.0,0.0,0.0,0.0,0.0,363
-0.75,0.45177664974619286,0.90625,-0.7926654504863353,-1.0065727699530516,-0.01075268817204301,0.0,0.0,0.0,0.8,0.0,0.0,1.0,0.0,0.0,344
0.5,-0.8781725888324874,0.03125,0.13927936789351517,0.28732394366197184,0.0,0.0,0.0,-0.8333333333333334,-0.4666666666666667,0.0,0.0,0.0,1.0,0.0,558
0.5,0.7106598984771574,0.6875,-0.91150831659757,-0.4253521126760563,0.6881720430107526,0.5,0.0,0.0,0.9333333333333333,1.0,0.0,1.0,0.0,0.0,306
0.25,0.6345177664974619,-0.53125,0.2705797236685667,0.29107981220657275,1.6344086021505375,0.0,0.0,0.5,-0.3333333333333333,0.0,0.0,0.0,0.0,0.0,1222
-1.0,0.24365482233502542,0.65625,-0.5816560227957038,-1.2591549295774649,-0.01075268817204301,0.0,0.0,-0.16666666666666666,-1.0,0.0,1.0,0.0,0.0,-1.0,782
-0.16666666666666666,0.6395939086294418,0.75,0.0,-0.7793427230046949,1.118279569892473,0.0,0.0,0.3333333333333333,0.9333333333333333,0.0,0.0,1.0,0.0,0.0,589
0.5,-0.030456852791878156,1.25,-2.15665183283064,-1.2056338028169014,-0.01075268817204301,9.0,0.0,0.8333333333333334,-0.5333333333333333,0.0,0.0,0.0,0.0,0.0,40
0.5,-0.7563451776649747,0.6875,0.0707286024015658,-0.927699530516432,-0.01075268817204301,0.1,2.2,1.0,0.26666666666666666,0.0,0.0,0.0,1.0,0.0,329
-0.25,0.04568527918781728,0.125,-0.6833781561418334,-0.3286384976525822,1.2903225806451613,0.0,0.0,0.6666666666666666,-0.8666666666666667,0.0,0.0,0.0,0.0,-1.0,966
-0.9166666666666666,-1.1116751269035532,-0.53125,0.0707286024015658,0.29107981220657275,-0.01075268817204301,0.0,0.0,1.0,0.06666666666666667,1.0,0.0,0.0,1.0,0.0,146
-1.0,-0.09644670050761424,0.125,-0.6833781561418334,-0.9549295774647887,-0.01075268817204301,0.0,0.0,0.6666666666666666,0.4666666666666667,0.0,0.0,0.0,0.0,0.0,726
0.6666666666666666,0.0203045685279188,1.25,0.6275737112096174,-1.0291079812206574,-0.01075268817204301,0.0,0.0,0.8333333333333334,-0.5333333333333333,0.0,0.0,0.0,0.0,0.0,12
-0.3333333333333333,-0.4263959390862945,0.8125,-0.4861165064064858,-1.307981220657277,-0.01075268817204301,0.0,0.0,1.0,0.4666666666666667,1.0,0.0,0.0,1.0,0.0,188
-0.75,0.4111675126903554,0.875,-1.5998067240225886,0.27417840375586855,-0.01075268817204301,0.0,0.0,0.3333333333333333,0.6666666666666666,1.0,0.0,1.0,0.0,0.0,426
-0.8333333333333334,-0.5380710659898477,0.625,0.2058418822217645,-0.7859154929577464,-0.01075268817204301,0.0,0.0,0.8333333333333334,0.06666666666666667,1.0,0.0,0.0,0.0,0.0,456
0.3333333333333333,0.7309644670050761,0.375,-0.91150831659757,-0.7605633802816901,0.6451612903225806,0.0,0.0,0.0,0.9333333333333333,1.0,0.0,1.0,0.0,0.0,1317
0.0,0.5025380710659898,-0.59375,0.7898955205469734,0.061971830985915494,2.0,0.0,0.0,-0.16666666666666666,0.7333333333333333,1.0,1.0,0.0,0.0,0.0,1404
-1.0,0.46700507614213194,1.21875,-1.1921678124288753,0.29107981220657275,-0.01075268817204301,1.0,0.0,0.3333333333333333,0.8666666666666667,0.0,0.0,1.0,0.0,0.0,208
-0.75,-0.1421319796954315,0.1875,-0.3098055405697065,-0.6582159624413145,-0.01075268817204301,0.0,0.0,-0.3333333333333333,0.7333333333333333,0.0,1.0,0.0,0.0,0.0,258
-0.25,-0.9238578680203046,-0.28125,-0.39575298507290857,0.08826291079812207,0.23655913978494622,0.0,0.0,1.0,-0.4666666666666667,1.0,0.0,0.0,1.0,0.0,291
0.0,-1.33502538071066,-1.0,0.9933397872392326,0.27323943661971833,1.236559139784946,0.0,0.6,-0.8333333333333334,0.6,0.0,0.0,0.0,1.0,0.0,142
-0.3333333333333333,0.06598984771573609,-0.1875,-0.3098055405697065,0.29107981220657275,0.6236559139784945,0.0,0.0,0.5,0.7333333333333333,0.0,0.0,0.0,0.0,0.0,2129
0.8333333333333334,-0.0406091370558376,0.125,0.455183241303237,0.2431924882629108,-0.01075268817204301,0.0,0.0,-0.3333333333333333,0.6666666666666666,0.0,1.0,0.0,0.0,0.0,1146
0.6666666666666666,-0.34517766497461927,-0.28125,0.682712243030312,-0.860093896713615,-0.01075268817204301,0.0,0.0,-0.5,0.4666666666666667,0.0,1.0,0.0,0.0,0.0,724
-0.5,0.6598984771573604,0.375,-0.5816560227957038,0.29107981220657275,-0.01075268817204301,0.0,0.0,0.3333333333333333,-0.3333333333333333,1.0,0.0,1.0,0.0,0.0,355
0.25,0.7258883248730965,0.4375,-0.4861165064064858,-0.8985915492957747,0.989247311827957,0.0,0.0,0.0,0.9333333333333333,1.0,0.0,1.0,0.0,0.0,1311
-0.16666666666666666,0.6091370558375635,-0.125,0.5138834935935143,0.14366197183098592,1.9354838709677418,0.0,0.0,0.3333333333333333,1.0,0.0,0.0,1.0,0.0,0.0,794
-0.5,0.1878172588832487,0.8125,-0.14891824053188613,0.29107981220657275,0.06451612903225806,0.0,0.0,0.0,-0.06666666666666667,0.0,0.0,1.0,0.0,0.0,609
0.08333333333333333,0.42639593908629436,-0.5625,0.3336351996355,0.29107981220657275,3.774193548387097,0.0,0.0,-0.16666666666666666,0.2,1.0,1.0,0.0,0.0,0.0,1865
-0.5,-0.949238578680203,-0.46875,-0.6833781561418334,0.27230046948356806,-0.01075268817204301,0.0,0.0,-0.6666666666666666,0.0,0.0,0.0,0.0,1.0,-1.0,30
0.75,-0.29949238578680204,-0.0625,0.3336351996355,0.29107981220657275,-0.01075268817204301,0.0,0.0,0.6666666666666666,0.9333333333333333,0.0,0.0,0.0,0.0,0.0,1147
0.3333333333333333,0.36548223350253806,-0.65625,1.1844188200176686,-0.8253521126760563,1.946236559139785,0.0,0.0,-0.5,0.9333333333333333,0.0,1.0,0.0,0.0,0.0,1156
-0.5,-0.3756345177664975,1.21875,0.3951330286481768,-0.8375586854460094,-0.01075268817204301,0.0,0.0,-0.3333333333333333,-0.6666666666666666,0.0,1.0,0.0,0.0,0.0,178
-0.5833333333333334,-0.7005076142131981,0.15625,-0.7926654504863353,-0.7774647887323943,-0.01075268817204301,0.0,0.0,-0.8333333333333334,0.26666666666666666,1.0,0.0,0.0,1.0,0.0,56
-0.08333333333333333,0.6598984771573604,-0.40625,-0.07312821817005527,0.2516431924882629,2.806451612903226,0.0,0.0,0.5,-0.9333333333333333,1.0,0.0,0.0,0.0,0.0,940
0.08333333333333333,-0.9137055837563453,-1.0625,0.682712243030312,0.231924882629108,2.2688172043010755,0.0,0.0,-0.6666666666666666,-0.6,0.0,0.0,0.0,1.0,0.0,228
-0.25,-0.25380710659898476,1.1875,0.682712243030312,-1.1671361502347417,0.09677419354838711,8.0,0.0,-0.3333333333333333,0.4666666666666667,0.0,1.0,0.0,0.0,0.0,9
0.6666666666666666,0.16751269035532998,-0.875,1.4948257357364156,0.26384976525821596,0.0,0.0,0.0,-0.3333333333333333,0.6,0.0,1.0,0.0,0.0,0.0,1651
0.5,-0.07106598984771575,-0.53125,0.5713209318579696,0.1539906103286385,0.18279569892473116,0.0,0.0,0.6666666666666666,-0.3333333333333333,0.0,0.0,0.0,0.0,0.0,2378
-0.5833333333333334,-0.15736040609137056,0.15625,0.2058418822217645,-0.7314553990610329,-0.01075268817204301,0.0,0.0,-0.5,0.9333333333333333,0.0,1.0,0.0,0.0,0.0,117
0.3333333333333333,-0.4873096446700508,-0.5,1.365145862684823,0.26572769953051645,1.3225806451612903,0.0,0.0,-0.6666666666666666,-0.2,0.0,0.0,0.0,1.0,0.0,328
-0.5,0.5786802030456852,0.59375,-2.15665183283064,-0.20375586854460093,0.01075268817204301,0.0,0.0,0.16666666666666666,0.3333333333333333,1.0,0.0,1.0,0.0,0.0,381
-0.16666666666666666,0.416243654822335,0.09375,0.13927936789351517,-0.14084507042253522,1.5376344086021503,0.0,0.0,0.5,0.06666666666666667,0.0,0.0,0.0,0.0,0.0,868
-0.5833333333333334,-0.20304568527918782,0.25,-0.4861165064064858,0.29107981220657275,-0.01075268817204301,0.0,0.0,-0.16666666666666666,-0.4666666666666667,0.0,1.0,0.0,0.0,0.0,203
-0.3333333333333333,0.05583756345177664,-0.09375,-0.4861165064064858,-1.1821596244131456,0.9462365591397849,0.0,0.0,-0.3333333333333333,0.3333333333333333,1.0,1.0,0.0,0.0,0.0,600
-0.4166666666666667,-0.050761421319796954,0.34375,-0.3098055405697065,-1.1577464788732394,0.2258064516129032,0.0,0.0,-0.3333333333333333,0.3333333333333333,1.0,1.0,0.0,0.0,0.0,324
-0.5833333333333334,-0.13197969543147206,0.75,0.13927936789351517,-1.260093896713615,-0.01075268817204301,0.0,0.0,-0.3333333333333333,0.8,1.0,1.0,0.0,0.0,0.0,152
0.25,0.2284263959390863,-0.53125,0.8933144384752442,0.1107981220657277,1.8279569892473118,0.0,0.0,0.6666666666666666,0.5333333333333333,0.0,0.0,0.0,0.0,0.0,1161
0.75,0.7258883248730965,0.46875,-0.7926654504863353,0.29107981220657275,-0.01075268817204301,0.0,0.0,0.16666666666666666,-0.8666666666666667,0.0,0.0,1.0,0.0,0.0,2264
-1.0,0.8274111675126904,0.1875,0.3336351996355,0.29107981220657275,-0.01075268817204301,0.0,0.0,0.3333333333333333,-0.3333333333333333,1.0,0.0,1.0,0.0,0.0,1022
0.4166666666666667,0.0812182741116751,-0.15625,0.2705797236685667,0.29107981220657275,0.6774193548387096,0.0,0.0,-0.3333333333333333,0.5333333333333333,0.0,1.0,0.0,0.0,0.0,1462
-0.75,-0.8172588832487311,0.40625,-0.39575298507290857,0.28356807511737087,-0.01075268817204301,0.0,0.0,1.0,0.6666666666666666,0.0,0.0,0.0,1.0,0.0,72
-0.3333333333333333,-0.5634517766497462,-0.40625,1.4948257357364156,-0.29577464788732394,0.4301075268817204,0.0,0.0,-0.3333333333333333,-0.6,1.0,1.0,0.0,0.0,0.0,399
-0.9166666666666666,-0.1421319796954315,0.0,-0.4861165064064858,0.1295774647887324,-0.01075268817204301,0.0,0.0,0.6666666666666666,0.4,0.0,0.0,0.0,0.0,0.0,372
-0.5,-0.8730964467005076,0.59375,-2.15665183283064,0.16338028169014085,-0.01075268817204301,0.0,0.4,1.0,-0.6666666666666666,0.0,0.0,0.0,1.0,0.0,142
-0.4166666666666667,0.7461928934010152,0.78125,0.0,-0.6619718309859155,0.1935483870967742,0.0,0.0,0.3333333333333333,-0.5333333333333333,0.0,0.0,1.0,0.0,0.0,1079
0.0,0.24365482233502542,0.25,-0.22768379202711048,-0.18873239436619718,2.5698924731182795,0.0,0.0,-0.16666666666666666,-0.2,1.0,1.0,0.0,0.0,0.0,1434
-0.4166666666666667,0.0812182741116751,0.71875,-0.39575298507290857,-1.0018779342723005,0.0,0.0,0.0,-0.3333333333333333,-0.9333333333333333,0.0,1.0,0.0,0.0,0.0,918
0.5833333333333334,0.868020304568528,0.0,-0.07312821817005527,-0.1511737089201878,0.6129032258064515,0.0,0.0,0.16666666666666666,0.06666666666666667,0.0,0.0,1.0,0.0,0.0,2326
0.9166666666666666,0.2588832487309645,0.0625,-0.6833781561418334,0.29107981220657275,-0.01075268817204301,0.0,0.0,0.5,0.8666666666666667,1.0,0.0,0.0,0.0,0.0,1229
-0.08333333333333333,0.6243654822335026,-0.15625,0.3951330286481768,-0.7370892018779343,3.043010752688172,0.0,0.0,0.0,-0.6666666666666666,0.0,0.0,1.0,0.0,-1.0,1152
0.5833333333333334,0.4568527918781726,-0.4375,-1.0429616152145371,0.29107981220657275,-0.01075268817204301,0.0,0.0,0.5,0.8666666666666667,1.0,0.0,0.0,0.0,0.0,2021
-0.75,-0.09644670050761424,0.59375,-0.39575298507290857,-1.2450704225352112,-0.01075268817204301,0.0,0.0,-0.3333333333333333,0.8,1.0,1.0,0.0,0.0,0.0,325
0.5,-0.2284263959390863,0.59375,0.8933144384752442,-1.316431924882629,0.47311827956989244,0.0,0.0,-0.5,0.5333333333333333,1.0,1.0,0.0,0.0,0.0,736
-0.08333333333333333,-0.9086294416243654,-0.53125,-0.5816560227957038,-0.01784037558685446,0.7311827956989246,0.0,0.0,-0.8333333333333334,-0.8,0.0,0.0,0.0,1.0,0.0,264
-0.4166666666666667,-1.3553299492385786,-0.03125,-0.4861165064064858,-0.023474178403755867,-0.01075268817204301,0.0,0.0,-0.6666666666666666,-0.6,0.0,0.0,0.0,1.0,0.0,214
-0.16666666666666666,-0.2081218274111675,-0.0625,-1.5998067240225886,-1.051643192488263,0.5161290322580645,0.0,0.0,0.8333333333333334,0.0,0.0,0.0,0.0,0.0,0.0,699
-1.0,-1.2081218274111676,-0.09375,0.5713209318579696,0.27981220657276995,-0.01075268817204301,0.0,0.0,-0.8333333333333334,-0.3333333333333333,0.0,0.0,0.0,1.0,0.0,98
0.4166666666666667,0.24365482233502542,-0.875,1.4948257357364156,-0.06009389671361502,1.7204301075268817,0.0,0.0,-0.3333333333333333,0.06666666666666667,0.0,1.0,0.0,0.0,0.0,1632
0.6666666666666666,-0.4771573604060914,-0.09375,-0.14891824053188613,-0.2403755868544601,-0.01075268817204301,0.0,0.0,0.8333333333333334,0.8666666666666667,0.0,0.0,0.0,0.0,0.0,818
-0.6666666666666666,-0.9796954314720813,-0.28125,0.0,-0.1295774647887324,-0.01075268817204301,0.0,0.0,-0.5,-0.9333333333333333,0.0,1.0,0.0,0.0,0.0,47
0.5833333333333334,-0.1878172588832487,-0.34375,0.7898955205469734,0.23943661971830985,-0.01075268817204301,0.0,0.0,0.8333333333333334,-0.26666666666666666,0.0,0.0,0.0,0.0,0.0,1466
0.5833333333333334,-0.1472081218274112,-0.3125,0.3336351996355,-1.187793427230047,0.021505376344086016,0.0,0.0,-0.5,-0.26666666666666666,0.0,1.0,0.0,0.0,0.0,946
-0.8333333333333334,-0.8934010152284265,0.5,0.3951330286481768,-1.0544600938967137,-0.01075268817204301,0.0,0.0,1.0,0.0,1.0,0.0,0.0,1.0,0.0,228
0.75,-0.5279187817258884,0.53125,0.9933397872392326,-1.1502347417840375,-0.01075268817204301,0.0,0.0,-0.5,-0.5333333333333333,0.0,1.0,0.0,0.0,0.0,533
-0.25,-0.9847715736040609,0.09375,-0.7926654504863353,-0.9380281690140845,0.08602150537634408,0.0,0.0,1.0,-0.06666666666666667,0.0,0.0,0.0,1.0,0.0,330
0.8333333333333334,-0.949238578680203,-0.125,-0.14891824053188613,0.2619718309859155,-0.01075268817204301,0.0,0.0,-0.8333333333333334,-0.8666666666666667,0.0,0.0,0.0,1.0,0.0,291
0.8333333333333334,0.6294416243654822,-0.375,0.3951330286481768,0.29107981220657275,-0.01075268817204301,0.0,0.0,0.3333333333333333,0.0,0.0,0.0,1.0,0.0,0.0,1943
-0.4166666666666667,0.3248730964467004,0.53125,0.13927936789351517,-0.9455399061032864,0.2150537634408602,0.0,0.0,0.0,0.3333333333333333,0.0,0.0,1.0,0.0,0.0,1543
0.08333333333333333,-0.23857868020304565,1.125,0.13927936789351517,-1.0262910798122065,0.3978494623655914,0.0,0.0,-0.3333333333333333,-0.13333333333333333,1.0,1.0,0.0,0.0,0.0,70
-0.08333333333333333,-0.42131979695431476,-0.96875,-0.91150831659757,-0.2056338028169014,0.6774193548387096,0.0,0.0,0.8333333333333334,0.8666666666666667,0.0,0.0,0.0,0.0,0.0,623
0.25,0.23857868020304565,0.1875,0.455183241303237,-0.9417840375586854,0.7634408602150536,0.0,0.0,-0.3333333333333333,-1.0,1.0,1.0,0.0,0.0,0.0,1349
-0.25,0.8477157360406091,0.28125,-0.07312821817005527,-0.5248826291079812,1.5806451612903225,0.0,0.0,0.3333333333333333,-0.5333333333333333,0.0,0.0,1.0,0.0,0.0,920
0.08333333333333333,0.2893401015228426,-1.25,0.455183241303237,-0.2272300469483568,3.0967741935483875,0.0,0.0,-0.3333333333333333,0.2,0.0,1.0,0.0,0.0,0.0,930
-0.8333333333333334,0.07614213197969544,1.25,0.6275737112096174,-1.3652582159624413,-0.01075268817204301,3.0,0.0,-0.16666666666666666,0.4666666666666667,0.0,1.0,0.0,0.0,0.0,34
-0.6666666666666666,-0.43147208121827413,0.4375,-0.07312821817005527,0.28544600938967135,-0.01075268817204301,0.0,0.0,0.6666666666666666,1.0,0.0,0.0,0.0,0.0,0.0,146
-0.6666666666666666,-0.6395939086294417,-0.34375,-0.5816560227957038,-0.5164319248826291,-0.01075268817204301,0.0,0.0,-0.6666666666666666,0.7333333333333333,0.0,0.0,0.0,1.0,0.0,62
-0.16666666666666666,-0.766497461928934,-0.96875,0.2705797236685667,0.27230046948356806,1.3763440860215053,0.0,0.0,-0.6666666666666666,-0.06666666666666667,0.0,0.0,0.0,1.0,-1.0,127
-0.9166666666666666,-0.9390862944162437,-0.46875,-0.22768379202711048,0.28450704225352114,-0.01075268817204301,0.0,0.0,-0.8333333333333334,-0.8666666666666667,0.0,0.0,0.0,1.0,0.0,130
-0.08333333333333333,-0.5431472081218274,-0.6875,1.3208447570935795,-0.39906103286384975,1.8279569892473118,0.0,0.0,-0.6666666666666666,0.26666666666666666,0.0,0.0,0.0,1.0,0.0,322
-0.16666666666666666,0.4771573604060913,0.53125,-0.14891824053188613,-0.49577464788732395,0.8924731182795698,0.0,0.0,0.5,0.0,1.0,0.0,0.0,0.0,0.0,813
-0.16666666666666666,-0.4365482233502538,-0.03125,0.2705797236685667,-0.19718309859154928,1.8817204301075268,0.0,0.0,-0.5,0.4,0.0,1.0,0.0,0.0,0.0,446
0.8333333333333334,-0.9543147208121828,-0.375,0.6275737112096174,0.29107981220657275,-0.01075268817204301,0.0,0.0,1.0,-0.8,0.0,0.0,0.0,1.0,0.0,353
-0.9166666666666666,0.1624365482233502,0.09375,-0.5816560227957038,0.10892018779342723,-0.01075268817204301,0.0,0.0,-0.16666666666666666,0.8,0.0,1.0,0.0,0.0,0.0,440
0.0,0.4771573604060913,-0.6875,-0.5816560227957038,0.24225352112676057,3.268817204301075,0.0,0.0,-0.16666666666666666,-0.6,0.0,1.0,0.0,0.0,0.0,1414
-0.08333333333333333,0.1624365482233502,-0.375,0.2705797236685667,-0.5971830985915493,2.21505376344086,0.0,0.0,-0.5,1.0,1.0,1.0,0.0,0.0,0.0,824
0.5833333333333334,-0.41116751269035534,0.09375,1.3208447570935795,-0.6572769953051644,0.01075268817204301,0.0,0.0,-0.5,-0.4666666666666667,0.0,1.0,0.0,0.0,0.0,718
-0.5833333333333334,-0.29441624365482233,0.5,-2.15665183283064,0.29107981220657275,-0.01075268817204301,0.0,0.0,0.6666666666666666,0.2,0.0,0.0,0.0,0.0,0.0,162
0.4166666666666667,0.17258883248730958,1.25,0.3951330286481768,-0.9032863849765258,0.07526881720430108,5.5,0.0,0.6666666666666666,-0.7333333333333333,0.0,0.0,0.0,0.0,0.0,66
-0.5,-0.3350253807106599,0.90625,0.13927936789351517,0.27981220657276995,-0.01075268817204301,1.5,0.0,0.6666666666666666,0.8,1.0,0.0,0.0,0.0,0.0,55
0.0,-0.050761421319796954,-0.125,1.0902852095090052,-0.3436619718309859,2.698924731182796,0.0,0.0,-0.3333333333333333,-0.06666666666666667,1.0,1.0,0.0,0.0,0.0,1105
0.16666666666666666,1.1065989847715736,-0.53125,0.3336351996355,0.29107981220657275,3.3978494623655915,0.0,0.0,0.3333333333333333,0.0,0.0,0.0,1.0,0.0,0.0,638
0.08333333333333333,0.24365482233502542,-0.96875,-0.22768379202711048,-0.1755868544600939,2.3225806451612905,0.0,0.0,0.8333333333333334,-0.8,1.0,0.0,0.0,0.0,0.0,1355
0.9166666666666666,0.5025380710659898,0.6875,0.7368002283746548,0.28169014084507044,-0.01075268817204301,0.0,0.0,0.3333333333333333,0.5333333333333333,0.0,0.0,1.0,0.0,0.0,1084
0.6666666666666666,0.7309644670050761,0.65625,-0.7926654504863353,0.28075117370892017,0.021505376344086016,0.0,0.0,0.3333333333333333,-0.4666666666666667,0.0,0.0,1.0,0.0,0.0,1591
-0.5,-0.17258883248730966,0.4375,-1.3691539278131721,-0.2028169014084507,-0.01075268817204301,0.0,0.0,0.6666666666666666,0.0,0.0,0.0,0.0,0.0,0.0,491
-1.0,-0.5126903553299492,-0.0625,0.0,0.29107981220657275,-0.01075268817204301,0.0,0.0,0.6666666666666666,0.9333333333333333,0.0,0.0,0.0,0.0,0.0,488
-0.6666666666666666,0.7055837563451777,0.375,-0.39575298507290857,0.29107981220657275,-0.01075268817204301,0.0,0.0,0.3333333333333333,-0.3333333333333333,1.0,0.0,1.0,0.0,0.0,266
0.75,0.04568527918781728,0.28125,0.13927936789351517,-0.9511737089201878,-0.01075268817204301,0.0,0.0,-0.5,0.8666666666666667,0.0,1.0,0.0,0.0,0.0,1046
-0.4166666666666667,-0.42131979695431476,0.65625,-1.1921678124288753,-0.47699530516431926,-0.01075268817204301,0.0,0.0,0.8333333333333334,-0.13333333333333333,0.0,0.0,0.0,0.0,0.0,1047
-0.3333333333333333,-0.030456852791878156,0.21875,0.0,-0.856338028169014,0.05376344086021505,0.0,0.0,-0.3333333333333333,-1.0,1.0,1.0,0.0,0.0,0.0,342
0.4166666666666667,-0.5583756345177665,-0.28125,1.4521169265310525,0.27136150234741785,0.8064516129032258,0.0,0.0,-0.6666666666666666,0.0,0.0,0.0,0.0,1.0,-1.0,210
0.5,1.16751269035533,-0.59375,-0.4861165064064858,0.29107981220657275,1.247311827956989,0.0,0.0,0.16666666666666666,0.9333333333333333,0.0,0.0,1.0,0.0,0.0,2347
-0.6666666666666666,0.2639593908629441,0.53125,-0.4861165064064858,0.22816901408450704,-0.01075268817204301,0.0,0.0,0.0,-0.2,0.0,0.0,1.0,0.0,0.0,421
-0.25,-0.9035532994923858,-0.75,-0.6833781561418334,0.2187793427230047,0.6344086021505375,0.0,0.0,-0.6666666666666666,0.0,0.0,0.0,0.0,1.0,-1.0,48
-0.5833333333333334,-0.6192893401015228,-0.53125,0.5138834935935143,0.29107981220657275,-0.01075268817204301,0.0,0.0,-0.5,0.3333333333333333,0.0,1.0,0.0,0.0,0.0,80
-0.08333333333333333,-0.17258883248730966,0.96875,-0.6833781561418334,-1.1615023474178403,0.3548387096774194,0.0,0.0,-0.5,-0.8,1.0,1.0,0.0,0.0,0.0,273
0.75,0.7461928934010152,0.21875,0.7898955205469734,0.29107981220657275,-0.01075268817204301,0.0,0.0,0.16666666666666666,-0.13333333333333333,1.0,0.0,1.0,0.0,0.0,2011
-0.3333333333333333,-0.5329949238578681,1.15625,-1.1921678124288753,-1.1699530516431924,0.0,0.0,0.0,-0.5,-0.5333333333333333,0.0,1.0,0.0,0.0,0.0,88
0.16666666666666666,-0.7766497461928935,-0.375,1.2305047302068106,0.21784037558685446,1.129032258064516,0.0,0.2,-0.8333333333333334,-0.4666666666666667,0.0,0.0,0.0,1.0,0.0,265
-0.75,-0.22335025380710663,0.6875,-1.3691539278131721,-0.0009389671361502347,-0.01075268817204301,0.0,0.0,0.6666666666666666,0.6,0.0,0.0,0.0,0.0,0.0,266
0.6666666666666666,-0.4720812182741117,-0.40625,1.4088965798741255,0.29107981220657275,-0.01075268817204301,0.0,0.0,-0.3333333333333333,-0.6,1.0,1.0,0.0,0.0,0.0,458
0.3333333333333333,-0.39086294416243655,-0.21875,-0.4861165064064858,-1.0732394366197182,0.10752688172043011,0.0,0.0,-0.8333333333333334,0.0,0.0,0.0,0.0,1.0,0.0,277
-0.5833333333333334,-0.37055837563451777,1.0,0.0,-1.2694835680751173,-0.01075268817204301,0.0,0.0,-0.5,0.2,0.0,1.0,0.0,0.0,0.0,27
0.6666666666666666,-0.6243654822335026,-0.6875,0.6275737112096174,0.26948356807511736,-0.01075268817204301,0.0,0.0,-0.5,-0.9333333333333333,0.0,1.0,0.0,0.0,0.0,427
-0.08333333333333333,-0.83248730964467,0.875,-0.22768379202711048,-1.3586854460093896,0.05376344086021505,0.0,4.8,1.0,0.13333333333333333,0.0,0.0,0.0,1.0,0.0,44
-0.16666666666666666,-0.6192893401015228,-0.4375,-0.5816560227957038,-0.6751173708920187,0.16129032258064516,0.0,0.0,-0.8333333333333334,-0.5333333333333333,0.0,0.0,0.0,1.0,0.0,253
-0.5,-0.6852791878172589,-0.75,-1.0429616152145371,0.29107981220657275,-0.01075268817204301,0.0,0.0,-0.8333333333333334,0.4,0.0,0.0,0.0,1.0,0.0,165
0.75,-0.7868020304568528,0.8125,-0.22768379202711048,-0.7380281690140845,-0.01075268817204301,0.1,2.4,1.0,0.26666666666666666,0.0,0.0,0.0,1.0,0.0,197
0.5833333333333334,-0.3350253807106599,0.5,1.2305047302068106,-1.2403755868544601,-0.01075268817204301,0.0,0.0,-0.6666666666666666,0.4666666666666667,0.0,0.0,0.0,1.0,0.0,421
0.08333333333333333,-0.010152284263959355,-0.65625,0.3951330286481768,-0.38215962441314555,2.129032258064516,0.0,0.0,0.8333333333333334,-0.26666666666666666,0.0,0.0,0.0,0.0,0.0,889
-0.6666666666666666,0.7614213197969544,0.375,-1.1921678124288753,0.29107981220657275,-0.01075268817204301,0.0,0.0,0.3333333333333333,-1.0,0.0,0.0,1.0,0.0,0.0,250
-0.5,0.6446700507614213,0.21875,-0.07312821817005527,0.29107981220657275,0.0,0.0,0.0,0.16666666666666666,0.9333333333333333,0.0,0.0,1.0,0.0,0.0,668
-0.5,-0.10659898477157359,0.84375,-1.1921678124288753,0.048826291079812206,-0.01075268817204301,0.0,0.0,0.6666666666666666,-0.8666666666666667,0.0,0.0,0.0,0.0,-1.0,278
0.9166666666666666,0.8984771573604061,-0.15625,0.0,-0.018779342723004695,-0.01075268817204301,0.0,0.0,0.16666666666666666,0.4,1.0,0.0,1.0,0.0,0.0,1030
-0.9166666666666666,0.2741116751269035,-0.0625,0.5138834935935143,0.29107981220657275,-0.01075268817204301,0.0,0.0,0.5,-0.5333333333333333,1.0,0.0,0.0,0.0,0.0,1001
-0.8333333333333334,-0.7309644670050762,0.25,-0.7926654504863353,-0.30140845070422534,-0.01075268817204301,0.0,0.0,-0.8333333333333334,0.26666666666666666,1.0,0.0,0.0,1.0,0.0,216
-0.5,0.3756345177664974,0.9375,-0.6833781561418334,-0.4619718309859155,-0.01075268817204301,0.0,0.0,0.5,-1.0,1.0,0.0,0.0,0.0,0.0,362
-0.16666666666666666,-0.3096446700507614,-0.6875,1.137688257706579,0.28169014084507044,1.9354838709677418,0.0,0.0,-0.5,0.26666666666666666,0.0,1.0,0.0,0.0,0.0,418
-0.5833333333333334,0.751269035532995,0.09375,0.0707286024015658,0.29107981220657275,-0.01075268817204301,0.0,0.0,0.16666666666666666,1.0,0.0,0.0,1.0,0.0,0.0,284
0.5,-0.4873096446700508,-1.0625,-0.39575298507290857,0.29107981220657275,-0.01075268817204301,0.0,0.0,0.8333333333333334,0.4666666666666667,0.0,0.0,0.0,0.0,0.0,1548
-0.8333333333333334,-0.83248730964467,-0.8125,0.0707286024015658,0.22629107981220659,-0.01075268817204301,0.0,0.0,-0.6666666666666666,0.3333333333333333,0.0,0.0,0.0,1.0,0.0,105
0.16666666666666666,0.0203045685279188,-0.96875,0.6275737112096174,-0.14366197183098592,3.2043010752688175,0.0,0.0,-0.3333333333333333,-0.4666666666666667,0.0,1.0,0.0,0.0,0.0,921
-0.16666666666666666,0.1878172588832487,-0.375,0.3951330286481768,0.29107981220657275,2.7956989247311825,0.0,0.0,-0.16666666666666666,0.2,1.0,1.0,0.0,0.0,0.0,1051
0.25,-0.4416243654822335,0.9375,0.8420508501474621,-1.2938967136150235,0.07526881720430108,4.5,0.0,-0.6666666666666666,0.8,0.0,0.0,0.0,1.0,0.0,7
0.25,0.3248730964467004,-0.96875,1.2759719533904954,0.19530516431924883,3.2150537634408605,0.0,0.0,-0.16666666666666666,-0.8,0.0,1.0,0.0,0.0,0.0,1323
0.6666666666666666,0.7766497461928935,-0.09375,-0.3098055405697065,-0.6816901408450704,0.08602150537634408,0.0,0.0,0.0,0.6,0.0,0.0,1.0,0.0,0.0,2456
-0.5833333333333334,-0.8071065989847717,0.0625,-0.3098055405697065,0.27605633802816903,-0.01075268817204301,0.0,0.0,-0.6666666666666666,0.4,0.0,0.0,0.0,1.0,0.0,75
-0.9166666666666666,0.06091370558375631,-0.4375,-0.22768379202711048,0.29107981220657275,-0.01075268817204301,0.0,0.0,-0.16666666666666666,0.26666666666666666,1.0,1.0,0.0,0.0,0.0,713
0.16666666666666666,0.6142131979695432,-0.375,0.455183241303237,0.2544600938967136,1.4838709677419353,0.0,0.0,0.0,-0.26666666666666666,0.0,0.0,1.0,0.0,0.0,1246
-0.5,-0.5989847715736041,0.03125,1.2759719533904954,-0.4704225352112676,-0.01075268817204301,0.0,0.0,-0.3333333333333333,-0.6,1.0,1.0,0.0,0.0,0.0,108
-1.0,-0.6954314720812182,-0.84375,-1.0429616152145371,0.29107981220657275,-0.01075268817204301,0.0,0.0,-0.8333333333333334,0.4,0.0,0.0,0.0,1.0,0.0,171
-0.3333333333333333,-1.0,-0.375,-1.0429616152145371,-0.08450704225352113,0.17204301075268816,0.0,0.0,-0.5,-0.9333333333333333,0.0,1.0,0.0,0.0,0.0,617
-1.0,-0.44670050761421326,-0.34375,0.13927936789351517,-0.8863849765258216,-0.01075268817204301,0.0,0.0,-0.5,0.5333333333333333,1.0,1.0,0.0,0.0,0.0,403
-0.3333333333333333,-1.3248730964467006,0.125,0.0707286024015658,-0.07511737089201878,-0.01075268817204301,0.0,0.0,-0.8333333333333334,-0.3333333333333333,0.0,0.0,0.0,1.0,0.0,443
-0.5,-1.0101522842639594,-0.21875,0.0,-0.09107981220657277,-0.01075268817204301,0.0,0.0,-0.5,-0.9333333333333333,0.0,1.0,0.0,0.0,0.0,135
0.16666666666666666,0.6548223350253807,-0.4375,0.3951330286481768,0.23849765258215963,3.4623655913978495,0.0,0.0,0.0,-0.06666666666666667,0.0,0.0,1.0,0.0,0.0,1027
-0.5,0.5076142131979695,0.71875,-1.1921678124288753,-0.8657276995305164,-0.01075268817204301,0.0,0.0,0.16666666666666666,-0.7333333333333333,0.0,0.0,1.0,0.0,0.0,438
-0.3333333333333333,0.7664974619289341,0.5625,-0.22768379202711048,-0.09577464788732394,0.5913978494623656,0.0,0.0,0.3333333333333333,-0.4666666666666667,0.0,0.0,1.0,0.0,0.0,1731
0.08333333333333333,0.7614213197969544,-0.46875,0.13927936789351517,0.28169014084507044,3.150537634408602,0.0,0.0,0.5,-0.9333333333333333,1.0,0.0,0.0,0.0,0.0,1254
0.5,0.5888324873096448,-0.78125,0.5713209318579696,0.19624413145539907,1.1720430107526882,0.0,0.0,-0.16666666666666666,-0.6,0.0,1.0,0.0,0.0,0.0,2268
-0.4166666666666667,0.2284263959390863,1.1875,0.0707286024015658,-1.2347417840375587,-0.01075268817204301,1.5,0.0,0.5,0.26666666666666666,0.0,0.0,0.0,0.0,0.0,130
0.75,0.284263959390863,0.5,-0.22768379202711048,-1.1990610328638498,-0.01075268817204301,0.0,0.0,-0.3333333333333333,0.9333333333333333,0.0,1.0,0.0,0.0,0.0,1711
-0.4166666666666667,0.3096446700507615,0.5625,-0.4861165064064858,-0.7568075117370892,0.4408602150537634,0.0,0.0,0.0,0.06666666666666667,1.0,0.0,1.0,0.0,0.0,475
0.8333333333333334,-1.4568527918781726,-0.375,1.365145862684823,0.29107981220657275,-0.01075268817204301,0.0,0.7,-0.8333333333333334,0.5333333333333333,0.0,0.0,0.0,1.0,0.0,121
0.25,-0.48223350253807107,-0.96875,1.137688257706579,0.29107981220657275,1.8709677419354838,0.0,0.0,-0.6666666666666666,0.0,0.0,0.0,0.0,1.0,-1.0,243
0.25,-0.21827411167512695,-0.125,1.0421797791354965,0.19342723004694837,2.3870967741935485,0.0,0.0,-0.5,-0.5333333333333333,0.0,1.0,0.0,0.0,0.0,555
-0.9166666666666666,-0.38578680203045684,0.25,-0.39575298507290857,-1.0272300469483568,-0.01075268817204301,0.0,0.0,-0.5,-0.2,0.0,1.0,0.0,0.0,0.0,231
-1.0,-0.4263959390862945,-0.15625,-0.3098055405697065,-1.0103286384976526,-0.01075268817204301,0.0,0.0,-0.6666666666666666,0.8,0.0,0.0,0.0,1.0,0.0,266
-0.25,-0.8578680203045684,0.625,0.0707286024015658,-1.1812206572769952,0.11827956989247311,0.0,0.0,-0.8333333333333334,-0.13333333333333333,1.0,0.0,0.0,1.0,0.0,118
0.0,1.0000000000000002,-0.15625,0.6275737112096174,-0.1652582159624413,1.6989247311827957,0.0,0.0,0.3333333333333333,-0.8,1.0,0.0,1.0,0.0,0.0,640
-1.0,-0.7563451776649747,0.03125,-0.39575298507290857,0.1784037558685446,-0.01075268817204301,0.0,0.0,1.0,0.6666666666666666,0.0,0.0,0.0,1.0,0.0,178
-0.75,0.1827411167512691,-0.03125,-1.0429616152145371,-0.10046948356807511,-0.01075268817204301,0.0,0.0,-0.16666666666666666,0.8,0.0,1.0,0.0,0.0,0.0,185
-0.5833333333333334,-0.4771573604060914,-0.46875,0.9437305196070348,0.29107981220657275,-0.01075268817204301,0.0,0.0,-0.5,0.26666666666666666,0.0,1.0,0.0,0.0,0.0,92
-0.5833333333333334,-0.583756345177665,0.8125,0.7368002283746548,-1.3492957746478873,-0.01075268817204301,0.0,0.0,1.0,-0.8,0.0,0.0,0.0,1.0,0.0,82
0.5,0.15736040609137064,-0.75,0.682712243030312,0.16619718309859155,0.5053763440860215,0.0,0.0,-0.5,1.0,1.0,1.0,0.0,0.0,0.0,1391
-0.6666666666666666,0.7258883248730965,0.375,-0.4861165064064858,0.29107981220657275,-0.01075268817204301,0.0,0.0,0.3333333333333333,0.0,0.0,0.0,1.0,0.0,0.0,173
0.6666666666666666,0.5888324873096448,-0.0625,0.5138834935935143,0.0835680751173709,0.07526881720430108,0.0,0.0,0.0,0.3333333333333333,0.0,0.0,1.0,0.0,0.0,2556
0.5,-1.3451776649746194,-0.875,1.0902852095090052,0.29107981220657275,0.04301075268817204,0.0,0.7,-0.8333333333333334,0.5333333333333333,0.0,0.0,0.0,1.0,0.0,297
0.25,0.34010152284263956,-0.8125,0.0707286024015658,-0.784037558685446,1.3333333333333333,0.0,0.0,0.6666666666666666,0.4,0.0,0.0,0.0,0.0,0.0,1167
0.5833333333333334,0.9847715736040609,-0.03125,0.682712243030312,0.23849765258215963,0.41935483870967744,0.0,0.0,0.3333333333333333,-0.6,0.0,0.0,1.0,0.0,0.0,1898
-0.5833333333333334,0.3553299492385787,1.25,-1.0429616152145371,-1.2262910798122066,-0.01075268817204301,3.0,0.0,0.3333333333333333,0.7333333333333333,0.0,0.0,1.0,0.0,0.0,38
-0.6666666666666666,-0.17766497461928935,0.5,-0.4861165064064858,-1.0028169014084507,-0.01075268817204301,0.0,0.0,0.6666666666666666,0.4666666666666667,0.0,0.0,0.0,0.0,0.0,170
-0.3333333333333333,-1.015228426395939,0.15625,-0.3098055405697065,-0.1755868544600939,-0.01075268817204301,0.0,0.0,-0.8333333333333334,-0.6666666666666666,1.0,0.0,0.0,1.0,0.0,186
-0.16666666666666666,-0.08629441624365479,1.21875,-0.14891824053188613,-1.3793427230046948,0.11827956989247311,2.5,0.0,-0.16666666666666666,-0.26666666666666666,1.0,1.0,0.0,0.0,0.0,6
0.6666666666666666,0.7766497461928935,0.28125,0.2705797236685667,-0.4516431924882629,0.08602150537634408,0.0,0.0,0.16666666666666666,0.13333333333333333,0.0,0.0,1.0,0.0,0.0,2202
0.9166666666666666,0.8121827411167513,0.65625,-0.07312821817005527,-0.20751173708920187,-0.01075268817204301,0.0,0.0,0.3333333333333333,-0.6,0.0,0.0,1.0,0.0,0.0,1136
0.5833333333333334,-0.04568527918781728,1.125,1.3208447570935795,-0.8065727699530516,-0.01075268817204301,0.0,0.0,-0.16666666666666666,-0.9333333333333333,0.0,1.0,0.0,0.0,0.0,131
0.08333333333333333,0.33502538071065996,0.125,0.682712243030312,-0.5380281690140845,1.075268817204301,0.0,0.0,-0.3333333333333333,-0.8666666666666667,0.0,1.0,0.0,0.0,0.0,870
-0.4166666666666667,0.07614213197969544,-0.5,-1.1921678124288753,0.29107981220657275,0.11827956989247311,0.0,0.0,-0.3333333333333333,0.4,1.0,1.0,0.0,0.0,0.0,278
0.25,1.0101522842639594,-0.40625,0.9437305196070348,0.22347417840375586,3.1612903225806455,0.0,0.0,0.16666666666666666,0.0,0.0,0.0,1.0,0.0,0.0,745
0.3333333333333333,0.010152284263959355,-0.90625,0.3951330286481768,-0.17934272300469484,2.010752688172043,0.0,0.0,-0.5,0.06666666666666667,1.0,1.0,0.0,0.0,0.0,1440
-0.16666666666666666,-1.2538071065989849,-0.4375,1.137688257706579,-0.3107981220657277,1.10752688172043,0.0,0.0,-0.6666666666666666,-0.8,1.0,0.0,0.0,1.0,0.0,103
0.5833333333333334,-0.5228426395939086,-0.375,1.2305047302068106,0.29107981220657275,0.01075268817204301,0.0,0.0,-0.5,0.26666666666666666,0.0,1.0,0.0,0.0,0.0,716
-1.0,0.3502538071065989,1.25,-1.1921678124288753,-1.4150234741784038,-0.01075268817204301,5.5,0.0,0.16666666666666666,-0.4,0.0,0.0,1.0,0.0,0.0,29
-0.8333333333333334,-0.07614213197969544,0.59375,-0.39575298507290857,-1.2460093896713615,-0.01075268817204301,0.0,0.0,-0.3333333333333333,0.8,1.0,1.0,0.0,0.0,0.0,522
0.25,-0.852791878172589,-1.09375,1.780837692256701,0.29107981220657275,0.9139784946236559,0.0,0.0,1.0,0.0,1.0,0.0,0.0,1.0,0.0,291
0.0,-0.5736040609137056,-1.25,-0.39575298507290857,0.27136150234741785,1.8709677419354838,0.0,0.0,-0.6666666666666666,0.13333333333333333,1.0,0.0,0.0,1.0,0.0,263
0.08333333333333333,0.7664974619289341,-0.71875,0.3336351996355,-0.39061032863849765,3.021505376344086,0.0,0.0,0.0,-0.7333333333333333,0.0,0.0,1.0,0.0,0.0,1058
-0.5,-0.30456852791878175,0.6875,-0.7926654504863353,-0.6244131455399061,-0.01075268817204301,0.0,0.0,0.6666666666666666,0.26666666666666666,1.0,0.0,0.0,0.0,0.0,219
0.25,0.15736040609137064,0.34375,0.0,-0.6901408450704225,1.6559139784946235,0.0,0.0,0.6666666666666666,0.4666666666666667,0.0,0.0,0.0,0.0,0.0,1010
0.5833333333333334,0.4619289340101524,-0.71875,0.0,0.29107981220657275,0.5376344086021505,0.0,0.0,-0.16666666666666666,0.2,1.0,1.0,0.0,0.0,0.0,2140
-0.5833333333333334,0.5634517766497463,0.9375,1.1844188200176686,0.2591549295774648,-0.01075268817204301,0.0,0.0,0.3333333333333333,0.8666666666666667,0.0,0.0,1.0,0.0,0.0,109
0.6666666666666666,-1.1472081218274113,-0.6875,1.2759719533904954,0.29107981220657275,-0.01075268817204301,0.0,0.0,-0.6666666666666666,-0.7333333333333333,0.0,0.0,0.0,1.0,0.0,206
0.16666666666666666,-0.3553299492385787,-0.4375,-0.5816560227957038,-1.1474178403755868,0.5483870967741935,0.0,0.0,-0.8333333333333334,0.0,0.0,0.0,0.0,1.0,0.0,276
-0.5833333333333334,-0.21827411167512695,0.1875,-0.5816560227957038,0.19342723004694837,-0.01075268817204301,0.0,0.0,-0.16666666666666666,-0.8,0.0,1.0,0.0,0.0,0.0,186
-0.16666666666666666,0.1624365482233502,-0.3125,0.455183241303237,-0.5098591549295775,2.4193548387096775,0.0,0.0,-0.3333333333333333,0.6666666666666666,0.0,1.0,0.0,0.0,0.0,745
0.8333333333333334,-0.39593908629441626,0.75,0.6275737112096174,-1.3126760563380282,-0.01075268817204301,0.0,0.0,-0.6666666666666666,0.4666666666666667,0.0,0.0,0.0,1.0,0.0,291
0.25,1.0913705583756346,-0.5,0.0,0.29107981220657275,2.5698924731182795,0.0,0.0,0.3333333333333333,-0.3333333333333333,1.0,0.0,1.0,0.0,0.0,694
-0.5,0.16751269035532998,0.53125,-0.22768379202711048,-0.39906103286384975,-0.01075268817204301,0.0,0.0,-0.3333333333333333,-0.8666666666666667,0.0,1.0,0.0,0.0,0.0,388
-0.8333333333333334,-0.83248730964467,0.0,-2.15665183283064,0.27699530516431925,-0.01075268817204301,0.0,0.0,-0.6666666666666666,0.4,0.0,0.0,0.0,1.0,0.0,116
0.3333333333333333,0.24365482233502542,-0.4375,1.4948257357364156,0.22629107981220659,1.3870967741935483,0.0,0.0,-0.5,0.8,0.0,1.0,0.0,0.0,0.0,943
-0.08333333333333333,-0.12690355329949238,-0.34375,0.682712243030312,0.2403755868544601,2.10752688172043,0.0,0.0,0.6666666666666666,0.8666666666666667,0.0,0.0,0.0,0.0,0.0,796
-1.0,-0.5786802030456853,0.53125,-0.07312821817005527,-0.676056338028169,-0.01075268817204301,0.0,0.0,-0.5,-0.4,1.0,1.0,0.0,0.0,0.0,328
0.6666666666666666,-0.11167512690355327,0.53125,-0.22768379202711048,-1.2582159624413145,-0.01075268817204301,0.0,0.0,0.8333333333333334,-0.4,1.0,0.0,0.0,0.0,0.0,877
0.8333333333333334,-1.4263959390862946,-0.6875,0.6275737112096174,0.29107981220657275,-0.01075268817204301,0.0,0.5,-0.8333333333333334,0.6,0.0,0.0,0.0,1.0,0.0,113
-0.3333333333333333,-1.2131979695431472,-0.09375,-0.3098055405697065,-0.24225352112676057,0.0,0.0,0.0,1.0,-0.13333333333333333,0.0,0.0,0.0,1.0,0.0,621
-0.08333333333333333,-1.1878172588832487,-0.78125,1.0421797791354965,0.1624413145539906,1.8387096774193548,0.0,0.0,-0.6666666666666666,-0.6666666666666666,0.0,0.0,0.0,1.0,0.0,175
0.4166666666666667,0.5126903553299493,-0.875,1.3208447570935795,0.24225352112676057,1.7956989247311825,0.0,0.0,-0.16666666666666666,-0.7333333333333333,1.0,1.0,0.0,0.0,0.0,2014
0.3333333333333333,0.12690355329949238,-0.625,0.2705797236685667,-0.6629107981220658,0.9999999999999999,0.0,0.0,0.8333333333333334,-0.4,1.0,0.0,0.0,0.0,0.0,1263
0.6666666666666666,-0.6294416243654822,-0.78125,-0.07312821817005527,0.0892018779342723,-0.01075268817204301,0.0,0.0,-0.6666666666666666,0.5333333333333333,1.0,0.0,0.0,1.0,0.0,233
-0.25,-0.5939086294416244,-0.625,-0.4861165064064858,-0.3568075117370892,0.3225806451612903,0.0,0.0,0.8333333333333334,0.8666666666666667,0.0,0.0,0.0,0.0,0.0,825
-0.08333333333333333,-0.2741116751269036,-1.125,0.3951330286481768,0.04507042253521127,2.3010752688172045,0.0,0.0,-0.5,-0.8666666666666667,1.0,1.0,0.0,0.0,0.0,431
0.4166666666666667,-0.6091370558375635,-1.03125,0.2705797236685667,0.09201877934272301,0.7634408602150536,0.0,0.0,-0.6666666666666666,-0.5333333333333333,0.0,0.0,0.0,1.0,0.0,337
0.16666666666666666,1.0659898477157361,-0.4375,0.682712243030312,0.29107981220657275,2.537634408602151,0.0,0.0,0.3333333333333333,-0.3333333333333333,1.0,0.0,1.0,0.0,0.0,733
0.6666666666666666,-1.1573604060913707,-0.25,1.2759719533904954,0.29107981220657275,-0.01075268817204301,0.0,0.0,1.0,-0.3333333333333333,0.0,0.0,0.0,1.0,0.0,254
0.8333333333333334,-0.15228426395939088,0.46875,0.5713209318579696,0.29107981220657275,-0.01075268817204301,0.0,0.0,0.6666666666666666,0.6666666666666666,0.0,0.0,0.0,0.0,0.0,680
0.9166666666666666,-0.40609137055837563,0.71875,0.7368002283746548,-1.344600938967136,-0.01075268817204301,0.0,0.0,-0.6666666666666666,0.4666666666666667,0.0,0.0,0.0,1.0,0.0,243
-0.25,0.38578680203045695,0.5,0.3336351996355,-1.0018779342723005,0.4516129032258064,0.0,0.0,0.0,0.26666666666666666,0.0,0.0,1.0,0.0,0.0,1401
0.08333333333333333,-0.6142131979695431,-0.71875,-0.5816560227957038,-0.27793427230046946,0.5268817204301075,0.0,0.0,-0.8333333333333334,-0.6,1.0,0.0,0.0,1.0,0.0,265
-1.0,0.10152284263959391,0.875,-0.4861165064064858,0.29107981220657275,-0.01075268817204301,0.0,0.0,-0.16666666666666666,-0.6,0.0,1.0,0.0,0.0,0.0,778
0.5,0.5025380710659898,0.3125,-0.7926654504863353,0.29107981220657275,0.3763440860215053,0.0,0.0,0.3333333333333333,0.6666666666666666,1.0,0.0,1.0,0.0,0.0,1479
-0.16666666666666666,-0.5736040609137056,0.8125,-0.5816560227957038,-1.3793427230046948,0.978494623655914,0.0,3.7,-0.6666666666666666,0.4666666666666667,0.0,0.0,0.0,1.0,0.0,184
-0.6666666666666666,0.2741116751269035,0.96875,-0.5816560227957038,-0.4356807511737089,-0.01075268817204301,0.0,0.0,0.5,0.4,1.0,0.0,0.0,0.0,0.0,96
-0.16666666666666666,0.4974619289340102,-0.25,-0.3098055405697065,0.17934272300469484,2.6344086021505375,0.0,0.0,-0.16666666666666666,0.8,0.0,1.0,0.0,0.0,0.0,828
0.75,-0.6751269035532995,-0.78125,-0.3098055405697065,0.24507042253521127,-0.01075268817204301,0.0,0.0,-0.6666666666666666,0.13333333333333333,1.0,0.0,0.0,1.0,0.0,226
-0.6666666666666666,-0.7817258883248731,-0.71875,0.8933144384752442,0.29107981220657275,-0.01075268817204301,0.0,0.0,-0.6666666666666666,-0.06666666666666667,0.0,0.0,0.0,1.0,-1.0,58
0.08333333333333333,-1.1065989847715736,-0.71875,1.365145862684823,-0.12112676056338029,2.3763440860215055,0.0,0.0,-0.6666666666666666,-0.8,1.0,0.0,0.0,1.0,0.0,152
0.9166666666666666,0.40101522842639586,0.34375,0.7368002283746548,-0.6741784037558686,-0.01075268817204301,0.0,0.0,0.0,-0.8,0.0,0.0,1.0,0.0,0.0,1354
0.75,0.5228426395939086,-0.28125,0.3336351996355,0.29107981220657275,-0.01075268817204301,0.0,0.0,0.0,0.13333333333333333,0.0,0.0,1.0,0.0,0.0,1702
0.4166666666666667,0.9746192893401017,-0.75,0.6275737112096174,0.28544600938967135,1.258064516129032,0.0,0.0,0.3333333333333333,0.2,1.0,0.0,1.0,0.0,0.0,1721
0.9166666666666666,-0.25888324873096447,0.25,-0.5816560227957038,-0.4450704225352113,-0.01075268817204301,0.0,0.0,0.8333333333333334,-0.13333333333333333,0.0,0.0,0.0,0.0,0.0,757
0.8333333333333334,0.42131979695431476,0.46875,-0.39575298507290857,0.2460093896713615,-0.01075268817204301,0.0,0.0,0.0,-0.13333333333333333,0.0,0.0,1.0,0.0,0.0,1737
0.5833333333333334,0.7969543147208121,0.15625,0.13927936789351517,0.29107981220657275,0.3225806451612903,0.0,0.0,0.3333333333333333,0.3333333333333333,0.0,0.0,1.0,0.0,0.0,2364
-0.3333333333333333,0.24365482233502542,-0.1875,0.3336351996355,-0.30422535211267604,0.7419354838709676,0.0,0.0,-0.16666666666666666,0.7333333333333333,1.0,1.0,0.0,0.0,0.0,608
0.5833333333333334,0.4720812182741117,0.21875,0.5138834935935143,-0.23098591549295774,0.47311827956989244,0.0,0.0,0.0,-0.2,0.0,0.0,1.0,0.0,0.0,2404
-0.3333333333333333,-0.6954314720812182,1.03125,-0.22768379202711048,-1.231924882629108,-0.01075268817204301,0.0,4.1,1.0,-0.4,1.0,0.0,0.0,1.0,0.0,35
-0.75,-0.6700507614213198,1.0625,0.3336351996355,-1.4253521126760564,-0.01075268817204301,1.0,1.2,1.0,1.0,1.0,0.0,0.0,1.0,-1.0,65
0.8333333333333334,-0.3401015228426396,0.03125,0.455183241303237,0.23098591549295774,-0.01075268817204301,0.0,0.0,0.6666666666666666,1.0,0.0,0.0,0.0,0.0,0.0,1088
0.5833333333333334,0.3451776649746193,0.75,-0.39575298507290857,0.29107981220657275,0.01075268817204301,0.0,0.0,0.5,0.3333333333333333,0.0,0.0,0.0,0.0,0.0,1720
0.08333333333333333,-0.27918781725888325,-0.09375,0.2058418822217645,-1.1784037558685445,0.6021505376344085,0.0,0.0,-0.8333333333333334,0.06666666666666667,0.0,0.0,0.0,1.0,0.0,273
-0.25,0.8172588832487311,0.0,-0.4861165064064858,-0.6694835680751173,1.8279569892473118,0.0,0.0,0.16666666666666666,0.3333333333333333,1.0,0.0,1.0,0.0,0.0,729
0.08333333333333333,0.6903553299492386,0.5625,1.2305047302068106,0.2647887323943662,0.2903225806451613,0.0,0.0,0.3333333333333333,0.8666666666666667,0.0,0.0,1.0,0.0,0.0,540
-0.6666666666666666,0.7766497461928935,0.03125,-0.4861165064064858,0.29107981220657275,-0.01075268817204301,0.0,0.0,0.16666666666666666,1.0,0.0,0.0,1.0,0.0,0.0,244
-0.8333333333333334,-0.5786802030456853,-0.03125,-0.91150831659757,0.29107981220657275,-0.01075268817204301,0.0,0.0,0.6666666666666666,0.9333333333333333,0.0,0.0,0.0,0.0,0.0,283
-0.16666666666666666,0.9492385786802032,-0.21875,-0.5816560227957038,0.17934272300469484,2.4516129032258065,0.0,0.0,0.16666666666666666,0.4,1.0,0.0,1.0,0.0,0.0,522
0.4166666666666667,0.4974619289340102,-0.65625,0.13927936789351517,0.2535211267605634,1.010752688172043,0.0,0.0,0.6666666666666666,-0.8666666666666667,0.0,0.0,0.0,0.0,-1.0,2400
0.25,1.0456852791878173,-0.375,0.5713209318579696,-0.5446009389671361,3.086021505376344,0.0,0.0,0.16666666666666666,0.26666666666666666,0.0,0.0,1.0,0.0,0.0,794
-0.8333333333333334,-0.41116751269035534,1.1875,0.0,-1.503286384976526,-0.01075268817204301,0.0,0.0,-0.5,0.6666666666666666,0.0,1.0,0.0,0.0,0.0,93
-0.5,-0.9441624365482234,-0.09375,-0.14891824053188613,-0.32300469483568073,-0.01075268817204301,0.0,0.0,-0.8333333333333334,-0.7333333333333333,0.0,0.0,0.0,1.0,0.0,123
0.4166666666666667,0.5380710659898478,-0.5,0.455183241303237,0.27230046948356806,2.032258064516129,0.0,0.0,-0.16666666666666666,0.9333333333333333,0.0,1.0,0.0,0.0,0.0,2166
0.3333333333333333,1.2335025380710658,-0.8125,0.6275737112096174,0.2244131455399061,2.6344086021505375,0.0,0.0,0.16666666666666666,0.4,1.0,0.0,1.0,0.0,0.0,771
0.75,0.4365482233502539,-0.25,0.13927936789351517,0.29107981220657275,-0.01075268817204301,0.0,0.0,0.5,-0.5333333333333333,1.0,0.0,0.0,0.0,0.0,1878
-0.8333333333333334,0.46700507614213194,0.9375,-0.91150831659757,-0.4723004694835681,-0.01075268817204301,0.0,0.0,0.16666666666666666,-1.0,1.0,0.0,1.0,0.0,0.0,586
0.75,0.9035532994923858,0.0625,-1.1921678124288753,0.29107981220657275,-0.01075268817204301,0.0,0.0,0.3333333333333333,-0.13333333333333333,0.0,0.0,1.0,0.0,0.0,1684
-0.4166666666666667,-0.6598984771573604,0.21875,-0.5816560227957038,0.29107981220657275,0.0,0.0,0.0,-0.5,0.06666666666666667,1.0,1.0,0.0,0.0,0.0,193
0.08333333333333333,1.0609137055837563,-0.5,0.8420508501474621,0.26291079812206575,2.4946236559139785,0.0,0.0,0.16666666666666666,0.8666666666666667,1.0,0.0,1.0,0.0,0.0,622
-1.0,0.13197969543147217,0.71875,0.2705797236685667,-1.0187793427230047,-0.01075268817204301,0.0,0.0,-0.3333333333333333,-0.9333333333333333,0.0,1.0,0.0,0.0,0.0,468
0.75,-0.8730964467005076,-0.3125,-2.15665183283064,0.29107981220657275,-0.01075268817204301,0.0,0.0,1.0,-0.7333333333333333,0.0,0.0,0.0,1.0,0.0,415
0.75,-1.0101522842639594,-0.71875,-0.22768379202711048,0.29107981220657275,-0.01075268817204301,0.0,0.0,1.0,0.7333333333333333,0.0,0.0,0.0,1.0,0.0,242
0.16666666666666666,1.0203045685279188,-0.21875,1.137688257706579,0.28450704225352114,1.225806451612903,0.0,0.0,0.3333333333333333,-0.5333333333333333,0.0,0.0,1.0,0.0,0.0,670
-0.75,-1.0,-0.53125,-0.4861165064064858,0.29107981220657275,-0.01075268817204301,0.0,0.0,1.0,-1.0,0.0,0.0,0.0,1.0,0.0,107
0.5,0.4974619289340102,-0.78125,0.682712243030312,0.07699530516431925,1.118279569892473,0.0,0.0,-0.16666666666666666,0.6,0.0,1.0,0.0,0.0,0.0,2916
0.5833333333333334,1.015228426395939,-0.09375,0.7368002283746548,0.1699530516431925,0.3655913978494623,0.0,0.0,0.3333333333333333,-0.8666666666666667,0.0,0.0,1.0,0.0,0.0,1558
-0.08333333333333333,-0.8984771573604061,-0.1875,-0.3098055405697065,0.07699530516431925,0.41935483870967744,0.0,1.9,1.0,0.26666666666666666,0.0,0.0,0.0,1.0,0.0,204
-0.5833333333333334,-1.0101522842639594,-0.625,0.0,0.29107981220657275,-0.01075268817204301,0.0,0.0,1.0,-1.0,0.0,0.0,0.0,1.0,0.0,100
0.16666666666666666,0.8121827411167513,0.15625,0.7368002283746548,0.23568075117370893,1.9139784946236558,0.0,0.0,0.16666666666666666,-0.2,0.0,0.0,1.0,0.0,0.0,999
-0.4166666666666667,-0.6497461928934011,-0.40625,-0.5816560227957038,-0.3126760563380282,-0.01075268817204301,0.0,0.0,-0.8333333333333334,-0.5333333333333333,0.0,0.0,0.0,1.0,0.0,374
-0.75,-0.3553299492385787,0.96875,-0.4861165064064858,-1.3276995305164319,-0.01075268817204301,0.3,0.0,-0.5,0.2,0.0,1.0,0.0,0.0,0.0,12
-0.6666666666666666,0.23350253807106608,0.59375,0.2058418822217645,-1.060093896713615,-0.01075268817204301,0.0,0.0,0.0,-1.0,0.0,0.0,1.0,0.0,0.0,265
-0.4166666666666667,-0.9086294416243654,0.71875,-0.07312821817005527,-1.2009389671361503,-0.01075268817204301,0.0,0.0,-0.8333333333333334,-0.13333333333333333,1.0,0.0,0.0,1.0,0.0,59
0.8333333333333334,-0.2741116751269036,0.59375,-0.5816560227957038,-1.1248826291079812,-0.01075268817204301,0.0,0.0,-0.5,0.13333333333333333,1.0,1.0,0.0,0.0,0.0,70
-0.8333333333333334,-0.8984771573604061,-0.6875,1.0902852095090052,0.29107981220657275,-0.01075268817204301,0.0,0.0,1.0,-0.3333333333333333,0.0,0.0,0.0,1.0,0.0,67
-0.16666666666666666,0.25380710659898476,-0.59375,1.0421797791354965,0.29107981220657275,2.1612903225806455,0.0,0.0,0.5,0.5333333333333333,0.0,0.0,0.0,0.0,-1.0,426
-0.8333333333333334,-0.15228426395939088,0.0,-1.3691539278131721,0.13802816901408452,-0.01075268817204301,0.0,0.0,0.6666666666666666,0.4,0.0,0.0,0.0,0.0,0.0,253
-0.3333333333333333,-0.6294416243654822,0.90625,-0.22768379202711048,-1.4018779342723005,-0.01075268817204301,0.0,0.0,-0.8333333333333334,0.13333333333333333,0.0,0.0,0.0,1.0,0.0,537
0.16666666666666666,0.3807106598984772,-0.90625,0.7898955205469734,-0.46854460093896716,2.946236559139785,0.0,0.0,-0.5,0.9333333333333333,0.0,1.0,0.0,0.0,0.0,965
0.25,0.21827411167512695,0.625,0.0707286024015658,0.29107981220657275,1.204301075268817,0.0,0.0,-0.16666666666666666,-0.6666666666666666,1.0,1.0,0.0,0.0,0.0,770
-0.25,-0.17258883248730966,0.625,-2.15665183283064,-1.2582159624413145,0.47311827956989244,0.0,0.0,0.8333333333333334,-0.4,1.0,0.0,0.0,0.0,0.0,628
0.75,-0.43147208121827413,0.5,0.455183241303237,-0.48544600938967136,-0.01075268817204301,0.0,0.0,-0.5,-0.4,1.0,1.0,0.0,0.0,0.0,470
0.08333333333333333,0.3807106598984772,-0.65625,-0.39575298507290857,-0.49389671361502346,3.2043010752688175,0.0,0.0,-0.3333333333333333,0.7333333333333333,0.0,1.0,0.0,0.0,0.0,1133
-0.8333333333333334,0.299492385786802,0.875,-2.15665183283064,-0.14741784037558686,-0.01075268817204301,0.0,0.0,0.5,0.4,1.0,0.0,0.0,0.0,0.0,655
0.08333333333333333,-0.21319796954314718,1.1875,0.5138834935935143,-1.1934272300469484,0.41935483870967744,2.5,0.0,-0.3333333333333333,0.4666666666666667,0.0,1.0,0.0,0.0,0.0,11
0.5833333333333334,-0.23857868020304565,-0.25,0.9933397872392326,-0.4535211267605634,0.04301075268817204,0.0,0.0,-0.5,0.06666666666666667,1.0,1.0,0.0,0.0,0.0,718
0.9166666666666666,0.3705583756345178,-0.1875,0.13927936789351517,0.29107981220657275,-0.01075268817204301,0.0,0.0,0.5,-0.4,0.0,0.0,0.0,0.0,0.0,1223
-0.5,0.7411167512690356,0.5625,0.2058418822217645,-0.5615023474178403,0.0,0.0,0.0,0.16666666666666666,0.6,0.0,0.0,1.0,0.0,0.0,657
0.75,-1.1827411167512691,-0.5,1.3208447570935795,0.2431924882629108,-0.01075268817204301,0.0,0.0,-0.6666666666666666,-0.7333333333333333,0.0,0.0,0.0,1.0,0.0,177
-0.5833333333333334,-1.0812182741116751,-0.5625,0.7898955205469734,0.29107981220657275,-0.01075268817204301,0.0,0.0,-0.6666666666666666,-0.3333333333333333,1.0,0.0,0.0,1.0,0.0,19
0.6666666666666666,-0.25380710659898476,-0.34375,-0.39575298507290857,0.26948356807511736,-0.01075268817204301,0.0,0.0,-0.5,-0.6,0.0,1.0,0.0,0.0,0.0,587
0.75,-0.39086294416243655,0.09375,0.455183241303237,-0.9765258215962441,-0.01075268817204301,0.0,0.0,-0.5,0.4666666666666667,0.0,1.0,0.0,0.0,0.0,676
-0.5833333333333334,-0.2893401015228427,0.875,-0.4861165064064858,-0.13896713615023473,-0.01075268817204301,0.0,0.0,0.6666666666666666,0.6,0.0,0.0,0.0,0.0,0.0,193
0.3333333333333333,-1.2538071065989849,-0.84375,1.6608858990800979,0.29107981220657275,0.8172043010752688,0.0,0.7,-0.8333333333333334,0.5333333333333333,0.0,0.0,0.0,1.0,0.0,124
0.3333333333333333,0.10152284263959391,-0.15625,0.13927936789351517,0.29107981220657275,0.7419354838709676,0.0,0.0,-0.3333333333333333,0.5333333333333333,0.0,1.0,0.0,0.0,0.0,1118
0.6666666666666666,0.19289340101522848,-0.125,0.2705797236685667,0.29107981220657275,0.0,0.0,0.0,-0.16666666666666666,-0.4666666666666667,0.0,1.0,0.0,0.0,0.0,1979
0.08333333333333333,0.9898477157360407,-0.09375,0.13927936789351517,-0.21784037558685446,1.3118279569892473,0.0,0.0,0.3333333333333333,-0.2,0.0,0.0,1.0,0.0,0.0,698
-1.0,-0.2893401015228427,0.0,-1.1921678124288753,-0.8431924882629108,-0.01075268817204301,0.0,0.0,0.8333333333333334,0.0,0.0,0.0,0.0,0.0,0.0,683
-0.16666666666666666,-0.4416243654822335,-0.09375,-0.14891824053188613,0.21690140845070421,0.8279569892473118,0.0,0.0,-0.5,-0.4666666666666667,0.0,1.0,0.0,0.0,0.0,361
-0.4166666666666667,-0.8934010152284265,-0.6875,1.137688257706579,0.27230046948356806,-0.01075268817204301,0.0,0.0,-0.6666666666666666,0.3333333333333333,0.0,0.0,0.0,1.0,0.0,385
-0.16666666666666666,0.09137055837563456,-0.21875,-0.39575298507290857,-0.7004694835680751,2.10752688172043,0.0,0.0,-0.3333333333333333,0.7333333333333333,0.0,1.0,0.0,0.0,0.0,789
-0.25,-1.1116751269035532,-0.90625,0.455183241303237,0.24131455399061033,0.5161290322580645,0.0,0.0,-0.6666666666666666,-0.26666666666666666,0.0,0.0,0.0,1.0,0.0,262
-0.9166666666666666,0.6294416243654822,0.8125,-0.14891824053188613,-0.1596244131455399,-0.01075268817204301,0.0,0.0,0.16666666666666666,0.0,0.0,0.0,1.0,0.0,0.0,498
-0.75,-0.40609137055837563,0.8125,-0.4861165064064858,-1.412206572769953,-0.01075268817204301,0.0,0.0,-0.5,0.6,1.0,1.0,0.0,0.0,0.0,139
0.75,0.8223350253807107,0.53125,0.455183241303237,-0.3267605633802817,-0.01075268817204301,0.0,0.0,0.16666666666666666,0.6,0.0,0.0,1.0,0.0,0.0,1811
-0.08333333333333333,-0.0812182741116751,-0.40625,0.3951330286481768,-0.844131455399061,1.3010752688172043,0.0,0.0,0.8333333333333334,0.0,0.0,0.0,0.0,0.0,0.0,834
-1.0,0.005076142131979678,0.6875,0.455183241303237,-0.7774647887323943,-0.01075268817204301,0.0,0.0,-0.5,-0.13333333333333333,0.0,1.0,0.0,0.0,0.0,412
0.5,0.6345177664974619,-0.6875,-1.1921678124288753,0.29107981220657275,0.2043010752688172,0.0,0.0,0.5,-0.4666666666666667,1.0,0.0,0.0,0.0,0.0,2368
-0.75,0.4619289340101524,1.0,-0.7926654504863353,-1.044131455399061,-0.01075268817204301,0.2,0.0,0.5,0.0,1.0,0.0,0.0,0.0,0.0,258
0.9166666666666666,-0.015228426395939123,0.34375,0.2058418822217645,0.29107981220657275,-0.01075268817204301,0.0,0.0,-0.16666666666666666,0.13333333333333333,0.0,1.0,0.0,0.0,0.0,864
0.16666666666666666,0.6751269035532995,-0.40625,0.0707286024015658,-0.8732394366197183,2.150537634408602,0.0,0.0,0.0,0.06666666666666667,1.0,0.0,1.0,0.0,0.0,1709
-0.25,0.6091370558375635,-0.53125,0.682712243030312,0.28169014084507044,1.8172043010752688,0.0,0.0,0.3333333333333333,0.06666666666666667,0.0,0.0,1.0,0.0,0.0,1069
-0.5833333333333334,-1.0812182741116751,0.25,0.5138834935935143,0.044131455399061034,-0.01075268817204301,0.0,1.6,-0.6666666666666666,-1.0,0.0,0.0,0.0,1.0,0.0,51
-0.5,0.19289340101522848,0.15625,-0.07312821817005527,-0.3727699530516432,0.021505376344086016,0.0,0.0,-0.16666666666666666,0.7333333333333333,1.0,1.0,0.0,0.0,0.0,234
-0.08333333333333333,0.7360406091370558,0.0,1.0421797791354965,0.12863849765258217,2.903225806451613,0.0,0.0,0.3333333333333333,0.6,1.0,0.0,1.0,0.0,0.0,916
0.8333333333333334,-0.5685279187817259,1.21875,0.2705797236685667,-0.4535211267605634,-0.01075268817204301,0.0,0.0,-0.6666666666666666,0.8,0.0,0.0,0.0,1.0,0.0,13
0.4166666666666667,-0.5431472081218274,-0.34375,0.3951330286481768,-0.7812206572769953,0.13978494623655913,0.0,0.0,-0.8333333333333334,0.13333333333333333,0.0,0.0,0.0,1.0,0.0,416
0.0,-0.28426395939086296,-1.34375,0.13927936789351517,-0.0018779342723004694,1.9354838709677418,0.0,0.0,0.8333333333333334,0.8,0.0,0.0,0.0,0.0,0.0,635
0.3333333333333333,-0.41116751269035534,0.4375,1.137688257706579,-1.0028169014084507,0.2043010752688172,0.0,0.5,1.0,-0.4,1.0,0.0,0.0,1.0,0.0,214
0.5,-0.3807106598984772,0.84375,0.2705797236685667,-1.27981220657277,-0.01075268817204301,0.0,0.0,1.0,-0.8666666666666667,1.0,0.0,0.0,1.0,0.0,443
0.5833333333333334,-1.1065989847715736,-0.875,1.4088965798741255,0.29107981220657275,-0.01075268817204301,0.0,0.0,-0.6666666666666666,-0.7333333333333333,0.0,0.0,0.0,1.0,0.0,246
-1.0,0.5380710659898478,-0.375,0.3336351996355,0.29107981220657275,-0.01075268817204301,0.0,0.0,0.3333333333333333,0.06666666666666667,0.0,0.0,1.0,0.0,0.0,1109
0.5833333333333334,0.050761421319796954,-0.8125,0.9437305196070348,-0.12394366197183099,0.25806451612903225,0.0,0.0,-0.3333333333333333,0.06666666666666667,0.0,1.0,0.0,0.0,0.0,1356
0.6666666666666666,0.3299492385786802,0.375,0.5713209318579696,-1.0863849765258216,-0.01075268817204301,0.0,0.0,-0.3333333333333333,0.9333333333333333,0.0,1.0,0.0,0.0,0.0,1703
-1.0,0.5888324873096448,0.6875,-0.91150831659757,0.18873239436619718,-0.01075268817204301,0.0,0.0,0.3333333333333333,0.4,0.0,0.0,1.0,0.0,0.0,1025
-1.0,0.38578680203045695,0.375,-0.91150831659757,-0.5671361502347417,-0.01075268817204301,0.0,0.0,0.0,-0.13333333333333333,0.0,0.0,1.0,0.0,0.0,1047
0.5833333333333334,0.2741116751269035,0.65625,0.455183241303237,0.29107981220657275,-0.01075268817204301,0.0,0.0,0.5,0.26666666666666666,0.0,0.0,0.0,0.0,0.0,1272
-0.5833333333333334,-0.868020304568528,0.59375,-2.15665183283064,0.2291079812206573,-0.01075268817204301,0.0,0.4,1.0,-0.6666666666666666,0.0,0.0,0.0,1.0,0.0,87
0.08333333333333333,0.9593908629441624,-0.75,0.7368002283746548,0.19061032863849764,3.3225806451612905,0.0,0.0,0.3333333333333333,0.2,1.0,0.0,1.0,0.0,0.0,943
0.8333333333333334,0.6700507614213198,0.78125,-0.14891824053188613,0.03286384976525822,-0.01075268817204301,0.0,0.0,0.16666666666666666,-0.2,0.0,0.0,1.0,0.0,0.0,1879
-1.0,-1.4263959390862946,-0.71875,1.3208447570935795,0.29107981220657275,-0.01075268817204301,0.0,0.9,-0.8333333333333334,0.5333333333333333,0.0,0.0,0.0,1.0,0.0,90
-0.3333333333333333,-0.9035532994923858,-0.65625,0.2705797236685667,0.24882629107981222,0.05376344086021505,0.0,0.0,-0.6666666666666666,0.3333333333333333,0.0,0.0,0.0,1.0,0.0,718
-0.5833333333333334,-0.35025380710659904,0.5,-1.1921678124288753,-0.4422535211267606,-0.01075268817204301,0.0,0.0,0.8333333333333334,-0.8,1.0,0.0,0.0,0.0,0.0,112
0.3333333333333333,-0.08629441624365479,-0.71875,0.5138834935935143,0.27136150234741785,1.236559139784946,0.0,0.0,0.6666666666666666,1.0,0.0,0.0,0.0,0.0,0.0,1185
-0.08333333333333333,-0.46700507614213194,-0.875,0.682712243030312,-0.3727699530516432,2.0,0.0,0.0,-0.6666666666666666,0.6,1.0,0.0,0.0,1.0,0.0,244
0.6666666666666666,0.284263959390863,0.84375,0.13927936789351517,0.29107981220657275,0.03225806451612903,0.0,0.0,0.0,-0.3333333333333333,0.0,0.0,1.0,0.0,0.0,1280
0.16666666666666666,1.1065989847715736,-0.5,-0.14891824053188613,0.29107981220657275,2.150537634408602,0.0,0.0,0.16666666666666666,0.9333333333333333,0.0,0.0,1.0,0.0,0.0,645
-0.25,-0.7055837563451777,0.0,-0.7926654504863353,-0.39436619718309857,0.47311827956989244,0.0,0.0,0.8333333333333334,0.9333333333333333,0.0,0.0,0.0,0.0,0.0,809
0.16666666666666666,-0.28426395939086296,-0.9375,-0.39575298507290857,0.27699530516431925,0.7956989247311828,0.0,0.0,-0.3333333333333333,-0.5333333333333333,1.0,1.0,0.0,0.0,0.0,777
-1.0,-0.5736040609137056,-0.84375,-0.6833781561418334,0.17746478873239438,-0.01075268817204301,0.0,0.0,0.8333333333333334,0.8666666666666667,0.0,0.0,0.0,0.0,0.0,517
0.5,0.5431472081218274,0.59375,-0.22768379202711048,0.29107981220657275,0.11827956989247311,0.0,0.0,0.5,-0.06666666666666667,1.0,0.0,0.0,0.0,0.0,1566
0.5,0.19289340101522848,-0.4375,-0.4861165064064858,-0.8516431924882629,0.07526881720430108,0.0,0.0,0.6666666666666666,0.4,0.0,0.0,0.0,0.0,0.0,2613
-0.25,0.11675126903553304,-0.46875,-0.4861165064064858,-0.9455399061032864,1.4623655913978495,0.0,0.0,-0.3333333333333333,0.26666666666666666,0.0,1.0,0.0,0.0,0.0,962
0.16666666666666666,-0.1421319796954315,-0.75,0.13927936789351517,0.29107981220657275,2.2688172043010755,0.0,0.0,0.6666666666666666,0.9333333333333333,0.0,0.0,0.0,0.0,0.0,903
0.16666666666666666,0.9949238578680204,-0.09375,1.4521169265310525,0.17746478873239438,2.236559139784946,0.0,0.0,0.3333333333333333,-0.8,1.0,0.0,1.0,0.0,0.0,676
-0.8333333333333334,0.5025380710659898,0.6875,-1.0429616152145371,-0.6056338028169014,-0.01075268817204301,0.0,0.0,0.3333333333333333,1.0,0.0,0.0,1.0,0.0,0.0,381
0.08333333333333333,0.2588832487309645,-0.34375,0.3951330286481768,-0.984037558685446,2.720430107526882,0.0,0.0,-0.5,0.7333333333333333,0.0,1.0,0.0,0.0,0.0,563
-0.5,-0.6446700507614213,-0.375,-0.6833781561418334,-0.39624413145539905,-0.01075268817204301,0.0,0.0,-0.8333333333333334,-0.5333333333333333,0.0,0.0,0.0,1.0,0.0,159
0.16666666666666666,-0.8629441624365483,-1.15625,0.0,0.26854460093896715,2.1612903225806455,0.0,0.0,-0.6666666666666666,-0.6,0.0,0.0,0.0,1.0,0.0,199
-0.16666666666666666,0.7614213197969544,0.25,0.0,-0.16056338028169015,1.8602150537634408,0.0,0.0,0.16666666666666666,-0.8,0.0,0.0,1.0,0.0,0.0,831
0.16666666666666666,0.9035532994923858,0.03125,0.8933144384752442,-0.19812206572769953,2.6344086021505375,0.0,0.0,0.16666666666666666,-0.8,0.0,0.0,1.0,0.0,0.0,1005
-0.16666666666666666,0.5989847715736041,0.40625,-0.7926654504863353,-0.28544600938967135,0.7419354838709676,0.0,0.0,0.0,0.8,0.0,0.0,1.0,0.0,0.0,826
-0.4166666666666667,0.5532994923857868,0.5625,-0.39575298507290857,-0.7971830985915493,0.3655913978494623,0.0,0.0,0.16666666666666666,0.06666666666666667,0.0,0.0,1.0,0.0,0.0,1356
-0.8333333333333334,0.3959390862944163,0.5625,-0.3098055405697065,0.29107981220657275,-0.01075268817204301,0.0,0.0,0.5,-0.13333333333333333,0.0,0.0,0.0,0.0,0.0,482
0.08333333333333333,0.5786802030456852,-0.15625,0.2058418822217645,-0.12769953051643193,1.8172043010752688,0.0,0.0,0.0,-0.2,0.0,0.0,1.0,0.0,0.0,1834
0.4166666666666667,0.7258883248730965,-0.5,0.2705797236685667,0.29014084507042254,1.3548387096774193,0.0,0.0,0.5,-0.26666666666666666,0.0,0.0,0.0,0.0,0.0,2129
-0.6666666666666666,-0.9390862944162437,0.40625,0.7368002283746548,-0.927699530516432,-0.01075268817204301,0.0,0.0,1.0,0.0,1.0,0.0,0.0,1.0,0.0,80
0.9166666666666666,-0.17258883248730966,-0.5,-0.3098055405697065,-0.1699530516431925,-0.01075268817204301,0.0,0.0,-0.3333333333333333,0.06666666666666667,0.0,1.0,0.0,0.0,0.0,680
0.08333333333333333,-0.39086294416243655,-0.5625,-0.7926654504863353,-0.7126760563380282,0.3655913978494623,0.0,0.0,-0.6666666666666666,0.7333333333333333,0.0,0.0,0.0,1.0,0.0,335
0.5833333333333334,0.2690355329949239,-0.15625,1.0902852095090052,0.29107981220657275,0.5161290322580645,0.0,0.0,-0.16666666666666666,0.4666666666666667,0.0,1.0,0.0,0.0,0.0,2454
-0.25,0.4416243654822335,-0.28125,0.13927936789351517,0.18685446009389672,1.8924731182795698,0.0,0.0,0.0,-0.3333333333333333,0.0,0.0,1.0,0.0,0.0,1307
0.75,-0.3756345177664975,0.40625,0.455183241303237,-0.8704225352112676,-0.01075268817204301,0.0,0.0,1.0,0.4,0.0,0.0,0.0,1.0,-1.0,309
0.75,0.5228426395939086,0.1875,0.0,-0.22065727699530516,-0.01075268817204301,0.0,0.0,0.0,0.3333333333333333,0.0,0.0,1.0,0.0,0.0,2436
-0.4166666666666667,-0.5279187817258884,1.0625,-0.22768379202711048,-1.4657276995305164,-0.01075268817204301,0.0,0.0,1.0,-0.8666666666666667,1.0,0.0,0.0,1.0,0.0,22
0.16666666666666666,-0.8883248730964467,-1.21875,0.5713209318579696,0.29107981220657275,1.1612903225806452,0.0,0.0,1.0,0.7333333333333333,0.0,0.0,0.0,1.0,0.0,231
0.16666666666666666,-0.9238578680203046,-0.9375,0.8420508501474621,0.1812206572769953,1.1935483870967742,0.0,0.0,1.0,-0.2,0.0,0.0,0.0,1.0,0.0,240
-0.5,-0.39593908629441626,1.25,-0.91150831659757,-1.511737089201878,-0.01075268817204301,0.0,0.0,-0.5,0.6666666666666666,0.0,1.0,0.0,0.0,0.0,227
-0.75,0.8934010152284265,0.40625,-1.0429616152145371,-0.22629107981220659,-0.01075268817204301,0.0,0.0,0.3333333333333333,-0.9333333333333333,0.0,0.0,1.0,0.0,0.0,295
-0.6666666666666666,-1.16751269035533,-0.25,1.4948257357364156,0.29107981220657275,-0.01075268817204301,0.0,1.0,-0.8333333333333334,0.4666666666666667,0.0,0.0,0.0,1.0,0.0,45
-0.25,-0.5076142131979695,-0.125,-0.39575298507290857,-0.3305164319248826,0.2258064516129032,0.0,0.0,0.8333333333333334,0.13333333333333333,1.0,0.0,0.0,0.0,0.0,457
0.3333333333333333,0.6649746192893402,-0.1875,0.455183241303237,-0.8272300469483568,1.3548387096774193,0.0,0.0,0.0,0.06666666666666667,1.0,0.0,1.0,0.0,0.0,2235
0.25,-0.34517766497461927,-1.03125,0.7368002283746548,-0.14460093896713616,2.086021505376344,0.0,0.0,-0.6666666666666666,0.5333333333333333,1.0,0.0,0.0,1.0,0.0,467
-1.0,0.6345177664974619,0.78125,0.2705797236685667,-0.015023474178403756,-0.01075268817204301,0.0,0.0,0.16666666666666666,-0.06666666666666667,1.0,0.0,1.0,0.0,0.0,1143
-0.08333333333333333,0.2690355329949239,1.1875,0.0,-1.0262910798122065,0.48387096774193544,0.0,0.0,0.5,0.26666666666666666,0.0,0.0,0.0,0.0,0.0,111
-0.25,0.5431472081218274,0.84375,-0.4861165064064858,-0.9934272300469483,0.5161290322580645,0.0,0.0,0.16666666666666666,-0.7333333333333333,0.0,0.0,1.0,0.0,0.0,1112
0.3333333333333333,0.7766497461928935,-0.59375,0.9437305196070348,-0.6225352112676056,2.2903225806451615,0.0,0.0,0.0,-0.7333333333333333,0.0,0.0,1.0,0.0,0.0,1434
0.6666666666666666,-0.12182741116751271,1.0625,1.365145862684823,-0.9145539906103286,-0.01075268817204301,0.5,0.0,-0.16666666666666666,-0.9333333333333333,0.0,1.0,0.0,0.0,0.0,123
0.25,0.5076142131979695,-0.65625,0.9933397872392326,0.09014084507042254,3.1182795698924735,0.0,0.0,-0.16666666666666666,0.5333333333333333,0.0,1.0,0.0,0.0,0.0,1174
0.8333333333333334,-0.0406091370558376,0.59375,0.0,-1.0976525821596244,-0.01075268817204301,0.0,0.0,-0.5,0.9333333333333333,0.0,1.0,0.0,0.0,0.0,880
-0.8333333333333334,0.27918781725888325,0.15625,0.2058418822217645,-0.672300469483568,-0.01075268817204301,0.0,0.0,-0.16666666666666666,0.7333333333333333,1.0,1.0,0.0,0.0,0.0,555
0.08333333333333333,0.7461928934010152,0.28125,0.455183241303237,-0.6422535211267606,1.9354838709677418,0.0,0.0,0.3333333333333333,0.9333333333333333,0.0,0.0,1.0,0.0,0.0,865
0.25,0.6802030456852791,-0.1875,0.3336351996355,0.29107981220657275,2.086021505376344,0.0,0.0,0.16666666666666666,-0.6666666666666666,0.0,0.0,1.0,0.0,0.0,1346
-0.5,-0.7360406091370558,0.625,-1.0429616152145371,-0.10516431924882629,-0.01075268817204301,0.0,0.0,-0.5,-0.6666666666666666,0.0,1.0,0.0,0.0,0.0,214
-0.5833333333333334,-0.44670050761421326,1.0,0.5138834935935143,-0.42065727699530514,-0.01075268817204301,0.0,0.0,-0.5,-0.7333333333333333,0.0,1.0,0.0,0.0,0.0,22
-0.3333333333333333,0.36548223350253806,0.5,-0.5816560227957038,0.29107981220657275,0.31182795698924726,0.2,0.0,0.16666666666666666,-0.4666666666666667,0.0,0.0,1.0,0.0,0.0,670
-0.16666666666666666,-0.19796954314720816,-0.4375,0.2058418822217645,0.22535211267605634,1.5913978494623655,0.0,0.0,0.6666666666666666,0.8666666666666667,0.0,0.0,0.0,0.0,0.0,771
0.3333333333333333,-0.1472081218274112,-0.96875,0.2705797236685667,0.24882629107981222,1.8709677419354838,0.0,0.0,-0.5,-0.6666666666666666,0.0,1.0,0.0,0.0,0.0,680
-0.9166666666666666,0.3299492385786802,0.0625,-0.3098055405697065,0.29014084507042254,-0.01075268817204301,0.0,0.0,0.5,0.26666666666666666,0.0,0.0,0.0,0.0,0.0,761
0.9166666666666666,0.17258883248730958,0.84375,-0.4861165064064858,0.29107981220657275,-0.01075268817204301,0.0,0.0,0.6666666666666666,-0.6666666666666666,1.0,0.0,0.0,0.0,0.0,1162
-0.6666666666666666,0.7005076142131981,0.34375,-0.6833781561418334,0.29107981220657275,-0.01075268817204301,0.0,0.0,0.3333333333333333,-0.6,0.0,0.0,1.0,0.0,0.0,201
-0.9166666666666666,-1.0862944162436547,-0.15625,1.2305047302068106,0.2544600938967136,-0.01075268817204301,0.0,0.0,-0.6666666666666666,-0.26666666666666666,0.0,0.0,0.0,1.0,0.0,69
0.08333333333333333,0.7106598984771574,-0.4375,0.3336351996355,0.29107981220657275,3.655913978494624,0.0,0.0,0.16666666666666666,-0.6,1.0,0.0,1.0,0.0,0.0,1399
-1.0,-0.7563451776649747,-0.90625,1.0902852095090052,0.28169014084507044,-0.01075268817204301,0.0,0.0,-0.6666666666666666,0.3333333333333333,0.0,0.0,0.0,1.0,0.0,171
-0.08333333333333333,0.16751269035532998,-0.59375,0.0,-0.34178403755868547,2.21505376344086,0.0,0.0,0.6666666666666666,0.3333333333333333,1.0,0.0,0.0,0.0,0.0,1055
0.75,-0.1624365482233502,-0.59375,-0.91150831659757,-0.24131455399061033,-0.01075268817204301,0.0,0.0,-0.3333333333333333,-0.4666666666666667,0.0,1.0,0.0,0.0,0.0,1232
0.4166666666666667,-0.29441624365482233,-0.34375,0.7898955205469734,-0.051643192488262914,1.118279569892473,0.0,0.0,-0.5,-0.4,1.0,1.0,0.0,0.0,0.0,829
0.5833333333333334,-0.42131979695431476,0.21875,-0.6833781561418334,-0.9380281690140845,-0.01075268817204301,0.0,0.0,1.0,0.4,0.0,0.0,0.0,1.0,-1.0,481
0.3333333333333333,0.6954314720812182,0.03125,1.2305047302068106,0.27887323943661974,1.053763440860215,0.0,0.0,0.3333333333333333,0.6,1.0,0.0,1.0,0.0,0.0,1592
0.6666666666666666,0.4771573604060913,-0.28125,-0.22768379202711048,0.29107981220657275,-0.01075268817204301,0.0,0.0,0.5,-0.3333333333333333,0.0,0.0,0.0,0.0,0.0,2072
0.75,0.3248730964467004,0.78125,-0.7926654504863353,0.29107981220657275,-0.01075268817204301,0.0,0.0,0.5,0.3333333333333333,0.0,0.0,0.0,0.0,0.0,1540
-0.6666666666666666,0.6142131979695432,0.625,-0.22768379202711048,-0.4572769953051643,-0.01075268817204301,0.0,0.0,0.16666666666666666,0.3333333333333333,1.0,0.0,1.0,0.0,0.0,347
-0.5833333333333334,0.3553299492385787,0.3125,-0.22768379202711048,-0.038497652582159626,-0.01075268817204301,0.0,0.0,0.5,-0.6,0.0,0.0,0.0,0.0,0.0,247
0.0,0.3299492385786802,0.15625,0.2058418822217645,-1.1849765258215963,2.5483870967741935,0.0,0.0,-0.16666666666666666,-0.13333333333333333,0.0,1.0,0.0,0.0,0.0,1095
0.4166666666666667,-0.12690355329949238,0.40625,0.8420508501474621,-1.007511737089202,0.11827956989247311,0.0,0.0,0.8333333333333334,0.0,0.0,0.0,0.0,0.0,0.0,1346
0.5833333333333334,0.6954314720812182,-0.28125,-0.07312821817005527,0.28544600938967135,0.6021505376344085,0.0,0.0,0.0,0.0,1.0,0.0,1.0,0.0,0.0,2475
0.4166666666666667,1.081218274111675,-0.25,0.8933144384752442,0.1652582159624413,1.4623655913978495,0.0,0.0,0.16666666666666666,0.4666666666666667,0.0,0.0,1.0,0.0,0.0,1310
0.3333333333333333,0.050761421319796954,0.75,0.2058418822217645,-0.09577464788732394,0.8279569892473118,0.0,0.0,0.6666666666666666,0.6666666666666666,0.0,0.0,0.0,0.0,0.0,900
-0.8333333333333334,-0.23857868020304565,-0.4375,-0.39575298507290857,-0.18779342723004694,-0.01075268817204301,0.0,0.0,-0.3333333333333333,-0.4,0.0,1.0,0.0,0.0,0.0,250
-0.25,0.3197969543147209,-0.25,0.2705797236685667,0.29107981220657275,1.3225806451612903,0.0,0.0,0.5,-0.3333333333333333,0.0,0.0,0.0,0.0,0.0,1234
-0.6666666666666666,0.06598984771573609,0.4375,-1.0429616152145371,-0.9295774647887324,-0.01075268817204301,0.0,0.0,-0.16666666666666666,0.6,0.0,1.0,0.0,0.0,0.0,188
-0.9166666666666666,-0.7969543147208121,-0.8125,-0.3098055405697065,0.26291079812206575,-0.01075268817204301,0.0,0.0,-0.6666666666666666,0.3333333333333333,0.0,0.0,0.0,1.0,0.0,162
0.9166666666666666,-0.6802030456852792,0.1875,-0.3098055405697065,-0.6450704225352113,-0.01075268817204301,0.0,0.0,1.0,0.8,0.0,0.0,0.0,1.0,0.0,260
0.0,0.6446700507614213,-0.8125,-0.22768379202711048,-0.49671361502347416,3.4086021505376345,0.0,0.0,-0.16666666666666666,0.6666666666666666,1.0,1.0,0.0,0.0,0.0,1285
0.5,-0.7157360406091371,0.15625,0.0707286024015658,-0.5267605633802817,-0.01075268817204301,0.0,0.0,1.0,0.8,0.0,0.0,0.0,1.0,0.0,552
0.0,0.21319796954314718,-0.75,0.455183241303237,-0.12582159624413145,2.537634408602151,0.0,0.0,0.6666666666666666,0.26666666666666666,1.0,0.0,0.0,0.0,0.0,1407
0.25,-0.6345177664974619,-1.34375,1.6200554445948598,0.29107981220657275,2.2688172043010755,0.0,0.0,-0.6666666666666666,0.06666666666666667,1.0,0.0,0.0,1.0,-1.0,273
-0.8333333333333334,-0.25888324873096447,-0.375,-0.4861165064064858,0.27887323943661974,-0.01075268817204301,0.0,0.0,-0.3333333333333333,0.06666666666666667,0.0,1.0,0.0,0.0,0.0,237
0.3333333333333333,-0.9898477157360407,-0.875,0.7898955205469734,0.27511737089201876,0.6129032258064515,0.0,0.0,1.0,-0.26666666666666666,0.0,0.0,0.0,1.0,0.0,248
0.25,-0.583756345177665,-1.15625,1.4088965798741255,0.23661971830985915,1.5913978494623655,0.0,0.0,-0.6666666666666666,-0.4,1.0,0.0,0.0,1.0,0.0,277
0.5833333333333334,0.284263959390863,0.09375,1.0902852095090052,-0.09201877934272301,0.09677419354838711,0.0,0.0,-0.3333333333333333,-0.9333333333333333,0.0,1.0,0.0,0.0,0.0,1779
0.25,0.7157360406091372,-0.25,1.2305047302068106,-0.9708920187793427,2.989247311827957,0.0,0.0,0.0,-0.6666666666666666,0.0,0.0,1.0,0.0,-1.0,1674
-0.08333333333333333,-0.6598984771573604,-0.6875,-0.07312821817005527,-0.12394366197183099,0.7956989247311828,0.0,0.0,-0.8333333333333334,-0.6,1.0,0.0,0.0,1.0,0.0,214
-0.4166666666666667,0.6700507614213198,0.3125,-0.5816560227957038,0.29107981220657275,0.12903225806451613,0.0,0.0,0.3333333333333333,-0.3333333333333333,1.0,0.0,1.0,0.0,0.0,425
0.08333333333333333,0.12182741116751271,-0.125,0.3951330286481768,0.29107981220657275,1.6451612903225805,0.0,0.0,-0.3333333333333333,0.5333333333333333,0.0,1.0,0.0,0.0,0.0,923
0.5,0.9949238578680204,0.0625,0.9437305196070348,0.03380281690140845,0.7634408602150536,0.0,0.0,0.3333333333333333,-0.2,0.0,0.0,1.0,0.0,0.0,2367
-0.5833333333333334,-0.25380710659898476,0.9375,-0.22768379202711048,-0.6046948356807512,-0.01075268817204301,0.0,0.0,0.6666666666666666,0.5333333333333333,0.0,0.0,0.0,0.0,0.0,164
-0.4166666666666667,0.23350253807106608,1.21875,-0.4861165064064858,-1.063849765258216,0.03225806451612903,0.0,0.0,0.5,0.4,1.0,0.0,0.0,0.0,0.0,363
0.08333333333333333,0.11675126903553304,-0.65625,0.0,0.18591549295774648,2.7741935483870965,0.0,0.0,0.6666666666666666,-0.26666666666666666,0.0,0.0,0.0,0.0,0.0,1110
0.3333333333333333,-0.5329949238578681,-0.90625,0.6275737112096174,0.16338028169014085,0.5376344086021505,0.0,0.0,-0.8333333333333334,-1.0,0.0,0.0,0.0,1.0,-1.0,310
0.16666666666666666,0.9441624365482234,-0.375,0.7898955205469734,0.2591549295774648,1.6129032258064515,0.0,0.0,0.3333333333333333,0.26666666666666666,0.0,0.0,1.0,0.0,0.0,816
-0.16666666666666666,-0.7766497461928935,-1.0625,-0.7926654504863353,0.29107981220657275,0.8494623655913979,0.0,0.0,-0.6666666666666666,0.13333333333333333,1.0,0.0,0.0,1.0,0.0,156
-0.16666666666666666,0.17766497461928935,-0.625,-0.07312821817005527,0.29107981220657275,0.9999999999999999,0.0,0.0,-0.16666666666666666,0.26666666666666666,1.0,1.0,0.0,0.0,0.0,899
-0.4166666666666667,-0.05583756345177664,0.78125,-0.39575298507290857,-1.292018779342723,0.09677419354838711,0.0,0.0,-0.16666666666666666,-0.3333333333333333,0.0,1.0,0.0,0.0,0.0,1156
-0.16666666666666666,0.3248730964467004,-0.9375,0.7368002283746548,0.07981220657276995,2.6129032258064515,0.0,0.0,-0.16666666666666666,0.5333333333333333,0.0,1.0,0.0,0.0,0.0,880
-0.8333333333333334,-0.07106598984771575,0.875,-0.07312821817005527,-1.2854460093896714,-0.01075268817204301,0.0,0.0,-0.16666666666666666,-0.3333333333333333,0.0,1.0,0.0,0.0,0.0,378
-0.5833333333333334,0.5228426395939086,0.90625,1.1844188200176686,-1.192488262910798,-0.01075268817204301,1.0,0.0,0.3333333333333333,0.3333333333333333,0.0,0.0,1.0,0.0,0.0,57
-0.6666666666666666,0.06598984771573609,0.875,-0.6833781561418334,-1.1380281690140845,-0.01075268817204301,0.0,0.0,-0.16666666666666666,1.0,0.0,1.0,0.0,0.0,0.0,188
-0.9166666666666666,0.8375634517766498,-0.15625,0.0,0.07887323943661972,-0.01075268817204301,0.0,0.0,0.16666666666666666,0.4666666666666667,0.0,0.0,1.0,0.0,0.0,542
-0.6666666666666666,0.4619289340101524,-0.0625,-0.07312821817005527,0.29107981220657275,-0.01075268817204301,0.0,0.0,0.3333333333333333,0.13333333333333333,1.0,0.0,1.0,0.0,0.0,316
-0.9166666666666666,-0.34517766497461927,0.84375,-0.5816560227957038,-1.2863849765258215,-0.01075268817204301,0.0,0.0,-0.5,0.2,0.0,1.0,0.0,0.0,0.0,38
0.0,0.5532994923857868,-1.03125,0.8420508501474621,0.1136150234741784,3.5161290322580645,0.0,0.0,-0.16666666666666666,0.6,0.0,1.0,0.0,0.0,0.0,1082
-0.4166666666666667,-0.39593908629441626,1.1875,1.0902852095090052,-0.5201877934272301,0.01075268817204301,0.0,0.0,-0.3333333333333333,-0.6666666666666666,0.0,1.0,0.0,0.0,0.0,591
0.5833333333333334,0.969543147208122,0.09375,1.137688257706579,0.27417840375586855,0.3870967741935484,0.0,0.0,0.3333333333333333,-0.5333333333333333,0.0,0.0,1.0,0.0,0.0,1983
-0.75,0.0406091370558376,0.125,-0.39575298507290857,-1.1408450704225352,-0.01075268817204301,0.0,0.0,-0.3333333333333333,0.9333333333333333,0.0,1.0,0.0,0.0,0.0,157
-1.0,-0.005076142131979678,0.625,0.0,-1.0826291079812207,-0.01075268817204301,0.0,0.0,-0.5,0.8666666666666667,0.0,1.0,0.0,0.0,0.0,466
-0.9166666666666666,0.6192893401015228,0.71875,-1.3691539278131721,-0.8309859154929577,-0.01075268817204301,0.0,0.0,0.16666666666666666,0.13333333333333333,0.0,0.0,1.0,0.0,0.0,741
0.3333333333333333,0.48730964467005083,-1.1875,0.9437305196070348,0.1699530516431925,2.4193548387096775,0.0,0.0,-0.3333333333333333,0.6,0.0,1.0,0.0,0.0,0.0,1447
0.25,0.9390862944162437,-0.125,0.3951330286481768,0.28356807511737087,1.6774193548387097,0.0,0.0,0.3333333333333333,0.4666666666666667,0.0,0.0,1.0,0.0,0.0,837
0.4166666666666667,-0.4771573604060914,0.09375,0.6275737112096174,-0.11737089201877934,0.09677419354838711,0.0,0.0,1.0,-0.6666666666666666,0.0,0.0,0.0,1.0,0.0,239
-0.08333333333333333,0.299492385786802,-0.8125,1.4088965798741255,0.2591549295774648,2.7311827956989245,0.0,0.0,0.5,0.5333333333333333,0.0,0.0,0.0,0.0,-1.0,588
0.6666666666666666,0.6395939086294418,-0.25,0.2705797236685667,0.2535211267605634,0.09677419354838711,0.0,0.0,0.0,0.5333333333333333,1.0,0.0,1.0,0.0,0.0,2387
0.6666666666666666,-0.7969543147208121,-0.25,1.137688257706579,-0.3427230046948357,-0.01075268817204301,0.0,0.0,-0.5,-1.0,0.0,1.0,0.0,0.0,-1.0,246
0.3333333333333333,-0.3350253807106599,-0.09375,-0.3098055405697065,-0.9370892018779343,0.3333333333333333,0.0,0.0,-0.6666666666666666,0.7333333333333333,0.0,0.0,0.0,1.0,0.0,411
-0.25,-0.015228426395939123,-1.09375,-0.3098055405697065,0.29107981220657275,0.989247311827957,0.0,0.0,-0.3333333333333333,-0.2,0.0,1.0,0.0,0.0,0.0,982
-0.5,0.3807106598984772,-0.28125,-0.7926654504863353,0.29107981220657275,0.0,0.0,0.0,0.0,0.4666666666666667,1.0,0.0,1.0,0.0,0.0,417
-0.5833333333333334,0.3451776649746193,0.84375,0.9933397872392326,-1.100469483568075,-0.01075268817204301,0.0,0.0,0.0,-0.13333333333333333,0.0,0.0,1.0,0.0,0.0,154
-0.75,0.5786802030456852,0.8125,-1.3691539278131721,0.1568075117370892,-0.01075268817204301,0.0,0.0,0.16666666666666666,-0.8,0.0,0.0,1.0,0.0,0.0,372
0.16666666666666666,0.36040609137055846,-0.84375,0.455183241303237,-0.7990610328638498,1.8064516129032255,0.0,0.0,0.6666666666666666,0.4,0.0,0.0,0.0,0.0,0.0,1122
0.9166666666666666,0.21319796954314718,-0.1875,-0.07312821817005527,0.29107981220657275,-0.01075268817204301,0.0,0.0,0.5,0.7333333333333333,0.0,0.0,0.0,0.0,0.0,1222
0.08333333333333333,0.5431472081218274,0.03125,0.0,-0.6197183098591549,1.7741935483870965,0.0,0.0,-0.16666666666666666,0.8666666666666667,0.0,1.0,0.0,0.0,0.0,1103
-1.0,0.3756345177664974,-0.125,-0.07312821817005527,0.02535211267605634,-0.01075268817204301,0.0,0.0,0.0,-0.9333333333333333,1.0,0.0,1.0,0.0,0.0,1165
-0.08333333333333333,-1.385786802030457,-1.0,1.137688257706579,0.28732394366197184,0.9677419354838709,0.0,0.6,-0.8333333333333334,0.6,0.0,0.0,0.0,1.0,0.0,122
-0.9166666666666666,-0.6548223350253808,1.21875,0.3951330286481768,-1.476056338028169,-0.01075268817204301,0.0,4.0,-0.6666666666666666,0.4666666666666667,0.0,0.0,0.0,1.0,0.0,55
-0.5,0.24365482233502542,0.4375,-0.4861165064064858,0.29107981220657275,-0.01075268817204301,0.0,0.0,0.0,-0.4,1.0,0.0,1.0,0.0,0.0,216
-0.16666666666666666,0.11167512690355327,0.03125,-0.14891824053188613,0.27230046948356806,0.7311827956989246,0.0,0.0,-0.5,-0.13333333333333333,0.0,1.0,0.0,0.0,0.0,552
0.5,0.49238578680203043,-0.65625,0.7898955205469734,0.29107981220657275,0.49462365591397844,0.0,0.0,0.5,0.4,1.0,0.0,0.0,0.0,0.0,1939
0.16666666666666666,-1.2994923857868022,-0.9375,0.6275737112096174,0.17746478873239438,1.3333333333333333,0.0,0.4,-0.8333333333333334,0.6666666666666666,0.0,0.0,0.0,1.0,0.0,116
-0.5833333333333334,0.30456852791878175,0.53125,0.2058418822217645,-0.25258215962441316,-0.01075268817204301,0.0,0.0,0.5,0.26666666666666666,0.0,0.0,0.0,0.0,0.0,137
-0.9166666666666666,0.6649746192893402,0.21875,-1.3691539278131721,0.29107981220657275,-0.01075268817204301,0.0,0.0,0.3333333333333333,0.26666666666666666,0.0,0.0,1.0,0.0,0.0,527
-0.25,-1.5076142131979695,-0.75,0.8420508501474621,0.29107981220657275,0.1935483870967742,0.0,0.6,-0.8333333333333334,0.6,0.0,0.0,0.0,1.0,0.0,187
-0.08333333333333333,-0.416243654822335,-0.4375,0.2058418822217645,-0.48169014084507045,1.4731182795698923,0.0,0.0,0.8333333333333334,0.9333333333333333,0.0,0.0,0.0,0.0,0.0,642
0.4166666666666667,0.5532994923857868,0.5625,-0.7926654504863353,0.29107981220657275,0.17204301075268816,0.0,0.0,0.5,-0.06666666666666667,1.0,0.0,0.0,0.0,0.0,1474
-0.5833333333333334,-0.5329949238578681,-0.71875,-0.3098055405697065,-0.6178403755868545,-0.01075268817204301,0.0,0.0,0.8333333333333334,0.8,0.0,0.0,0.0,0.0,0.0,140
0.0,0.23857868020304565,-0.71875,-0.39575298507290857,-0.8751173708920188,2.172043010752688,0.0,0.0,0.6666666666666666,0.4,0.0,0.0,0.0,0.0,0.0,1034
0.16666666666666666,-0.39593908629441626,0.71875,1.2305047302068106,-1.260093896713615,0.12903225806451613,0.0,0.0,-0.6666666666666666,0.8,0.0,0.0,0.0,1.0,0.0,17
0.5,0.7005076142131981,-0.46875,-0.22768379202711048,0.29107981220657275,0.1935483870967742,0.0,0.0,0.0,-0.4666666666666667,1.0,0.0,1.0,0.0,0.0,1934
-0.16666666666666666,-0.5177664974619289,-0.3125,-0.6833781561418334,-0.8187793427230047,0.2258064516129032,0.0,0.0,-0.6666666666666666,0.7333333333333333,0.0,0.0,0.0,1.0,0.0,261
0.4166666666666667,0.6395939086294418,-0.375,-0.07312821817005527,0.29107981220657275,1.3440860215053763,0.0,0.0,0.0,-0.06666666666666667,0.0,0.0,1.0,0.0,0.0,2460
0.75,0.3553299492385787,1.25,-0.3098055405697065,-0.9051643192488263,-0.01075268817204301,4.0,0.0,-0.16666666666666666,0.06666666666666667,0.0,1.0,0.0,0.0,0.0,18
0.0,0.5431472081218274,-0.4375,0.455183241303237,0.10140845070422536,2.4731182795698925,0.0,0.0,0.5,0.4,1.0,0.0,0.0,0.0,0.0,1273
-0.6666666666666666,-0.6852791878172589,-0.78125,-1.0429616152145371,0.29107981220657275,-0.01075268817204301,0.0,0.0,-0.8333333333333334,0.4,0.0,0.0,0.0,1.0,0.0,31
0.16666666666666666,0.3197969543147209,-1.0625,0.682712243030312,-0.20469483568075117,3.225806451612903,0.0,0.0,-0.3333333333333333,0.06666666666666667,0.0,1.0,0.0,0.0,0.0,1037
-0.5,-0.11675126903553304,0.40625,-0.4861165064064858,0.29107981220657275,-0.01075268817204301,0.0,0.0,0.5,0.6,0.0,0.0,0.0,0.0,-1.0,132
0.16666666666666666,0.583756345177665,-1.34375,1.2759719533904954,0.15774647887323945,3.5268817204301075,0.0,0.0,-0.3333333333333333,0.3333333333333333,1.0,1.0,0.0,0.0,0.0,1511
-0.5,-0.19796954314720816,0.84375,-0.6833781561418334,-1.304225352112676,-0.01075268817204301,0.0,0.0,-0.5,0.8,0.0,1.0,0.0,0.0,0.0,258
0.25,0.7005076142131981,-0.1875,0.682712243030312,-1.0253521126760563,2.5698924731182795,0.0,0.0,0.0,0.06666666666666667,1.0,0.0,1.0,0.0,0.0,1979
0.3333333333333333,0.8629441624365483,-0.5,-0.07312821817005527,0.22535211267605634,2.086021505376344,0.0,0.0,0.5,-1.0,1.0,0.0,0.0,0.0,0.0,1678
-1.0,-0.852791878172589,-0.6875,0.2058418822217645,0.26948356807511736,-0.01075268817204301,0.0,0.0,-0.6666666666666666,0.0,0.0,0.0,0.0,1.0,-1.0,105
-0.16666666666666666,0.6243654822335026,-0.6875,0.0,0.19718309859154928,1.7741935483870965,0.0,0.0,0.0,0.4666666666666667,1.0,0.0,1.0,0.0,0.0,1064
0.08333333333333333,-0.28426395939086296,0.03125,1.4948257357364156,-1.128638497652582,2.010752688172043,0.0,0.0,-0.3333333333333333,-0.6666666666666666,0.0,1.0,0.0,0.0,0.0,683
-0.6666666666666666,-1.16751269035533,-0.53125,0.2705797236685667,0.29107981220657275,-0.01075268817204301,0.0,0.0,1.0,0.06666666666666667,1.0,0.0,0.0,1.0,0.0,41
0.5833333333333334,-0.6040609137055838,-0.125,1.365145862684823,0.29107981220657275,-0.01075268817204301,0.0,0.0,1.0,-0.4,1.0,0.0,0.0,1.0,0.0,181
0.75,-0.5279187817258884,0.03125,-1.0429616152145371,-0.707981220657277,-0.01075268817204301,0.0,0.0,-0.8333333333333334,-0.13333333333333333,1.0,0.0,0.0,1.0,0.0,213
0.3333333333333333,-0.4974619289340102,-1.34375,1.3208447570935795,0.29107981220657275,1.8279569892473118,0.0,0.0,-0.6666666666666666,0.3333333333333333,0.0,0.0,0.0,1.0,0.0,409
0.5833333333333334,0.6040609137055837,-0.75,0.7368002283746548,0.29107981220657275,0.5698924731182796,0.0,0.0,0.0,-0.9333333333333333,1.0,0.0,1.0,0.0,0.0,2337
0.3333333333333333,0.2284263959390863,-0.96875,0.3951330286481768,0.29107981220657275,1.5483870967741935,0.0,0.0,0.6666666666666666,0.06666666666666667,0.0,0.0,0.0,0.0,0.0,1409
-0.8333333333333334,0.42131979695431476,1.25,-0.14891824053188613,-1.4225352112676057,-0.01075268817204301,1.0,0.0,-0.16666666666666666,0.06666666666666667,0.0,1.0,0.0,0.0,0.0,78
-0.8333333333333334,-0.802030456852792,0.15625,-0.4861165064064858,-0.12206572769953052,-0.01075268817204301,0.0,0.0,-0.8333333333333334,-0.9333333333333333,0.0,0.0,0.0,1.0,0.0,69
-0.5833333333333334,-0.5736040609137056,1.25,0.8420508501474621,-1.2469483568075117,-0.01075268817204301,0.0,0.0,-0.5,-1.0,0.0,1.0,0.0,0.0,-1.0,11
0.75,0.45177664974619286,0.46875,0.0,0.11830985915492957,-0.01075268817204301,0.1,0.0,0.0,-0.4666666666666667,1.0,0.0,1.0,0.0,0.0,225
-0.9166666666666666,-0.6700507614213198,0.1875,-0.6833781561418334,-0.8732394366197183,-0.01075268817204301,0.0,0.0,1.0,0.8666666666666667,0.0,0.0,0.0,1.0,0.0,269
-0.25,-0.9847715736040609,-0.65625,1.8200176575062148,0.23568075117370893,0.09677419354838711,0.0,0.0,1.0,-0.3333333333333333,0.0,0.0,0.0,1.0,0.0,326
-0.25,0.7360406091370558,-0.03125,0.0,0.27417840375586855,1.6774193548387097,0.0,0.0,0.3333333333333333,0.4,0.0,0.0,1.0,0.0,0.0,1015
0.16666666666666666,-1.0609137055837563,-0.75,1.365145862684823,0.0215962441314554,2.3225806451612905,0.0,0.0,-0.6666666666666666,-0.8,1.0,0.0,0.0,1.0,0.0,177
0.8333333333333334,0.21319796954314718,0.65625,-1.1921678124288753,0.29107981220657275,-0.01075268817204301,0.0,0.0,0.6666666666666666,-0.6666666666666666,1.0,0.0,0.0,0.0,0.0,1459
0.8333333333333334,0.7208121827411167,0.15625,-0.7926654504863353,0.29107981220657275,-0.01075268817204301,0.0,0.0,0.3333333333333333,0.2,1.0,0.0,1.0,0.0,0.0,1546
-0.08333333333333333,-0.23350253807106597,1.0625,0.455183241303237,-1.1765258215962442,0.30107526881720426,1.5,0.0,-0.3333333333333333,0.4666666666666667,0.0,1.0,0.0,0.0,0.0,10
0.4166666666666667,-0.3350253807106599,-1.0,0.8420508501474621,0.09859154929577464,1.1397849462365592,0.0,0.0,-0.6666666666666666,0.6,1.0,0.0,0.0,1.0,0.0,589
0.9166666666666666,-0.7005076142131981,-0.6875,0.3951330286481768,-0.10610328638497653,-0.01075268817204301,0.0,0.0,-0.6666666666666666,-0.13333333333333333,0.0,0.0,0.0,1.0,0.0,160
-0.6666666666666666,-0.401015228426396,0.40625,-0.7926654504863353,-0.355868544600939,-0.01075268817204301,0.0,0.0,0.8333333333333334,-0.13333333333333333,0.0,0.0,0.0,0.0,0.0,164
-0.3333333333333333,0.5431472081218274,0.5,-0.39575298507290857,-0.10234741784037558,1.021505376344086,0.0,0.0,0.0,0.8,0.0,0.0,1.0,0.0,0.0,2288
-0.3333333333333333,0.27918781725888325,0.25,0.3336351996355,0.29107981220657275,0.2903225806451613,0.0,0.0,0.0,-0.4,1.0,0.0,1.0,0.0,0.0,619
0.75,0.9543147208121826,-0.21875,0.13927936789351517,0.08826291079812207,-0.01075268817204301,0.0,0.0,0.16666666666666666,0.4,1.0,0.0,1.0,0.0,0.0,1666
0.6666666666666666,-0.5888324873096447,1.03125,-0.4861165064064858,-1.504225352112676,-0.01075268817204301,0.0,0.0,1.0,0.9333333333333333,1.0,0.0,0.0,1.0,0.0,66
-0.6666666666666666,-0.6040609137055838,0.1875,-1.1921678124288753,0.29107981220657275,-0.01075268817204301,0.0,0.0,0.6666666666666666,0.9333333333333333,0.0,0.0,0.0,0.0,0.0,150
-0.5833333333333334,-0.6294416243654822,0.5625,-0.7926654504863353,-0.39436619718309857,-0.01075268817204301,0.0,0.0,0.8333333333333334,0.06666666666666667,1.0,0.0,0.0,0.0,0.0,129
-0.3333333333333333,-0.6852791878172589,0.625,0.7898955205469734,-1.315492957746479,0.05376344086021505,0.0,0.0,-0.6666666666666666,0.5333333333333333,1.0,0.0,0.0,1.0,0.0,203
0.75,0.7258883248730965,0.78125,-1.1921678124288753,-0.27511737089201876,-0.01075268817204301,0.0,0.0,0.3333333333333333,-0.4666666666666667,0.0,0.0,1.0,0.0,0.0,1654
-1.0,0.40101522842639586,1.25,-1.5998067240225886,-1.207511737089202,-0.01075268817204301,0.0,0.0,0.5,-0.8,0.0,0.0,0.0,0.0,0.0,500
-0.6666666666666666,0.0812182741116751,1.03125,-0.22768379202711048,-0.7887323943661971,-0.01075268817204301,0.0,0.0,0.6666666666666666,-0.6,1.0,0.0,0.0,0.0,0.0,255
-0.08333333333333333,0.284263959390863,-0.03125,0.5713209318579696,0.10516431924882629,2.3010752688172045,0.0,0.0,0.6666666666666666,-0.6,1.0,0.0,0.0,0.0,0.0,1188
-0.3333333333333333,0.416243654822335,1.0,-0.91150831659757,0.29107981220657275,0.3225806451612903,0.0,0.0,0.16666666666666666,-0.4,0.0,0.0,1.0,0.0,0.0,2017
-0.8333333333333334,0.11675126903553304,0.28125,-0.7926654504863353,-0.4563380281690141,-0.01075268817204301,0.0,0.0,-0.16666666666666666,0.6666666666666666,1.0,1.0,0.0,0.0,0.0,572
-1.0,-0.13705583756345174,0.71875,-0.39575298507290857,-0.5061032863849765,-0.01075268817204301,0.0,0.0,0.6666666666666666,0.5333333333333333,0.0,0.0,0.0,0.0,0.0,708
-0.25,0.46700507614213194,0.0625,0.3336351996355,-0.704225352112676,1.8924731182795698,0.0,0.0,0.0,0.3333333333333333,0.0,0.0,1.0,0.0,0.0,1360
0.0,-0.1472081218274112,-0.15625,0.9437305196070348,-1.2206572769953052,2.4301075268817205,0.0,0.0,-0.5,0.5333333333333333,1.0,1.0,0.0,0.0,0.0,806
-0.25,-0.30456852791878175,0.09375,-0.91150831659757,-0.9061032863849765,0.8387096774193549,0.0,0.0,0.8333333333333334,-0.8,1.0,0.0,0.0,0.0,0.0,632
0.0,0.5228426395939086,-0.40625,0.13927936789351517,0.29107981220657275,2.849462365591398,0.0,0.0,0.5,0.8666666666666667,1.0,0.0,0.0,0.0,0.0,1495
0.16666666666666666,0.5025380710659898,-0.6875,0.0707286024015658,0.2647887323943662,2.6881720430107525,0.0,0.0,0.6666666666666666,-0.8666666666666667,0.0,0.0,0.0,0.0,-1.0,1995
0.6666666666666666,-0.7614213197969544,1.0625,0.13927936789351517,-1.3333333333333333,-0.01075268817204301,0.0,3.3,-0.8333333333333334,0.9333333333333333,0.0,0.0,0.0,1.0,0.0,72
-0.8333333333333334,0.3451776649746193,0.75,0.2705797236685667,-0.428169014084507,-0.01075268817204301,0.1,0.0,0.5,0.06666666666666667,0.0,0.0,0.0,0.0,0.0,227
0.08333333333333333,0.8223350253807107,0.71875,0.13927936789351517,-0.35492957746478876,0.7741935483870968,0.4,0.0,0.3333333333333333,-0.4666666666666667,0.0,0.0,1.0,0.0,0.0,628
0.0,-0.7614213197969544,-0.6875,-0.22768379202711048,-0.13051643192488263,2.032258064516129,0.0,0.0,-0.6666666666666666,-0.5333333333333333,0.0,0.0,0.0,1.0,0.0,253
0.6666666666666666,-0.1421319796954315,0.40625,0.7898955205469734,-1.3652582159624413,-0.01075268817204301,0.0,0.0,-0.5,0.6,1.0,1.0,0.0,0.0,0.0,502
-0.3333333333333333,-0.868020304568528,0.1875,-0.4861165064064858,-0.20375586854460093,0.06451612903225806,0.0,0.0,-0.6666666666666666,0.4,0.0,0.0,0.0,1.0,0.0,783
-0.08333333333333333,0.49238578680203043,-0.15625,-0.07312821817005527,0.29107981220657275,1.6344086021505375,0.0,0.0,0.0,-0.3333333333333333,0.0,0.0,1.0,0.0,0.0,1107
-0.5833333333333334,0.2588832487309645,0.59375,-1.0429616152145371,0.2507042253521127,-0.01075268817204301,0.0,0.0,0.0,-0.2,0.0,0.0,1.0,0.0,0.0,290
0.5,-0.07106598984771575,-0.34375,-0.07312821817005527,-0.8366197183098592,0.0,0.0,0.0,0.8333333333333334,-0.06666666666666667,0.0,0.0,0.0,0.0,0.0,2034
0.6666666666666666,-0.9898477157360407,-0.46875,-0.5816560227957038,0.29107981220657275,-0.01075268817204301,0.0,0.0,1.0,0.06666666666666667,1.0,0.0,0.0,1.0,0.0,166
-1.0,-1.0964467005076144,-0.5,0.3336351996355,0.29107981220657275,-0.01075268817204301,0.0,0.0,1.0,0.06666666666666667,1.0,0.0,0.0,1.0,0.0,175
-0.4166666666666667,-0.5583756345177665,0.5625,-0.91150831659757,0.06854460093896714,-0.01075268817204301,0.0,0.0,0.8333333333333334,-1.0,0.0,0.0,0.0,0.0,0.0,1055
0.3333333333333333,0.24873096446700502,-1.0,0.9933397872392326,0.2056338028169014,1.118279569892473,0.0,0.0,0.8333333333333334,-0.8,1.0,0.0,0.0,0.0,0.0,1690
0.3333333333333333,-0.4720812182741117,1.0,0.6275737112096174,-1.1370892018779342,0.06451612903225806,0.0,0.0,-0.6666666666666666,0.8,0.0,0.0,0.0,1.0,0.0,9
-0.9166666666666666,-1.3096446700507616,-0.3125,0.2705797236685667,0.13802816901408452,-0.01075268817204301,0.0,0.0,-0.6666666666666666,-0.6,0.0,0.0,0.0,1.0,0.0,96
-1.0,-0.2081218274111675,0.875,-0.7926654504863353,-1.36056338028169,-0.01075268817204301,0.0,0.0,0.8333333333333334,-0.3333333333333333,1.0,0.0,0.0,0.0,0.0,655
0.0,1.0456852791878173,-0.3125,0.5138834935935143,0.16150234741784036,3.150537634408602,0.0,0.0,0.16666666666666666,0.4666666666666667,0.0,0.0,1.0,0.0,0.0,655
-0.3333333333333333,0.36040609137055846,0.625,-0.22768379202711048,-1.0553990610328638,0.5591397849462365,0.0,0.0,0.0,0.26666666666666666,0.0,0.0,1.0,0.0,0.0,2440
0.8333333333333334,-0.2639593908629441,0.125,-1.3691539278131721,0.11173708920187793,-0.01075268817204301,0.0,0.0,0.8333333333333334,-1.0,0.0,0.0,0.0,0.0,0.0,1115
-0.16666666666666666,0.24873096446700502,1.21875,0.3336351996355,-0.5314553990610329,0.3333333333333333,1.0,0.0,0.5,0.3333333333333333,0.0,0.0,0.0,0.0,0.0,78
0.08333333333333333,0.7258883248730965,-0.71875,0.0,-0.36056338028169016,3.3655913978494625,0.0,0.0,-0.16666666666666666,-0.06666666666666667,0.0,1.0,0.0,0.0,0.0,1080
-0.3333333333333333,0.6091370558375635,0.71875,0.2058418822217645,-0.2704225352112676,0.3870967741935484,0.0,0.0,0.16666666666666666,-0.2,0.0,0.0,1.0,0.0,0.0,2114
-0.5,0.015228426395939123,0.53125,-0.6833781561418334,-0.9821596244131455,0.04301075268817204,0.0,0.0,-0.16666666666666666,0.6,0.0,1.0,0.0,0.0,0.0,531
0.3333333333333333,0.30456852791878175,-0.78125,0.3951330286481768,-0.23849765258215963,1.1720430107526882,0.0,0.0,0.6666666666666666,0.0,0.0,0.0,0.0,0.0,0.0,1407
-0.6666666666666666,0.2893401015228426,1.25,-0.39575298507290857,-1.3830985915492957,-0.01075268817204301,0.5,0.0,0.0,0.7333333333333333,0.0,0.0,1.0,0.0,0.0,110
0.5,0.9289340101522844,0.1875,1.365145862684823,0.14929577464788732,0.8602150537634409,0.0,0.0,0.3333333333333333,-0.7333333333333333,1.0,0.0,1.0,0.0,0.0,1247
-0.08333333333333333,0.015228426395939123,-0.3125,-0.22768379202711048,-0.6535211267605634,1.8279569892473118,0.0,0.0,0.8333333333333334,-0.7333333333333333,0.0,0.0,0.0,0.0,0.0,829
-0.5,0.5634517766497463,0.90625,-1.0429616152145371,-0.536150234741784,0.01075268817204301,0.0,0.0,0.16666666666666666,-0.13333333333333333,1.0,0.0,1.0,0.0,0.0,356
-0.4166666666666667,-0.7055837563451777,1.09375,-0.3098055405697065,-1.4732394366197183,-0.01075268817204301,0.0,4.0,1.0,-0.4,1.0,0.0,0.0,1.0,0.0,20
-0.25,-0.918781725888325,-0.71875,-0.22768379202711048,-0.10046948356807511,0.9247311827956989,0.0,0.0,-0.5,-0.9333333333333333,0.0,1.0,0.0,0.0,0.0,343
0.3333333333333333,0.3756345177664974,-0.71875,2.0841541709615803,0.29107981220657275,1.4623655913978495,0.0,0.0,-0.3333333333333333,-0.4,0.0,1.0,0.0,0.0,0.0,1080
-0.5833333333333334,0.21827411167512695,1.0625,0.455183241303237,-1.2178403755868545,-0.01075268817204301,0.0,0.0,0.0,-0.6,0.0,0.0,1.0,0.0,0.0,288
-1.0,-0.7208121827411167,-0.625,1.137688257706579,0.024413145539906103,-0.01075268817204301,0.0,0.0,-0.6666666666666666,-0.06666666666666667,0.0,0.0,0.0,1.0,-1.0,126
-0.5833333333333334,-0.48223350253807107,0.4375,-2.15665183283064,0.29107981220657275,-0.01075268817204301,0.0,0.0,0.8333333333333334,-0.26666666666666666,0.0,0.0,0.0,0.0,0.0,158
0.75,0.0812182741116751,-0.28125,0.682712243030312,0.29107981220657275,-0.01075268817204301,0.0,0.0,0.6666666666666666,-0.5333333333333333,0.0,0.0,0.0,0.0,0.0,1788
0.0,0.8629441624365483,0.03125,0.6275737112096174,0.04788732394366197,2.4193548387096775,0.0,0.0,0.16666666666666666,-0.8,0.0,0.0,1.0,0.0,0.0,1021
-0.6666666666666666,0.44670050761421326,0.96875,-0.4861165064064858,-1.3070422535211268,-0.01075268817204301,0.0,0.0,0.0,0.8,0.0,0.0,1.0,0.0,0.0,233
-0.25,-0.035532994923857836,0.53125,-0.91150831659757,-0.8065727699530516,0.3225806451612903,0.0,0.0,0.6666666666666666,-0.06666666666666667,0.0,0.0,0.0,0.0,0.0,1119
-1.0,-0.04568527918781728,0.65625,-0.14891824053188613,-0.24694835680751173,-0.01075268817204301,0.0,0.0,0.6666666666666666,-0.06666666666666667,0.0,0.0,0.0,0.0,0.0,638
-0.5833333333333334,-1.0101522842639594,-0.3125,0.5713209318579696,0.27323943661971833,-0.01075268817204301,0.0,0.0,-0.8333333333333334,-0.8666666666666667,0.0,0.0,0.0,1.0,0.0,67
0.25,0.42131979695431476,-0.90625,0.5138834935935143,-0.49577464788732395,2.5698924731182795,0.0,0.0,-0.5,0.9333333333333333,0.0,1.0,0.0,0.0,0.0,1068
-0.25,-1.015228426395939,-0.9375,-0.91150831659757,0.22347417840375586,0.23655913978494622,0.0,0.0,1.0,-1.0,0.0,0.0,0.0,1.0,0.0,490
0.4166666666666667,0.46700507614213194,1.21875,1.7412639288257201,-1.1624413145539907,0.06451612903225806,13.0,0.0,0.5,-0.8666666666666667,0.0,0.0,0.0,0.0,0.0,23
-1.0,-0.6852791878172589,0.5625,0.5138834935935143,-1.2169014084507042,-0.01075268817204301,0.0,0.0,-0.6666666666666666,0.26666666666666666,0.0,0.0,0.0,1.0,0.0,177
0.16666666666666666,-0.5380710659898477,-1.34375,1.4948257357364156,0.29107981220657275,2.4516129032258065,0.0,0.0,-0.6666666666666666,-0.06666666666666667,0.0,0.0,0.0,1.0,-1.0,270
-0.6666666666666666,0.3096446700507615,0.9375,-0.22768379202711048,-1.1502347417840375,-0.01075268817204301,0.0,0.0,0.0,0.3333333333333333,0.0,0.0,1.0,0.0,0.0,215
0.25,-0.9644670050761421,-0.75,1.5787787158685695,0.29107981220657275,0.978494623655914,0.0,0.0,1.0,-0.3333333333333333,0.0,0.0,0.0,1.0,0.0,269
0.5,0.44670050761421326,-0.125,0.7368002283746548,0.29107981220657275,0.46236559139784944,0.0,0.0,0.5,0.4666666666666667,1.0,0.0,0.0,0.0,-1.0,1492
-0.9166666666666666,0.7360406091370558,0.4375,-0.7926654504863353,0.10234741784037558,-0.01075268817204301,0.0,0.0,0.16666666666666666,0.8666666666666667,1.0,0.0,1.0,0.0,0.0,636
0.75,0.40609137055837563,0.375,0.682712243030312,-0.7023474178403756,-0.01075268817204301,0.0,0.0,0.0,-0.6,0.0,0.0,1.0,0.0,0.0,2161
-0.4166666666666667,-0.4771573604060914,0.5625,-0.5816560227957038,-0.5136150234741784,-0.01075268817204301,0.0,0.0,0.8333333333333334,-0.9333333333333333,0.0,0.0,0.0,0.0,0.0,1024
0.75,-1.1370558375634519,-0.6875,0.9933397872392326,0.29107981220657275,-0.01075268817204301,0.0,0.0,-0.6666666666666666,-0.8,1.0,0.0,0.0,1.0,0.0,107
-0.6666666666666666,0.17258883248730958,0.53125,-0.22768379202711048,-0.4610328638497653,-0.01075268817204301,0.0,0.0,-0.3333333333333333,-0.8666666666666667,0.0,1.0,0.0,0.0,0.0,124
0.0,-0.5482233502538072,-0.75,0.7368002283746548,-0.38403755868544603,0.6344086021505375,0.0,0.0,-0.8333333333333334,-0.5333333333333333,0.0,0.0,0.0,1.0,0.0,356
-0.4166666666666667,0.42639593908629436,1.1875,-0.14891824053188613,-1.1887323943661972,0.01075268817204301,0.0,0.0,0.5,0.0,1.0,0.0,0.0,0.0,0.0,258
-0.9166666666666666,-0.3350253807106599,-0.0625,0.2058418822217645,0.29107981220657275,-0.01075268817204301,0.0,0.0,0.6666666666666666,0.8,1.0,0.0,0.0,0.0,0.0,531
0.0,-0.010152284263959355,1.25,0.8420508501474621,-0.8629107981220657,0.1935483870967742,2.0,0.0,-0.5,-0.06666666666666667,0.0,1.0,0.0,0.0,0.0,204
0.0,1.16751269035533,-0.5,-0.3098055405697065,0.10985915492957747,2.924731182795699,0.0,0.0,0.3333333333333333,-0.06666666666666667,0.0,0.0,1.0,0.0,-1.0,563
-0.3333333333333333,0.5025380710659898,0.75,-0.91150831659757,-1.2929577464788733,0.3870967741935484,0.0,0.0,0.0,0.9333333333333333,1.0,0.0,1.0,0.0,0.0,825
0.3333333333333333,0.7411167512690356,0.53125,0.7898955205469734,-0.12300469483568074,1.129032258064516,0.0,0.0,0.16666666666666666,-0.26666666666666666,0.0,0.0,1.0,0.0,0.0,1296
0.9166666666666666,-0.25380710659898476,-0.15625,-0.7926654504863353,0.29107981220657275,-0.01075268817204301,0.0,0.0,0.6666666666666666,-0.4,0.0,0.0,0.0,0.0,0.0,901
0.8333333333333334,0.23350253807106608,-0.4375,0.13927936789351517,0.29107981220657275,-0.01075268817204301,0.0,0.0,0.5,0.6666666666666666,0.0,0.0,0.0,0.0,0.0,1249
0.75,0.5279187817258882,0.5625,0.5138834935935143,0.2676056338028169,-0.01075268817204301,0.0,0.0,0.5,-0.7333333333333333,0.0,0.0,0.0,0.0,0.0,2024
0.5,1.0609137055837563,-0.53125,0.2058418822217645,0.29107981220657275,0.6881720430107526,0.0,0.0,0.3333333333333333,-0.3333333333333333,1.0,0.0,1.0,0.0,0.0,1274
-0.4166666666666667,0.09137055837563456,0.09375,0.3336351996355,0.29107981220657275,0.3655913978494623,0.0,0.0,-0.16666666666666666,-0.5333333333333333,0.0,1.0,0.0,0.0,0.0,1280
-0.08333333333333333,0.7411167512690356,-0.6875,-0.14891824053188613,-0.07699530516431925,3.2365591397849465,0.0,0.0,0.0,0.4,0.0,0.0,1.0,0.0,0.0,1020
-0.3333333333333333,0.08629441624365479,-0.21875,0.0707286024015658,-0.15023474178403756,1.1720430107526882,0.0,0.0,-0.16666666666666666,0.5333333333333333,0.0,1.0,0.0,0.0,0.0,2081
0.6666666666666666,0.5431472081218274,0.46875,-0.07312821817005527,-0.8046948356807512,0.021505376344086016,0.0,0.0,0.0,0.7333333333333333,0.0,0.0,1.0,0.0,0.0,2274
0.5833333333333334,0.0406091370558376,-0.625,0.9437305196070348,-0.415962441314554,0.09677419354838711,0.0,0.0,-0.5,0.6666666666666666,0.0,1.0,0.0,0.0,0.0,1031
-0.08333333333333333,-0.39593908629441626,0.75,-0.3098055405697065,-1.4065727699530517,0.18279569892473116,0.0,0.0,1.0,0.4666666666666667,1.0,0.0,0.0,1.0,0.0,282
-0.3333333333333333,-0.3807106598984772,0.21875,-0.3098055405697065,0.215962441314554,0.4408602150537634,0.0,0.0,0.6666666666666666,-0.26666666666666666,0.0,0.0,0.0,0.0,0.0,1996
-0.8333333333333334,-0.24365482233502542,0.4375,-0.5816560227957038,0.29107981220657275,-0.01075268817204301,0.0,0.0,0.6666666666666666,0.13333333333333333,0.0,0.0,0.0,0.0,0.0,385
-0.25,-0.3654822335025381,0.5,-0.14891824053188613,-1.3821596244131455,0.8387096774193549,0.0,0.0,-0.5,0.6,1.0,1.0,0.0,0.0,0.0,331
0.16666666666666666,0.07106598984771575,-0.8125,0.6275737112096174,0.17089201877934274,2.2043010752688175,0.0,0.0,0.8333333333333334,-1.0,0.0,0.0,0.0,0.0,0.0,1040
-1.0,-0.11167512690355327,0.625,-0.4861165064064858,-1.180281690140845,-0.01075268817204301,0.0,0.0,0.8333333333333334,-0.4,1.0,0.0,0.0,0.0,0.0,754
-0.75,0.3756345177664974,0.34375,0.13927936789351517,0.29107981220657275,-0.01075268817204301,0.0,0.0,0.5,-0.2,0.0,0.0,0.0,0.0,0.0,304
0.5833333333333334,0.868020304568528,-0.09375,0.7898955205469734,-0.14929577464788732,0.6236559139784945,0.0,0.0,0.16666666666666666,0.13333333333333333,0.0,0.0,1.0,0.0,0.0,2281
0.4166666666666667,-0.3197969543147208,0.0,1.0421797791354965,-1.2657276995305164,0.1935483870967742,0.0,0.0,-0.8333333333333334,0.06666666666666667,0.0,0.0,0.0,1.0,0.0,380
0.25,0.8934010152284265,0.0,1.2305047302068106,0.2084507042253521,2.172043010752688,0.0,0.0,0.16666666666666666,-0.8,0.0,0.0,1.0,0.0,0.0,1038
-0.6666666666666666,0.23350253807106608,0.96875,0.2058418822217645,-1.1568075117370893,-0.01075268817204301,0.0,0.0,0.0,-0.6,0.0,0.0,1.0,0.0,0.0,191
0.5833333333333334,-0.7055837563451777,0.15625,-0.4861165064064858,-0.5511737089201878,-0.01075268817204301,0.0,0.0,1.0,0.8,0.0,0.0,0.0,1.0,0.0,402
0.8333333333333334,-0.06598984771573609,0.0,-2.15665183283064,-0.13708920187793427,-0.01075268817204301,0.0,0.0,0.6666666666666666,0.3333333333333333,1.0,0.0,0.0,0.0,0.0,1025
0.5833333333333334,-0.29949238578680204,1.21875,0.0,-0.35774647887323946,-0.01075268817204301,1.5,0.0,-0.3333333333333333,-0.7333333333333333,0.0,1.0,0.0,0.0,0.0,75
0.75,-0.6497461928934011,-0.3125,0.7368002283746548,-0.38215962441314555,-0.01075268817204301,0.0,0.0,1.0,-0.06666666666666667,0.0,0.0,0.0,1.0,0.0,300
0.9166666666666666,0.40609137055837563,1.25,0.0,-1.095774647887324,-0.01075268817204301,5.0,0.0,0.16666666666666666,-1.0,1.0,0.0,1.0,0.0,0.0,15
0.9166666666666666,0.0,0.53125,-0.22768379202711048,-1.020657276995305,-0.01075268817204301,0.0,0.0,-0.5,0.8,0.0,1.0,0.0,0.0,0.0,614
0.9166666666666666,-0.1878172588832487,0.15625,-0.7926654504863353,-1.0845070422535212,-0.01075268817204301,0.0,0.0,-0.5,0.6666666666666666,0.0,1.0,0.0,0.0,0.0,447
-0.25,-1.5736040609137056,-0.625,1.2759719533904954,0.23568075117370893,0.2150537634408602,0.0,0.5,-0.8333333333333334,0.6666666666666666,0.0,0.0,0.0,1.0,0.0,149
0.5833333333333334,0.7461928934010152,0.21875,0.7898955205469734,0.2704225352112676,0.5268817204301075,0.0,0.0,0.16666666666666666,-0.8,0.0,0.0,1.0,0.0,0.0,2637
-0.16666666666666666,0.3248730964467004,-0.3125,0.2058418822217645,0.28075117370892017,2.064516129032258,0.0,0.0,0.5,0.7333333333333333,0.0,0.0,0.0,0.0,0.0,907
0.16666666666666666,-0.7106598984771574,-0.40625,-0.39575298507290857,0.09671361502347418,0.7526881720430106,0.0,1.7,1.0,0.26666666666666666,0.0,0.0,0.0,1.0,0.0,243
0.25,-0.07106598984771575,-0.84375,0.8933144384752442,-0.5352112676056338,2.580645161290323,0.0,0.0,-0.5,0.4666666666666667,0.0,1.0,0.0,0.0,0.0,849
0.5,0.284263959390863,-0.8125,0.8933144384752442,-0.6873239436619718,0.7419354838709676,0.0,0.0,-0.3333333333333333,0.2,0.0,1.0,0.0,0.0,0.0,2198
0.08333333333333333,0.1878172588832487,1.21875,-0.4861165064064858,-1.3286384976525822,0.26881720430107525,4.0,0.0,-0.16666666666666666,-0.9333333333333333,0.0,1.0,0.0,0.0,0.0,327
-0.6666666666666666,-1.071065989847716,-0.625,0.0707286024015658,0.2591549295774648,-0.01075268817204301,0.0,0.0,-0.8333333333333334,0.8,1.0,0.0,0.0,1.0,0.0,38
-0.3333333333333333,0.11675126903553304,0.5,-0.91150831659757,-1.251643192488263,0.4086021505376344,0.0,0.0,-0.3333333333333333,0.9333333333333333,0.0,1.0,0.0,0.0,0.0,1791
0.9166666666666666,-0.36040609137055835,0.09375,0.2058418822217645,0.22535211267605634,-0.01075268817204301,0.0,0.0,0.6666666666666666,1.0,0.0,0.0,0.0,0.0,0.0,798
-0.5,0.36548223350253806,1.25,-0.4861165064064858,0.29107981220657275,0.01075268817204301,0.0,0.0,0.16666666666666666,-0.4,0.0,0.0,1.0,0.0,0.0,534
-0.5833333333333334,0.7055837563451777,0.65625,-0.5816560227957038,-0.3652582159624413,-0.01075268817204301,0.0,0.0,0.16666666666666666,0.6666666666666666,0.0,0.0,1.0,0.0,0.0,306
0.3333333333333333,0.5736040609137056,-1.375,1.0421797791354965,0.24882629107981222,2.67741935483871,0.0,0.0,-0.3333333333333333,0.3333333333333333,1.0,1.0,0.0,0.0,0.0,1942
-0.3333333333333333,-0.7208121827411167,-0.78125,-0.91150831659757,0.28262910798122065,-0.01075268817204301,0.0,0.0,-0.8333333333333334,0.4,0.0,0.0,0.0,1.0,0.0,683
0.8333333333333334,0.6345177664974619,-0.375,0.13927936789351517,0.29107981220657275,-0.01075268817204301,0.0,0.0,0.3333333333333333,0.06666666666666667,0.0,0.0,1.0,0.0,0.0,1787
0.3333333333333333,0.34010152284263956,-1.03125,0.6275737112096174,0.17934272300469484,1.3978494623655913,0.0,0.0,0.6666666666666666,0.3333333333333333,1.0,0.0,0.0,0.0,0.0,1976
-0.3333333333333333,-0.09644670050761424,0.03125,-0.07312821817005527,-0.5070422535211268,0.8387096774193549,0.0,0.0,-0.3333333333333333,0.7333333333333333,0.0,1.0,0.0,0.0,0.0,1922
-0.08333333333333333,0.8477157360406091,0.3125,0.0,-0.6450704225352113,0.9247311827956989,0.0,0.0,0.16666666666666666,0.6666666666666666,0.0,0.0,1.0,0.0,0.0,614
0.5,1.152284263959391,-0.375,0.3336351996355,0.29107981220657275,0.6881720430107526,0.0,0.0,0.16666666666666666,1.0,0.0,0.0,1.0,0.0,0.0,2092
-0.8333333333333334,-0.6954314720812182,-0.75,-0.07312821817005527,0.29107981220657275,-0.01075268817204301,0.0,0.0,-0.8333333333333334,0.4,0.0,0.0,0.0,1.0,0.0,73
-0.08333333333333333,1.131979695431472,-0.5,0.0707286024015658,0.09859154929577464,2.967741935483871,0.0,0.0,0.3333333333333333,-1.0,0.0,0.0,1.0,0.0,0.0,521
0.6666666666666666,0.7461928934010152,0.59375,0.455183241303237,0.18591549295774648,0.07526881720430108,0.0,0.0,0.16666666666666666,-0.2,0.0,0.0,1.0,0.0,0.0,2069
-0.08333333333333333,-0.46700507614213194,-1.0,0.3336351996355,0.2516431924882629,1.6666666666666665,0.0,0.0,0.8333333333333334,0.4666666666666667,0.0,0.0,0.0,0.0,0.0,635
-0.8333333333333334,0.08629441624365479,0.84375,-0.6833781561418334,-1.1314553990610328,-0.01075268817204301,0.0,0.0,-0.16666666666666666,1.0,0.0,1.0,0.0,0.0,0.0,470
0.6666666666666666,-0.050761421319796954,-0.8125,1.2759719533904954,0.05258215962441314,-0.01075268817204301,0.0,0.0,-0.3333333333333333,0.06666666666666667,0.0,1.0,0.0,0.0,0.0,1290
-0.5833333333333334,0.09137055837563456,0.78125,-0.07312821817005527,-1.1098591549295775,-0.01075268817204301,0.0,0.0,-0.3333333333333333,-0.9333333333333333,0.0,1.0,0.0,0.0,0.0,125
0.9166666666666666,0.20812182741116758,-0.0625,-0.91150831659757,-0.307981220657277,-0.01075268817204301,0.0,0.0,-0.16666666666666666,0.6,0.0,1.0,0.0,0.0,0.0,1209
0.0,0.5380710659898478,0.71875,-0.5816560227957038,0.29107981220657275,0.7634408602150536,0.0,0.0,0.16666666666666666,-0.4,0.0,0.0,1.0,0.0,0.0,1035
0.16666666666666666,0.9543147208121826,-0.6875,0.2058418822217645,-0.6647887323943662,2.903225806451613,0.0,0.0,0.0,0.6,0.0,0.0,1.0,0.0,0.0,1016
-0.6666666666666666,-0.9137055837563453,-0.46875,-0.07312821817005527,0.23849765258215963,-0.01075268817204301,0.0,0.0,-0.6666666666666666,0.0,0.0,0.0,0.0,1.0,-1.0,35
-0.6666666666666666,0.802030456852792,-0.09375,-0.39575298507290857,0.29107981220657275,-0.01075268817204301,0.0,0.0,0.3333333333333333,0.4666666666666667,0.0,0.0,1.0,0.0,0.0,168
0.9166666666666666,0.4416243654822335,0.15625,-0.5816560227957038,0.29107981220657275,-0.01075268817204301,0.0,0.0,0.5,-0.26666666666666666,0.0,0.0,0.0,0.0,0.0,1309
0.9166666666666666,-0.4771573604060914,-0.34375,0.2058418822217645,0.29107981220657275,-0.01075268817204301,0.0,0.0,0.8333333333333334,0.06666666666666667,1.0,0.0,0.0,0.0,0.0,576
0.5833333333333334,-0.3654822335025381,0.5,-0.3098055405697065,-1.0948356807511737,-0.01075268817204301,0.0,0.4,0.8333333333333334,0.6,1.0,0.0,0.0,0.0,0.0,616
0.4166666666666667,-0.24365482233502542,-0.84375,0.9437305196070348,-0.5380281690140845,1.021505376344086,0.0,0.0,-0.6666666666666666,0.6666666666666666,0.0,0.0,0.0,1.0,0.0,646
0.08333333333333333,-0.4720812182741117,-0.3125,-0.3098055405697065,-0.20751173708920187,1.1720430107526882,0.0,0.0,1.0,-0.6666666666666666,0.0,0.0,0.0,1.0,0.0,442
-0.6666666666666666,0.40101522842639586,0.1875,0.0,0.29107981220657275,-0.01075268817204301,0.0,0.0,0.16666666666666666,-0.4666666666666667,0.0,0.0,1.0,0.0,0.0,206
0.08333333333333333,0.6142131979695432,0.9375,0.13927936789351517,-1.2206572769953052,0.7526881720430106,3.5,0.0,0.0,0.9333333333333333,1.0,0.0,1.0,0.0,0.0,1144
0.3333333333333333,-0.5076142131979695,-0.65625,0.13927936789351517,0.011267605633802818,0.16129032258064516,0.0,0.0,-0.8333333333333334,-0.5333333333333333,0.0,0.0,0.0,1.0,0.0,353
-0.4166666666666667,-1.0964467005076144,-0.1875,-0.91150831659757,0.27887323943661974,-0.01075268817204301,0.0,0.0,-0.8333333333333334,-0.8,0.0,0.0,0.0,1.0,0.0,302
0.9166666666666666,-0.08629441624365479,-0.03125,-2.15665183283064,-0.03286384976525822,-0.01075268817204301,0.0,0.0,0.6666666666666666,0.3333333333333333,1.0,0.0,0.0,0.0,0.0,724
-0.08333333333333333,-0.07106598984771575,-0.25,-0.5816560227957038,0.12863849765258217,1.7204301075268817,0.0,0.0,0.8333333333333334,-0.13333333333333333,0.0,0.0,0.0,0.0,0.0,892
0.5833333333333334,-0.7106598984771574,-0.4375,0.6275737112096174,-0.022535211267605635,-0.01075268817204301,0.0,0.0,-0.6666666666666666,-0.9333333333333333,0.0,0.0,0.0,1.0,0.0,379
0.16666666666666666,-0.38578680203045684,0.125,0.9933397872392326,-1.0018779342723005,0.5483870967741935,0.0,0.0,-0.8333333333333334,0.26666666666666666,1.0,0.0,0.0,1.0,0.0,334
-1.0,-0.7715736040609137,0.6875,-0.91150831659757,-0.8413145539906103,-0.01075268817204301,0.0,0.8,1.0,0.4,0.0,0.0,0.0,1.0,-1.0,196
0.08333333333333333,0.5329949238578681,-0.03125,0.682712243030312,-0.38309859154929576,3.150537634408602,0.0,0.0,-0.16666666666666666,0.9333333333333333,0.0,1.0,0.0,0.0,0.0,1134
-0.08333333333333333,0.6446700507614213,0.78125,0.682712243030312,-0.8037558685446009,0.6236559139784945,0.0,0.0,0.3333333333333333,0.9333333333333333,0.0,0.0,1.0,0.0,0.0,716
-0.6666666666666666,-0.8071065989847717,0.03125,-1.1921678124288753,0.29107981220657275,-0.01075268817204301,0.0,0.0,-0.6666666666666666,0.4,0.0,0.0,0.0,1.0,0.0,66
-0.8333333333333334,0.43147208121827413,0.90625,-1.0429616152145371,0.012206572769953052,-0.01075268817204301,0.0,0.0,0.5,-1.0,1.0,0.0,0.0,0.0,0.0,785
-1.0,-0.5380710659898477,-0.34375,0.455183241303237,0.29107981220657275,-0.01075268817204301,0.0,0.0,-0.3333333333333333,-0.5333333333333333,1.0,1.0,0.0,0.0,0.0,325
0.16666666666666666,-0.43147208121827413,-1.15625,1.2305047302068106,0.1652582159624413,2.2688172043010755,0.0,0.0,-0.6666666666666666,0.26666666666666666,0.0,0.0,0.0,1.0,0.0,335
0.3333333333333333,-0.8730964467005076,-1.0,0.682712243030312,0.13990610328638498,0.7849462365591398,0.0,0.0,-0.8333333333333334,0.7333333333333333,1.0,0.0,0.0,1.0,0.0,195
-0.5,-0.9644670050761421,-0.15625,-0.6833781561418334,-0.1755868544600939,-0.01075268817204301,0.0,0.0,-0.8333333333333334,-0.6,1.0,0.0,0.0,1.0,0.0,38
-0.6666666666666666,0.5685279187817259,-0.25,-0.39575298507290857,-0.3727699530516432,-0.01075268817204301,0.0,0.0,0.0,0.6666666666666666,0.0,0.0,1.0,0.0,0.0,143
0.9166666666666666,-0.9796954314720813,0.0,0.13927936789351517,0.29107981220657275,-0.01075268817204301,0.0,2.0,1.0,0.2,0.0,0.0,0.0,1.0,0.0,149
0.5833333333333334,0.5888324873096448,-0.25,0.9437305196070348,0.29107981220657275,0.18279569892473116,0.0,0.0,0.5,-0.8,0.0,0.0,0.0,0.0,0.0,2491
0.5833333333333334,1.0862944162436547,-0.3125,0.5713209318579696,0.29107981220657275,0.4408602150537634,0.0,0.0,0.16666666666666666,1.0,0.0,0.0,1.0,0.0,0.0,1865
0.16666666666666666,0.13197969543147217,-0.78125,-0.07312821817005527,0.012206572769953052,1.9247311827956988,0.0,0.0,0.8333333333333334,-0.13333333333333333,0.0,0.0,0.0,0.0,0.0,1001
0.08333333333333333,0.46700507614213194,-0.6875,1.0902852095090052,0.09765258215962441,2.6881720430107525,0.0,0.0,-0.16666666666666666,-0.7333333333333333,1.0,1.0,0.0,0.0,0.0,1408
-0.5,-0.4720812182741117,0.46875,-0.5816560227957038,-0.34178403755868547,-0.01075268817204301,0.0,0.0,0.8333333333333334,-0.2,0.0,0.0,0.0,0.0,0.0,402
-0.9166666666666666,0.4568527918781726,-0.5625,-0.3098055405697065,0.29107981220657275,-0.01075268817204301,0.0,0.0,0.0,0.4666666666666667,1.0,0.0,1.0,0.0,0.0,1073
0.6666666666666666,0.6192893401015228,-0.4375,0.3951330286481768,0.29107981220657275,0.11827956989247311,0.0,0.0,0.0,0.13333333333333333,0.0,0.0,1.0,0.0,0.0,2515
0.6666666666666666,0.33502538071065996,0.96875,0.455183241303237,-1.0497652582159624,-0.01075268817204301,1.0,0.0,-0.16666666666666666,0.8666666666666667,0.0,1.0,0.0,0.0,0.0,422
0.5,0.3451776649746193,-0.3125,0.6275737112096174,-0.9248826291079812,0.8172043010752688,0.0,0.0,-0.3333333333333333,0.7333333333333333,0.0,1.0,0.0,0.0,0.0,2577
-0.6666666666666666,0.0406091370558376,1.09375,0.3336351996355,-0.9164319248826291,-0.01075268817204301,0.0,0.0,0.6666666666666666,-0.4,0.0,0.0,0.0,0.0,0.0,82
-0.5,-0.10659898477157359,0.3125,-0.39575298507290857,-0.08450704225352113,0.03225806451612903,0.0,0.0,-0.16666666666666666,0.5333333333333333,0.0,1.0,0.0,0.0,0.0,530
-0.8333333333333334,0.23857868020304565,0.875,-0.5816560227957038,-1.2535211267605635,-0.01075268817204301,0.0,0.0,-0.16666666666666666,-1.0,0.0,1.0,0.0,0.0,-1.0,534
0.4166666666666667,-0.10659898477157359,-0.28125,-1.0429616152145371,-0.923943661971831,0.24731182795698922,0.0,0.0,0.8333333333333334,0.6666666666666666,0.0,0.0,0.0,0.0,0.0,1156
0.4166666666666667,-0.49238578680203043,0.21875,-0.4861165064064858,-1.352112676056338,0.0,0.0,0.0,1.0,0.9333333333333333,1.0,0.0,0.0,1.0,0.0,183
-0.16666666666666666,0.49238578680203043,-0.5,-0.3098055405697065,-0.2347417840375587,2.623655913978495,0.0,0.0,-0.16666666666666666,0.6666666666666666,1.0,1.0,0.0,0.0,0.0,1010
-0.5,-0.6598984771573604,-0.46875,-0.4861165064064858,-0.13802816901408452,-0.01075268817204301,0.0,0.0,-0.5,-0.8666666666666667,1.0,1.0,0.0,0.0,0.0,71
0.75,0.7005076142131981,0.65625,-0.22768379202711048,-0.07887323943661972,-0.01075268817204301,0.0,0.0,0.16666666666666666,-0.3333333333333333,0.0,0.0,1.0,0.0,0.0,1936
0.5833333333333334,0.19796954314720805,0.6875,0.5138834935935143,-1.0103286384976526,0.021505376344086016,0.0,0.0,-0.3333333333333333,-1.0,1.0,1.0,0.0,0.0,0.0,1066
-0.3333333333333333,-0.3197969543147208,0.71875,-0.5816560227957038,-1.1032863849765258,0.12903225806451613,0.0,0.0,0.8333333333333334,-0.7333333333333333,0.0,0.0,0.0,0.0,0.0,1975
-0.16666666666666666,-0.42131979695431476,0.25,1.3208447570935795,-0.3539906103286385,0.5913978494623656,0.0,0.0,-0.6666666666666666,-0.13333333333333333,0.0,0.0,0.0,1.0,0.0,241
-0.5,-0.17766497461928935,0.46875,-0.5816560227957038,-0.444131455399061,0.0,0.0,0.0,-0.3333333333333333,0.6666666666666666,0.0,1.0,0.0,0.0,0.0,452
-0.16666666666666666,0.030456852791878156,0.28125,-0.7926654504863353,-0.8103286384976526,0.6129032258064515,0.0,0.0,0.6666666666666666,-0.06666666666666667,0.0,0.0,0.0,0.0,0.0,837
0.75,0.20304568527918782,0.40625,2.6010348623871,-0.05258215962441314,-0.01075268817204301,0.5,0.0,-0.3333333333333333,-0.4,0.0,1.0,0.0,0.0,0.0,133
-0.75,-0.7563451776649747,-0.71875,0.3951330286481768,0.29107981220657275,-0.01075268817204301,0.0,0.0,-0.6666666666666666,-0.06666666666666667,0.0,0.0,0.0,1.0,-1.0,74
-0.75,-0.5025380710659899,0.53125,0.13927936789351517,-1.3305164319248826,-0.01075268817204301,0.0,0.0,-0.8333333333333334,0.13333333333333333,0.0,0.0,0.0,1.0,0.0,95
-0.6666666666666666,-1.4923857868020305,-0.625,0.5713209318579696,0.27699530516431925,-0.01075268817204301,0.0,0.7,-0.8333333333333334,0.6,0.0,0.0,0.0,1.0,0.0,22
0.3333333333333333,0.7005076142131981,-0.59375,0.8420508501474621,0.08826291079812207,2.580645161290323,0.0,0.0,-0.16666666666666666,1.0,0.0,1.0,0.0,0.0,0.0,1550
0.08333333333333333,0.23350253807106608,-0.4375,0.455183241303237,0.29107981220657275,2.4623655913978495,0.0,0.0,0.6666666666666666,0.13333333333333333,0.0,0.0,0.0,0.0,0.0,1152
-0.5,-0.6903553299492385,0.4375,-0.5816560227957038,-0.7464788732394366,-0.01075268817204301,0.0,0.7,1.0,0.4,0.0,0.0,0.0,1.0,-1.0,114
-1.0,-0.918781725888325,-0.59375,-1.5998067240225886,-0.13051643192488263,-0.01075268817204301,0.0,0.0,-0.6666666666666666,-0.4666666666666667,0.0,0.0,0.0,1.0,0.0,178
0.5833333333333334,-0.6446700507614213,0.4375,-0.4861165064064858,-0.72018779342723,-0.01075268817204301,0.0,0.8,1.0,0.3333333333333333,0.0,0.0,0.0,1.0,0.0,355
0.25,0.2284263959390863,-0.5625,-0.39575298507290857,-0.45258215962441317,1.2903225806451613,0.0,0.0,0.8333333333333334,-0.7333333333333333,0.0,0.0,0.0,0.0,0.0,1100
-0.3333333333333333,-0.9593908629441624,-0.59375,-0.6833781561418334,0.29107981220657275,0.03225806451612903,0.0,0.0,-0.6666666666666666,0.0,0.0,0.0,0.0,1.0,-1.0,68
0.6666666666666666,-1.071065989847716,-0.65625,0.13927936789351517,0.15774647887323945,-0.01075268817204301,0.0,0.0,-0.8333333333333334,0.7333333333333333,1.0,0.0,0.0,1.0,0.0,117
0.9166666666666666,0.802030456852792,0.28125,0.7898955205469734,0.1539906103286385,-0.01075268817204301,0.0,0.0,0.16666666666666666,0.5333333333333333,0.0,0.0,1.0,0.0,0.0,1193
0.9166666666666666,0.284263959390863,0.15625,1.1844188200176686,0.06291079812206572,-0.01075268817204301,0.0,0.0,-0.16666666666666666,-0.7333333333333333,1.0,1.0,0.0,0.0,0.0,1097
-0.16666666666666666,-0.5076142131979695,0.25,0.5713209318579696,-1.0807511737089202,0.9247311827956989,0.0,0.0,-0.5,-0.4,1.0,1.0,0.0,0.0,0.0,416
0.75,0.8477157360406091,-0.09375,0.2058418822217645,0.29107981220657275,-0.01075268817204301,0.0,0.0,0.16666666666666666,0.3333333333333333,1.0,0.0,1.0,0.0,0.0,1731
0.6666666666666666,-0.1624365482233502,0.15625,0.3336351996355,0.05539906103286385,-0.01075268817204301,0.0,0.0,-0.3333333333333333,-0.06666666666666667,1.0,1.0,0.0,0.0,0.0,297
-0.6666666666666666,0.4365482233502539,-0.09375,0.0707286024015658,0.29107981220657275,-0.01075268817204301,0.0,0.0,0.3333333333333333,0.06666666666666667,0.0,0.0,1.0,0.0,0.0,276
-0.6666666666666666,-0.969543147208122,0.53125,1.365145862684823,-1.223474178403756,-0.01075268817204301,0.0,0.2,-0.6666666666666666,-0.8666666666666667,1.0,0.0,0.0,1.0,0.0,35
0.4166666666666667,-0.39593908629441626,-0.125,0.2058418822217645,-1.3276995305164319,0.2258064516129032,0.0,0.0,-0.8333333333333334,0.26666666666666666,1.0,0.0,0.0,1.0,0.0,377
0.4166666666666667,-0.19796954314720816,-0.59375,0.9933397872392326,-0.07887323943661972,1.4408602150537635,0.0,0.0,-0.5,0.4,0.0,1.0,0.0,0.0,0.0,999
0.75,-0.34517766497461927,0.4375,-0.4861165064064858,-1.1539906103286386,-0.01075268817204301,0.0,0.0,0.8333333333333334,0.6666666666666666,0.0,0.0,0.0,0.0,0.0,955
0.4166666666666667,0.1878172588832487,-0.34375,0.455183241303237,0.29107981220657275,1.7096774193548387,0.0,0.0,-0.3333333333333333,-0.8,0.0,1.0,0.0,0.0,0.0,1745
0.3333333333333333,1.0558375634517765,-0.375,0.5138834935935143,-0.21032863849765257,2.645161290322581,0.0,0.0,0.16666666666666666,0.26666666666666666,0.0,0.0,1.0,0.0,0.0,928
-0.9166666666666666,0.8426395939086295,-0.09375,-0.5816560227957038,0.29107981220657275,-0.01075268817204301,0.0,0.0,0.3333333333333333,0.4666666666666667,0.0,0.0,1.0,0.0,0.0,745
0.25,-0.41116751269035534,-1.0,0.5713209318579696,-0.003755868544600939,0.9569892473118279,0.0,0.0,-0.8333333333333334,0.2,0.0,0.0,0.0,1.0,0.0,381
0.0,1.101522842639594,-0.5625,-0.22768379202711048,0.29107981220657275,3.064516129032258,0.0,0.0,0.16666666666666666,1.0,0.0,0.0,1.0,0.0,0.0,626
0.08333333333333333,0.7715736040609137,0.375,0.682712243030312,-0.1352112676056338,1.086021505376344,0.0,0.0,0.16666666666666666,-0.3333333333333333,0.0,0.0,1.0,0.0,0.0,991
-0.5,-1.0812182741116751,0.0,1.7012842487764193,0.16619718309859155,-0.01075268817204301,0.4,0.3,-0.6666666666666666,-0.8666666666666667,1.0,0.0,0.0,1.0,0.0,33
0.08333333333333333,0.21319796954314718,-1.28125,0.7898955205469734,0.12582159624413145,3.5053763440860215,0.0,0.0,-0.3333333333333333,0.13333333333333333,0.0,1.0,0.0,0.0,0.0,975
0.0,0.21827411167512695,-1.125,0.7368002283746548,-0.3333333333333333,2.989247311827957,0.0,0.0,-0.3333333333333333,0.2,0.0,1.0,0.0,0.0,0.0,919
-1.0,0.06091370558375631,-0.0625,0.0707286024015658,0.29107981220657275,-0.01075268817204301,0.0,0.0,0.5,0.6,0.0,0.0,0.0,0.0,-1.0,558
0.5833333333333334,-0.2741116751269036,-0.65625,-0.22768379202711048,0.29107981220657275,0.05376344086021505,0.0,0.0,-0.5,0.0,0.0,1.0,0.0,0.0,0.0,974
0.4166666666666667,-0.83248730964467,0.28125,1.1844188200176686,-0.8892018779342723,0.23655913978494622,0.0,0.0,-0.8333333333333334,-0.4666666666666667,0.0,0.0,0.0,1.0,0.0,332
-1.0,0.1421319796954315,0.90625,-1.1921678124288753,0.29107981220657275,-0.01075268817204301,0.0,0.0,0.6666666666666666,-0.6,1.0,0.0,0.0,0.0,0.0,1049
-1.0,0.050761421319796954,0.53125,-1.0429616152145371,0.29107981220657275,-0.01075268817204301,0.0,0.0,0.6666666666666666,-0.8666666666666667,0.0,0.0,0.0,0.0,-1.0,1040
-0.08333333333333333,0.5532994923857868,-0.5,-0.14891824053188613,0.27417840375586855,2.7956989247311825,0.0,0.0,0.5,-0.4666666666666667,1.0,0.0,0.0,0.0,0.0,1051
0.8333333333333334,0.4974619289340102,-0.78125,-0.3098055405697065,0.29107981220657275,-0.01075268817204301,0.0,0.0,0.0,0.4,0.0,0.0,1.0,0.0,0.0,2103
-0.25,0.3705583756345178,-0.28125,-0.3098055405697065,0.29107981220657275,1.4731182795698923,0.0,0.0,0.5,-0.26666666666666666,0.0,0.0,0.0,0.0,0.0,1234
-0.16666666666666666,0.5989847715736041,-0.375,-0.14891824053188613,-0.2995305164319249,2.623655913978495,0.0,0.0,0.0,-1.0,0.0,0.0,1.0,0.0,0.0,862
0.0,-0.6142131979695431,-0.3125,1.5787787158685695,-0.28356807511737087,1.1720430107526882,0.0,1.0,1.0,1.0,1.0,0.0,0.0,1.0,-1.0,209
-0.5,0.5736040609137056,0.84375,-0.3098055405697065,-0.24788732394366197,-0.01075268817204301,0.0,0.0,0.16666666666666666,-0.2,0.0,0.0,1.0,0.0,0.0,665
0.4166666666666667,-0.015228426395939123,-0.65625,1.1844188200176686,0.29107981220657275,0.5806451612903226,0.0,0.0,0.6666666666666666,-0.3333333333333333,0.0,0.0,0.0,0.0,0.0,1685
-0.6666666666666666,-0.5177664974619289,0.71875,0.3951330286481768,-1.3690140845070422,-0.01075268817204301,0.0,0.0,-0.8333333333333334,0.13333333333333333,0.0,0.0,0.0,1.0,0.0,50
0.08333333333333333,0.11167512690355327,-0.5,0.5138834935935143,-0.3455399061032864,2.150537634408602,0.0,0.0,0.8333333333333334,-0.13333333333333333,0.0,0.0,0.0,0.0,0.0,1028
-0.5,-0.37055837563451777,-0.15625,-0.5816560227957038,-0.07605633802816901,-0.01075268817204301,0.0,0.0,-0.3333333333333333,0.13333333333333333,0.0,1.0,0.0,0.0,0.0,395
0.08333333333333333,0.8071065989847716,-0.28125,0.2705797236685667,0.23661971830985915,3.086021505376344,0.0,0.0,0.5,-1.0,1.0,0.0,0.0,0.0,0.0,1303
-0.5,-0.09137055837563456,1.1875,-0.6833781561418334,0.29107981220657275,-0.01075268817204301,2.0,0.0,-0.3333333333333333,-0.8,0.0,1.0,0.0,0.0,0.0,172
-0.9166666666666666,0.6649746192893402,0.71875,-2.15665183283064,-0.19248826291079812,-0.01075268817204301,0.0,0.0,0.16666666666666666,-0.26666666666666666,0.0,0.0,1.0,0.0,0.0,787
-0.9166666666666666,0.48730964467005083,0.28125,0.0707286024015658,0.29107981220657275,-0.01075268817204301,0.0,0.0,0.16666666666666666,-0.6666666666666666,0.0,0.0,1.0,0.0,0.0,839
0.5833333333333334,-0.035532994923857836,-0.53125,-0.07312821817005527,0.16901408450704225,-0.01075268817204301,0.0,0.0,0.8333333333333334,-0.9333333333333333,0.0,0.0,0.0,0.0,0.0,1568
0.6666666666666666,-0.5482233502538072,1.21875,0.0,-0.19812206572769953,-0.01075268817204301,0.0,0.0,-0.6666666666666666,0.8,0.0,0.0,0.0,1.0,0.0,8
-0.5,-0.9035532994923858,0.6875,-0.3098055405697065,-1.180281690140845,-0.01075268817204301,0.0,0.0,-0.8333333333333334,-0.13333333333333333,1.0,0.0,0.0,1.0,0.0,49
-1.0,-0.3654822335025381,-0.46875,1.0421797791354965,0.29107981220657275,-0.01075268817204301,0.0,0.0,-0.5,0.26666666666666666,0.0,1.0,0.0,0.0,0.0,297
0.25,-0.4720812182741117,-0.65625,0.5138834935935143,-0.6882629107981221,0.6021505376344085,0.0,0.0,-0.8333333333333334,0.13333333333333333,0.0,0.0,0.0,1.0,0.0,269
-0.5,-0.401015228426396,0.875,-0.22768379202711048,-0.8647887323943662,-0.01075268817204301,0.0,0.0,-0.3333333333333333,-0.06666666666666667,1.0,1.0,0.0,0.0,0.0,102
0.0,0.19289340101522848,1.1875,-0.6833781561418334,-1.4413145539906103,0.16129032258064516,3.5,0.0,-0.16666666666666666,-0.9333333333333333,0.0,1.0,0.0,0.0,0.0,63
-0.8333333333333334,-0.22335025380710663,0.6875,-0.91150831659757,-0.06103286384976526,-0.01075268817204301,0.0,0.0,0.6666666666666666,0.6,0.0,0.0,0.0,0.0,0.0,421
0.6666666666666666,0.9137055837563453,0.125,0.2058418822217645,0.29107981220657275,0.06451612903225806,0.0,0.0,0.16666666666666666,0.4666666666666667,0.0,0.0,1.0,0.0,0.0,2051
-0.16666666666666666,0.20304568527918782,0.28125,-0.14891824053188613,-0.5924882629107981,0.5806451612903226,0.0,0.0,-0.3333333333333333,-0.9333333333333333,0.0,1.0,0.0,0.0,0.0,579
-0.08333333333333333,0.3553299492385787,-0.46875,0.3951330286481768,0.27323943661971833,1.6989247311827957,0.0,0.0,0.5,0.6666666666666666,0.0,0.0,0.0,0.0,0.0,1152
0.3333333333333333,0.5329949238578681,-0.71875,0.7368002283746548,0.29107981220657275,1.7311827956989247,0.0,0.0,0.6666666666666666,-0.8666666666666667,0.0,0.0,0.0,0.0,-1.0,2112
-0.75,0.2588832487309645,0.8125,0.8420508501474621,-0.752112676056338,-0.01075268817204301,0.0,0.0,0.0,-0.5333333333333333,0.0,0.0,1.0,0.0,0.0,365
-0.9166666666666666,-0.09137055837563456,-0.15625,-0.3098055405697065,0.29107981220657275,-0.01075268817204301,0.0,0.0,0.6666666666666666,-0.5333333333333333,0.0,0.0,0.0,0.0,0.0,390
0.6666666666666666,0.284263959390863,0.03125,2.1924474977676494,0.29107981220657275,-0.01075268817204301,0.0,0.0,-0.3333333333333333,-0.4,0.0,1.0,0.0,0.0,0.0,336
0.0,0.6852791878172589,0.34375,0.3336351996355,0.1624413145539906,1.3870967741935483,0.0,0.0,0.0,0.8,0.0,0.0,1.0,0.0,0.0,1158
0.9166666666666666,-0.6192893401015228,1.09375,-0.7926654504863353,-1.3906103286384977,-0.01075268817204301,0.0,1.0,1.0,-0.6666666666666666,0.0,0.0,0.0,1.0,0.0,193
-0.4166666666666667,-0.6446700507614213,-0.5,-0.7926654504863353,-0.36807511737089205,-0.01075268817204301,0.0,0.0,0.8333333333333334,0.8666666666666667,0.0,0.0,0.0,0.0,0.0,800
-0.9166666666666666,0.04568527918781728,0.09375,0.13927936789351517,-1.0422535211267605,-0.01075268817204301,0.0,0.0,-0.3333333333333333,0.9333333333333333,0.0,1.0,0.0,0.0,0.0,362
-0.8333333333333334,0.3096446700507615,1.25,0.682712243030312,-1.3981220657276996,-0.01075268817204301,0.4,0.0,0.0,0.7333333333333333,0.0,0.0,1.0,0.0,0.0,164
-0.16666666666666666,-0.2690355329949239,1.0,-1.0429616152145371,-0.3051643192488263,0.4086021505376344,0.0,0.0,0.6666666666666666,0.8,1.0,0.0,0.0,0.0,0.0,330
0.8333333333333334,-0.0406091370558376,0.03125,-2.15665183283064,-0.19718309859154928,-0.01075268817204301,0.0,0.0,0.6666666666666666,0.26666666666666666,1.0,0.0,0.0,0.0,0.0,1141
0.8333333333333334,-0.1421319796954315,0.03125,-0.07312821817005527,-1.0234741784037558,-0.01075268817204301,0.0,0.0,-0.5,0.6666666666666666,0.0,1.0,0.0,0.0,0.0,662
0.75,-0.5939086294416244,1.09375,-0.3098055405697065,-1.4845070422535211,-0.01075268817204301,0.2,0.0,1.0,0.9333333333333333,1.0,0.0,0.0,1.0,0.0,64
0.5833333333333334,-0.4873096446700508,-0.625,-0.07312821817005527,-0.2563380281690141,-0.01075268817204301,0.0,0.0,-0.6666666666666666,-0.13333333333333333,0.0,0.0,0.0,1.0,0.0,316
-0.5,0.04568527918781728,1.21875,-0.6833781561418334,-1.1615023474178403,-0.01075268817204301,8.0,0.0,-0.5,-0.06666666666666667,0.0,1.0,0.0,0.0,0.0,10
0.3333333333333333,0.8172588832487311,-0.96875,1.2305047302068106,0.29107981220657275,2.763440860215054,0.0,0.0,0.0,-0.9333333333333333,1.0,0.0,1.0,0.0,0.0,1707
0.5833333333333334,0.43147208121827413,-0.53125,0.0707286024015658,-0.03004694835680751,0.49462365591397844,0.0,0.0,-0.16666666666666666,0.6,0.0,1.0,0.0,0.0,0.0,2227
-0.25,-0.6751269035532995,-0.90625,0.2705797236685667,0.2272300469483568,0.6021505376344085,0.0,0.0,0.8333333333333334,0.4,0.0,0.0,0.0,0.0,0.0,883
0.0,0.5279187817258882,0.8125,-0.3098055405697065,0.19812206572769953,0.27956989247311825,0.0,0.0,0.5,-0.8666666666666667,0.0,0.0,0.0,0.0,0.0,673
-0.08333333333333333,-1.0507614213197969,-0.875,0.2058418822217645,0.2215962441314554,0.9354838709677419,0.0,0.0,1.0,0.06666666666666667,1.0,0.0,0.0,1.0,0.0,189
0.5833333333333334,1.0609137055837563,-0.5625,-0.22768379202711048,0.29107981220657275,0.6129032258064515,0.0,0.0,0.16666666666666666,0.8666666666666667,1.0,0.0,1.0,0.0,0.0,1486
-0.3333333333333333,0.7411167512690356,0.03125,-0.14891824053188613,0.29107981220657275,0.13978494623655913,0.0,0.0,0.3333333333333333,0.4666666666666667,0.0,0.0,1.0,0.0,0.0,1678
-0.16666666666666666,0.19289340101522848,-0.125,-0.6833781561418334,-0.26666666666666666,1.956989247311828,0.0,0.0,0.6666666666666666,-0.8666666666666667,0.0,0.0,0.0,0.0,-1.0,1113
0.25,-0.4974619289340102,0.65625,0.3336351996355,-0.3530516431924883,0.8602150537634409,0.0,4.1,0.8333333333333334,0.5333333333333333,1.0,0.0,0.0,0.0,0.0,330
-0.6666666666666666,0.25380710659898476,0.78125,0.3336351996355,-0.5802816901408451,-0.01075268817204301,0.0,0.0,0.0,-0.5333333333333333,0.0,0.0,1.0,0.0,0.0,255
0.75,-1.4010152284263961,-0.65625,0.2058418822217645,0.168075117370892,-0.01075268817204301,0.0,0.3,-0.8333333333333334,0.6666666666666666,0.0,0.0,0.0,1.0,0.0,130
-0.5833333333333334,-0.13705583756345174,1.0,0.0707286024015658,-0.6882629107981221,-0.01075268817204301,0.0,0.0,0.8333333333333334,-0.5333333333333333,0.0,0.0,0.0,0.0,0.0,49
0.9166666666666666,0.7005076142131981,0.75,-2.15665183283064,-0.3784037558685446,-0.01075268817204301,0.0,0.0,0.3333333333333333,-0.4666666666666667,0.0,0.0,1.0,0.0,0.0,1075
0.5833333333333334,-0.7766497461928935,-0.5,0.3951330286481768,0.29107981220657275,-0.01075268817204301,0.0,0.0,1.0,0.6,0.0,0.0,0.0,1.0,-1.0,184
0.08333333333333333,0.8934010152284265,-0.84375,0.0,0.29107981220657275,3.473118279569893,0.0,0.0,0.3333333333333333,0.13333333333333333,1.0,0.0,1.0,0.0,0.0,1003
0.3333333333333333,0.42131979695431476,1.25,0.2058418822217645,-1.3934272300469484,0.18279569892473116,0.0,0.0,-0.16666666666666666,0.0,0.0,1.0,0.0,0.0,0.0,223
0.3333333333333333,0.9796954314720812,-0.15625,0.8933144384752442,0.10610328638497653,2.4408602150537635,0.0,0.0,0.16666666666666666,-0.06666666666666667,1.0,0.0,1.0,0.0,0.0,1125
0.08333333333333333,1.0558375634517765,-0.09375,0.455183241303237,-0.14084507042253522,3.1397849462365595,0.0,0.0,0.3333333333333333,-0.6666666666666666,0.0,0.0,1.0,0.0,0.0,666
-1.0,0.4416243654822335,0.84375,-0.3098055405697065,-1.1342723004694835,-0.01075268817204301,0.0,0.0,0.0,0.8,0.0,0.0,1.0,0.0,0.0,561
-0.16666666666666666,0.06091370558375631,0.125,0.3336351996355,-0.6995305164319249,0.6774193548387096,0.0,0.0,-0.3333333333333333,-1.0,1.0,1.0,0.0,0.0,0.0,566
-1.0,0.49238578680203043,0.75,0.5713209318579696,0.26854460093896715,-0.01075268817204301,0.0,0.0,0.3333333333333333,0.6,1.0,0.0,1.0,0.0,0.0,980
0.8333333333333334,-0.3197969543147208,0.09375,-0.07312821817005527,0.22347417840375586,-0.01075268817204301,0.0,0.0,-0.5,-0.6,0.0,1.0,0.0,0.0,0.0,147
-0.6666666666666666,0.7208121827411167,0.5625,-0.39575298507290857,-0.30985915492957744,-0.01075268817204301,0.0,0.0,0.16666666666666666,0.6666666666666666,0.0,0.0,1.0,0.0,0.0,252
0.8333333333333334,0.2588832487309645,0.375,0.13927936789351517,-0.603755868544601,-0.01075268817204301,0.0,0.0,-0.16666666666666666,-0.6,0.0,1.0,0.0,0.0,0.0,1336
-0.3333333333333333,-0.15228426395939088,0.6875,-0.14891824053188613,0.29107981220657275,0.30107526881720426,0.0,0.0,-0.3333333333333333,0.5333333333333333,0.0,1.0,0.0,0.0,0.0,1502
-0.08333333333333333,-0.07614213197969544,1.21875,-0.39575298507290857,-1.4140845070422534,0.13978494623655913,3.5,0.0,-0.16666666666666666,-0.26666666666666666,1.0,1.0,0.0,0.0,0.0,18
-0.6666666666666666,-0.09137055837563456,0.21875,0.0707286024015658,-0.10516431924882629,-0.01075268817204301,0.0,0.0,-0.16666666666666666,0.5333333333333333,0.0,1.0,0.0,0.0,0.0,161
0.16666666666666666,0.20304568527918782,-0.59375,-0.22768379202711048,-0.5633802816901409,1.8602150537634408,0.0,0.0,0.8333333333333334,-0.7333333333333333,0.0,0.0,0.0,0.0,0.0,993
0.6666666666666666,-0.08629441624365479,-0.125,0.0,0.29107981220657275,-0.01075268817204301,0.0,0.0,0.6666666666666666,-0.26666666666666666,0.0,0.0,0.0,0.0,0.0,1440
0.16666666666666666,0.6802030456852791,-0.375,0.0707286024015658,0.29107981220657275,2.4301075268817205,0.0,0.0,0.5,-0.26666666666666666,0.0,0.0,0.0,0.0,0.0,1087
-0.5,-0.35025380710659904,0.84375,-0.22768379202711048,-1.236619718309859,-0.01075268817204301,0.0,0.0,0.8333333333333334,-0.3333333333333333,1.0,0.0,0.0,0.0,0.0,117
-0.4166666666666667,-0.40609137055837563,0.0625,0.7898955205469734,-1.1661971830985915,-0.01075268817204301,0.0,0.0,-0.6666666666666666,0.8,0.0,0.0,0.0,1.0,0.0,426
-0.75,-0.416243654822335,0.15625,-2.15665183283064,-0.19248826291079812,-0.01075268817204301,0.0,0.0,0.8333333333333334,-0.2,0.0,0.0,0.0,0.0,0.0,205
-0.25,0.3807106598984772,1.25,-0.14891824053188613,-0.812206572769953,0.13978494623655913,3.0,0.0,0.16666666666666666,-0.9333333333333333,0.0,0.0,1.0,0.0,0.0,128
-0.08333333333333333,-1.1776649746192893,-0.625,0.7898955205469734,-0.23849765258215963,1.6774193548387097,0.0,0.0,-0.6666666666666666,-0.8,1.0,0.0,0.0,1.0,0.0,115
0.9166666666666666,0.1421319796954315,0.40625,-0.6833781561418334,-0.3727699530516432,-0.01075268817204301,0.0,0.0,-0.16666666666666666,0.3333333333333333,0.0,1.0,0.0,0.0,0.0,1273
0.5,-0.4365482233502538,0.0625,-0.07312821817005527,-1.1859154929577465,-0.01075268817204301,0.0,0.0,-0.8333333333333334,0.0,0.0,0.0,0.0,1.0,0.0,592
0.25,0.2588832487309645,-0.8125,-0.07312821817005527,-0.107981220657277,1.7419354838709675,0.0,0.0,0.8333333333333334,-0.9333333333333333,0.0,0.0,0.0,0.0,0.0,1251
-0.8333333333333334,-0.2639593908629441,0.40625,-0.5816560227957038,-1.2169014084507042,-0.01075268817204301,0.0,0.0,-0.5,0.7333333333333333,0.0,1.0,0.0,0.0,0.0,163
0.9166666666666666,0.6395939086294418,0.84375,0.2705797236685667,0.10422535211267606,-0.01075268817204301,0.5,0.0,0.3333333333333333,0.4666666666666667,0.0,0.0,1.0,0.0,0.0,267
0.25,0.3248730964467004,0.03125,0.6275737112096174,-0.3211267605633803,0.5376344086021505,0.0,0.0,-0.3333333333333333,-0.8666666666666667,0.0,1.0,0.0,0.0,0.0,961
-0.3333333333333333,0.030456852791878156,1.25,-0.3098055405697065,-1.2657276995305164,-0.01075268817204301,0.0,0.0,-0.5,-0.06666666666666667,0.0,1.0,0.0,0.0,0.0,39
0.0,0.8934010152284265,0.1875,0.8933144384752442,0.09859154929577464,1.21505376344086,0.0,0.0,0.3333333333333333,-0.4666666666666667,0.0,0.0,1.0,0.0,0.0,484
-0.25,-0.09137055837563456,-0.78125,-0.5816560227957038,0.16150234741784036,1.7096774193548387,0.0,0.0,-0.3333333333333333,0.6,0.0,1.0,0.0,0.0,0.0,1066
-0.75,-0.6548223350253808,0.21875,-1.0429616152145371,-0.9004694835680751,-0.01075268817204301,0.0,0.0,1.0,0.8666666666666667,0.0,0.0,0.0,1.0,0.0,135
-1.0,-0.07614213197969544,0.59375,-0.5816560227957038,-1.2619718309859156,-0.01075268817204301,0.0,0.0,-0.5,0.8,0.0,1.0,0.0,0.0,0.0,400
0.0,0.24873096446700502,-0.53125,1.137688257706579,0.2516431924882629,2.4408602150537635,0.0,0.0,0.6666666666666666,-1.0,0.0,0.0,0.0,0.0,0.0,1138
0.0,0.4568527918781726,-0.75,0.2058418822217645,-0.7474178403755869,3.086021505376344,0.0,0.0,-0.3333333333333333,0.26666666666666666,0.0,1.0,0.0,0.0,0.0,1019
-0.3333333333333333,-0.7918781725888325,0.90625,-0.07312821817005527,-1.2544600938967136,-0.01075268817204301,0.0,1.2,1.0,1.0,1.0,0.0,0.0,1.0,-1.0,84
-0.16666666666666666,0.05583756345177664,-0.4375,-0.6833781561418334,-0.3295774647887324,1.4408602150537635,0.0,0.0,0.6666666666666666,0.4,0.0,0.0,0.0,0.0,0.0,817
0.16666666666666666,0.3299492385786802,-1.09375,0.0707286024015658,0.24413145539906103,2.4516129032258065,0.0,0.0,0.6666666666666666,0.26666666666666666,1.0,0.0,0.0,0.0,0.0,1649
-0.6666666666666666,-0.9593908629441624,0.75,-0.6833781561418334,-1.3333333333333333,-0.01075268817204301,0.0,0.7,1.0,0.13333333333333333,0.0,0.0,0.0,1.0,0.0,29
-0.8333333333333334,-0.2741116751269036,-0.375,-0.39575298507290857,0.29107981220657275,-0.01075268817204301,0.0,0.0,-0.3333333333333333,-0.26666666666666666,0.0,1.0,0.0,0.0,0.0,269
-0.6666666666666666,-1.0253807106598984,0.25,-0.3098055405697065,0.014084507042253521,-0.01075268817204301,0.0,0.0,-0.6666666666666666,-0.9333333333333333,0.0,0.0,0.0,1.0,0.0,47
-0.25,0.8629441624365483,-0.125,0.0707286024015658,0.29107981220657275,1.8602150537634408,0.0,0.0,0.16666666666666666,0.9333333333333333,0.0,0.0,1.0,0.0,0.0,866
0.5833333333333334,0.1472081218274111,-0.3125,-0.39575298507290857,0.003755868544600939,-0.01075268817204301,0.0,0.0,0.6666666666666666,0.6,0.0,0.0,0.0,0.0,0.0,1968
-0.25,-1.0862944162436547,-0.28125,-0.22768379202711048,0.2215962441314554,0.13978494623655913,0.0,0.0,-0.8333333333333334,-0.8,0.0,0.0,0.0,1.0,0.0,340
-0.75,-0.2893401015228427,-0.25,-0.39575298507290857,0.2676056338028169,-0.01075268817204301,0.0,0.0,-0.3333333333333333,0.06666666666666667,0.0,1.0,0.0,0.0,0.0,164
0.16666666666666666,0.5025380710659898,0.75,-0.7926654504863353,0.21690140845070421,0.5268817204301075,0.0,0.0,-0.16666666666666666,0.06666666666666667,0.0,1.0,0.0,0.0,0.0,352
0.3333333333333333,-0.7817258883248731,-1.25,1.0421797791354965,0.29107981220657275,0.6451612903225806,0.0,0.0,1.0,0.6666666666666666,0.0,0.0,0.0,1.0,0.0,282
0.5,-0.8172588832487311,-0.53125,-2.15665183283064,0.29107981220657275,-0.01075268817204301,0.0,0.0,1.0,-0.7333333333333333,0.0,0.0,0.0,1.0,0.0,789
-0.25,-0.9035532994923858,1.0,-0.39575298507290857,-1.531455399061033,-0.01075268817204301,1.6,4.0,1.0,0.13333333333333333,0.0,0.0,0.0,1.0,0.0,52
0.75,-0.49238578680203043,-0.5625,0.9933397872392326,0.29107981220657275,-0.01075268817204301,0.0,0.0,-0.3333333333333333,-0.6,1.0,1.0,0.0,0.0,0.0,443
0.4166666666666667,-1.0203045685279188,-0.875,0.6275737112096174,0.29107981220657275,0.7204301075268817,0.0,0.0,-0.6666666666666666,-0.6666666666666666,0.0,0.0,0.0,1.0,0.0,227
-0.25,0.21319796954314718,-0.28125,0.0,0.29107981220657275,1.3870967741935483,0.0,0.0,0.5,0.7333333333333333,0.0,0.0,0.0,0.0,0.0,1120
-0.6666666666666666,0.299492385786802,0.125,0.0707286024015658,0.29107981220657275,-0.01075268817204301,0.0,0.0,0.5,-0.4,0.0,0.0,0.0,0.0,0.0,188
-0.5833333333333334,-0.5939086294416244,-0.71875,-0.4861165064064858,0.28169014084507044,-0.01075268817204301,0.0,0.0,0.8333333333333334,0.8666666666666667,0.0,0.0,0.0,0.0,0.0,126
-0.25,0.36040609137055846,-0.4375,-0.3098055405697065,-0.5502347417840375,1.967741935483871,0.0,0.0,-0.16666666666666666,0.6666666666666666,1.0,1.0,0.0,0.0,0.0,992
0.3333333333333333,0.2284263959390863,-0.78125,0.8933144384752442,0.13708920187793427,1.096774193548387,0.0,0.0,-0.5,1.0,1.0,1.0,0.0,0.0,0.0,1578
-0.3333333333333333,-0.6497461928934011,0.46875,-0.39575298507290857,-0.27511737089201876,0.04301075268817204,0.0,0.0,0.8333333333333334,0.06666666666666667,1.0,0.0,0.0,0.0,0.0,530
0.5,-0.42131979695431476,-0.84375,0.7898955205469734,0.1755868544600939,0.3763440860215053,0.0,0.0,-0.6666666666666666,0.6,1.0,0.0,0.0,1.0,0.0,402
-0.25,-0.9035532994923858,-0.5625,-0.6833781561418334,0.26572769953051645,0.15053763440860213,0.0,0.0,-0.8333333333333334,-1.0,0.0,0.0,0.0,1.0,-1.0,121
-0.8333333333333334,-0.5685279187817259,-0.03125,-0.7926654504863353,0.29107981220657275,-0.01075268817204301,0.0,0.0,-0.5,0.06666666666666667,1.0,1.0,0.0,0.0,0.0,268
-0.08333333333333333,0.1624365482233502,0.25,0.0,-0.9530516431924883,1.5161290322580643,0.0,0.0,0.6666666666666666,-0.06666666666666667,0.0,0.0,0.0,0.0,0.0,910
-0.25,0.3147208121827411,1.28125,-0.91150831659757,-0.968075117370892,0.04301075268817204,10.0,0.0,-0.16666666666666666,0.06666666666666667,0.0,1.0,0.0,0.0,0.0,28
0.08333333333333333,0.5634517766497463,-1.46875,0.7368002283746548,0.29107981220657275,3.5483870967741935,0.0,0.0,-0.3333333333333333,0.3333333333333333,1.0,1.0,0.0,0.0,0.0,1315
0.16666666666666666,1.1116751269035532,-0.4375,-0.07312821817005527,0.29107981220657275,2.6559139784946235,0.0,0.0,0.16666666666666666,0.8666666666666667,1.0,0.0,1.0,0.0,0.0,630
-0.75,0.07106598984771575,1.21875,0.455183241303237,-0.9896713615023475,-0.01075268817204301,0.5,0.0,-0.16666666666666666,0.4666666666666667,0.0,1.0,0.0,0.0,0.0,43
0.6666666666666666,-0.2081218274111675,-0.21875,0.3951330286481768,-1.2197183098591549,-0.01075268817204301,0.0,0.0,-0.5,-0.26666666666666666,0.0,1.0,0.0,0.0,0.0,801
0.0,0.7715736040609137,-0.9375,0.13927936789351517,0.14366197183098592,3.5268817204301075,0.0,0.0,0.0,-0.8666666666666667,1.0,0.0,1.0,0.0,0.0,1134
-0.8333333333333334,-0.35025380710659904,0.0625,-1.0429616152145371,0.29107981220657275,-0.01075268817204301,0.0,0.0,0.6666666666666666,0.8,1.0,0.0,0.0,0.0,0.0,450
-0.16666666666666666,-0.7918781725888325,0.46875,0.13927936789351517,-1.127699530516432,0.3548387096774194,0.0,0.0,-0.8333333333333334,-0.13333333333333333,1.0,0.0,0.0,1.0,0.0,134
-0.9166666666666666,0.20304568527918782,0.65625,-0.7926654504863353,-1.3267605633802817,-0.01075268817204301,0.0,0.0,-0.16666666666666666,-0.06666666666666667,0.0,1.0,0.0,0.0,0.0,563
-0.4166666666666667,0.5634517766497463,1.25,-1.1921678124288753,-1.4178403755868545,0.06451612903225806,0.5,0.0,0.16666666666666666,-0.3333333333333333,0.0,0.0,1.0,0.0,0.0,303
0.3333333333333333,1.182741116751269,-0.84375,0.7898955205469734,0.061971830985915494,2.580645161290323,0.0,0.0,0.16666666666666666,0.3333333333333333,1.0,0.0,1.0,0.0,0.0,883
0.9166666666666666,-0.3807106598984772,0.53125,-0.3098055405697065,0.29107981220657275,-0.01075268817204301,0.0,0.0,0.6666666666666666,0.8,1.0,0.0,0.0,0.0,0.0,512
-0.08333333333333333,0.7715736040609137,0.21875,-0.14891824053188613,-0.336150234741784,1.6344086021505375,0.0,0.0,0.16666666666666666,-0.06666666666666667,1.0,0.0,1.0,0.0,0.0,712
0.6666666666666666,0.9543147208121826,-0.28125,-0.07312821817005527,0.29107981220657275,0.07526881720430108,0.0,0.0,0.16666666666666666,0.8666666666666667,1.0,0.0,1.0,0.0,0.0,1697
0.5,0.19796954314720805,-0.375,0.9437305196070348,-0.5615023474178403,0.7956989247311828,0.0,0.0,-0.3333333333333333,0.6666666666666666,0.0,1.0,0.0,0.0,0.0,2574
-0.8333333333333334,-0.3807106598984772,0.78125,-0.14891824053188613,-1.4009389671361503,-0.01075268817204301,0.0,0.0,-0.5,0.6,1.0,1.0,0.0,0.0,0.0,195
0.0,0.38578680203045695,1.25,-0.22768379202711048,-0.9737089201877934,0.17204301075268816,7.5,0.0,0.16666666666666666,-1.0,1.0,0.0,1.0,0.0,0.0,9
0.3333333333333333,0.17766497461928935,0.78125,0.2705797236685667,0.29107981220657275,0.8924731182795698,0.0,0.0,-0.16666666666666666,0.13333333333333333,0.0,1.0,0.0,0.0,0.0,1182
-0.3333333333333333,-1.33502538071066,-0.03125,0.5713209318579696,-0.17183098591549295,0.01075268817204301,0.0,0.0,-0.6666666666666666,-0.8,1.0,0.0,0.0,1.0,0.0,70
-0.75,-0.5685279187817259,-0.28125,-0.5816560227957038,-0.2272300469483568,-0.01075268817204301,0.0,0.0,-0.5,-0.26666666666666666,0.0,1.0,0.0,0.0,0.0,60
-0.8333333333333334,0.06598984771573609,0.875,-1.0429616152145371,0.1323943661971831,-0.01075268817204301,0.0,0.0,-0.16666666666666666,-0.6,0.0,1.0,0.0,0.0,0.0,404
0.4166666666666667,0.7309644670050761,-0.1875,-0.07312821817005527,0.29107981220657275,1.268817204301075,0.0,0.0,0.5,-0.2,0.0,0.0,0.0,0.0,0.0,2021
0.4166666666666667,0.005076142131979678,-0.34375,0.2058418822217645,-0.29671361502347415,0.3225806451612903,0.0,0.0,0.8333333333333334,-0.13333333333333333,0.0,0.0,0.0,0.0,0.0,1532
-0.4166666666666667,-0.868020304568528,-0.46875,-0.4861165064064858,-0.4056338028169014,-0.01075268817204301,0.0,0.0,-0.6666666666666666,-0.4666666666666667,0.0,0.0,0.0,1.0,0.0,273
-0.08333333333333333,-0.7208121827411167,-0.375,0.0,-0.24507042253521127,0.8064516129032258,0.0,0.0,-0.8333333333333334,-0.7333333333333333,0.0,0.0,0.0,1.0,0.0,308
0.5,0.2741116751269035,-0.84375,0.682712243030312,0.2863849765258216,1.118279569892473,0.0,0.0,-0.3333333333333333,0.8,1.0,1.0,0.0,0.0,0.0,1882
0.25,1.182741116751269,-0.65625,-0.39575298507290857,0.29107981220657275,2.6344086021505375,0.0,0.0,0.3333333333333333,0.4,0.0,0.0,1.0,0.0,0.0,842
-0.4166666666666667,-0.969543147208122,0.03125,-0.4861165064064858,-0.3023474178403756,-0.01075268817204301,0.0,0.0,-0.8333333333333334,-0.6,1.0,0.0,0.0,1.0,0.0,60
-0.3333333333333333,0.27918781725888325,0.3125,-0.3098055405697065,0.26854460093896715,1.3763440860215053,0.0,0.0,0.0,-0.26666666666666666,0.0,0.0,1.0,0.0,0.0,2495
0.4166666666666667,0.5076142131979695,0.03125,-0.22768379202711048,0.29107981220657275,0.5483870967741935,0.0,0.0,0.3333333333333333,0.6666666666666666,1.0,0.0,1.0,0.0,0.0,1399
0.8333333333333334,0.7664974619289341,0.53125,0.6275737112096174,0.10704225352112676,-0.01075268817204301,0.0,0.0,0.3333333333333333,-0.8,1.0,0.0,1.0,0.0,0.0,1337
0.9166666666666666,-0.969543147208122,-0.125,-0.22768379202711048,-0.3755868544600939,-0.01075268817204301,0.0,0.0,1.0,-0.13333333333333333,0.0,0.0,0.0,1.0,0.0,211
-0.4166666666666667,-0.035532994923857836,0.78125,-0.7926654504863353,-1.2394366197183098,0.0,0.0,0.0,-0.5,0.8666666666666667,0.0,1.0,0.0,0.0,0.0,781
0.25,-0.3147208121827411,-0.59375,-0.5816560227957038,0.29107981220657275,0.3978494623655914,0.0,0.0,-0.3333333333333333,-0.5333333333333333,1.0,1.0,0.0,0.0,0.0,343
-0.75,0.25380710659898476,0.5,-0.39575298507290857,0.24507042253521127,-0.01075268817204301,0.0,0.0,0.0,-0.2,0.0,0.0,1.0,0.0,0.0,591
-0.6666666666666666,-1.517766497461929,-0.65625,0.0,0.29107981220657275,-0.01075268817204301,0.0,0.5,-0.8333333333333334,0.6666666666666666,0.0,0.0,0.0,1.0,0.0,24
-0.4166666666666667,-1.451776649746193,-0.375,-0.4861165064064858,0.29107981220657275,-0.01075268817204301,0.0,0.0,-0.8333333333333334,-0.26666666666666666,0.0,0.0,0.0,1.0,0.0,189
-0.3333333333333333,-0.1624365482233502,0.625,-0.6833781561418334,-1.2666666666666666,0.3870967741935484,0.0,0.0,-0.5,0.8,0.0,1.0,0.0,0.0,0.0,1353
0.9166666666666666,-1.2842639593908631,-0.34375,-0.3098055405697065,0.1596244131455399,-0.01075268817204301,0.0,0.0,-0.6666666666666666,-0.6666666666666666,0.0,0.0,0.0,1.0,0.0,106
0.4166666666666667,0.3553299492385787,-0.25,1.137688257706579,0.29107981220657275,1.258064516129032,0.0,0.0,-0.5,-0.13333333333333333,0.0,1.0,0.0,0.0,0.0,1325
-0.16666666666666666,0.09644670050761424,1.25,-0.7926654504863353,-1.235680751173709,0.3978494623655914,1.5,0.0,-0.16666666666666666,-0.6666666666666666,1.0,1.0,0.0,0.0,0.0,13
0.4166666666666667,0.43147208121827413,1.0,0.455183241303237,-1.3192488262910798,0.2150537634408602,1.0,0.0,0.5,0.0,1.0,0.0,0.0,0.0,0.0,322
-0.5833333333333334,-0.29949238578680204,0.6875,-1.1921678124288753,-0.8685446009389671,-0.01075268817204301,0.0,0.0,0.6666666666666666,-0.13333333333333333,1.0,0.0,0.0,0.0,0.0,110
-0.08333333333333333,0.030456852791878156,-0.78125,-0.14891824053188613,0.29107981220657275,2.860215053763441,0.0,0.0,-0.3333333333333333,0.0,0.0,1.0,0.0,0.0,0.0,855
-0.16666666666666666,-0.19796954314720816,-0.125,-0.07312821817005527,0.12018779342723004,1.236559139784946,0.0,0.0,0.8333333333333334,-0.13333333333333333,0.0,0.0,0.0,0.0,0.0,779
-0.8333333333333334,-0.12182741116751271,-0.03125,-0.07312821817005527,0.29107981220657275,-0.01075268817204301,0.0,0.0,0.6666666666666666,-0.5333333333333333,0.0,0.0,0.0,0.0,0.0,265
0.75,-0.5736040609137056,-0.90625,-0.5816560227957038,0.29107981220657275,-0.01075268817204301,0.0,0.0,0.8333333333333334,0.4666666666666667,0.0,0.0,0.0,0.0,0.0,679
0.75,0.7969543147208121,0.5,0.2705797236685667,0.22816901408450704,-0.01075268817204301,0.0,0.0,0.3333333333333333,-0.8,1.0,0.0,1.0,0.0,0.0,1377
0.4166666666666667,0.6649746192893402,0.1875,0.8933144384752442,0.29107981220657275,0.4516129032258064,0.0,0.0,0.5,-0.6666666666666666,0.0,0.0,0.0,0.0,0.0,1525
-0.9166666666666666,0.7208121827411167,0.8125,0.7368002283746548,-0.5276995305164319,-0.01075268817204301,0.0,0.0,0.3333333333333333,-0.7333333333333333,1.0,0.0,1.0,0.0,0.0,758
-0.5,-0.7258883248730965,-0.40625,-0.7926654504863353,-0.13990610328638498,-0.01075268817204301,0.0,0.0,-0.6666666666666666,0.6,1.0,0.0,0.0,1.0,0.0,54
0.0,0.7005076142131981,-0.1875,0.7898955205469734,-0.9267605633802817,3.3870967741935485,0.0,0.0,0.0,-0.6666666666666666,0.0,0.0,1.0,0.0,-1.0,1400
-0.4166666666666667,-0.5989847715736041,1.0,-0.14891824053188613,-1.3098591549295775,-0.01075268817204301,0.0,0.3,0.8333333333333334,0.6666666666666666,0.0,0.0,0.0,0.0,0.0,819
0.0,0.27918781725888325,0.09375,0.2058418822217645,-1.1051643192488263,2.258064516129032,0.0,0.0,0.6666666666666666,-0.06666666666666667,0.0,0.0,0.0,0.0,0.0,1052
-0.3333333333333333,0.6548223350253807,0.375,-0.91150831659757,-0.12300469483568074,1.1612903225806452,0.0,0.0,0.16666666666666666,0.0,0.0,0.0,1.0,0.0,0.0,1935
-0.75,-1.3197969543147208,-0.25,0.0,0.18309859154929578,-0.01075268817204301,0.0,0.0,-0.6666666666666666,-0.6,0.0,0.0,0.0,1.0,0.0,51
0.16666666666666666,0.5228426395939086,0.15625,-0.22768379202711048,-0.38309859154929576,2.043010752688172,0.0,0.0,0.0,-0.13333333333333333,0.0,0.0,1.0,0.0,0.0,1153
-0.6666666666666666,0.5279187817258882,1.21875,-1.0429616152145371,0.10046948356807511,-0.01075268817204301,0.0,0.0,0.3333333333333333,0.9333333333333333,0.0,0.0,1.0,0.0,0.0,42
-0.4166666666666667,0.030456852791878156,0.375,-0.3098055405697065,0.0018779342723004694,-0.01075268817204301,0.0,0.0,-0.5,-0.13333333333333333,0.0,1.0,0.0,0.0,0.0,786
0.4166666666666667,0.7157360406091372,-0.3125,1.0421797791354965,0.29107981220657275,1.5913978494623655,0.0,0.0,0.5,-0.8,0.0,0.0,0.0,0.0,0.0,1993
-0.25,-0.4974619289340102,0.875,0.2058418822217645,0.29107981220657275,0.17204301075268816,0.0,0.0,-0.5,-0.7333333333333333,0.0,1.0,0.0,0.0,0.0,211
-0.4166666666666667,0.16751269035532998,0.5,-0.39575298507290857,-0.30422535211267604,0.0,0.0,0.0,-0.3333333333333333,-0.8666666666666667,0.0,1.0,0.0,0.0,0.0,1033
0.5833333333333334,0.7055837563451777,0.65625,-0.3098055405697065,0.19624413145539907,0.27956989247311825,0.0,0.0,0.16666666666666666,-0.26666666666666666,0.0,0.0,1.0,0.0,0.0,2313
0.0,-0.38578680203045684,-1.0625,0.7898955205469734,0.27699530516431925,2.010752688172043,0.0,0.0,0.8333333333333334,0.4,0.0,0.0,0.0,0.0,0.0,717
-0.08333333333333333,-0.44670050761421326,-0.96875,1.7012842487764193,0.22253521126760564,1.6559139784946235,0.0,0.0,-0.3333333333333333,-0.6,1.0,1.0,0.0,0.0,0.0,553
0.08333333333333333,0.3908629441624365,1.25,-0.3098055405697065,-0.8732394366197183,0.2043010752688172,3.5,0.0,0.16666666666666666,-1.0,1.0,0.0,1.0,0.0,0.0,30
0.08333333333333333,1.0203045685279188,-0.09375,1.2305047302068106,0.06009389671361502,2.741935483870968,0.0,0.0,0.3333333333333333,-0.8,1.0,0.0,1.0,0.0,0.0,703
-0.5833333333333334,-0.42131979695431476,0.0625,0.13927936789351517,-1.1765258215962442,-0.01075268817204301,0.0,0.0,-0.6666666666666666,0.8,0.0,0.0,0.0,1.0,0.0,62
0.3333333333333333,0.9035532994923858,-0.15625,-0.22768379202711048,0.29107981220657275,1.7419354838709675,0.0,0.0,0.16666666666666666,-0.8666666666666667,0.0,0.0,1.0,0.0,0.0,1325
0.8333333333333334,-0.19796954314720816,-0.5,-0.91150831659757,-0.2460093896713615,-0.01075268817204301,0.0,0.0,-0.3333333333333333,-0.4666666666666667,0.0,1.0,0.0,0.0,0.0,1069
-0.6666666666666666,0.3299492385786802,0.1875,0.2058418822217645,0.29107981220657275,-0.01075268817204301,0.0,0.0,0.16666666666666666,-0.6,1.0,0.0,1.0,0.0,0.0,331
0.5833333333333334,-0.6192893401015228,-1.0,-0.14891824053188613,0.29107981220657275,-0.01075268817204301,0.0,0.0,-0.8333333333333334,0.3333333333333333,1.0,0.0,0.0,1.0,0.0,223
0.08333333333333333,0.3248730964467004,-0.75,-0.07312821817005527,0.29107981220657275,1.3655913978494623,0.0,0.0,-0.16666666666666666,0.26666666666666666,1.0,1.0,0.0,0.0,0.0,1559
0.6666666666666666,0.38578680203045695,-0.4375,0.2058418822217645,-0.8469483568075117,-0.01075268817204301,0.0,0.0,-0.3333333333333333,0.26666666666666666,0.0,1.0,0.0,0.0,0.0,1358
-0.3333333333333333,-0.43147208121827413,0.6875,-0.3098055405697065,-1.396244131455399,0.23655913978494622,0.0,0.0,-0.5,0.6,1.0,1.0,0.0,0.0,0.0,225
0.0,0.3197969543147209,-0.34375,0.6275737112096174,0.13802816901408452,2.4623655913978495,0.0,0.0,0.6666666666666666,-0.6,1.0,0.0,0.0,0.0,0.0,1516
-0.6666666666666666,0.46700507614213194,1.25,-1.3691539278131721,0.1107981220657277,-0.01075268817204301,0.0,0.0,0.16666666666666666,-0.8666666666666667,0.0,0.0,1.0,0.0,0.0,149
-0.8333333333333334,-0.11675126903553304,0.03125,-0.07312821817005527,-0.4084507042253521,-0.01075268817204301,0.0,0.0,-0.3333333333333333,0.7333333333333333,0.0,1.0,0.0,0.0,0.0,361
0.9166666666666666,-0.9035532994923858,-0.40625,-0.6833781561418334,-0.415962441314554,-0.01075268817204301,0.0,0.0,-0.6666666666666666,-0.5333333333333333,0.0,0.0,0.0,1.0,0.0,195
-0.9166666666666666,0.3451776649746193,-0.0625,-0.3098055405697065,0.061971830985915494,-0.01075268817204301,0.0,0.0,-0.16666666666666666,0.8666666666666667,0.0,1.0,0.0,0.0,0.0,721
-0.75,-0.2893401015228427,-0.25,-0.07312821817005527,0.2647887323943662,-0.01075268817204301,0.0,0.0,-0.3333333333333333,-0.26666666666666666,0.0,1.0,0.0,0.0,0.0,182
0.16666666666666666,-0.21827411167512695,-0.9375,0.8420508501474621,0.1784037558685446,2.4838709677419355,0.0,0.0,-0.5,-0.6666666666666666,0.0,1.0,0.0,0.0,0.0,567
0.6666666666666666,0.3502538071065989,-0.15625,-0.22768379202711048,0.29107981220657275,-0.01075268817204301,0.0,0.0,0.5,0.4,1.0,0.0,0.0,0.0,0.0,1604
0.75,0.3959390862944163,0.28125,0.5138834935935143,0.28075117370892017,-0.01075268817204301,0.0,0.0,0.5,0.06666666666666667,0.0,0.0,0.0,0.0,0.0,2100
-0.6666666666666666,-0.8375634517766498,-0.1875,0.9933397872392326,0.29107981220657275,-0.01075268817204301,0.0,0.0,1.0,0.6,0.0,0.0,0.0,1.0,-1.0,72
-0.5,-0.8426395939086295,0.71875,-0.6833781561418334,-0.4460093896713615,-0.01075268817204301,0.0,3.5,-0.8333333333333334,1.0,0.0,0.0,0.0,1.0,0.0,63
0.9166666666666666,0.33502538071065996,0.78125,1.1844188200176686,-1.1230046948356807,-0.01075268817204301,0.0,0.0,0.0,0.26666666666666666,0.0,0.0,1.0,0.0,0.0,1401
0.16666666666666666,0.5025380710659898,-0.65625,0.7898955205469734,0.24131455399061033,3.333333333333333,0.0,0.0,-0.16666666666666666,0.3333333333333333,0.0,1.0,0.0,0.0,0.0,1483
-0.6666666666666666,0.6395939086294418,0.875,-0.7926654504863353,-0.571830985915493,-0.01075268817204301,0.0,0.0,0.16666666666666666,-0.26666666666666666,0.0,0.0,1.0,0.0,0.0,159
-0.4166666666666667,-0.11167512690355327,0.15625,-0.6833781561418334,-0.860093896713615,0.17204301075268816,0.0,0.0,-0.3333333333333333,0.26666666666666666,0.0,1.0,0.0,0.0,0.0,979
-1.0,0.42639593908629436,1.1875,0.2705797236685667,-1.251643192488263,-0.01075268817204301,0.0,0.0,0.0,0.8666666666666667,0.0,0.0,1.0,0.0,0.0,470
0.5833333333333334,-0.1878172588832487,-0.375,-0.14891824053188613,0.18028169014084508,-0.01075268817204301,0.0,0.0,0.8333333333333334,-0.2,0.0,0.0,0.0,0.0,0.0,1529
0.5833333333333334,0.0812182741116751,0.09375,0.8420508501474621,0.27136150234741785,-0.01075268817204301,0.0,0.0,0.6666666666666666,-0.13333333333333333,1.0,0.0,0.0,0.0,0.0,1377
0.9166666666666666,0.23857868020304565,1.125,-0.5816560227957038,-1.1549295774647887,-0.01075268817204301,3.5,0.0,0.0,-0.3333333333333333,0.0,0.0,1.0,0.0,0.0,384
-1.0,-0.17766497461928935,0.1875,0.3951330286481768,-0.03474178403755868,-0.01075268817204301,0.0,0.0,-0.16666666666666666,-0.8,0.0,1.0,0.0,0.0,0.0,624
-0.4166666666666667,-0.44670050761421326,1.0,-0.3098055405697065,-1.4929577464788732,-0.01075268817204301,0.0,0.0,1.0,0.5333333333333333,1.0,0.0,0.0,1.0,-1.0,3
-0.5833333333333334,0.38578680203045695,0.21875,0.0,0.29107981220657275,-0.01075268817204301,0.0,0.0,0.16666666666666666,-0.4666666666666667,0.0,0.0,1.0,0.0,0.0,301
0.0,-0.17766497461928935,-0.5625,0.3336351996355,0.29107981220657275,2.3548387096774195,0.0,0.0,0.6666666666666666,1.0,0.0,0.0,0.0,0.0,0.0,907
-0.4166666666666667,0.23857868020304565,-0.09375,-0.22768379202711048,0.29107981220657275,0.4408602150537634,0.0,0.0,0.16666666666666666,-0.5333333333333333,1.0,0.0,1.0,0.0,0.0,410
0.4166666666666667,0.3451776649746193,-0.28125,0.7898955205469734,-0.9906103286384976,1.21505376344086,0.0,0.0,-0.5,0.8666666666666667,0.0,1.0,0.0,0.0,0.0,1194
-0.5833333333333334,-0.12182741116751271,1.1875,-1.3691539278131721,-1.4769953051643192,-0.01075268817204301,0.0,0.0,0.8333333333333334,-0.6,0.0,0.0,0.0,0.0,0.0,71
-0.3333333333333333,-0.7055837563451777,0.375,-0.91150831659757,-0.7380281690140845,-0.01075268817204301,0.0,0.7,1.0,0.4,0.0,0.0,0.0,1.0,-1.0,544
-0.9166666666666666,0.3807106598984772,0.53125,-0.91150831659757,-0.6572769953051644,-0.01075268817204301,0.0,0.0,0.0,0.13333333333333333,0.0,0.0,1.0,0.0,0.0,547
-0.9166666666666666,-0.5329949238578681,0.15625,-0.4861165064064858,-0.8028169014084507,-0.01075268817204301,0.0,0.0,-0.8333333333333334,-0.06666666666666667,0.0,0.0,0.0,1.0,0.0,122
-0.3333333333333333,-1.1776649746192893,0.25,-0.5816560227957038,-0.17089201877934274,0.01075268817204301,0.0,0.0,-0.6666666666666666,-0.5333333333333333,0.0,0.0,0.0,1.0,0.0,507
-0.6666666666666666,-1.4111675126903553,-0.375,0.3336351996355,0.29107981220657275,-0.01075268817204301,0.0,0.0,-0.8333333333333334,-0.26666666666666666,0.0,0.0,0.0,1.0,0.0,30
-0.08333333333333333,-0.46700507614213194,-0.40625,0.5138834935935143,-0.5624413145539906,1.8924731182795698,0.0,0.0,-0.6666666666666666,0.2,0.0,0.0,0.0,1.0,0.0,314
0.5,-0.25888324873096447,-0.34375,0.5713209318579696,0.12488262910798122,-0.01075268817204301,0.0,0.0,0.8333333333333334,0.13333333333333333,1.0,0.0,0.0,0.0,0.0,902
0.8333333333333334,-0.5431472081218274,0.53125,-0.91150831659757,-1.2967136150234742,-0.01075268817204301,0.0,0.0,-0.8333333333333334,0.06666666666666667,0.0,0.0,0.0,1.0,0.0,313
-0.5,-0.04568527918781728,0.8125,-0.91150831659757,-1.2751173708920187,-0.01075268817204301,0.0,0.0,-0.5,0.8666666666666667,0.0,1.0,0.0,0.0,0.0,274
0.75,0.852791878172589,0.375,0.455183241303237,0.1352112676056338,-0.01075268817204301,0.0,0.0,0.3333333333333333,-0.6,0.0,0.0,1.0,0.0,0.0,1826
0.6666666666666666,-0.8629441624365483,-0.34375,-2.15665183283064,0.29107981220657275,-0.01075268817204301,0.0,0.0,1.0,-0.7333333333333333,0.0,0.0,0.0,1.0,0.0,418
0.3333333333333333,0.23857868020304565,-0.46875,-0.14891824053188613,0.26854460093896715,1.3010752688172043,0.0,0.0,0.6666666666666666,0.5333333333333333,0.0,0.0,0.0,0.0,0.0,1492
0.6666666666666666,-0.7360406091370558,-0.78125,-0.4861165064064858,0.29107981220657275,-0.01075268817204301,0.0,0.0,1.0,1.0,1.0,0.0,0.0,1.0,-1.0,161
-0.9166666666666666,-1.451776649746193,-0.4375,-0.5816560227957038,0.20187793427230047,-0.01075268817204301,0.0,0.3,-0.8333333333333334,0.7333333333333333,1.0,0.0,0.0,1.0,0.0,94
0.8333333333333334,0.7766497461928935,0.6875,-1.3691539278131721,-0.08075117370892018,-0.01075268817204301,0.0,0.0,0.3333333333333333,-0.26666666666666666,1.0,0.0,1.0,0.0,0.0,1127
0.4166666666666667,0.6649746192893402,-0.15625,0.455183241303237,0.29107981220657275,1.086021505376344,0.0,0.0,0.16666666666666666,-0.6666666666666666,0.0,0.0,1.0,0.0,0.0,2282
-0.75,-0.19796954314720816,0.28125,-0.4861165064064858,-0.004694835680751174,-0.01075268817204301,0.0,0.0,-0.16666666666666666,-0.8,0.0,1.0,0.0,0.0,0.0,224
-0.8333333333333334,0.7664974619289341,0.71875,-0.22768379202711048,-0.49483568075117373,-0.01075268817204301,0.0,0.0,0.3333333333333333,-0.6666666666666666,0.0,0.0,1.0,0.0,0.0,309
0.16666666666666666,-0.7258883248730965,-0.78125,-0.07312821817005527,0.14647887323943662,0.8279569892473118,0.0,0.0,-0.8333333333333334,-0.8,0.0,0.0,0.0,1.0,0.0,262
0.9166666666666666,-0.8121827411167513,0.0625,-2.15665183283064,-0.4507042253521127,-0.01075268817204301,0.0,0.0,1.0,-0.7333333333333333,0.0,0.0,0.0,1.0,0.0,244
-1.0,0.40609137055837563,0.1875,-0.39575298507290857,0.046948356807511735,-0.01075268817204301,0.0,0.0,0.0,0.2,0.0,0.0,1.0,0.0,0.0,1055
-0.8333333333333334,-0.9441624365482234,-0.3125,-0.4861165064064858,-0.215962441314554,-0.01075268817204301,0.0,0.0,-0.6666666666666666,-0.4666666666666667,0.0,0.0,0.0,1.0,0.0,107
-1.0,-0.3197969543147208,0.53125,-0.22768379202711048,-0.8619718309859155,-0.01075268817204301,0.2,0.0,0.8333333333333334,0.3333333333333333,0.0,0.0,0.0,0.0,0.0,119
0.4166666666666667,0.7055837563451777,-0.40625,0.13927936789351517,0.29107981220657275,1.247311827956989,0.0,0.0,0.16666666666666666,-0.5333333333333333,1.0,0.0,1.0,0.0,0.0,2266
-0.08333333333333333,-1.0304568527918783,-0.90625,0.3951330286481768,0.27793427230046946,0.9354838709677419,0.0,0.0,1.0,0.7333333333333333,0.0,0.0,0.0,1.0,0.0,213
-0.9166666666666666,0.284263959390863,0.90625,0.2058418822217645,-1.0967136150234742,-0.01075268817204301,0.0,0.0,0.0,-0.6,0.0,0.0,1.0,0.0,0.0,606
0.6666666666666666,0.5025380710659898,-0.59375,0.5138834935935143,0.29107981220657275,0.05376344086021505,0.0,0.0,0.0,-0.9333333333333333,1.0,0.0,1.0,0.0,0.0,2338
-0.4166666666666667,0.16751269035532998,0.125,-0.14891824053188613,0.29107981220657275,0.05376344086021505,0.0,0.0,0.5,-0.26666666666666666,0.0,0.0,0.0,0.0,0.0,1551
-0.8333333333333334,-0.28426395939086296,0.875,-0.3098055405697065,-1.3286384976525822,-0.01075268817204301,0.0,0.0,0.8333333333333334,-0.3333333333333333,1.0,0.0,0.0,0.0,0.0,370
0.9166666666666666,0.19796954314720805,-0.25,-0.22768379202711048,0.29107981220657275,-0.01075268817204301,0.0,0.0,0.5,0.6,0.0,0.0,0.0,0.0,-1.0,1042
-0.5,0.20812182741116758,1.1875,0.13927936789351517,-0.672300469483568,-0.01075268817204301,1.5,0.0,0.5,0.3333333333333333,0.0,0.0,0.0,0.0,0.0,23
-0.8333333333333334,0.12690355329949238,0.46875,-0.14891824053188613,0.29107981220657275,-0.01075268817204301,0.0,0.0,0.5,0.4666666666666667,1.0,0.0,0.0,0.0,-1.0,489
0.16666666666666666,0.49238578680203043,-0.65625,1.7412639288257201,-0.08732394366197183,3.4086021505376345,0.0,0.0,-0.16666666666666666,0.5333333333333333,0.0,1.0,0.0,0.0,0.0,1059
0.0,0.19796954314720805,-0.75,-0.3098055405697065,0.29107981220657275,2.559139784946237,0.0,0.0,0.6666666666666666,0.2,0.0,0.0,0.0,0.0,0.0,1161
0.5833333333333334,0.3807106598984772,-0.09375,0.8420508501474621,0.29107981220657275,0.0,0.0,0.0,0.5,0.4666666666666667,1.0,0.0,0.0,0.0,-1.0,1333
-0.4166666666666667,-1.3096446700507616,0.0625,0.5138834935935143,0.04507042253521127,-0.01075268817204301,0.0,0.0,-0.8333333333333334,-0.3333333333333333,0.0,0.0,0.0,1.0,0.0,203
0.0,-0.6852791878172589,-0.6875,0.5138834935935143,-0.016901408450704224,1.1397849462365592,0.0,0.0,-0.8333333333333334,-0.6666666666666666,1.0,0.0,0.0,1.0,0.0,283
0.75,0.5228426395939086,0.34375,0.455183241303237,-0.9352112676056338,-0.01075268817204301,0.0,0.0,0.0,0.4666666666666667,1.0,0.0,1.0,0.0,0.0,2175
-0.08333333333333333,0.7055837563451777,0.65625,0.5138834935935143,-0.49389671361502346,1.1827956989247312,0.0,0.0,0.16666666666666666,-0.26666666666666666,0.0,0.0,1.0,0.0,0.0,805
0.16666666666666666,0.6903553299492386,-0.5,-0.07312821817005527,0.23568075117370893,3.473118279569893,0.0,0.0,0.16666666666666666,-0.5333333333333333,1.0,0.0,1.0,0.0,0.0,1517
-0.6666666666666666,-0.9898477157360407,-0.65625,0.5138834935935143,0.29107981220657275,-0.01075268817204301,0.0,0.0,1.0,-1.0,0.0,0.0,0.0,1.0,0.0,78
0.5,-0.25888324873096447,-0.15625,0.682712243030312,0.29107981220657275,0.021505376344086016,0.0,0.0,0.6666666666666666,0.9333333333333333,0.0,0.0,0.0,0.0,0.0,2074
-0.75,-0.6091370558375635,0.78125,1.137688257706579,-1.2375586854460094,-0.01075268817204301,0.1,0.0,-0.3333333333333333,-0.6,1.0,1.0,0.0,0.0,0.0,122
-0.75,0.7614213197969544,0.75,-0.22768379202711048,-0.7314553990610329,-0.01075268817204301,0.0,0.0,0.16666666666666666,0.8,1.0,0.0,1.0,0.0,0.0,461
-0.6666666666666666,-0.30456852791878175,-0.28125,-0.39575298507290857,-0.21784037558685446,-0.01075268817204301,0.0,0.0,-0.3333333333333333,-0.4,0.0,1.0,0.0,0.0,0.0,102
0.9166666666666666,0.3705583756345178,0.84375,-0.4861165064064858,-0.5746478873239437,-0.01075268817204301,0.5,0.0,0.3333333333333333,0.6666666666666666,1.0,0.0,1.0,0.0,0.0,348
-0.3333333333333333,0.11167512690355327,0.25,-0.22768379202711048,0.29107981220657275,0.5698924731182796,0.0,0.0,0.5,0.8666666666666667,1.0,0.0,0.0,0.0,0.0,848
0.6666666666666666,-0.5989847715736041,0.875,-0.14891824053188613,-1.2150234741784038,-0.01075268817204301,0.0,0.0,-0.5,0.3333333333333333,0.0,1.0,0.0,0.0,0.0,120
0.5833333333333334,0.22335025380710655,-0.09375,0.8420508501474621,0.29107981220657275,0.03225806451612903,0.0,0.0,-0.5,-0.13333333333333333,0.0,1.0,0.0,0.0,0.0,1478
0.5,0.5736040609137056,-0.5,-0.91150831659757,0.29107981220657275,0.3440860215053763,0.0,0.0,0.5,0.8666666666666667,1.0,0.0,0.0,0.0,0.0,2397
0.08333333333333333,0.6446700507614213,-0.125,0.3951330286481768,0.29107981220657275,2.3870967741935485,0.0,0.0,0.16666666666666666,-0.6666666666666666,0.0,0.0,1.0,0.0,0.0,1210
0.16666666666666666,-0.025380710659898477,1.25,-0.5816560227957038,-1.388732394366197,0.15053763440860213,2.0,0.0,-0.16666666666666666,-0.26666666666666666,1.0,1.0,0.0,0.0,0.0,22
0.08333333333333333,0.3553299492385787,1.25,-0.22768379202711048,-1.2694835680751173,0.10752688172043011,14.5,0.0,0.0,0.6666666666666666,0.0,0.0,1.0,0.0,0.0,24
-0.9166666666666666,0.3096446700507615,0.5,-0.07312821817005527,-0.6873239436619718,-0.01075268817204301,0.0,0.0,0.0,0.26666666666666666,0.0,0.0,1.0,0.0,0.0,803
-0.08333333333333333,-0.5532994923857868,0.15625,0.8420508501474621,-1.3107981220657277,1.1935483870967742,0.0,0.0,-0.6666666666666666,-0.4,1.0,0.0,0.0,1.0,0.0,235
0.3333333333333333,0.583756345177665,1.25,-0.6833781561418334,-0.4779342723004695,0.17204301075268816,2.5,0.0,0.3333333333333333,0.8,0.0,0.0,1.0,0.0,0.0,60
-0.6666666666666666,-0.2741116751269036,0.59375,-1.1921678124288753,0.29107981220657275,-0.01075268817204301,0.0,0.0,0.6666666666666666,0.2,0.0,0.0,0.0,0.0,0.0,184
0.4166666666666667,0.6954314720812182,-0.6875,0.13927936789351517,0.29107981220657275,1.4086021505376345,0.0,0.0,0.5,-0.5333333333333333,1.0,0.0,0.0,0.0,0.0,2167
-0.9166666666666666,0.4720812182741117,1.25,-0.91150831659757,0.29107981220657275,-0.01075268817204301,0.5,0.0,0.3333333333333333,0.8666666666666667,0.0,0.0,1.0,0.0,0.0,334
-0.5833333333333334,0.5025380710659898,0.78125,-1.0429616152145371,0.29107981220657275,-0.01075268817204301,0.0,0.0,0.3333333333333333,0.4,0.0,0.0,1.0,0.0,0.0,289
0.6666666666666666,-0.5076142131979695,0.46875,0.13927936789351517,-1.2478873239436619,-0.01075268817204301,0.0,0.0,-0.8333333333333334,0.06666666666666667,0.0,0.0,0.0,1.0,0.0,286
0.75,-0.12182741116751271,-0.5625,0.0,0.04131455399061033,-0.01075268817204301,0.0,0.0,-0.3333333333333333,0.0,0.0,1.0,0.0,0.0,0.0,1355
0.8333333333333334,-0.6751269035532995,0.375,0.7368002283746548,-1.056338028169014,-0.01075268817204301,0.0,0.0,1.0,0.5333333333333333,1.0,0.0,0.0,1.0,-1.0,110
-0.9166666666666666,0.12690355329949238,0.21875,-0.39575298507290857,-0.08450704225352113,-0.01075268817204301,0.0,0.0,-0.16666666666666666,-0.5333333333333333,0.0,1.0,0.0,0.0,0.0,430
0.3333333333333333,0.30456852791878175,0.28125,0.13927936789351517,0.29107981220657275,1.8279569892473118,0.0,0.0,-0.16666666666666666,-0.6666666666666666,1.0,1.0,0.0,0.0,0.0,1482
0.5,0.4619289340101524,-0.5625,0.7898955205469734,-0.03286384976525822,1.1720430107526882,0.0,0.0,-0.16666666666666666,0.5333333333333333,0.0,1.0,0.0,0.0,0.0,2825
0.08333333333333333,-0.6395939086294417,-0.4375,0.3336351996355,-0.5427230046948357,1.043010752688172,0.0,0.0,-0.8333333333333334,-0.7333333333333333,0.0,0.0,0.0,1.0,0.0,312
0.16666666666666666,-0.5177664974619289,-1.34375,0.8420508501474621,0.27699530516431925,2.666666666666667,0.0,0.0,-0.6666666666666666,0.3333333333333333,0.0,0.0,0.0,1.0,0.0,365
0.16666666666666666,0.19796954314720805,-0.5625,0.8420508501474621,-1.0985915492957747,2.89247311827957,0.0,0.0,-0.5,0.6666666666666666,0.0,1.0,0.0,0.0,0.0,575
0.25,1.0203045685279188,0.03125,1.1844188200176686,-0.2272300469483568,2.118279569892473,0.0,0.0,0.3333333333333333,-0.6666666666666666,0.0,0.0,1.0,0.0,0.0,646
-0.25,0.3451776649746193,1.21875,-0.3098055405697065,-1.452582159624413,0.05376344086021505,6.5,0.0,0.0,0.6666666666666666,0.0,0.0,1.0,0.0,0.0,19
0.3333333333333333,0.2944162436548224,-0.875,0.7898955205469734,0.29107981220657275,1.4301075268817205,0.0,0.0,0.6666666666666666,0.2,0.0,0.0,0.0,0.0,0.0,1527
-0.75,0.2690355329949239,-0.03125,-0.22768379202711048,0.29107981220657275,-0.01075268817204301,0.0,0.0,0.16666666666666666,-0.5333333333333333,1.0,0.0,1.0,0.0,0.0,460
0.16666666666666666,-0.4619289340101523,-0.46875,0.5138834935935143,-0.9117370892018779,0.7634408602150536,0.0,0.0,-0.8333333333333334,0.13333333333333333,0.0,0.0,0.0,1.0,0.0,301
0.16666666666666666,0.7055837563451777,-0.15625,1.2759719533904954,0.2892018779342723,2.860215053763441,0.0,0.0,0.5,-0.8,0.0,0.0,0.0,0.0,0.0,987
-0.8333333333333334,0.6802030456852791,0.84375,-0.5816560227957038,-0.6413145539906103,-0.01075268817204301,0.0,0.0,0.3333333333333333,-0.4,0.0,0.0,1.0,0.0,0.0,484
-0.08333333333333333,-1.0101522842639594,-0.25,1.5787787158685695,0.0647887323943662,0.9139784946236559,0.0,0.5,-0.8333333333333334,-0.4,0.0,0.0,0.0,1.0,0.0,168
0.08333333333333333,-0.13197969543147206,-0.65625,0.3951330286481768,-0.5793427230046948,3.0752688172043015,0.0,0.0,-0.5,0.4666666666666667,0.0,1.0,0.0,0.0,0.0,682
-0.4166666666666667,0.284263959390863,0.5,0.3336351996355,-0.36619718309859156,0.31182795698924726,0.0,0.0,0.0,-0.5333333333333333,0.0,0.0,1.0,0.0,0.0,1544
-0.4166666666666667,0.3756345177664974,0.8125,-1.0429616152145371,-0.28356807511737087,0.08602150537634408,0.0,0.0,0.5,-0.6666666666666666,0.0,0.0,0.0,0.0,0.0,1438
-0.4166666666666667,-0.010152284263959355,0.75,0.0,-1.0938967136150235,0.03225806451612903,0.1,0.0,-0.16666666666666666,-0.26666666666666666,1.0,1.0,0.0,0.0,0.0,43
0.3333333333333333,-0.19796954314720816,-0.59375,0.13927936789351517,-0.5990610328638498,1.8279569892473118,0.0,0.0,-0.5,-0.4666666666666667,0.0,1.0,0.0,0.0,0.0,686
-0.08333333333333333,0.2741116751269035,-0.46875,1.2759719533904954,0.29107981220657275,3.3548387096774195,0.0,0.0,-0.16666666666666666,0.4666666666666667,0.0,1.0,0.0,0.0,0.0,1012
-0.6666666666666666,0.284263959390863,0.78125,0.0,-1.144600938967136,-0.01075268817204301,0.0,0.0,0.0,0.26666666666666666,0.0,0.0,1.0,0.0,0.0,249
-0.75,-0.07106598984771575,0.21875,-0.5816560227957038,-0.14272300469483568,-0.01075268817204301,0.0,0.0,-0.16666666666666666,0.5333333333333333,0.0,1.0,0.0,0.0,0.0,265
-0.4166666666666667,-0.36040609137055835,0.84375,-0.14891824053188613,-1.2403755868544601,-0.01075268817204301,0.0,0.0,0.8333333333333334,-0.3333333333333333,1.0,0.0,0.0,0.0,0.0,228
0.8333333333333334,0.19796954314720805,0.28125,0.5138834935935143,-0.11737089201877934,-0.01075268817204301,0.0,0.0,-0.3333333333333333,-0.9333333333333333,0.0,1.0,0.0,0.0,0.0,1213
-0.25,0.8071065989847716,0.28125,0.6275737112096174,-0.3586854460093897,0.9677419354838709,0.0,0.0,0.16666666666666666,0.6,0.0,0.0,1.0,0.0,0.0,995
-0.08333333333333333,0.2741116751269035,1.0625,0.2058418822217645,0.23286384976525823,0.6774193548387096,0.5,0.0,0.5,0.3333333333333333,0.0,0.0,0.0,0.0,0.0,98
0.6666666666666666,-0.38578680203045684,0.3125,-0.14891824053188613,-0.8553990610328639,-0.01075268817204301,0.0,0.0,1.0,0.4,0.0,0.0,0.0,1.0,-1.0,323
-0.4166666666666667,-0.3197969543147208,-0.03125,-0.91150831659757,-1.0751173708920188,-0.01075268817204301,0.0,0.0,-0.5,-0.2,0.0,1.0,0.0,0.0,0.0,668
-1.0,0.48223350253807107,0.84375,0.2705797236685667,-1.2347417840375587,-0.01075268817204301,0.0,0.0,0.0,0.9333333333333333,1.0,0.0,1.0,0.0,0.0,1275
0.4166666666666667,-0.5634517766497462,-1.25,0.9437305196070348,0.28169014084507044,0.8279569892473118,0.0,0.0,-0.6666666666666666,-0.06666666666666667,0.0,0.0,0.0,1.0,-1.0,236
-0.16666666666666666,0.8578680203045684,0.1875,0.2058418822217645,0.1812206572769953,1.4086021505376345,0.0,0.0,0.3333333333333333,-0.4666666666666667,0.0,0.0,1.0,0.0,0.0,649
-0.25,-0.42131979695431476,0.84375,-0.6833781561418334,-1.3746478873239436,0.021505376344086016,0.0,0.0,1.0,0.4666666666666667,1.0,0.0,0.0,1.0,0.0,239
0.8333333333333334,-0.030456852791878156,0.5625,-0.14891824053188613,-1.28075117370892,-0.01075268817204301,0.0,0.0,-0.5,0.7333333333333333,0.0,1.0,0.0,0.0,0.0,764
0.4166666666666667,1.2944162436548223,-0.5,0.682712243030312,0.17934272300469484,1.956989247311828,0.0,0.0,0.3333333333333333,-1.0,0.0,0.0,1.0,0.0,0.0,1033
-0.6666666666666666,0.7258883248730965,0.3125,-1.3691539278131721,0.27417840375586855,-0.01075268817204301,0.0,0.0,0.16666666666666666,0.5333333333333333,0.0,0.0,1.0,0.0,0.0,218
-0.5,0.21319796954314718,-0.0625,0.0,0.29107981220657275,-0.01075268817204301,0.0,0.0,0.6666666666666666,-0.7333333333333333,0.0,0.0,0.0,0.0,0.0,531
-0.5,-0.39086294416243655,0.3125,-0.3098055405697065,0.29107981220657275,-0.01075268817204301,0.0,0.0,0.6666666666666666,-0.26666666666666666,0.0,0.0,0.0,0.0,0.0,412
0.75,0.5076142131979695,-0.40625,0.0707286024015658,0.29107981220657275,-0.01075268817204301,0.0,0.0,0.0,-1.0,0.0,0.0,1.0,0.0,0.0,2066
0.4166666666666667,0.06598984771573609,-0.3125,-0.14891824053188613,-0.847887323943662,0.3655913978494623,0.0,0.0,0.8333333333333334,-0.4,1.0,0.0,0.0,0.0,0.0,1379
-0.4166666666666667,-0.3197969543147208,0.59375,-0.91150831659757,-0.5417840375586854,-0.01075268817204301,0.0,0.0,0.6666666666666666,0.3333333333333333,1.0,0.0,0.0,0.0,0.0,315
0.25,0.13197969543147217,-0.84375,-0.39575298507290857,-0.5305164319248826,1.129032258064516,0.0,0.0,0.8333333333333334,-0.06666666666666667,0.0,0.0,0.0,0.0,0.0,971
-0.4166666666666667,-0.23857868020304565,-0.75,-0.22768379202711048,0.29107981220657275,0.10752688172043011,0.0,0.0,-0.3333333333333333,-0.2,0.0,1.0,0.0,0.0,0.0,999
0.3333333333333333,-0.6192893401015228,-1.0625,0.8420508501474621,0.29107981220657275,0.5376344086021505,0.0,0.0,-0.8333333333333334,-0.9333333333333333,0.0,0.0,0.0,1.0,0.0,320
-0.9166666666666666,0.050761421319796954,-0.8125,-0.3098055405697065,0.29107981220657275,-0.01075268817204301,0.0,0.0,-0.16666666666666666,0.3333333333333333,0.0,1.0,0.0,0.0,0.0,420
0.4166666666666667,-0.8781725888324874,-0.78125,1.858815351766868,0.29107981220657275,0.25806451612903225,0.0,0.0,-0.8333333333333334,0.8,1.0,0.0,0.0,1.0,0.0,178
0.4166666666666667,-0.11675126903553304,-0.84375,0.0,0.29107981220657275,1.5376344086021503,0.0,0.0,-0.5,0.0,0.0,1.0,0.0,0.0,0.0,1160
-0.16666666666666666,-0.6294416243654822,0.8125,-0.6833781561418334,-1.2948356807511736,0.4301075268817204,0.0,0.7,1.0,-0.6,0.0,0.0,0.0,1.0,0.0,321
0.08333333333333333,-0.11675126903553304,-0.71875,0.682712243030312,0.2347417840375587,2.4193548387096775,0.0,0.0,0.6666666666666666,1.0,0.0,0.0,0.0,0.0,0.0,983
-0.25,-0.3401015228426396,1.0,0.8420508501474621,0.29107981220657275,0.06451612903225806,0.0,0.0,-0.3333333333333333,-0.7333333333333333,0.0,1.0,0.0,0.0,0.0,129
-0.5,-0.8883248730964467,-0.5,-0.5816560227957038,-0.42065727699530514,-0.01075268817204301,0.0,0.0,-0.6666666666666666,-0.4666666666666667,0.0,0.0,0.0,1.0,0.0,117
0.75,-0.010152284263959355,-0.28125,0.0707286024015658,-0.10140845070422536,-0.01075268817204301,0.0,0.0,-0.5,1.0,1.0,1.0,0.0,0.0,0.0,1010
-0.5,-0.15228426395939088,0.40625,-0.39575298507290857,0.29107981220657275,0.021505376344086016,0.0,0.0,-0.16666666666666666,0.2,1.0,1.0,0.0,0.0,0.0,234
0.8333333333333334,0.005076142131979678,0.4375,-0.7926654504863353,-0.2187793427230047,-0.01075268817204301,0.0,0.0,0.6666666666666666,0.0,0.0,0.0,0.0,0.0,0.0,1425
0.4166666666666667,0.6142131979695432,0.03125,1.0421797791354965,-0.7746478873239436,0.6989247311827956,0.0,0.0,0.0,0.06666666666666667,1.0,0.0,1.0,0.0,0.0,2330
0.9166666666666666,0.11675126903553304,1.28125,0.0707286024015658,-1.3661971830985915,-0.01075268817204301,1.0,0.0,-0.16666666666666666,-0.26666666666666666,1.0,1.0,0.0,0.0,0.0,50
0.75,-0.34517766497461927,0.84375,0.7898955205469734,-1.4056338028169013,-0.01075268817204301,0.0,0.0,-0.5,0.5333333333333333,1.0,1.0,0.0,0.0,0.0,487
0.9166666666666666,-0.83248730964467,-0.8125,1.2759719533904954,0.29107981220657275,-0.01075268817204301,0.0,0.0,-0.6666666666666666,0.06666666666666667,1.0,0.0,0.0,1.0,-1.0,117
0.5,0.9035532994923858,-0.0625,0.6275737112096174,-0.13145539906103287,1.2795698924731183,0.0,0.0,0.16666666666666666,0.06666666666666667,0.0,0.0,1.0,0.0,0.0,2770
0.4166666666666667,-0.5736040609137056,0.90625,0.682712243030312,-1.0187793427230047,0.03225806451612903,0.0,0.0,1.0,0.5333333333333333,1.0,0.0,0.0,1.0,-1.0,104
0.08333333333333333,0.6395939086294418,-0.78125,0.8933144384752442,0.27699530516431925,3.2795698924731185,0.0,0.0,0.5,-0.5333333333333333,1.0,0.0,0.0,0.0,0.0,1505
0.8333333333333334,0.868020304568528,0.21875,-0.22768379202711048,0.014084507042253521,-0.01075268817204301,0.0,0.0,0.3333333333333333,-0.8666666666666667,0.0,0.0,1.0,0.0,0.0,1421
0.3333333333333333,-0.27918781725888325,-0.65625,1.137688257706579,-0.6356807511737089,1.1612903225806452,0.0,0.0,-0.6666666666666666,-0.13333333333333333,0.0,0.0,0.0,1.0,0.0,447
-0.16666666666666666,0.1421319796954315,0.15625,-0.5816560227957038,-0.04788732394366197,0.27956989247311825,0.3,0.0,-0.3333333333333333,0.4,1.0,1.0,0.0,0.0,0.0,486
0.25,0.34010152284263956,-1.125,1.7012842487764193,-0.49671361502347416,2.7096774193548385,0.0,0.0,-0.3333333333333333,0.2,0.0,1.0,0.0,0.0,0.0,1039
-0.5,-0.7258883248730965,0.34375,-0.5816560227957038,-0.3455399061032864,-0.01075268817204301,0.0,0.0,0.8333333333333334,0.9333333333333333,0.0,0.0,0.0,0.0,0.0,293
-0.5,0.7258883248730965,0.4375,-1.5998067240225886,0.29107981220657275,-0.01075268817204301,0.0,0.0,0.3333333333333333,-0.13333333333333333,0.0,0.0,1.0,0.0,0.0,643
0.9166666666666666,0.07614213197969544,1.15625,0.0707286024015658,-1.4338028169014085,-0.01075268817204301,0.0,0.0,-0.3333333333333333,-0.8666666666666667,0.0,1.0,0.0,0.0,0.0,454
0.6666666666666666,-1.1370558375634519,-0.5,0.5138834935935143,0.29107981220657275,-0.01075268817204301,0.0,0.0,-0.8333333333333334,-0.4,0.0,0.0,0.0,1.0,0.0,207
0.8333333333333334,-0.8578680203045684,-0.5625,-0.22768379202711048,0.29107981220657275,-0.01075268817204301,0.0,0.0,1.0,-0.5333333333333333,0.0,0.0,0.0,1.0,0.0,347
-1.0,0.49238578680203043,1.28125,-1.3691539278131721,-0.7164319248826291,-0.01075268817204301,0.5,0.0,0.16666666666666666,-0.8666666666666667,0.0,0.0,1.0,0.0,0.0,349
-0.75,-0.7411167512690355,0.8125,-0.5816560227957038,-1.3643192488262912,-0.01075268817204301,0.0,0.0,1.0,0.9333333333333333,1.0,0.0,0.0,1.0,0.0,127
-0.3333333333333333,-0.7461928934010152,-0.75,-0.91150831659757,0.29107981220657275,0.03225806451612903,0.0,0.0,0.8333333333333334,0.4,0.0,0.0,0.0,0.0,0.0,1671
-0.5,-0.8274111675126904,0.5,-0.6833781561418334,0.2028169014084507,-0.01075268817204301,0.0,0.0,1.0,0.6666666666666666,0.0,0.0,0.0,1.0,0.0,120
0.08333333333333333,-0.9796954314720813,-0.90625,0.8420508501474621,0.18497652582159624,1.3118279569892473,0.0,0.0,1.0,-0.2,0.0,0.0,0.0,1.0,0.0,251
0.0,-0.2284263959390863,1.21875,0.2705797236685667,-1.1352112676056338,0.4516129032258064,5.5,0.0,-0.3333333333333333,0.4666666666666667,0.0,1.0,0.0,0.0,0.0,10
0.8333333333333334,-0.583756345177665,-0.84375,-0.14891824053188613,0.2863849765258216,-0.01075268817204301,0.0,0.0,0.8333333333333334,0.4666666666666667,0.0,0.0,0.0,0.0,0.0,729
-0.6666666666666666,-0.8883248730964467,0.6875,-0.22768379202711048,-1.1615023474178403,-0.01075268817204301,0.0,0.0,-0.8333333333333334,-0.13333333333333333,1.0,0.0,0.0,1.0,0.0,48
0.0,0.08629441624365479,0.0,0.2705797236685667,0.29107981220657275,1.4193548387096775,0.0,0.0,-0.3333333333333333,0.5333333333333333,0.0,1.0,0.0,0.0,0.0,925
0.08333333333333333,-0.5329949238578681,-0.15625,-0.07312821817005527,-1.0535211267605633,0.9569892473118279,0.0,0.0,-0.8333333333333334,-0.13333333333333333,1.0,0.0,0.0,1.0,0.0,272
0.75,-0.6345177664974619,-0.71875,-0.07312821817005527,0.1784037558685446,-0.01075268817204301,0.0,0.0,-0.5,-0.9333333333333333,0.0,1.0,0.0,0.0,0.0,396
-0.8333333333333334,-0.32487309644670054,0.125,-0.7926654504863353,0.29107981220657275,-0.01075268817204301,0.0,0.0,0.6666666666666666,-0.26666666666666666,0.0,0.0,0.0,0.0,0.0,409
-0.4166666666666667,-0.6598984771573604,-0.125,-0.3098055405697065,0.29107981220657275,-0.01075268817204301,0.0,0.0,0.8333333333333334,0.26666666666666666,0.0,0.0,0.0,0.0,0.0,934
-0.5,-0.04568527918781728,0.21875,-0.14891824053188613,-0.3211267605633803,-0.01075268817204301,0.0,0.0,0.6666666666666666,0.6666666666666666,0.0,0.0,0.0,0.0,0.0,376
-0.16666666666666666,0.3147208121827411,1.15625,-0.3098055405697065,-1.12018779342723,0.6451612903225806,1.0,0.0,0.0,-0.13333333333333333,0.0,0.0,1.0,0.0,0.0,532
-0.16666666666666666,-0.030456852791878156,0.84375,-0.39575298507290857,-1.0854460093896714,0.27956989247311825,0.0,0.0,0.6666666666666666,0.6666666666666666,0.0,0.0,0.0,0.0,0.0,191
-0.08333333333333333,-0.1421319796954315,0.34375,-1.0429616152145371,-1.2666666666666666,0.5698924731182796,0.0,0.0,0.8333333333333334,-0.3333333333333333,1.0,0.0,0.0,0.0,0.0,578
-0.3333333333333333,0.83248730964467,0.0625,-0.5816560227957038,0.03474178403755868,1.096774193548387,0.0,0.0,0.16666666666666666,0.5333333333333333,0.0,0.0,1.0,0.0,0.0,1820
0.16666666666666666,0.5431472081218274,-0.53125,-0.22768379202711048,0.24694835680751173,2.806451612903226,0.0,0.0,0.5,0.4666666666666667,1.0,0.0,0.0,0.0,-1.0,1136
0.75,0.5583756345177665,0.4375,0.13927936789351517,-0.37089201877934275,-0.01075268817204301,0.0,0.0,0.0,0.5333333333333333,1.0,0.0,1.0,0.0,0.0,2153
-0.25,-0.6751269035532995,1.03125,-0.39575298507290857,-1.300469483568075,-0.01075268817204301,1.6,4.3,1.0,-0.4,1.0,0.0,0.0,1.0,0.0,31
0.5,0.5685279187817259,-0.75,0.5138834935935143,-0.9417840375586854,0.8279569892473118,0.0,0.0,-0.3333333333333333,0.26666666666666666,0.0,1.0,0.0,0.0,0.0,2268
0.25,1.0253807106598987,-0.0625,1.2305047302068106,0.14366197183098592,2.860215053763441,0.0,0.0,0.3333333333333333,-0.7333333333333333,1.0,0.0,1.0,0.0,0.0,712
-0.6666666666666666,-0.20304568527918782,1.15625,-0.22768379202711048,0.29107981220657275,-0.01075268817204301,0.5,0.0,-0.3333333333333333,0.5333333333333333,0.0,1.0,0.0,0.0,0.0,34
0.08333333333333333,-0.5532994923857868,-0.9375,-0.5816560227957038,-0.5352112676056338,0.8709677419354838,0.0,0.0,-0.6666666666666666,-0.4666666666666667,0.0,0.0,0.0,1.0,0.0,268
-0.5833333333333334,0.4416243654822335,1.03125,-0.07312821817005527,-1.1042253521126761,-0.01075268817204301,0.0,0.0,0.5,0.0,1.0,0.0,0.0,0.0,0.0,123
0.08333333333333333,-0.8121827411167513,0.15625,-0.07312821817005527,-0.5661971830985916,0.6989247311827956,0.0,0.0,-0.8333333333333334,-0.2,1.0,0.0,0.0,1.0,0.0,212
0.16666666666666666,0.12690355329949238,-0.15625,0.13927936789351517,0.29107981220657275,1.3010752688172043,0.0,0.0,-0.3333333333333333,0.5333333333333333,0.0,1.0,0.0,0.0,0.0,942
0.4166666666666667,-0.0406091370558376,-0.53125,0.2705797236685667,0.26009389671361505,0.3440860215053763,0.0,0.0,0.8333333333333334,-0.2,0.0,0.0,0.0,0.0,0.0,1420
-0.5833333333333334,-0.7208121827411167,0.28125,-0.91150831659757,-0.3323943661971831,-0.01075268817204301,0.0,0.0,0.8333333333333334,0.9333333333333333,0.0,0.0,0.0,0.0,0.0,149
-0.4166666666666667,0.36040609137055846,0.59375,-0.91150831659757,-0.8488262910798122,0.31182795698924726,0.0,0.0,0.0,0.13333333333333333,0.0,0.0,1.0,0.0,0.0,1590
-0.3333333333333333,0.3147208121827411,0.375,0.3336351996355,-0.2272300469483568,0.5698924731182796,0.0,0.0,0.0,-0.5333333333333333,0.0,0.0,1.0,0.0,0.0,2348
0.5,-0.4517766497461929,-0.0625,0.9933397872392326,-1.3690140845070422,0.021505376344086016,0.0,0.0,-0.8333333333333334,0.26666666666666666,1.0,0.0,0.0,1.0,0.0,283
0.25,1.081218274111675,-0.3125,0.5713209318579696,0.29107981220657275,2.3655913978494625,0.0,0.0,0.3333333333333333,-0.4,0.0,0.0,1.0,0.0,0.0,725
-0.75,0.24365482233502542,1.28125,0.0707286024015658,-1.2863849765258215,-0.01075268817204301,2.0,0.0,-0.16666666666666666,0.13333333333333333,0.0,1.0,0.0,0.0,0.0,47
0.25,0.9746192893401017,-0.8125,0.13927936789351517,-0.4197183098591549,2.4623655913978495,0.0,0.0,0.0,0.6,0.0,0.0,1.0,0.0,0.0,1184
-0.5833333333333334,0.2588832487309645,0.75,-0.5816560227957038,-0.45539906103286387,-0.01075268817204301,0.0,0.0,0.0,-0.5333333333333333,0.0,0.0,1.0,0.0,0.0,299
-0.3333333333333333,0.2284263959390863,1.0625,-0.14891824053188613,-0.7455399061032864,0.10752688172043011,0.5,0.0,0.5,0.26666666666666666,0.0,0.0,0.0,0.0,0.0,299
-0.08333333333333333,0.9796954314720812,0.15625,-0.7926654504863353,-0.7596244131455399,1.3870967741935483,0.0,0.0,0.16666666666666666,0.8,1.0,0.0,1.0,0.0,0.0,592
0.6666666666666666,-0.9340101522842639,0.0625,-0.7926654504863353,0.28356807511737087,-0.01075268817204301,0.0,0.0,-0.8333333333333334,-0.4666666666666667,0.0,0.0,0.0,1.0,0.0,302
0.08333333333333333,0.3451776649746193,-0.9375,-0.07312821817005527,-0.21220657276995306,3.0752688172043015,0.0,0.0,-0.5,0.9333333333333333,0.0,1.0,0.0,0.0,0.0,860
0.4166666666666667,0.7411167512690356,-0.625,1.1844188200176686,-0.32300469483568073,1.6666666666666665,0.0,0.0,0.0,-0.7333333333333333,0.0,0.0,1.0,0.0,0.0,2115
-0.5833333333333334,0.4365482233502539,1.125,-1.0429616152145371,-1.2741784037558685,-0.01075268817204301,0.0,0.0,0.0,0.8,0.0,0.0,1.0,0.0,0.0,266
-0.25,0.24365482233502542,0.3125,0.5713209318579696,-0.29577464788732394,0.5806451612903226,0.0,0.0,-0.3333333333333333,-0.8666666666666667,0.0,1.0,0.0,0.0,0.0,867
0.3333333333333333,-0.42131979695431476,-1.125,0.3951330286481768,0.02910798122065728,2.10752688172043,0.0,0.0,-0.5,-0.9333333333333333,0.0,1.0,0.0,0.0,0.0,574
-0.8333333333333334,-1.0304568527918783,-0.5,0.6275737112096174,0.29107981220657275,-0.01075268817204301,0.0,0.0,1.0,-0.7333333333333333,0.0,0.0,0.0,1.0,0.0,124
0.3333333333333333,-0.20304568527918782,-0.03125,-0.3098055405697065,-0.9502347417840376,0.5698924731182796,0.0,0.8,0.8333333333333334,0.6,1.0,0.0,0.0,0.0,0.0,872
0.08333333333333333,-0.13197969543147206,-0.78125,-0.22768379202711048,0.07699530516431925,2.3763440860215055,0.0,0.0,-0.5,0.06666666666666667,1.0,1.0,0.0,0.0,0.0,1111
0.9166666666666666,0.36548223350253806,0.1875,-0.5816560227957038,-0.5258215962441315,-0.01075268817204301,0.0,0.0,-0.16666666666666666,0.6666666666666666,1.0,1.0,0.0,0.0,0.0,1330
0.5833333333333334,1.0101522842639594,-0.1875,0.682712243030312,0.29107981220657275,0.6236559139784945,0.0,0.0,0.16666666666666666,0.3333333333333333,1.0,0.0,1.0,0.0,0.0,1423
0.3333333333333333,-0.7715736040609137,-1.21875,0.3336351996355,0.21502347417840376,1.5053763440860213,0.0,0.0,-0.6666666666666666,-0.6,0.0,0.0,0.0,1.0,0.0,240
-0.5833333333333334,0.43147208121827413,0.03125,-0.39575298507290857,0.29107981220657275,-0.01075268817204301,0.0,0.0,0.3333333333333333,0.13333333333333333,1.0,0.0,1.0,0.0,0.0,262
-0.4166666666666667,0.5482233502538072,0.53125,-0.7926654504863353,0.29014084507042254,0.09677419354838711,0.0,0.0,0.3333333333333333,0.4,0.0,0.0,1.0,0.0,0.0,1330
-0.08333333333333333,0.42639593908629436,0.21875,0.5713209318579696,-0.3107981220657277,1.096774193548387,0.0,0.0,0.0,-0.5333333333333333,0.0,0.0,1.0,0.0,0.0,1095
-0.8333333333333334,-0.5177664974619289,0.5,-0.22768379202711048,-1.316431924882629,-0.01075268817204301,0.0,0.0,-0.8333333333333334,0.13333333333333333,0.0,0.0,0.0,1.0,0.0,137
0.9166666666666666,-0.24365482233502542,1.0625,0.8420508501474621,-0.6882629107981221,-0.01075268817204301,0.0,0.0,-0.5,-0.8,1.0,1.0,0.0,0.0,0.0,9
-0.8333333333333334,-0.19289340101522848,-1.0625,-0.07312821817005527,0.29107981220657275,-0.01075268817204301,0.0,0.0,-0.3333333333333333,-0.2,0.0,1.0,0.0,0.0,0.0,257
0.25,0.33502538071065996,-0.78125,0.5713209318579696,0.19061032863849764,2.139784946236559,0.0,0.0,0.6666666666666666,-0.13333333333333333,1.0,0.0,0.0,0.0,0.0,1948
-0.5,-0.010152284263959355,-0.03125,0.5138834935935143,0.29107981220657275,-0.01075268817204301,0.0,0.0,0.6666666666666666,-1.0,0.0,0.0,0.0,0.0,0.0,632
0.0,-0.15736040609137056,-0.40625,0.13927936789351517,-0.4272300469483568,3.1397849462365595,0.0,0.0,-0.3333333333333333,-0.4666666666666667,0.0,1.0,0.0,0.0,0.0,799
0.0,0.49238578680203043,-0.21875,0.455183241303237,0.27981220657276995,2.623655913978495,0.0,0.0,0.0,-0.4,1.0,0.0,1.0,0.0,0.0,1442
0.9166666666666666,0.6649746192893402,0.5625,0.0,0.28732394366197184,-0.01075268817204301,0.0,0.0,0.16666666666666666,0.0,0.0,0.0,1.0,0.0,0.0,1285
-0.25,-0.6548223350253808,0.21875,1.2759719533904954,-1.1830985915492958,0.6881720430107526,0.0,0.0,-0.6666666666666666,0.5333333333333333,1.0,0.0,0.0,1.0,0.0,253
0.25,-0.36040609137055835,-1.28125,0.3336351996355,0.29107981220657275,1.075268817204301,0.0,0.0,0.8333333333333334,0.4666666666666667,0.0,0.0,0.0,0.0,0.0,752
0.8333333333333334,-1.2030456852791878,-0.21875,0.8933144384752442,0.29107981220657275,-0.01075268817204301,0.0,0.0,1.0,-0.3333333333333333,0.0,0.0,0.0,1.0,0.0,222
-0.5833333333333334,-0.0812182741116751,-1.78125,-0.14891824053188613,0.29107981220657275,-0.01075268817204301,0.0,0.0,-0.16666666666666666,0.3333333333333333,0.0,1.0,0.0,0.0,0.0,200
0.16666666666666666,1.1573604060913705,-0.71875,-0.14891824053188613,-0.18497652582159624,3.3978494623655915,0.0,0.0,0.16666666666666666,0.3333333333333333,1.0,0.0,1.0,0.0,0.0,682
0.3333333333333333,0.6903553299492386,-0.3125,1.4948257357364156,0.29107981220657275,1.946236559139785,0.0,0.0,0.5,-0.8,0.0,0.0,0.0,0.0,0.0,1429
0.25,-0.015228426395939123,0.125,1.3208447570935795,-0.9117370892018779,1.096774193548387,0.0,0.0,0.8333333333333334,0.0,0.0,0.0,0.0,0.0,0.0,995
-0.8333333333333334,-0.5380710659898477,-0.25,0.3336351996355,0.28075117370892017,-0.01075268817204301,0.0,0.0,0.8333333333333334,0.13333333333333333,1.0,0.0,0.0,0.0,0.0,335
-0.8333333333333334,-0.6243654822335026,0.21875,-0.4861165064064858,-0.009389671361502348,-0.01075268817204301,0.0,0.0,-0.6666666666666666,-0.13333333333333333,0.0,0.0,0.0,1.0,0.0,129
-0.3333333333333333,0.46700507614213194,0.25,-0.6833781561418334,-0.8741784037558685,1.118279569892473,0.0,0.0,0.0,0.13333333333333333,0.0,0.0,1.0,0.0,0.0,2357
-0.25,-0.5482233502538072,0.4375,-0.14891824053188613,-1.1943661971830986,0.31182795698924726,0.0,0.0,-0.5,-0.4,1.0,1.0,0.0,0.0,0.0,381
0.8333333333333334,0.3197969543147209,-0.1875,-0.22768379202711048,0.29107981220657275,-0.01075268817204301,0.0,0.0,0.5,-0.6,0.0,0.0,0.0,0.0,0.0,1796
0.9166666666666666,0.9238578680203046,-0.15625,-0.22768379202711048,0.29107981220657275,-0.01075268817204301,0.0,0.0,0.16666666666666666,0.9333333333333333,0.0,0.0,1.0,0.0,0.0,1202
0.25,-0.41116751269035534,-1.21875,1.2305047302068106,0.2347417840375587,1.946236559139785,0.0,0.0,-0.6666666666666666,0.26666666666666666,0.0,0.0,0.0,1.0,0.0,431
-1.0,0.07614213197969544,1.21875,0.3951330286481768,-1.4544600938967136,-0.01075268817204301,0.1,0.0,-0.3333333333333333,-0.8,0.0,1.0,0.0,0.0,0.0,355
0.5833333333333334,-0.6802030456852792,-1.125,0.8420508501474621,0.29107981220657275,-0.01075268817204301,0.0,0.0,-0.6666666666666666,-0.06666666666666667,0.0,0.0,0.0,1.0,-1.0,166
-0.5,-1.1116751269035532,-0.75,-0.07312821817005527,0.2563380281690141,-0.01075268817204301,0.0,0.0,-0.6666666666666666,-0.3333333333333333,1.0,0.0,0.0,1.0,0.0,39
-0.4166666666666667,-0.050761421319796954,0.15625,-1.0429616152145371,-0.6450704225352113,-0.01075268817204301,0.0,0.0,-0.3333333333333333,-1.0,1.0,1.0,0.0,0.0,0.0,169
0.5,-0.5939086294416244,-1.28125,1.0902852095090052,0.29107981220657275,0.3225806451612903,0.0,0.0,-0.6666666666666666,0.3333333333333333,0.0,0.0,0.0,1.0,0.0,784
0.5,0.7766497461928935,-0.34375,-0.14891824053188613,0.29107981220657275,0.6129032258064515,0.0,0.0,0.5,-1.0,1.0,0.0,0.0,0.0,0.0,1892
0.5,0.4365482233502539,-0.375,0.0,0.29107981220657275,0.27956989247311825,0.0,0.0,0.5,0.6666666666666666,0.0,0.0,0.0,0.0,0.0,2339
-0.75,-0.13197969543147206,0.6875,-0.5816560227957038,-1.2272300469483568,-0.01075268817204301,0.0,0.0,-0.5,0.8,0.0,1.0,0.0,0.0,0.0,150
-0.08333333333333333,-0.7918781725888325,-0.71875,-0.39575298507290857,0.1671361502347418,0.6881720430107526,0.0,0.0,1.0,0.8,0.0,0.0,0.0,1.0,0.0,288
0.25,-0.09644670050761424,1.25,1.0902852095090052,-1.4769953051643192,0.26881720430107525,0.0,0.0,-0.5,-0.06666666666666667,0.0,1.0,0.0,0.0,0.0,329
-0.16666666666666666,0.40101522842639586,0.4375,0.13927936789351517,-1.139906103286385,1.5268817204301073,0.0,0.0,-0.16666666666666666,0.9333333333333333,0.0,1.0,0.0,0.0,0.0,916
0.9166666666666666,0.6142131979695432,0.5625,-1.5998067240225886,0.18967136150234742,-0.01075268817204301,0.0,0.0,0.3333333333333333,0.3333333333333333,0.0,0.0,1.0,0.0,0.0,1277
-0.16666666666666666,-0.5532994923857868,-0.375,-0.22768379202711048,-0.431924882629108,1.247311827956989,0.0,0.0,-0.6666666666666666,0.2,0.0,0.0,0.0,1.0,0.0,235
0.75,0.2639593908629441,-0.28125,-0.14891824053188613,0.29107981220657275,-0.01075268817204301,0.0,0.0,0.5,0.7333333333333333,0.0,0.0,0.0,0.0,0.0,1930
-0.5833333333333334,-0.9238578680203046,-0.25,-0.5816560227957038,0.29014084507042254,-0.01075268817204301,0.0,0.0,1.0,-0.4666666666666667,1.0,0.0,0.0,1.0,0.0,56
-0.3333333333333333,-0.6142131979695431,0.03125,-0.4861165064064858,0.1812206572769953,0.15053763440860213,0.0,0.0,0.6666666666666666,0.9333333333333333,0.0,0.0,0.0,0.0,0.0,1883
-0.75,0.10659898477157359,0.75,-0.22768379202711048,-0.9971830985915493,-0.01075268817204301,0.0,0.0,-0.3333333333333333,-0.9333333333333333,0.0,1.0,0.0,0.0,0.0,111
0.5833333333333334,-0.24365482233502542,-0.15625,-0.5816560227957038,-0.09389671361502347,-0.01075268817204301,0.0,0.0,0.8333333333333334,-0.3333333333333333,1.0,0.0,0.0,0.0,0.0,685
0.9166666666666666,-0.3807106598984772,0.6875,0.3336351996355,-0.7248826291079812,-0.01075268817204301,0.0,0.0,-0.5,-0.6,0.0,1.0,0.0,0.0,0.0,48
0.75,0.5431472081218274,-0.78125,0.3951330286481768,0.29107981220657275,-0.01075268817204301,0.0,0.0,0.0,-0.8666666666666667,1.0,0.0,1.0,0.0,0.0,2173
0.5,0.48223350253807107,-0.65625,0.7898955205469734,0.20093896713615023,0.9032258064516128,0.0,0.0,-0.16666666666666666,0.7333333333333333,1.0,1.0,0.0,0.0,0.0,2267
-0.16666666666666666,-0.7969543147208121,-0.46875,-0.14891824053188613,-0.04131455399061033,0.6451612903225806,0.0,0.0,1.0,-0.4666666666666667,1.0,0.0,0.0,1.0,0.0,273
-0.5,-0.18274111675126903,0.28125,0.0,-0.7126760563380282,-0.01075268817204301,0.0,0.0,-0.3333333333333333,0.7333333333333333,0.0,1.0,0.0,0.0,0.0,427
-0.08333333333333333,0.3502538071065989,1.25,-0.07312821817005527,-1.4657276995305164,0.08602150537634408,16.0,0.0,0.0,0.6666666666666666,0.0,0.0,1.0,0.0,0.0,11
0.25,1.16751269035533,-0.6875,0.8933144384752442,-0.3145539906103286,2.903225806451613,0.0,0.0,0.16666666666666666,0.3333333333333333,1.0,0.0,1.0,0.0,0.0,785
-0.4166666666666667,0.7461928934010152,0.34375,-0.91150831659757,0.054460093896713614,0.27956989247311825,0.0,0.0,0.3333333333333333,-1.0,0.0,0.0,1.0,0.0,0.0,1061
-0.75,-0.583756345177665,0.4375,-0.22768379202711048,-1.0854460093896714,-0.01075268817204301,0.0,0.0,-0.6666666666666666,-0.4,1.0,0.0,0.0,1.0,0.0,145
0.0,0.6192893401015228,0.0,0.2705797236685667,0.29107981220657275,2.4838709677419355,0.0,0.0,0.16666666666666666,-0.6666666666666666,0.0,0.0,1.0,0.0,0.0,1216
0.4166666666666667,0.3451776649746193,1.125,-0.07312821817005527,-0.005633802816901409,0.3333333333333333,1.0,0.0,0.16666666666666666,-0.4666666666666667,0.0,0.0,1.0,0.0,0.0,104
-1.0,0.49238578680203043,0.8125,-0.91150831659757,0.18497652582159624,-0.01075268817204301,0.0,0.0,0.5,-1.0,1.0,0.0,0.0,0.0,0.0,1075
0.25,-0.20304568527918782,-0.09375,-0.14891824053188613,-0.9530516431924883,0.8064516129032258,0.0,1.1,0.8333333333333334,0.6,1.0,0.0,0.0,0.0,0.0,846
0.9166666666666666,0.8477157360406091,0.15625,-0.5816560227957038,0.016901408450704224,-0.01075268817204301,0.0,0.0,0.3333333333333333,-0.8666666666666667,0.0,0.0,1.0,0.0,0.0,1103
-0.08333333333333333,-0.29949238578680204,-0.6875,-0.5816560227957038,0.004694835680751174,1.3333333333333333,0.0,0.0,0.8333333333333334,0.13333333333333333,1.0,0.0,0.0,0.0,0.0,645
0.16666666666666666,-0.6142131979695431,-0.5,0.3336351996355,-0.6450704225352113,1.053763440860215,0.0,0.0,-0.8333333333333334,-0.7333333333333333,0.0,0.0,0.0,1.0,0.0,343
-0.25,0.5685279187817259,0.0625,-0.3098055405697065,-1.008450704225352,1.9247311827956988,0.0,0.0,0.0,0.13333333333333333,0.0,0.0,1.0,0.0,0.0,1263
-0.8333333333333334,-0.7309644670050762,0.84375,-0.7926654504863353,-1.3708920187793427,-0.01075268817204301,0.0,0.0,1.0,0.9333333333333333,1.0,0.0,0.0,1.0,0.0,192
-1.0,-0.06598984771573609,0.0625,-0.22768379202711048,0.02629107981220657,-0.01075268817204301,0.0,0.0,-0.16666666666666666,-0.7333333333333333,1.0,1.0,0.0,0.0,0.0,796
-0.6666666666666666,-1.350253807106599,-0.09375,-0.6833781561418334,-0.30140845070422534,-0.01075268817204301,0.0,0.0,-0.6666666666666666,-0.6,0.0,0.0,0.0,1.0,0.0,34
0.25,0.36040609137055846,-0.96875,-0.22768379202711048,0.29107981220657275,1.8817204301075268,0.0,0.0,0.6666666666666666,-0.5333333333333333,0.0,0.0,0.0,0.0,0.0,1502
-0.9166666666666666,-0.1472081218274112,0.09375,-0.91150831659757,-0.04507042253521127,-0.01075268817204301,0.0,0.0,0.6666666666666666,0.3333333333333333,1.0,0.0,0.0,0.0,0.0,622
-0.5833333333333334,0.06598984771573609,0.1875,-0.6833781561418334,-1.1248826291079812,-0.01075268817204301,0.0,0.0,-0.3333333333333333,0.9333333333333333,0.0,1.0,0.0,0.0,0.0,185
0.5833333333333334,-1.2944162436548223,-0.3125,0.9933397872392326,0.29107981220657275,-0.01075268817204301,0.0,0.9,-0.8333333333333334,0.4666666666666667,0.0,0.0,0.0,1.0,0.0,248
-0.25,0.5126903553299493,0.90625,-0.22768379202711048,-1.2713615023474178,0.13978494623655913,2.0,0.0,0.5,-0.8666666666666667,0.0,0.0,0.0,0.0,0.0,719
-0.5833333333333334,-0.9390862944162437,-0.40625,-0.4861165064064858,0.26854460093896715,-0.01075268817204301,0.0,0.0,-0.6666666666666666,0.0,0.0,0.0,0.0,1.0,-1.0,28
-1.0,0.5431472081218274,0.125,0.13927936789351517,0.29107981220657275,-0.01075268817204301,0.0,0.0,0.16666666666666666,-0.4666666666666667,0.0,0.0,1.0,0.0,0.0,900
0.5833333333333334,0.5076142131979695,-0.28125,0.0,0.2244131455399061,0.41935483870967744,0.0,0.0,-0.16666666666666666,-0.6,0.0,1.0,0.0,0.0,0.0,1664
0.3333333333333333,0.25380710659898476,-1.09375,0.7368002283746548,-0.1643192488262911,2.4301075268817205,0.0,0.0,-0.3333333333333333,0.13333333333333333,0.0,1.0,0.0,0.0,0.0,1346
-0.4166666666666667,-1.1269035532994924,0.21875,-0.91150831659757,0.2647887323943662,-0.01075268817204301,0.0,1.6,-0.6666666666666666,-1.0,0.0,0.0,0.0,1.0,0.0,244
-0.25,-0.2893401015228427,0.46875,-0.22768379202711048,-1.2488262910798122,0.5698924731182796,0.0,0.0,0.8333333333333334,-0.3333333333333333,1.0,0.0,0.0,0.0,0.0,574
-0.5,-0.8375634517766498,0.15625,-0.5816560227957038,0.28732394366197184,-0.01075268817204301,0.0,0.0,-0.6666666666666666,0.4,0.0,0.0,0.0,1.0,0.0,151
0.25,-0.6649746192893401,0.0,0.5713209318579696,-0.47981220657276996,0.3763440860215053,0.0,0.0,1.0,0.8,0.0,0.0,0.0,1.0,0.0,303
-0.6666666666666666,0.04568527918781728,0.875,-0.5816560227957038,-0.2375586854460094,-0.01075268817204301,0.0,0.0,-0.16666666666666666,-0.6,0.0,1.0,0.0,0.0,0.0,185
0.75,0.4619289340101524,0.15625,-0.3098055405697065,-0.30704225352112674,-0.01075268817204301,0.0,0.0,0.0,-0.8,0.0,0.0,1.0,0.0,0.0,2377
-0.16666666666666666,0.9086294416243654,-0.1875,-0.3098055405697065,-0.7915492957746478,2.4838709677419355,0.0,0.0,0.16666666666666666,0.3333333333333333,1.0,0.0,1.0,0.0,0.0,699
-0.4166666666666667,0.802030456852792,0.03125,-0.5816560227957038,0.29107981220657275,0.23655913978494622,0.0,0.0,0.16666666666666666,0.4666666666666667,0.0,0.0,1.0,0.0,0.0,1241
0.75,-0.010152284263959355,-0.03125,-0.3098055405697065,0.29107981220657275,-0.01075268817204301,0.0,0.0,0.6666666666666666,0.2,0.0,0.0,0.0,0.0,0.0,1457
-0.3333333333333333,0.8477157360406091,0.125,0.2058418822217645,-0.12018779342723004,0.6881720430107526,0.0,0.0,0.3333333333333333,-0.8,1.0,0.0,1.0,0.0,0.0,568
-0.3333333333333333,0.21827411167512695,-0.125,-0.07312821817005527,0.29107981220657275,0.5376344086021505,0.0,0.0,0.5,-0.3333333333333333,0.0,0.0,0.0,0.0,0.0,2369
-0.16666666666666666,-1.4213197969543148,-1.03125,1.6200554445948598,0.19906103286384977,0.6451612903225806,0.0,0.9,-0.8333333333333334,0.5333333333333333,0.0,0.0,0.0,1.0,0.0,90
-0.4166666666666667,-0.3350253807106599,0.75,-0.5816560227957038,-0.9624413145539906,0.0,0.0,0.0,0.6666666666666666,-0.13333333333333333,1.0,0.0,0.0,0.0,0.0,304
-1.0,0.8172588832487311,0.125,-0.39575298507290857,0.29107981220657275,-0.01075268817204301,0.0,0.0,0.16666666666666666,0.5333333333333333,0.0,0.0,1.0,0.0,0.0,874
-0.4166666666666667,-1.1725888324873097,0.3125,-0.39575298507290857,-0.1755868544600939,-0.01075268817204301,0.0,0.0,-0.6666666666666666,-0.5333333333333333,0.0,0.0,0.0,1.0,0.0,255
-0.8333333333333334,0.5939086294416244,0.78125,-1.0429616152145371,-0.844131455399061,-0.01075268817204301,0.0,0.0,0.16666666666666666,0.13333333333333333,0.0,0.0,1.0,0.0,0.0,526
-0.75,0.25380710659898476,0.78125,-0.5816560227957038,-1.2657276995305164,-0.01075268817204301,0.0,0.0,-0.16666666666666666,-0.9333333333333333,0.0,1.0,0.0,0.0,0.0,170
-0.5833333333333334,-0.5736040609137056,0.6875,-0.5816560227957038,-1.0676056338028168,-0.01075268817204301,0.0,0.0,-0.5,0.4666666666666667,0.0,1.0,0.0,0.0,0.0,95
-0.08333333333333333,0.9035532994923858,0.40625,-0.39575298507290857,-0.4347417840375587,2.021505376344086,0.0,0.0,0.3333333333333333,-0.6666666666666666,0.0,0.0,1.0,0.0,0.0,569
0.08333333333333333,0.23350253807106608,-1.21875,1.8200176575062148,0.23380281690140844,3.4301075268817205,0.0,0.0,-0.3333333333333333,-0.26666666666666666,0.0,1.0,0.0,0.0,0.0,1029
0.6666666666666666,0.5888324873096448,0.4375,1.1844188200176686,0.29107981220657275,-0.01075268817204301,0.0,0.0,0.5,-0.6666666666666666,0.0,0.0,0.0,0.0,0.0,1900
-0.75,-0.868020304568528,0.65625,0.0707286024015658,-1.144600938967136,-0.01075268817204301,0.0,0.0,-0.8333333333333334,-0.13333333333333333,1.0,0.0,0.0,1.0,0.0,79
-0.6666666666666666,0.3807106598984772,0.46875,-0.5816560227957038,-0.9511737089201878,-0.01075268817204301,0.0,0.0,0.0,-0.13333333333333333,0.0,0.0,1.0,0.0,0.0,193
-0.8333333333333334,-0.32487309644670054,0.21875,-0.4861165064064858,0.061971830985915494,-0.01075268817204301,0.0,0.0,-0.3333333333333333,0.0,0.0,1.0,0.0,0.0,0.0,126
0.8333333333333334,-0.883248730964467,-0.5,-1.0429616152145371,-0.2140845070422535,-0.01075268817204301,0.0,0.0,-0.6666666666666666,-0.5333333333333333,0.0,0.0,0.0,1.0,0.0,233
-0.6666666666666666,0.4568527918781726,1.0,-0.6833781561418334,-1.1699530516431924,-0.01075268817204301,0.3,0.0,0.5,0.0,1.0,0.0,0.0,0.0,0.0,188
0.16666666666666666,0.7969543147208121,-0.15625,0.9437305196070348,0.04225352112676056,2.870967741935484,0.0,0.0,0.3333333333333333,0.6,1.0,0.0,1.0,0.0,0.0,1261
0.75,-0.025380710659898477,-0.25,-0.39575298507290857,0.011267605633802818,-0.01075268817204301,0.0,0.0,0.6666666666666666,0.3333333333333333,1.0,0.0,0.0,0.0,0.0,1158
-0.5833333333333334,-1.1522842639593909,-0.625,-0.3098055405697065,0.29107981220657275,-0.01075268817204301,0.0,0.0,-0.6666666666666666,-0.26666666666666666,0.0,0.0,0.0,1.0,0.0,30
0.5833333333333334,1.0101522842639594,-0.25,0.682712243030312,0.29107981220657275,0.3333333333333333,0.0,0.0,0.3333333333333333,-0.4,0.0,0.0,1.0,0.0,0.0,1903
-0.6666666666666666,0.5685279187817259,0.78125,-1.1921678124288753,0.29107981220657275,-0.01075268817204301,0.0,0.0,0.16666666666666666,-0.8,0.0,0.0,1.0,0.0,0.0,234
0.9166666666666666,-0.015228426395939123,0.5,-0.22768379202711048,-0.04788732394366197,-0.01075268817204301,0.0,0.0,0.6666666666666666,-0.13333333333333333,1.0,0.0,0.0,0.0,0.0,810
-0.5,-0.2741116751269036,0.28125,-0.7926654504863353,-1.1971830985915493,-0.01075268817204301,0.0,0.0,-0.5,0.7333333333333333,0.0,1.0,0.0,0.0,0.0,231
0.9166666666666666,-0.868020304568528,-0.21875,0.2705797236685667,-0.3812206572769953,-0.01075268817204301,0.0,0.0,-0.8333333333333334,-0.7333333333333333,0.0,0.0,0.0,1.0,0.0,189
0.4166666666666667,0.17766497461928935,-0.65625,0.0,-0.016901408450704224,0.49462365591397844,0.0,0.0,0.8333333333333334,-0.9333333333333333,0.0,0.0,0.0,0.0,0.0,1730
0.6666666666666666,-0.8172588832487311,-0.65625,0.9437305196070348,0.29107981220657275,-0.01075268817204301,0.0,1.6,-0.8333333333333334,1.0,0.0,0.0,0.0,1.0,0.0,229
-0.75,0.10152284263959391,0.1875,-1.1921678124288753,0.29107981220657275,-0.01075268817204301,0.0,0.0,0.5,0.5333333333333333,0.0,0.0,0.0,0.0,-1.0,216
-1.0,-0.34517766497461927,-0.0625,0.0,0.29107981220657275,-0.01075268817204301,0.0,0.0,0.6666666666666666,0.8,1.0,0.0,0.0,0.0,0.0,699
-0.9166666666666666,0.7766497461928935,0.5625,0.3951330286481768,0.2676056338028169,-0.01075268817204301,0.0,0.0,0.3333333333333333,-0.4666666666666667,0.0,0.0,1.0,0.0,0.0,733
0.8333333333333334,0.5888324873096448,0.5,0.6275737112096174,0.1107981220657277,-0.01075268817204301,0.0,0.0,0.16666666666666666,-0.8,0.0,0.0,1.0,0.0,0.0,2091
0.16666666666666666,-0.44670050761421326,-0.78125,0.455183241303237,0.24225352112676057,1.129032258064516,0.0,0.0,1.0,-0.4666666666666667,1.0,0.0,0.0,1.0,0.0,486
-1.0,0.284263959390863,0.78125,0.455183241303237,-0.7661971830985915,-0.01075268817204301,0.0,0.0,0.0,-0.5333333333333333,0.0,0.0,1.0,0.0,0.0,926
-0.8333333333333334,0.3248730964467004,0.21875,0.0,0.06103286384976526,-0.01075268817204301,0.0,0.0,0.5,0.26666666666666666,0.0,0.0,0.0,0.0,0.0,524
0.8333333333333334,0.40101522842639586,0.9375,0.5713209318579696,-1.07981220657277,-0.01075268817204301,0.0,0.0,0.5,0.0,1.0,0.0,0.0,0.0,0.0,988
0.8333333333333334,-0.7411167512690355,0.65625,-0.7926654504863353,-0.7746478873239436,-0.01075268817204301,0.0,0.8,1.0,0.3333333333333333,0.0,0.0,0.0,1.0,0.0,252
-1.0,-0.15736040609137056,0.0625,-2.15665183283064,-0.6751173708920187,-0.01075268817204301,0.0,0.0,0.6666666666666666,-0.13333333333333333,1.0,0.0,0.0,0.0,0.0,811
0.6666666666666666,-1.0862944162436547,-0.8125,-0.07312821817005527,0.29107981220657275,-0.01075268817204301,0.0,0.0,-0.8333333333333334,-0.26666666666666666,0.0,0.0,0.0,1.0,0.0,210
-1.0,0.13197969543147217,-0.09375,-0.14891824053188613,-0.5990610328638498,-0.01075268817204301,0.0,0.0,-0.16666666666666666,-0.26666666666666666,1.0,1.0,0.0,0.0,0.0,862
-0.5833333333333334,-0.3350253807106599,0.28125,-0.91150831659757,-0.9314553990610329,-0.01075268817204301,0.0,0.0,0.8333333333333334,0.0,0.0,0.0,0.0,0.0,0.0,151
0.3333333333333333,0.4416243654822335,1.25,-0.3098055405697065,0.051643192488262914,0.25806451612903225,1.0,0.0,0.16666666666666666,-1.0,1.0,0.0,1.0,0.0,0.0,41
-0.9166666666666666,-0.5228426395939086,-0.09375,-0.22768379202711048,0.26103286384976526,-0.01075268817204301,0.0,0.0,0.8333333333333334,0.13333333333333333,1.0,0.0,0.0,0.0,0.0,443
0.5833333333333334,-0.29441624365482233,0.71875,0.7898955205469734,-1.3671361502347419,0.04301075268817204,0.0,0.0,-0.5,0.5333333333333333,1.0,1.0,0.0,0.0,0.0,521
-0.5,-0.3299492385786802,0.03125,-0.6833781561418334,-1.0826291079812207,-0.01075268817204301,0.0,0.0,-0.5,-0.2,0.0,1.0,0.0,0.0,0.0,252
0.25,0.1878172588832487,1.21875,-0.7926654504863353,-1.3868544600938968,0.26881720430107525,4.0,0.0,0.6666666666666666,-0.7333333333333333,0.0,0.0,0.0,0.0,0.0,8
-0.3333333333333333,-0.6345177664974619,1.25,-0.4861165064064858,-1.447887323943662,0.2258064516129032,0.0,0.0,-0.3333333333333333,-0.4666666666666667,0.0,1.0,0.0,0.0,0.0,1163
0.16666666666666666,0.7614213197969544,0.03125,0.682712243030312,0.25821596244131456,2.064516129032258,0.0,0.0,0.3333333333333333,0.3333333333333333,0.0,0.0,1.0,0.0,0.0,788
-0.75,-0.6040609137055838,1.15625,-1.1921678124288753,-1.1868544600938966,-0.01075268817204301,0.0,0.0,-0.3333333333333333,-0.4666666666666667,0.0,1.0,0.0,0.0,0.0,52
0.3333333333333333,1.0253807106598987,-0.96875,0.0,0.29107981220657275,2.559139784946237,0.0,0.0,0.3333333333333333,0.06666666666666667,0.0,0.0,1.0,0.0,0.0,1112
-0.25,0.07106598984771575,-0.5625,-0.4861165064064858,-0.3154929577464789,1.6666666666666665,0.0,0.0,-0.3333333333333333,0.8666666666666667,1.0,1.0,0.0,0.0,0.0,716
0.0,0.9644670050761421,0.0625,1.0902852095090052,0.08450704225352113,2.4946236559139785,0.0,0.0,0.3333333333333333,-0.7333333333333333,1.0,0.0,1.0,0.0,0.0,565
-0.4166666666666667,-1.2030456852791878,-0.46875,0.5138834935935143,0.29107981220657275,-0.01075268817204301,0.0,0.0,1.0,0.06666666666666667,1.0,0.0,0.0,1.0,0.0,53
0.3333333333333333,0.6903553299492386,-0.6875,-0.4861165064064858,0.29107981220657275,1.3548387096774193,0.0,0.0,0.5,-0.4666666666666667,1.0,0.0,0.0,0.0,0.0,2099
-0.8333333333333334,0.7766497461928935,0.34375,0.2058418822217645,0.29107981220657275,-0.01075268817204301,0.0,0.0,0.16666666666666666,0.6,0.0,0.0,1.0,0.0,0.0,499
-0.8333333333333334,0.3553299492385787,1.28125,-0.91150831659757,-1.0272300469483568,-0.01075268817204301,6.5,0.0,0.16666666666666666,-0.4,0.0,0.0,1.0,0.0,0.0,84
-0.4166666666666667,-0.5583756345177665,0.6875,-0.07312821817005527,-1.0835680751173709,0.0,0.0,0.0,-0.5,0.4666666666666667,0.0,1.0,0.0,0.0,0.0,661
-0.08333333333333333,-0.49238578680203043,0.46875,-0.4861165064064858,-1.3652582159624413,1.1720430107526882,0.0,3.4,-0.6666666666666666,0.4666666666666667,0.0,0.0,0.0,1.0,0.0,230
0.25,0.9847715736040609,-0.34375,0.6275737112096174,-0.41502347417840374,3.10752688172043,0.0,0.0,0.16666666666666666,0.13333333333333333,0.0,0.0,1.0,0.0,0.0,776
-1.0,-0.38578680203045684,-0.03125,-0.3098055405697065,-0.6300469483568075,-0.01075268817204301,0.0,0.0,-0.5,0.13333333333333333,1.0,1.0,0.0,0.0,0.0,407
0.75,-0.27918781725888325,-0.1875,-0.91150831659757,0.28075117370892017,-0.01075268817204301,0.0,0.0,0.8333333333333334,-0.3333333333333333,1.0,0.0,0.0,0.0,0.0,689
0.3333333333333333,-0.29949238578680204,0.625,0.0707286024015658,-1.2122065727699531,0.2043010752688172,0.0,0.0,1.0,-0.8666666666666667,1.0,0.0,0.0,1.0,0.0,598
0.8333333333333334,-0.6802030456852792,-0.78125,-0.4861165064064858,0.231924882629108,-0.01075268817204301,0.0,0.0,-0.6666666666666666,0.5333333333333333,1.0,0.0,0.0,1.0,0.0,219
0.6666666666666666,0.5989847715736041,1.0,-1.1921678124288753,-0.8873239436619719,-0.01075268817204301,0.0,0.0,0.16666666666666666,-0.4,0.0,0.0,1.0,0.0,0.0,908
-0.3333333333333333,0.17258883248730958,0.46875,-0.14891824053188613,0.29107981220657275,0.03225806451612903,0.3,0.0,0.6666666666666666,-0.7333333333333333,0.0,0.0,0.0,0.0,0.0,208
0.5833333333333334,0.8375634517766498,0.0625,0.455183241303237,0.26291079812206575,0.0,0.0,0.0,0.3333333333333333,0.4666666666666667,0.0,0.0,1.0,0.0,0.0,582
-0.08333333333333333,0.7106598984771574,-0.8125,0.2705797236685667,0.14178403755868543,2.89247311827957,0.0,0.0,0.0,0.4666666666666667,1.0,0.0,1.0,0.0,0.0,1229
0.25,0.9289340101522844,-0.8125,1.0902852095090052,-0.27230046948356806,3.053763440860215,0.0,0.0,0.0,0.5333333333333333,1.0,0.0,1.0,0.0,0.0,1213
0.16666666666666666,-0.5939086294416244,-0.875,0.3336351996355,0.0028169014084507044,1.21505376344086,0.0,0.0,-0.8333333333333334,-0.6666666666666666,1.0,0.0,0.0,1.0,0.0,370
-0.75,-0.13705583756345174,0.96875,-0.39575298507290857,-1.4507042253521127,-0.01075268817204301,0.5,0.0,0.8333333333333334,-0.6,0.0,0.0,0.0,0.0,0.0,40
0.9166666666666666,0.44670050761421326,0.9375,-0.3098055405697065,0.11267605633802817,-0.01075268817204301,0.5,0.0,0.5,-0.13333333333333333,0.0,0.0,0.0,0.0,0.0,810
-0.75,-0.2639593908629441,0.75,-0.3098055405697065,-0.984037558685446,-0.01075268817204301,0.0,0.0,0.8333333333333334,-0.7333333333333333,0.0,0.0,0.0,0.0,0.0,161
-0.4166666666666667,0.4619289340101524,0.96875,-0.5816560227957038,0.29107981220657275,0.05376344086021505,0.0,0.0,0.3333333333333333,0.8,0.0,0.0,1.0,0.0,0.0,1182
-0.6666666666666666,-0.3350253807106599,0.40625,0.0,-0.3530516431924883,-0.01075268817204301,0.0,0.0,0.8333333333333334,-0.8,1.0,0.0,0.0,0.0,0.0,188
-0.3333333333333333,-1.451776649746193,-0.40625,-0.22768379202711048,0.29107981220657275,-0.01075268817204301,0.0,0.0,-0.8333333333333334,-0.26666666666666666,0.0,0.0,0.0,1.0,0.0,419
-0.6666666666666666,-0.2284263959390863,0.9375,-0.7926654504863353,-0.6741784037558686,-0.01075268817204301,0.0,0.0,0.6666666666666666,0.5333333333333333,0.0,0.0,0.0,0.0,0.0,162
-0.08333333333333333,-1.2030456852791878,-0.5,1.137688257706579,-0.05727699530516432,0.8924731182795698,0.0,0.0,-0.8333333333333334,-0.3333333333333333,0.0,0.0,0.0,1.0,0.0,146
-0.9166666666666666,0.10152284263959391,0.78125,0.0,-1.1051643192488263,-0.01075268817204301,0.0,0.0,-0.16666666666666666,1.0,0.0,1.0,0.0,0.0,0.0,610
0.4166666666666667,-0.5786802030456853,-0.21875,0.3336351996355,-0.2403755868544601,0.15053763440860213,0.0,0.0,1.0,-0.6,0.0,0.0,0.0,1.0,0.0,552
-0.08333333333333333,0.9746192893401017,-0.03125,0.2705797236685667,-0.615962441314554,2.7526881720430105,0.0,0.0,0.16666666666666666,0.7333333333333333,0.0,0.0,1.0,0.0,0.0,619
-0.25,0.46700507614213194,0.46875,-0.22768379202711048,0.29107981220657275,0.6236559139784945,0.0,0.0,0.5,-0.06666666666666667,1.0,0.0,0.0,0.0,0.0,934
-0.6666666666666666,-0.3350253807106599,0.78125,-0.91150831659757,-1.2704225352112677,-0.01075268817204301,0.0,0.0,0.8333333333333334,-0.3333333333333333,1.0,0.0,0.0,0.0,0.0,189
-0.75,0.08629441624365479,0.1875,-0.91150831659757,-0.9295774647887324,-0.01075268817204301,0.0,0.0,-0.16666666666666666,-0.26666666666666666,1.0,1.0,0.0,0.0,0.0,358
0.08333333333333333,-1.101522842639594,-0.875,0.3336351996355,0.215962441314554,1.268817204301075,0.0,0.0,-0.8333333333333334,-0.26666666666666666,0.0,0.0,0.0,1.0,0.0,177
-0.9166666666666666,-0.5634517766497462,-0.34375,0.13927936789351517,0.29107981220657275,-0.01075268817204301,0.0,0.0,-0.3333333333333333,-0.5333333333333333,1.0,1.0,0.0,0.0,0.0,224
-0.8333333333333334,-0.1878172588832487,0.1875,-0.7926654504863353,-0.09295774647887324,-0.01075268817204301,0.0,0.0,0.6666666666666666,0.3333333333333333,1.0,0.0,0.0,0.0,0.0,428
-0.4166666666666667,0.43147208121827413,1.1875,-0.6833781561418334,-1.2657276995305164,-0.01075268817204301,0.0,0.0,-0.16666666666666666,0.0,0.0,1.0,0.0,0.0,0.0,367
-0.9166666666666666,-1.2538071065989849,-0.09375,-0.39575298507290857,0.29107981220657275,-0.01075268817204301,0.0,0.0,-0.6666666666666666,-0.7333333333333333,0.0,0.0,0.0,1.0,0.0,52
-0.3333333333333333,-0.23350253807106597,-0.28125,-0.3098055405697065,-0.23098591549295774,0.7311827956989246,0.0,0.0,-0.3333333333333333,-0.26666666666666666,0.0,1.0,0.0,0.0,0.0,1789
-0.9166666666666666,-0.3350253807106599,0.90625,-0.6833781561418334,-1.0863849765258216,-0.01075268817204301,0.0,0.0,0.8333333333333334,0.3333333333333333,0.0,0.0,0.0,0.0,0.0,159
-0.4166666666666667,-0.8477157360406091,0.375,-0.91150831659757,-0.4140845070422535,-0.01075268817204301,0.0,0.0,-0.8333333333333334,-0.9333333333333333,0.0,0.0,0.0,1.0,0.0,344
0.5833333333333334,0.36548223350253806,-0.34375,-0.39575298507290857,0.29107981220657275,0.01075268817204301,0.0,0.0,0.5,0.6666666666666666,0.0,0.0,0.0,0.0,0.0,1937
0.16666666666666666,0.9949238578680204,-0.3125,0.6275737112096174,0.0892018779342723,3.4946236559139785,0.0,0.0,0.16666666666666666,0.2,0.0,0.0,1.0,0.0,0.0,722
0.5833333333333334,0.8223350253807107,-0.0625,0.6275737112096174,0.29107981220657275,0.23655913978494622,0.0,0.0,0.3333333333333333,0.2,1.0,0.0,1.0,0.0,0.0,2186
-0.25,0.17766497461928935,-0.4375,0.3951330286481768,0.28450704225352114,1.4516129032258065,0.0,0.0,0.5,0.5333333333333333,0.0,0.0,0.0,0.0,-1.0,310
0.6666666666666666,-0.2639593908629441,-0.3125,0.9437305196070348,0.29107981220657275,-0.01075268817204301,0.0,0.0,-0.5,0.2,0.0,1.0,0.0,0.0,0.0,711
-0.3333333333333333,-0.28426395939086296,0.1875,-0.7926654504863353,0.29107981220657275,0.31182795698924726,0.0,0.0,0.6666666666666666,0.2,0.0,0.0,0.0,0.0,0.0,2113
0.4166666666666667,0.9746192893401017,-0.15625,0.8933144384752442,0.17089201877934274,2.096774193548387,0.0,0.0,0.16666666666666666,-0.06666666666666667,1.0,0.0,1.0,0.0,0.0,1247
-0.8333333333333334,-0.07106598984771575,1.15625,0.0707286024015658,-1.4075117370892019,-0.01075268817204301,0.0,0.0,-0.16666666666666666,-0.13333333333333333,0.0,1.0,0.0,0.0,0.0,241
-0.6666666666666666,-0.1624365482233502,0.1875,-0.6833781561418334,-0.38779342723004695,-0.01075268817204301,0.0,0.0,-0.3333333333333333,0.8666666666666667,1.0,1.0,0.0,0.0,0.0,183
0.3333333333333333,-0.5380710659898477,-0.96875,0.8933144384752442,0.26103286384976526,0.7311827956989246,0.0,0.0,-0.6666666666666666,-0.9333333333333333,0.0,0.0,0.0,1.0,0.0,330
0.5833333333333334,-0.6903553299492385,0.96875,0.9933397872392326,-1.0403755868544602,-0.01075268817204301,0.0,1.0,-0.8333333333333334,0.4,0.0,0.0,0.0,1.0,0.0,167
0.08333333333333333,-0.07106598984771575,0.5625,-0.22768379202711048,0.07981220657276995,1.053763440860215,0.0,0.0,0.6666666666666666,0.8,1.0,0.0,0.0,0.0,0.0,916
-0.75,-0.9137055837563453,-0.96875,-2.15665183283064,0.29107981220657275,-0.01075268817204301,0.0,0.0,-0.6666666666666666,0.13333333333333333,1.0,0.0,0.0,1.0,0.0,56
-0.8333333333333334,0.33502538071065996,0.3125,-0.3098055405697065,0.29107981220657275,-0.01075268817204301,0.1,0.0,0.0,-0.06666666666666667,0.0,0.0,1.0,0.0,0.0,403
-0.5833333333333334,-0.2639593908629441,0.75,0.3336351996355,-0.5915492957746479,-0.01075268817204301,0.1,0.0,-0.3333333333333333,-0.7333333333333333,0.0,1.0,0.0,0.0,0.0,18
0.8333333333333334,-0.3553299492385787,0.875,0.5138834935935143,-1.4300469483568075,-0.01075268817204301,0.0,0.0,-0.5,0.5333333333333333,1.0,1.0,0.0,0.0,0.0,460
0.75,-0.852791878172589,-0.6875,-0.91150831659757,0.29107981220657275,-0.01075268817204301,0.0,0.0,1.0,-0.5333333333333333,0.0,0.0,0.0,1.0,0.0,336
-0.08333333333333333,-0.1421319796954315,-0.03125,0.3336351996355,-1.3417840375586854,2.4301075268817205,0.0,0.0,-0.5,0.6,1.0,1.0,0.0,0.0,0.0,466
-0.4166666666666667,-0.6548223350253808,0.90625,0.0707286024015658,-1.388732394366197,-0.01075268817204301,0.0,0.0,-0.6666666666666666,0.5333333333333333,1.0,0.0,0.0,1.0,0.0,108
-0.3333333333333333,-0.44670050761421326,0.46875,-0.39575298507290857,-0.36056338028169016,0.11827956989247311,0.0,0.0,0.8333333333333334,-0.9333333333333333,0.0,0.0,0.0,0.0,0.0,1906
0.16666666666666666,-0.07106598984771575,-0.875,0.5138834935935143,0.04131455399061033,2.4193548387096775,0.0,0.0,-0.5,0.06666666666666667,1.0,1.0,0.0,0.0,0.0,1294
0.0,0.781725888324873,-0.46875,0.3336351996355,0.2676056338028169,2.67741935483871,0.0,0.0,0.3333333333333333,0.6666666666666666,1.0,0.0,1.0,0.0,0.0,1070
-0.9166666666666666,0.12182741116751271,-0.5625,-1.3691539278131721,0.29107981220657275,-0.01075268817204301,0.0,0.0,-0.3333333333333333,0.4,1.0,1.0,0.0,0.0,0.0,578
0.5833333333333334,0.5025380710659898,-0.0625,-0.39575298507290857,0.29107981220657275,0.11827956989247311,0.0,0.0,0.0,-0.4,1.0,0.0,1.0,0.0,0.0,2267
-0.3333333333333333,-0.8121827411167513,-0.21875,-0.39575298507290857,-0.38403755868544603,-0.01075268817204301,0.0,0.0,-0.8333333333333334,0.2,0.0,0.0,0.0,1.0,0.0,648
0.0,0.4619289340101524,1.03125,-0.07312821817005527,0.2563380281690141,1.086021505376344,1.0,0.0,0.3333333333333333,0.7333333333333333,0.0,0.0,1.0,0.0,0.0,137
-0.08333333333333333,0.3908629441624365,1.25,-0.22768379202711048,-1.488262910798122,0.15053763440860213,18.5,0.0,0.16666666666666666,-1.0,1.0,0.0,1.0,0.0,0.0,11
-0.4166666666666667,0.6294416243654822,0.9375,0.13927936789351517,-0.8037558685446009,0.26881720430107525,0.0,0.0,0.16666666666666666,-0.26666666666666666,0.0,0.0,1.0,0.0,0.0,1279
-0.25,-0.4416243654822335,-0.4375,-0.39575298507290857,-0.460093896713615,0.18279569892473116,0.0,0.0,-0.5,-0.26666666666666666,0.0,1.0,0.0,0.0,0.0,604
0.08333333333333333,0.2741116751269035,1.0,0.682712243030312,-1.036619718309859,0.6129032258064515,0.0,0.0,0.5,0.26666666666666666,0.0,0.0,0.0,0.0,0.0,301
-0.9166666666666666,-0.7918781725888325,-0.03125,-0.5816560227957038,0.03943661971830986,-0.01075268817204301,0.0,0.0,-0.8333333333333334,-0.9333333333333333,0.0,0.0,0.0,1.0,0.0,108
-0.5833333333333334,-0.8984771573604061,-0.40625,-0.3098055405697065,-0.463849765258216,-0.01075268817204301,0.0,0.0,-0.6666666666666666,-0.4666666666666667,0.0,0.0,0.0,1.0,0.0,36
-0.9166666666666666,-0.5482233502538072,0.90625,-0.39575298507290857,-1.1549295774647887,-0.01075268817204301,0.0,2.9,0.8333333333333334,0.6,1.0,0.0,0.0,0.0,0.0,370
-0.16666666666666666,0.9289340101522844,-0.1875,0.0,0.19718309859154928,1.8279569892473118,0.0,0.0,0.16666666666666666,0.4666666666666667,0.0,0.0,1.0,0.0,0.0,636
-0.16666666666666666,0.6091370558375635,-0.4375,-0.39575298507290857,-0.11455399061032864,2.666666666666667,0.0,0.0,0.0,-0.7333333333333333,0.0,0.0,1.0,0.0,0.0,959
-0.16666666666666666,-0.9593908629441624,-0.03125,-0.3098055405697065,0.05727699530516432,0.2903225806451613,0.0,2.0,1.0,0.26666666666666666,0.0,0.0,0.0,1.0,0.0,162
-0.9166666666666666,0.7360406091370558,0.125,1.3208447570935795,0.18779342723004694,-0.01075268817204301,0.0,0.0,0.3333333333333333,0.3333333333333333,0.0,0.0,1.0,0.0,0.0,690
0.8333333333333334,0.8578680203045684,-0.375,0.0707286024015658,0.29107981220657275,-0.01075268817204301,0.0,0.0,0.16666666666666666,0.8666666666666667,1.0,0.0,1.0,0.0,0.0,1406
-0.4166666666666667,0.3096446700507615,0.0,0.0707286024015658,0.29107981220657275,0.4408602150537634,0.0,0.0,0.16666666666666666,-0.6,1.0,0.0,1.0,0.0,0.0,567
0.16666666666666666,0.9593908629441624,-0.21875,0.3336351996355,0.04225352112676056,3.3548387096774195,0.0,0.0,0.16666666666666666,-0.06666666666666667,1.0,0.0,1.0,0.0,0.0,822
0.6666666666666666,-0.8578680203045684,-0.1875,-0.3098055405697065,-0.28075117370892017,-0.01075268817204301,0.0,0.0,-0.8333333333333334,-0.7333333333333333,0.0,0.0,0.0,1.0,0.0,322
-0.5833333333333334,-0.1878172588832487,0.1875,-0.91150831659757,0.29107981220657275,-0.01075268817204301,0.0,0.0,0.6666666666666666,-0.5333333333333333,0.0,0.0,0.0,0.0,0.0,215
